,Date,Location,Increase_in_gw_storage,Running_total,Location_running_total
0,2025-07-01,GW_storage_AZ_APS_E_GW[AF],-34.0,59233291.0,-34.0
1,2025-08-01,GW_storage_AZ_APS_E_GW[AF],-561.0,60752330.0,-595.0
2,2025-09-01,GW_storage_AZ_APS_E_GW[AF],-546.0,63291561.0,-1141.0
3,2025-10-01,GW_storage_AZ_APS_E_GW[AF],-535.0,66117192.0,-1676.0
4,2025-11-01,GW_storage_AZ_APS_E_GW[AF],-525.0,69169207.0,-2201.0
5,2025-12-01,GW_storage_AZ_APS_E_GW[AF],-515.0,72377661.0,-2716.0
6,2026-01-01,GW_storage_AZ_APS_E_GW[AF],-504.0,75644729.0,-3220.0
7,2026-02-01,GW_storage_AZ_APS_E_GW[AF],-496.0,83025589.0,-3716.0
8,2026-03-01,GW_storage_AZ_APS_E_GW[AF],-486.0,93674924.0,-4202.0
9,2026-04-01,GW_storage_AZ_APS_E_GW[AF],-477.0,112497734.0,-4679.0
10,2026-05-01,GW_storage_AZ_APS_E_GW[AF],-468.0,136460613.0,-5147.0
11,2026-06-01,GW_storage_AZ_APS_E_GW[AF],-459.0,160180041.0,-5606.0
12,2026-07-01,GW_storage_AZ_APS_E_GW[AF],-451.0,184580314.0,-6057.0
13,2026-08-01,GW_storage_AZ_APS_E_GW[AF],-442.0,208538131.0,-6499.0
14,2026-09-01,GW_storage_AZ_APS_E_GW[AF],-433.0,232132273.0,-6932.0
15,2026-10-01,GW_storage_AZ_APS_E_GW[AF],-425.0,255250646.0,-7357.0
16,2026-11-01,GW_storage_AZ_APS_E_GW[AF],-417.0,277908394.0,-7774.0
17,2026-12-01,GW_storage_AZ_APS_E_GW[AF],-409.0,300103214.0,-8183.0
18,2027-01-01,GW_storage_AZ_APS_E_GW[AF],-401.0,321847786.0,-8584.0
19,2027-02-01,GW_storage_AZ_APS_E_GW[AF],-394.0,343199646.0,-8978.0
20,2027-03-01,GW_storage_AZ_APS_E_GW[AF],-386.0,369620421.0,-9364.0
21,2027-04-01,GW_storage_AZ_APS_E_GW[AF],-379.0,409179141.0,-9743.0
22,2027-05-01,GW_storage_AZ_APS_E_GW[AF],-371.0,455970259.0,-10114.0
23,2027-06-01,GW_storage_AZ_APS_E_GW[AF],-364.0,506103237.0,-10478.0
24,2027-07-01,GW_storage_AZ_APS_E_GW[AF],-358.0,558027240.0,-10836.0
25,2027-08-01,GW_storage_AZ_APS_E_GW[AF],-351.0,610747556.0,-11187.0
26,2027-09-01,GW_storage_AZ_APS_E_GW[AF],-344.0,662576568.0,-11531.0
27,2027-10-01,GW_storage_AZ_APS_E_GW[AF],-338.0,713531026.0,-11869.0
28,2027-11-01,GW_storage_AZ_APS_E_GW[AF],-331.0,763602436.0,-12200.0
29,2027-12-01,GW_storage_AZ_APS_E_GW[AF],-325.0,812846873.0,-12525.0
30,2028-01-01,GW_storage_AZ_APS_E_GW[AF],-318.0,861121911.0,-12843.0
31,2028-02-01,GW_storage_AZ_APS_E_GW[AF],-312.0,908650771.0,-13155.0
32,2028-03-01,GW_storage_AZ_APS_E_GW[AF],-307.0,959000163.0,-13462.0
33,2028-04-01,GW_storage_AZ_APS_E_GW[AF],-301.0,1012039411.0,-13763.0
34,2028-05-01,GW_storage_AZ_APS_E_GW[AF],-295.0,1068060916.0,-14058.0
35,2028-06-01,GW_storage_AZ_APS_E_GW[AF],-289.0,1125203670.0,-14347.0
36,2028-07-01,GW_storage_AZ_APS_E_GW[AF],-284.0,1183903968.0,-14631.0
37,2028-08-01,GW_storage_AZ_APS_E_GW[AF],-279.0,1241633200.0,-14910.0
38,2028-09-01,GW_storage_AZ_APS_E_GW[AF],-274.0,1298536546.0,-15184.0
39,2028-10-01,GW_storage_AZ_APS_E_GW[AF],-268.0,1354465802.0,-15452.0
40,2028-11-01,GW_storage_AZ_APS_E_GW[AF],-263.0,1409406877.0,-15715.0
41,2028-12-01,GW_storage_AZ_APS_E_GW[AF],-258.0,1463330743.0,-15973.0
42,2029-01-01,GW_storage_AZ_APS_E_GW[AF],-253.0,1516331973.0,-16226.0
43,2029-02-01,GW_storage_AZ_APS_E_GW[AF],-248.0,1568436361.0,-16474.0
44,2029-03-01,GW_storage_AZ_APS_E_GW[AF],-244.0,1622957905.0,-16718.0
45,2029-04-01,GW_storage_AZ_APS_E_GW[AF],-239.0,1679352962.0,-16957.0
46,2029-05-01,GW_storage_AZ_APS_E_GW[AF],-234.0,1742904338.0,-17191.0
47,2029-06-01,GW_storage_AZ_APS_E_GW[AF],-230.0,1807169538.0,-17421.0
48,2029-07-01,GW_storage_AZ_APS_E_GW[AF],-226.0,1872474684.0,-17647.0
49,2029-08-01,GW_storage_AZ_APS_E_GW[AF],-221.0,1936569687.0,-17868.0
50,2029-09-01,GW_storage_AZ_APS_E_GW[AF],-217.0,1999536921.0,-18085.0
51,2029-10-01,GW_storage_AZ_APS_E_GW[AF],-213.0,2061251234.0,-18298.0
52,2029-11-01,GW_storage_AZ_APS_E_GW[AF],-209.0,2121792309.0,-18507.0
53,2029-12-01,GW_storage_AZ_APS_E_GW[AF],-205.0,2181276298.0,-18712.0
54,2030-01-01,GW_storage_AZ_APS_E_GW[AF],-201.0,2239598911.0,-18913.0
55,2030-02-01,GW_storage_AZ_APS_E_GW[AF],-197.0,2296908282.0,-19110.0
56,2030-03-01,GW_storage_AZ_APS_E_GW[AF],-193.0,2353273149.0,-19303.0
57,2030-04-01,GW_storage_AZ_APS_E_GW[AF],-190.0,2408813513.0,-19493.0
58,2030-05-01,GW_storage_AZ_APS_E_GW[AF],-186.0,2463288321.0,-19679.0
59,2030-06-01,GW_storage_AZ_APS_E_GW[AF],-183.0,2519189259.0,-19862.0
60,2030-07-01,GW_storage_AZ_APS_E_GW[AF],-179.0,2574987711.0,-20041.0
61,2030-08-01,GW_storage_AZ_APS_E_GW[AF],-176.0,2629845780.0,-20217.0
62,2030-09-01,GW_storage_AZ_APS_E_GW[AF],-173.0,2683731630.0,-20390.0
63,2030-10-01,GW_storage_AZ_APS_E_GW[AF],-169.0,2736573135.0,-20559.0
64,2030-11-01,GW_storage_AZ_APS_E_GW[AF],-166.0,2788437015.0,-20725.0
65,2030-12-01,GW_storage_AZ_APS_E_GW[AF],-163.0,2839371858.0,-20888.0
66,2031-01-01,GW_storage_AZ_APS_E_GW[AF],-160.0,2889285425.0,-21048.0
67,2031-02-01,GW_storage_AZ_APS_E_GW[AF],-157.0,2938331300.0,-21205.0
68,2031-03-01,GW_storage_AZ_APS_E_GW[AF],-154.0,2986403207.0,-21359.0
69,2031-04-01,GW_storage_AZ_APS_E_GW[AF],-151.0,3034117058.0,-21510.0
70,2031-05-01,GW_storage_AZ_APS_E_GW[AF],-147.0,3081639947.0,-21657.0
71,2031-06-01,GW_storage_AZ_APS_E_GW[AF],-145.0,3128466639.0,-21802.0
72,2031-07-01,GW_storage_AZ_APS_E_GW[AF],-143.0,3175256040.0,-21945.0
73,2031-08-01,GW_storage_AZ_APS_E_GW[AF],-140.0,3221201089.0,-22085.0
74,2031-09-01,GW_storage_AZ_APS_E_GW[AF],-137.0,3266538806.0,-22222.0
75,2031-10-01,GW_storage_AZ_APS_E_GW[AF],-134.0,3311005126.0,-22356.0
76,2031-11-01,GW_storage_AZ_APS_E_GW[AF],-132.0,3354843436.0,-22488.0
77,2031-12-01,GW_storage_AZ_APS_E_GW[AF],-129.0,3397917039.0,-22617.0
78,2032-01-01,GW_storage_AZ_APS_E_GW[AF],-127.0,3440765830.0,-22744.0
79,2032-02-01,GW_storage_AZ_APS_E_GW[AF],-124.0,3500332884.0,-22868.0
80,2032-03-01,GW_storage_AZ_APS_E_GW[AF],-122.0,3570397039.0,-22990.0
81,2032-04-01,GW_storage_AZ_APS_E_GW[AF],-119.0,3645988541.0,-23109.0
82,2032-05-01,GW_storage_AZ_APS_E_GW[AF],-117.0,3723860841.0,-23226.0
83,2032-06-01,GW_storage_AZ_APS_E_GW[AF],-115.0,3803847465.0,-23341.0
84,2032-07-01,GW_storage_AZ_APS_E_GW[AF],-113.0,3884065220.0,-23454.0
85,2032-08-01,GW_storage_AZ_APS_E_GW[AF],-111.0,3963910669.0,-23565.0
86,2032-09-01,GW_storage_AZ_APS_E_GW[AF],-109.0,4042724779.0,-23674.0
87,2032-10-01,GW_storage_AZ_APS_E_GW[AF],-106.0,4120308321.0,-23780.0
88,2032-11-01,GW_storage_AZ_APS_E_GW[AF],-105.0,4196679403.0,-23885.0
89,2032-12-01,GW_storage_AZ_APS_E_GW[AF],-103.0,4271822754.0,-23988.0
90,2033-01-01,GW_storage_AZ_APS_E_GW[AF],-100.0,4345538492.0,-24088.0
91,2033-02-01,GW_storage_AZ_APS_E_GW[AF],-99.0,4423218301.0,-24187.0
92,2033-03-01,GW_storage_AZ_APS_E_GW[AF],-97.0,4505470297.0,-24284.0
93,2033-04-01,GW_storage_AZ_APS_E_GW[AF],-95.0,4590681136.0,-24379.0
94,2033-05-01,GW_storage_AZ_APS_E_GW[AF],-93.0,4675360581.0,-24472.0
95,2033-06-01,GW_storage_AZ_APS_E_GW[AF],-91.0,4760708398.0,-24563.0
96,2033-07-01,GW_storage_AZ_APS_E_GW[AF],-89.0,4846138178.0,-24652.0
97,2033-08-01,GW_storage_AZ_APS_E_GW[AF],-88.0,4931118427.0,-24740.0
98,2033-09-01,GW_storage_AZ_APS_E_GW[AF],-86.0,5014914731.0,-24826.0
99,2033-10-01,GW_storage_AZ_APS_E_GW[AF],-84.0,5097508172.0,-24910.0
100,2033-11-01,GW_storage_AZ_APS_E_GW[AF],-83.0,5178663669.0,-24993.0
101,2033-12-01,GW_storage_AZ_APS_E_GW[AF],-81.0,5258443309.0,-25074.0
102,2034-01-01,GW_storage_AZ_APS_E_GW[AF],-80.0,5339163828.0,-25154.0
103,2034-02-01,GW_storage_AZ_APS_E_GW[AF],-78.0,5418722190.0,-25232.0
104,2034-03-01,GW_storage_AZ_APS_E_GW[AF],-76.0,5500220744.0,-25308.0
105,2034-04-01,GW_storage_AZ_APS_E_GW[AF],-75.0,5584032903.0,-25383.0
106,2034-05-01,GW_storage_AZ_APS_E_GW[AF],-73.0,5676873319.0,-25456.0
107,2034-06-01,GW_storage_AZ_APS_E_GW[AF],-72.0,5773341236.0,-25528.0
108,2034-07-01,GW_storage_AZ_APS_E_GW[AF],-70.0,5871231225.0,-25598.0
109,2034-08-01,GW_storage_AZ_APS_E_GW[AF],-69.0,5968392389.0,-25667.0
110,2034-09-01,GW_storage_AZ_APS_E_GW[AF],-67.0,6064112138.0,-25734.0
111,2034-10-01,GW_storage_AZ_APS_E_GW[AF],-67.0,6158273690.0,-25801.0
112,2034-11-01,GW_storage_AZ_APS_E_GW[AF],-65.0,6251013792.0,-25866.0
113,2034-12-01,GW_storage_AZ_APS_E_GW[AF],-64.0,6342469856.0,-25930.0
114,2035-01-01,GW_storage_AZ_APS_E_GW[AF],-62.0,6432436397.0,-25992.0
115,2035-02-01,GW_storage_AZ_APS_E_GW[AF],-61.0,6520973109.0,-26053.0
116,2035-03-01,GW_storage_AZ_APS_E_GW[AF],-60.0,6608114132.0,-26113.0
117,2035-04-01,GW_storage_AZ_APS_E_GW[AF],-58.0,6694040771.0,-26171.0
118,2035-05-01,GW_storage_AZ_APS_E_GW[AF],-58.0,6778544504.0,-26229.0
119,2035-06-01,GW_storage_AZ_APS_E_GW[AF],-57.0,6863239534.0,-26286.0
120,2035-07-01,GW_storage_AZ_APS_E_GW[AF],-56.0,6947511289.0,-26342.0
121,2035-08-01,GW_storage_AZ_APS_E_GW[AF],-54.0,7030376153.0,-26396.0
122,2035-09-01,GW_storage_AZ_APS_E_GW[AF],-53.0,7112119087.0,-26449.0
123,2035-10-01,GW_storage_AZ_APS_E_GW[AF],-52.0,7192574428.0,-26501.0
124,2035-11-01,GW_storage_AZ_APS_E_GW[AF],-51.0,7271865334.0,-26552.0
125,2035-12-01,GW_storage_AZ_APS_E_GW[AF],-51.0,7350179909.0,-26603.0
126,2036-01-01,GW_storage_AZ_APS_E_GW[AF],-49.0,7427195979.0,-26652.0
127,2036-02-01,GW_storage_AZ_APS_E_GW[AF],-48.0,7503024891.0,-26700.0
128,2036-03-01,GW_storage_AZ_APS_E_GW[AF],-48.0,7577632108.0,-26748.0
129,2036-04-01,GW_storage_AZ_APS_E_GW[AF],-46.0,7651185144.0,-26794.0
130,2036-05-01,GW_storage_AZ_APS_E_GW[AF],-45.0,7724300240.0,-26839.0
131,2036-06-01,GW_storage_AZ_APS_E_GW[AF],-44.0,7796353708.0,-26883.0
132,2036-07-01,GW_storage_AZ_APS_E_GW[AF],-44.0,7867314948.0,-26927.0
133,2036-08-01,GW_storage_AZ_APS_E_GW[AF],-42.0,7937241278.0,-26969.0
134,2036-09-01,GW_storage_AZ_APS_E_GW[AF],-41.0,8006295323.0,-27010.0
135,2036-10-01,GW_storage_AZ_APS_E_GW[AF],-41.0,8074305646.0,-27051.0
136,2036-11-01,GW_storage_AZ_APS_E_GW[AF],-40.0,8141376577.0,-27091.0
137,2036-12-01,GW_storage_AZ_APS_E_GW[AF],-39.0,8207644541.0,-27130.0
138,2037-01-01,GW_storage_AZ_APS_E_GW[AF],-39.0,8273161410.0,-27169.0
139,2037-02-01,GW_storage_AZ_APS_E_GW[AF],-38.0,8337733681.0,-27207.0
140,2037-03-01,GW_storage_AZ_APS_E_GW[AF],-37.0,8401237350.0,-27244.0
141,2037-04-01,GW_storage_AZ_APS_E_GW[AF],-36.0,8463716442.0,-27280.0
142,2037-05-01,GW_storage_AZ_APS_E_GW[AF],-36.0,8525229166.0,-27316.0
143,2037-06-01,GW_storage_AZ_APS_E_GW[AF],-36.0,8585780498.0,-27352.0
144,2037-07-01,GW_storage_AZ_APS_E_GW[AF],-34.0,8645518277.0,-27386.0
145,2037-08-01,GW_storage_AZ_APS_E_GW[AF],-34.0,8704580765.0,-27420.0
146,2037-09-01,GW_storage_AZ_APS_E_GW[AF],-33.0,8763159684.0,-27453.0
147,2037-10-01,GW_storage_AZ_APS_E_GW[AF],-32.0,8821181815.0,-27485.0
148,2037-11-01,GW_storage_AZ_APS_E_GW[AF],-32.0,8878677095.0,-27517.0
149,2037-12-01,GW_storage_AZ_APS_E_GW[AF],-31.0,8935618642.0,-27548.0
150,2038-01-01,GW_storage_AZ_APS_E_GW[AF],-31.0,8991690289.0,-27579.0
151,2038-02-01,GW_storage_AZ_APS_E_GW[AF],-30.0,9049081585.0,-27609.0
152,2038-03-01,GW_storage_AZ_APS_E_GW[AF],-30.0,9108044798.0,-27639.0
153,2038-04-01,GW_storage_AZ_APS_E_GW[AF],-29.0,9168794933.0,-27668.0
154,2038-05-01,GW_storage_AZ_APS_E_GW[AF],-27.0,9229969082.0,-27695.0
155,2038-06-01,GW_storage_AZ_APS_E_GW[AF],-27.0,9290494843.0,-27722.0
156,2038-07-01,GW_storage_AZ_APS_E_GW[AF],-26.0,9350294408.0,-27748.0
157,2038-08-01,GW_storage_AZ_APS_E_GW[AF],-26.0,9409318940.0,-27774.0
158,2038-09-01,GW_storage_AZ_APS_E_GW[AF],-25.0,9467673979.0,-27799.0
159,2038-10-01,GW_storage_AZ_APS_E_GW[AF],-25.0,9525253636.0,-27824.0
160,2038-11-01,GW_storage_AZ_APS_E_GW[AF],-24.0,9582098472.0,-27848.0
161,2038-12-01,GW_storage_AZ_APS_E_GW[AF],-24.0,9638248766.0,-27872.0
162,2039-01-01,GW_storage_AZ_APS_E_GW[AF],-23.0,9693650977.0,-27895.0
163,2039-02-01,GW_storage_AZ_APS_E_GW[AF],-23.0,9750458830.0,-27918.0
164,2039-03-01,GW_storage_AZ_APS_E_GW[AF],-23.0,9809156458.0,-27941.0
165,2039-04-01,GW_storage_AZ_APS_E_GW[AF],-23.0,9868559467.0,-27964.0
166,2039-05-01,GW_storage_AZ_APS_E_GW[AF],-22.0,9927385773.0,-27986.0
167,2039-06-01,GW_storage_AZ_APS_E_GW[AF],-21.0,9986965256.0,-28007.0
168,2039-07-01,GW_storage_AZ_APS_E_GW[AF],-20.0,10046475029.0,-28027.0
169,2039-08-01,GW_storage_AZ_APS_E_GW[AF],-21.0,10105238592.0,-28048.0
170,2039-09-01,GW_storage_AZ_APS_E_GW[AF],-20.0,10163363477.0,-28068.0
171,2039-10-01,GW_storage_AZ_APS_E_GW[AF],-19.0,10220781260.0,-28087.0
172,2039-11-01,GW_storage_AZ_APS_E_GW[AF],-19.0,10277373162.0,-28106.0
173,2039-12-01,GW_storage_AZ_APS_E_GW[AF],-19.0,10333185165.0,-28125.0
174,2040-01-01,GW_storage_AZ_APS_E_GW[AF],-18.0,10388289039.0,-28143.0
175,2040-02-01,GW_storage_AZ_APS_E_GW[AF],-18.0,10442633493.0,-28161.0
176,2040-03-01,GW_storage_AZ_APS_E_GW[AF],-18.0,10496196844.0,-28179.0
177,2040-04-01,GW_storage_AZ_APS_E_GW[AF],-18.0,10549040409.0,-28197.0
178,2040-05-01,GW_storage_AZ_APS_E_GW[AF],-17.0,10601395194.0,-28214.0
179,2040-06-01,GW_storage_AZ_APS_E_GW[AF],-17.0,10653107949.0,-28231.0
180,2040-07-01,GW_storage_AZ_APS_E_GW[AF],-17.0,10704171007.0,-28248.0
181,2040-08-01,GW_storage_AZ_APS_E_GW[AF],-16.0,10754605305.0,-28264.0
182,2040-09-01,GW_storage_AZ_APS_E_GW[AF],-15.0,10804445973.0,-28279.0
183,2040-10-01,GW_storage_AZ_APS_E_GW[AF],-14.0,10853648570.0,-28293.0
184,2040-11-01,GW_storage_AZ_APS_E_GW[AF],-15.0,10902484914.0,-28308.0
185,2040-12-01,GW_storage_AZ_APS_E_GW[AF],-14.0,10950730644.0,-28322.0
186,2041-01-01,GW_storage_AZ_APS_E_GW[AF],-14.0,10998281298.0,-28336.0
187,2041-02-01,GW_storage_AZ_APS_E_GW[AF],-14.0,11047818234.0,-28350.0
188,2041-03-01,GW_storage_AZ_APS_E_GW[AF],-13.0,11099139984.0,-28363.0
189,2041-04-01,GW_storage_AZ_APS_E_GW[AF],-13.0,11151170281.0,-28376.0
190,2041-05-01,GW_storage_AZ_APS_E_GW[AF],-14.0,11202540882.0,-28390.0
191,2041-06-01,GW_storage_AZ_APS_E_GW[AF],-14.0,11253584926.0,-28404.0
192,2041-07-01,GW_storage_AZ_APS_E_GW[AF],-13.0,11304087287.0,-28417.0
193,2041-08-01,GW_storage_AZ_APS_E_GW[AF],-13.0,11354085428.0,-28430.0
194,2041-09-01,GW_storage_AZ_APS_E_GW[AF],-13.0,11403615397.0,-28443.0
195,2041-10-01,GW_storage_AZ_APS_E_GW[AF],-12.0,11452671944.0,-28455.0
196,2041-11-01,GW_storage_AZ_APS_E_GW[AF],-12.0,11501212889.0,-28467.0
197,2041-12-01,GW_storage_AZ_APS_E_GW[AF],-11.0,11549056939.0,-28478.0
198,2042-01-01,GW_storage_AZ_APS_E_GW[AF],-11.0,11596204581.0,-28489.0
199,2042-02-01,GW_storage_AZ_APS_E_GW[AF],-11.0,11642935334.0,-28500.0
200,2042-03-01,GW_storage_AZ_APS_E_GW[AF],-11.0,11689092595.0,-28511.0
201,2042-04-01,GW_storage_AZ_APS_E_GW[AF],-11.0,11735022869.0,-28522.0
202,2042-05-01,GW_storage_AZ_APS_E_GW[AF],-11.0,11780876718.0,-28533.0
203,2042-06-01,GW_storage_AZ_APS_E_GW[AF],-12.0,11826092725.0,-28545.0
204,2042-07-01,GW_storage_AZ_APS_E_GW[AF],-11.0,11871546727.0,-28556.0
205,2042-08-01,GW_storage_AZ_APS_E_GW[AF],-11.0,11916431990.0,-28567.0
206,2042-09-01,GW_storage_AZ_APS_E_GW[AF],-11.0,11960791410.0,-28578.0
207,2042-10-01,GW_storage_AZ_APS_E_GW[AF],-11.0,12004660184.0,-28589.0
208,2042-11-01,GW_storage_AZ_APS_E_GW[AF],-11.0,12048130811.0,-28600.0
209,2042-12-01,GW_storage_AZ_APS_E_GW[AF],-11.0,12091062837.0,-28611.0
210,2043-01-01,GW_storage_AZ_APS_E_GW[AF],-10.0,12133444088.0,-28621.0
211,2043-02-01,GW_storage_AZ_APS_E_GW[AF],-10.0,12175363925.0,-28631.0
212,2043-03-01,GW_storage_AZ_APS_E_GW[AF],-9.0,12216725340.0,-28640.0
213,2043-04-01,GW_storage_AZ_APS_E_GW[AF],-9.0,12257666079.0,-28649.0
214,2043-05-01,GW_storage_AZ_APS_E_GW[AF],-9.0,12298078753.0,-28658.0
215,2043-06-01,GW_storage_AZ_APS_E_GW[AF],-9.0,12338040338.0,-28667.0
216,2043-07-01,GW_storage_AZ_APS_E_GW[AF],-10.0,12377535688.0,-28677.0
217,2043-08-01,GW_storage_AZ_APS_E_GW[AF],-10.0,12416568319.0,-28687.0
218,2043-09-01,GW_storage_AZ_APS_E_GW[AF],-9.0,12455234071.0,-28696.0
219,2043-10-01,GW_storage_AZ_APS_E_GW[AF],-9.0,12493493716.0,-28705.0
220,2043-11-01,GW_storage_AZ_APS_E_GW[AF],-8.0,12531340494.0,-28713.0
221,2043-12-01,GW_storage_AZ_APS_E_GW[AF],-8.0,12568703212.0,-28721.0
222,2044-01-01,GW_storage_AZ_APS_E_GW[AF],-8.0,12605614127.0,-28729.0
223,2044-02-01,GW_storage_AZ_APS_E_GW[AF],-8.0,12642100391.0,-28737.0
224,2044-03-01,GW_storage_AZ_APS_E_GW[AF],-7.0,12678094207.0,-28744.0
225,2044-04-01,GW_storage_AZ_APS_E_GW[AF],-7.0,12715489683.0,-28751.0
226,2044-05-01,GW_storage_AZ_APS_E_GW[AF],-7.0,12757376464.0,-28758.0
227,2044-06-01,GW_storage_AZ_APS_E_GW[AF],-6.0,12798680033.0,-28764.0
228,2044-07-01,GW_storage_AZ_APS_E_GW[AF],-6.0,12840178366.0,-28770.0
229,2044-08-01,GW_storage_AZ_APS_E_GW[AF],-5.0,12881238666.0,-28775.0
230,2044-09-01,GW_storage_AZ_APS_E_GW[AF],-5.0,12921922929.0,-28780.0
231,2044-10-01,GW_storage_AZ_APS_E_GW[AF],-5.0,12962137170.0,-28785.0
232,2044-11-01,GW_storage_AZ_APS_E_GW[AF],-5.0,13001917872.0,-28790.0
233,2044-12-01,GW_storage_AZ_APS_E_GW[AF],-5.0,13041192913.0,-28795.0
234,2045-01-01,GW_storage_AZ_APS_E_GW[AF],-5.0,13079996277.0,-28800.0
235,2045-02-01,GW_storage_AZ_APS_E_GW[AF],-5.0,13119222084.0,-28805.0
236,2045-03-01,GW_storage_AZ_APS_E_GW[AF],-5.0,13158364150.0,-28810.0
237,2045-04-01,GW_storage_AZ_APS_E_GW[AF],-5.0,13198157185.0,-28815.0
238,2045-05-01,GW_storage_AZ_APS_E_GW[AF],-5.0,13237869018.0,-28820.0
239,2045-06-01,GW_storage_AZ_APS_E_GW[AF],-5.0,13278774379.0,-28825.0
240,2045-07-01,GW_storage_AZ_APS_E_GW[AF],-5.0,13324244062.0,-28830.0
241,2045-08-01,GW_storage_AZ_APS_E_GW[AF],-4.0,13372386542.0,-28834.0
242,2045-09-01,GW_storage_AZ_APS_E_GW[AF],-4.0,13419876881.0,-28838.0
243,2045-10-01,GW_storage_AZ_APS_E_GW[AF],-5.0,13466818785.0,-28843.0
244,2045-11-01,GW_storage_AZ_APS_E_GW[AF],-4.0,13513160105.0,-28847.0
245,2045-12-01,GW_storage_AZ_APS_E_GW[AF],-4.0,13560745919.0,-28851.0
246,2046-01-01,GW_storage_AZ_APS_E_GW[AF],-4.0,13615290772.0,-28855.0
247,2046-02-01,GW_storage_AZ_APS_E_GW[AF],-4.0,13677811710.0,-28859.0
248,2046-03-01,GW_storage_AZ_APS_E_GW[AF],-4.0,13748607831.0,-28863.0
249,2046-04-01,GW_storage_AZ_APS_E_GW[AF],-4.0,13826873589.0,-28867.0
250,2046-05-01,GW_storage_AZ_APS_E_GW[AF],-3.0,13907944967.0,-28870.0
251,2046-06-01,GW_storage_AZ_APS_E_GW[AF],-3.0,13989979852.0,-28873.0
252,2046-07-01,GW_storage_AZ_APS_E_GW[AF],-3.0,14071604903.0,-28876.0
253,2046-08-01,GW_storage_AZ_APS_E_GW[AF],-3.0,14152131683.0,-28879.0
254,2046-09-01,GW_storage_AZ_APS_E_GW[AF],-3.0,14231617714.0,-28882.0
255,2046-10-01,GW_storage_AZ_APS_E_GW[AF],-2.0,14310005025.0,-28884.0
256,2046-11-01,GW_storage_AZ_APS_E_GW[AF],-3.0,14387273527.0,-28887.0
257,2046-12-01,GW_storage_AZ_APS_E_GW[AF],-3.0,14463437376.0,-28890.0
258,2047-01-01,GW_storage_AZ_APS_E_GW[AF],-3.0,14538457981.0,-28893.0
259,2047-02-01,GW_storage_AZ_APS_E_GW[AF],-2.0,14612508014.0,-28895.0
260,2047-03-01,GW_storage_AZ_APS_E_GW[AF],-3.0,14685452283.0,-28898.0
261,2047-04-01,GW_storage_AZ_APS_E_GW[AF],-2.0,14764472816.0,-28900.0
262,2047-05-01,GW_storage_AZ_APS_E_GW[AF],-3.0,14860897341.0,-28903.0
263,2047-06-01,GW_storage_AZ_APS_E_GW[AF],-2.0,14972506362.0,-28905.0
264,2047-07-01,GW_storage_AZ_APS_E_GW[AF],-3.0,15088231692.0,-28908.0
265,2047-08-01,GW_storage_AZ_APS_E_GW[AF],-3.0,15203332934.0,-28911.0
266,2047-09-01,GW_storage_AZ_APS_E_GW[AF],-3.0,15317492289.0,-28914.0
267,2047-10-01,GW_storage_AZ_APS_E_GW[AF],-3.0,15430042333.0,-28917.0
268,2047-11-01,GW_storage_AZ_APS_E_GW[AF],-3.0,15542831934.0,-28920.0
269,2047-12-01,GW_storage_AZ_APS_E_GW[AF],-3.0,15653870877.0,-28923.0
270,2048-01-01,GW_storage_AZ_APS_E_GW[AF],-3.0,15763169397.0,-28926.0
271,2048-02-01,GW_storage_AZ_APS_E_GW[AF],-3.0,15872138297.0,-28929.0
272,2048-03-01,GW_storage_AZ_APS_E_GW[AF],-3.0,15987897138.0,-28932.0
273,2048-04-01,GW_storage_AZ_APS_E_GW[AF],-2.0,16106751114.0,-28934.0
274,2048-05-01,GW_storage_AZ_APS_E_GW[AF],-2.0,16226738594.0,-28936.0
275,2048-06-01,GW_storage_AZ_APS_E_GW[AF],-3.0,16346930466.0,-28939.0
276,2048-07-01,GW_storage_AZ_APS_E_GW[AF],-3.0,16466203172.0,-28942.0
277,2048-08-01,GW_storage_AZ_APS_E_GW[AF],-2.0,16583670765.0,-28944.0
278,2048-09-01,GW_storage_AZ_APS_E_GW[AF],-2.0,16699553017.0,-28946.0
279,2048-10-01,GW_storage_AZ_APS_E_GW[AF],-2.0,16813788962.0,-28948.0
280,2048-11-01,GW_storage_AZ_APS_E_GW[AF],-3.0,16926416472.0,-28951.0
281,2048-12-01,GW_storage_AZ_APS_E_GW[AF],-3.0,17038918116.0,-28954.0
282,2049-01-01,GW_storage_AZ_APS_E_GW[AF],-2.0,17150214903.0,-28956.0
283,2049-02-01,GW_storage_AZ_APS_E_GW[AF],-2.0,17259849423.0,-28958.0
284,2049-03-01,GW_storage_AZ_APS_E_GW[AF],-2.0,17374140295.0,-28960.0
285,2049-04-01,GW_storage_AZ_APS_E_GW[AF],-2.0,17496980626.0,-28962.0
286,2049-05-01,GW_storage_AZ_APS_E_GW[AF],-2.0,17623520262.0,-28964.0
287,2049-06-01,GW_storage_AZ_APS_E_GW[AF],-2.0,17749882278.0,-28966.0
288,2049-07-01,GW_storage_AZ_APS_E_GW[AF],-2.0,17875311834.0,-28968.0
289,2049-08-01,GW_storage_AZ_APS_E_GW[AF],-2.0,17998950915.0,-28970.0
290,2049-09-01,GW_storage_AZ_APS_E_GW[AF],-2.0,18120987592.0,-28972.0
291,2049-10-01,GW_storage_AZ_APS_E_GW[AF],-2.0,18241422265.0,-28974.0
292,2049-11-01,GW_storage_AZ_APS_E_GW[AF],-2.0,18360102830.0,-28976.0
293,2049-12-01,GW_storage_AZ_APS_E_GW[AF],-2.0,18476910369.0,-28978.0
294,2050-01-01,GW_storage_AZ_APS_E_GW[AF],-2.0,18591916831.0,-28980.0
295,2050-03-01,GW_storage_AZ_APS_E_GW[AF],-2.0,18821028859.0,-28982.0
296,2050-04-01,GW_storage_AZ_APS_E_GW[AF],-2.0,18940506995.0,-28984.0
297,2050-05-01,GW_storage_AZ_APS_E_GW[AF],-2.0,19059600483.0,-28986.0
298,2050-06-01,GW_storage_AZ_APS_E_GW[AF],-2.0,19178428021.0,-28988.0
299,2050-07-01,GW_storage_AZ_APS_E_GW[AF],-2.0,19296435077.0,-28990.0
300,2050-08-01,GW_storage_AZ_APS_E_GW[AF],-2.0,19412834260.0,-28992.0
301,2050-09-01,GW_storage_AZ_APS_E_GW[AF],-2.0,19527808893.0,-28994.0
302,2050-10-01,GW_storage_AZ_APS_E_GW[AF],-2.0,19641173895.0,-28996.0
303,2050-11-01,GW_storage_AZ_APS_E_GW[AF],-2.0,19752769080.0,-28998.0
304,2050-12-01,GW_storage_AZ_APS_E_GW[AF],-3.0,19862611454.0,-29001.0
305,2051-01-01,GW_storage_AZ_APS_E_GW[AF],-2.0,19970764786.0,-29003.0
306,2051-02-01,GW_storage_AZ_APS_E_GW[AF],-2.0,20077395432.0,-29005.0
307,2051-03-01,GW_storage_AZ_APS_E_GW[AF],-2.0,20182370827.0,-29007.0
308,2051-04-01,GW_storage_AZ_APS_E_GW[AF],-2.0,20291580463.0,-29009.0
309,2051-05-01,GW_storage_AZ_APS_E_GW[AF],-2.0,20400038326.0,-29011.0
310,2051-06-01,GW_storage_AZ_APS_E_GW[AF],-2.0,20508257786.0,-29013.0
311,2051-07-01,GW_storage_AZ_APS_E_GW[AF],-2.0,20615875318.0,-29015.0
312,2051-08-01,GW_storage_AZ_APS_E_GW[AF],-2.0,20722198437.0,-29017.0
313,2051-09-01,GW_storage_AZ_APS_E_GW[AF],-2.0,20827038775.0,-29019.0
314,2051-11-01,GW_storage_AZ_APS_E_GW[AF],-2.0,21032468769.0,-29021.0
315,2051-12-01,GW_storage_AZ_APS_E_GW[AF],-2.0,21133705710.0,-29023.0
316,2052-01-01,GW_storage_AZ_APS_E_GW[AF],-2.0,21233433839.0,-29025.0
317,2052-02-01,GW_storage_AZ_APS_E_GW[AF],-2.0,21331717041.0,-29027.0
318,2052-03-01,GW_storage_AZ_APS_E_GW[AF],-2.0,21429607427.0,-29029.0
319,2052-05-01,GW_storage_AZ_APS_E_GW[AF],-2.0,21624977785.0,-29031.0
320,2052-07-01,GW_storage_AZ_APS_E_GW[AF],-2.0,21815421513.0,-29033.0
321,2060-03-01,GW_storage_AZ_APS_E_GW[AF],7033.0,29907235449.0,-22000.0
322,2060-04-01,GW_storage_AZ_APS_E_GW[AF],6902.0,30022282651.0,-15098.0
323,2060-05-01,GW_storage_AZ_APS_E_GW[AF],6768.0,30138204137.0,-8330.0
324,2060-06-01,GW_storage_AZ_APS_E_GW[AF],6640.0,30253989194.0,-1690.0
325,2060-07-01,GW_storage_AZ_APS_E_GW[AF],6512.0,30369445165.0,4822.0
326,2060-08-01,GW_storage_AZ_APS_E_GW[AF],6386.0,30483354195.0,11208.0
327,2060-09-01,GW_storage_AZ_APS_E_GW[AF],6266.0,30595912136.0,17474.0
328,2060-10-01,GW_storage_AZ_APS_E_GW[AF],6144.0,30707058453.0,23618.0
329,2060-11-01,GW_storage_AZ_APS_E_GW[AF],6029.0,30816686913.0,29647.0
330,2060-12-01,GW_storage_AZ_APS_E_GW[AF],5913.0,30924630927.0,35560.0
331,2061-01-01,GW_storage_AZ_APS_E_GW[AF],5798.0,31038058188.0,41358.0
332,2061-02-01,GW_storage_AZ_APS_E_GW[AF],5696.0,31163247262.0,47054.0
333,2061-03-01,GW_storage_AZ_APS_E_GW[AF],5586.0,31301926464.0,52640.0
334,2061-04-01,GW_storage_AZ_APS_E_GW[AF],5481.0,31460043743.0,58121.0
335,2061-05-01,GW_storage_AZ_APS_E_GW[AF],5376.0,31621719240.0,63497.0
336,2061-06-01,GW_storage_AZ_APS_E_GW[AF],5274.0,31781944019.0,68771.0
337,2061-07-01,GW_storage_AZ_APS_E_GW[AF],5172.0,31940594248.0,73943.0
338,2061-08-01,GW_storage_AZ_APS_E_GW[AF],5072.0,32097666692.0,79015.0
339,2061-09-01,GW_storage_AZ_APS_E_GW[AF],4977.0,32253244922.0,83992.0
340,2061-10-01,GW_storage_AZ_APS_E_GW[AF],4880.0,32407132898.0,88872.0
341,2061-11-01,GW_storage_AZ_APS_E_GW[AF],4788.0,32559108380.0,93660.0
342,2061-12-01,GW_storage_AZ_APS_E_GW[AF],4696.0,32709321481.0,98356.0
343,2062-01-01,GW_storage_AZ_APS_E_GW[AF],4605.0,32858735378.0,102961.0
344,2062-02-01,GW_storage_AZ_APS_E_GW[AF],4524.0,33022044851.0,107485.0
345,2062-03-01,GW_storage_AZ_APS_E_GW[AF],4436.0,33198837130.0,111921.0
346,2062-04-01,GW_storage_AZ_APS_E_GW[AF],4353.0,33390837210.0,116274.0
347,2062-05-01,GW_storage_AZ_APS_E_GW[AF],4268.0,33584259641.0,120542.0
348,2062-06-01,GW_storage_AZ_APS_E_GW[AF],4190.0,33776858517.0,124732.0
349,2062-07-01,GW_storage_AZ_APS_E_GW[AF],4109.0,33967635736.0,128841.0
350,2062-08-01,GW_storage_AZ_APS_E_GW[AF],4029.0,34156855847.0,132870.0
351,2062-09-01,GW_storage_AZ_APS_E_GW[AF],3953.0,34344548104.0,136823.0
352,2062-10-01,GW_storage_AZ_APS_E_GW[AF],3877.0,34530332137.0,140700.0
353,2062-11-01,GW_storage_AZ_APS_E_GW[AF],3804.0,34714073091.0,144504.0
354,2062-12-01,GW_storage_AZ_APS_E_GW[AF],3730.0,34895778448.0,148234.0
355,2063-01-01,GW_storage_AZ_APS_E_GW[AF],3658.0,35079072230.0,151892.0
356,2063-02-01,GW_storage_AZ_APS_E_GW[AF],3594.0,35269350335.0,155486.0
357,2063-03-01,GW_storage_AZ_APS_E_GW[AF],3524.0,35470064786.0,159010.0
358,2063-04-01,GW_storage_AZ_APS_E_GW[AF],3458.0,35683040547.0,162468.0
359,2063-05-01,GW_storage_AZ_APS_E_GW[AF],3391.0,35907121073.0,165859.0
360,2063-06-01,GW_storage_AZ_APS_E_GW[AF],3328.0,36134854310.0,169187.0
361,2063-07-01,GW_storage_AZ_APS_E_GW[AF],3264.0,36361472567.0,172451.0
362,2063-08-01,GW_storage_AZ_APS_E_GW[AF],3200.0,36586142514.0,175651.0
363,2063-09-01,GW_storage_AZ_APS_E_GW[AF],3140.0,36808934029.0,178791.0
364,2063-10-01,GW_storage_AZ_APS_E_GW[AF],3079.0,37029507927.0,181870.0
365,2063-11-01,GW_storage_AZ_APS_E_GW[AF],3021.0,37248012309.0,184891.0
366,2063-12-01,GW_storage_AZ_APS_E_GW[AF],2963.0,37465671472.0,187854.0
367,2064-01-01,GW_storage_AZ_APS_E_GW[AF],2905.0,37694815963.0,190759.0
368,2064-02-01,GW_storage_AZ_APS_E_GW[AF],2853.0,37945097639.0,193612.0
369,2064-03-01,GW_storage_AZ_APS_E_GW[AF],2798.0,38213638934.0,196410.0
370,2064-04-01,GW_storage_AZ_APS_E_GW[AF],2745.0,38493367090.0,199155.0
371,2064-05-01,GW_storage_AZ_APS_E_GW[AF],2691.0,38776738105.0,201846.0
372,2064-06-01,GW_storage_AZ_APS_E_GW[AF],2639.0,39060661713.0,204485.0
373,2064-07-01,GW_storage_AZ_APS_E_GW[AF],2587.0,39341932866.0,207072.0
374,2064-08-01,GW_storage_AZ_APS_E_GW[AF],2537.0,39620711220.0,209609.0
375,2064-09-01,GW_storage_AZ_APS_E_GW[AF],2490.0,39897002798.0,212099.0
376,2064-10-01,GW_storage_AZ_APS_E_GW[AF],2442.0,40170736712.0,214541.0
377,2064-11-01,GW_storage_AZ_APS_E_GW[AF],2396.0,40442044957.0,216937.0
378,2064-12-01,GW_storage_AZ_APS_E_GW[AF],2350.0,40711834451.0,219287.0
379,2065-01-01,GW_storage_AZ_APS_E_GW[AF],2304.0,40982757097.0,221591.0
380,2065-02-01,GW_storage_AZ_APS_E_GW[AF],2263.0,41255716076.0,223854.0
381,2065-03-01,GW_storage_AZ_APS_E_GW[AF],2220.0,41533378347.0,226074.0
382,2065-04-01,GW_storage_AZ_APS_E_GW[AF],2178.0,41819419395.0,228252.0
383,2065-05-01,GW_storage_AZ_APS_E_GW[AF],2136.0,42107659636.0,230388.0
384,2065-06-01,GW_storage_AZ_APS_E_GW[AF],2096.0,42393392346.0,232484.0
385,2065-07-01,GW_storage_AZ_APS_E_GW[AF],2055.0,42678359041.0,234539.0
386,2065-08-01,GW_storage_AZ_APS_E_GW[AF],2016.0,42960938762.0,236555.0
387,2065-09-01,GW_storage_AZ_APS_E_GW[AF],1978.0,43241061639.0,238533.0
388,2065-10-01,GW_storage_AZ_APS_E_GW[AF],1940.0,43518553408.0,240473.0
389,2065-11-01,GW_storage_AZ_APS_E_GW[AF],1903.0,43793351378.0,242376.0
390,2065-12-01,GW_storage_AZ_APS_E_GW[AF],1866.0,44065325818.0,244242.0
391,2066-01-01,GW_storage_AZ_APS_E_GW[AF],1830.0,44334625115.0,246072.0
392,2066-02-01,GW_storage_AZ_APS_E_GW[AF],1797.0,44601575728.0,247869.0
393,2066-03-01,GW_storage_AZ_APS_E_GW[AF],1763.0,44865977654.0,249632.0
394,2066-04-01,GW_storage_AZ_APS_E_GW[AF],1728.0,45130939542.0,251360.0
395,2066-05-01,GW_storage_AZ_APS_E_GW[AF],1694.0,45393925169.0,253054.0
396,2066-06-01,GW_storage_AZ_APS_E_GW[AF],1662.0,45654573916.0,254716.0
397,2066-07-01,GW_storage_AZ_APS_E_GW[AF],1631.0,45912927675.0,256347.0
398,2066-08-01,GW_storage_AZ_APS_E_GW[AF],1600.0,46169111465.0,257947.0
399,2066-09-01,GW_storage_AZ_APS_E_GW[AF],1569.0,46423600426.0,259516.0
400,2066-10-01,GW_storage_AZ_APS_E_GW[AF],1539.0,46676263355.0,261055.0
401,2066-11-01,GW_storage_AZ_APS_E_GW[AF],1510.0,46927228863.0,262565.0
402,2066-12-01,GW_storage_AZ_APS_E_GW[AF],1481.0,47176198480.0,264046.0
403,2067-01-01,GW_storage_AZ_APS_E_GW[AF],1452.0,47422896821.0,265498.0
404,2067-02-01,GW_storage_AZ_APS_E_GW[AF],1427.0,47667661431.0,266925.0
405,2067-03-01,GW_storage_AZ_APS_E_GW[AF],1399.0,47910308464.0,268324.0
406,2067-04-01,GW_storage_AZ_APS_E_GW[AF],1372.0,48151085524.0,269696.0
407,2067-05-01,GW_storage_AZ_APS_E_GW[AF],1347.0,48389950965.0,271043.0
408,2067-06-01,GW_storage_AZ_APS_E_GW[AF],1322.0,48627002221.0,272365.0
409,2067-07-01,GW_storage_AZ_APS_E_GW[AF],1296.0,48862124917.0,273661.0
410,2067-08-01,GW_storage_AZ_APS_E_GW[AF],1272.0,49095321876.0,274933.0
411,2067-09-01,GW_storage_AZ_APS_E_GW[AF],1247.0,49326841519.0,276180.0
412,2067-10-01,GW_storage_AZ_APS_E_GW[AF],1223.0,49556552267.0,277403.0
413,2067-11-01,GW_storage_AZ_APS_E_GW[AF],1200.0,49784868208.0,278603.0
414,2067-12-01,GW_storage_AZ_APS_E_GW[AF],1176.0,50011545293.0,279779.0
415,2068-01-01,GW_storage_AZ_APS_E_GW[AF],1154.0,50238331069.0,280933.0
416,2068-02-01,GW_storage_AZ_APS_E_GW[AF],1134.0,50478937732.0,282067.0
417,2068-03-01,GW_storage_AZ_APS_E_GW[AF],1111.0,50739381265.0,283178.0
418,2068-04-01,GW_storage_AZ_APS_E_GW[AF],1090.0,51011294375.0,284268.0
419,2068-05-01,GW_storage_AZ_APS_E_GW[AF],1070.0,51290774772.0,285338.0
420,2068-06-01,GW_storage_AZ_APS_E_GW[AF],1049.0,51571539123.0,286387.0
421,2068-07-01,GW_storage_AZ_APS_E_GW[AF],1029.0,51851333229.0,287416.0
422,2068-08-01,GW_storage_AZ_APS_E_GW[AF],1009.0,52129191774.0,288425.0
423,2068-09-01,GW_storage_AZ_APS_E_GW[AF],990.0,52405096290.0,289415.0
424,2068-10-01,GW_storage_AZ_APS_E_GW[AF],971.0,52678907664.0,290386.0
425,2068-11-01,GW_storage_AZ_APS_E_GW[AF],954.0,52950483517.0,291340.0
426,2068-12-01,GW_storage_AZ_APS_E_GW[AF],935.0,53219819895.0,292275.0
427,2069-01-01,GW_storage_AZ_APS_E_GW[AF],918.0,53487155316.0,293193.0
428,2069-02-01,GW_storage_AZ_APS_E_GW[AF],901.0,53760870931.0,294094.0
429,2069-03-01,GW_storage_AZ_APS_E_GW[AF],884.0,54039428849.0,294978.0
430,2069-04-01,GW_storage_AZ_APS_E_GW[AF],867.0,54324092180.0,295845.0
431,2069-05-01,GW_storage_AZ_APS_E_GW[AF],851.0,54609436481.0,296696.0
432,2069-06-01,GW_storage_AZ_APS_E_GW[AF],835.0,54894337917.0,297531.0
433,2069-07-01,GW_storage_AZ_APS_E_GW[AF],819.0,55177218144.0,298350.0
434,2069-08-01,GW_storage_AZ_APS_E_GW[AF],803.0,55458179949.0,299153.0
435,2069-09-01,GW_storage_AZ_APS_E_GW[AF],788.0,55737226700.0,299941.0
436,2069-10-01,GW_storage_AZ_APS_E_GW[AF],773.0,56014313112.0,300714.0
437,2069-11-01,GW_storage_AZ_APS_E_GW[AF],758.0,56289244905.0,301472.0
438,2069-12-01,GW_storage_AZ_APS_E_GW[AF],743.0,56561948550.0,302215.0
439,2070-01-01,GW_storage_AZ_APS_E_GW[AF],729.0,56832455571.0,302944.0
440,2070-02-01,GW_storage_AZ_APS_E_GW[AF],717.0,57101031869.0,303661.0
441,2070-03-01,GW_storage_AZ_APS_E_GW[AF],702.0,57367456127.0,304363.0
442,2070-04-01,GW_storage_AZ_APS_E_GW[AF],689.0,57631884127.0,305052.0
443,2070-05-01,GW_storage_AZ_APS_E_GW[AF],675.0,57894580730.0,305727.0
444,2070-06-01,GW_storage_AZ_APS_E_GW[AF],663.0,58156625113.0,306390.0
445,2070-07-01,GW_storage_AZ_APS_E_GW[AF],650.0,58417720429.0,307040.0
446,2070-08-01,GW_storage_AZ_APS_E_GW[AF],637.0,58677125935.0,307677.0
447,2070-09-01,GW_storage_AZ_APS_E_GW[AF],625.0,58935122487.0,308302.0
448,2070-10-01,GW_storage_AZ_APS_E_GW[AF],612.0,59191573450.0,308914.0
449,2070-11-01,GW_storage_AZ_APS_E_GW[AF],601.0,59446278042.0,309515.0
450,2070-12-01,GW_storage_AZ_APS_E_GW[AF],590.0,59699129256.0,310105.0
451,2021-05-01,GW_storage_AZ_APS_N_GW[AF],-6.0,212369.0,-6.0
452,2021-06-01,GW_storage_AZ_APS_N_GW[AF],-11.0,422066.0,-17.0
453,2021-07-01,GW_storage_AZ_APS_N_GW[AF],-18.0,628985.0,-35.0
454,2021-08-01,GW_storage_AZ_APS_N_GW[AF],-17.0,833341.0,-52.0
455,2021-09-01,GW_storage_AZ_APS_N_GW[AF],-17.0,1034591.0,-69.0
456,2021-10-01,GW_storage_AZ_APS_N_GW[AF],-17.0,1228184.0,-86.0
457,2021-11-01,GW_storage_AZ_APS_N_GW[AF],-19.0,1408873.0,-105.0
458,2021-12-01,GW_storage_AZ_APS_N_GW[AF],-19.0,1583705.0,-124.0
459,2022-01-01,GW_storage_AZ_APS_N_GW[AF],-18.0,1753848.0,-142.0
460,2022-02-01,GW_storage_AZ_APS_N_GW[AF],-18.0,1920342.0,-160.0
461,2022-03-01,GW_storage_AZ_APS_N_GW[AF],-18.0,2083476.0,-178.0
462,2022-04-01,GW_storage_AZ_APS_N_GW[AF],-18.0,2243387.0,-196.0
463,2022-05-01,GW_storage_AZ_APS_N_GW[AF],-18.0,2522880.0,-214.0
464,2022-06-01,GW_storage_AZ_APS_N_GW[AF],-25.0,3551564.0,-239.0
465,2022-07-01,GW_storage_AZ_APS_N_GW[AF],-27.0,4562843.0,-266.0
466,2022-08-01,GW_storage_AZ_APS_N_GW[AF],-110.0,5557441.0,-376.0
467,2022-09-01,GW_storage_AZ_APS_N_GW[AF],-107.0,6536311.0,-483.0
468,2022-10-01,GW_storage_AZ_APS_N_GW[AF],-105.0,7499151.0,-588.0
469,2022-11-01,GW_storage_AZ_APS_N_GW[AF],-106.0,8445383.0,-694.0
470,2022-12-01,GW_storage_AZ_APS_N_GW[AF],-104.0,9374562.0,-798.0
471,2023-01-01,GW_storage_AZ_APS_N_GW[AF],-103.0,10287031.0,-901.0
472,2023-02-01,GW_storage_AZ_APS_N_GW[AF],-101.0,11192982.0,-1002.0
473,2023-03-01,GW_storage_AZ_APS_N_GW[AF],-99.0,12082492.0,-1101.0
474,2023-04-01,GW_storage_AZ_APS_N_GW[AF],-97.0,12955603.0,-1198.0
475,2023-05-01,GW_storage_AZ_APS_N_GW[AF],-95.0,13813215.0,-1293.0
476,2023-06-01,GW_storage_AZ_APS_N_GW[AF],-131.0,15164430.0,-1424.0
477,2023-07-01,GW_storage_AZ_APS_N_GW[AF],-103.0,17236845.0,-1527.0
478,2023-08-01,GW_storage_AZ_APS_N_GW[AF],-102.0,19274971.0,-1629.0
479,2023-09-01,GW_storage_AZ_APS_N_GW[AF],-101.0,21282260.0,-1730.0
480,2023-10-01,GW_storage_AZ_APS_N_GW[AF],-95.0,23279746.0,-1825.0
481,2023-11-01,GW_storage_AZ_APS_N_GW[AF],-93.0,25247116.0,-1918.0
482,2023-12-01,GW_storage_AZ_APS_N_GW[AF],-92.0,27178503.0,-2010.0
483,2024-01-01,GW_storage_AZ_APS_N_GW[AF],-90.0,29079026.0,-2100.0
484,2024-02-01,GW_storage_AZ_APS_N_GW[AF],-88.0,30951693.0,-2188.0
485,2024-03-01,GW_storage_AZ_APS_N_GW[AF],-86.0,32794640.0,-2274.0
486,2024-04-01,GW_storage_AZ_APS_N_GW[AF],-79.0,34598451.0,-2353.0
487,2024-05-01,GW_storage_AZ_APS_N_GW[AF],-127.0,36379549.0,-2480.0
488,2024-06-01,GW_storage_AZ_APS_N_GW[AF],-119.0,38134426.0,-2599.0
489,2024-07-01,GW_storage_AZ_APS_N_GW[AF],-93.0,39862715.0,-2692.0
490,2024-08-01,GW_storage_AZ_APS_N_GW[AF],-76.0,41565221.0,-2768.0
491,2024-09-01,GW_storage_AZ_APS_N_GW[AF],-128.0,43242727.0,-2896.0
492,2024-10-01,GW_storage_AZ_APS_N_GW[AF],-153.0,44894530.0,-3049.0
493,2024-11-01,GW_storage_AZ_APS_N_GW[AF],-150.0,46522142.0,-3199.0
494,2024-12-01,GW_storage_AZ_APS_N_GW[AF],-146.0,48125394.0,-3345.0
495,2025-01-01,GW_storage_AZ_APS_N_GW[AF],-144.0,49704625.0,-3489.0
496,2025-02-01,GW_storage_AZ_APS_N_GW[AF],-141.0,51264049.0,-3630.0
497,2025-03-01,GW_storage_AZ_APS_N_GW[AF],-138.0,52800150.0,-3768.0
498,2025-04-01,GW_storage_AZ_APS_N_GW[AF],-136.0,54422403.0,-3904.0
499,2025-05-01,GW_storage_AZ_APS_N_GW[AF],-133.0,56023530.0,-4037.0
500,2025-06-01,GW_storage_AZ_APS_N_GW[AF],-131.0,57673121.0,-4168.0
501,2025-07-01,GW_storage_AZ_APS_N_GW[AF],172.0,59233291.0,-3996.0
502,2025-08-01,GW_storage_AZ_APS_N_GW[AF],6536.0,60752330.0,2540.0
503,2025-09-01,GW_storage_AZ_APS_N_GW[AF],6431.0,63291561.0,8971.0
504,2025-10-01,GW_storage_AZ_APS_N_GW[AF],6311.0,66117192.0,15282.0
505,2025-11-01,GW_storage_AZ_APS_N_GW[AF],9181.0,69169207.0,24463.0
506,2025-12-01,GW_storage_AZ_APS_N_GW[AF],9004.0,72377661.0,33467.0
507,2026-01-01,GW_storage_AZ_APS_N_GW[AF],13791.0,75644729.0,47258.0
508,2026-02-01,GW_storage_AZ_APS_N_GW[AF],23389.0,83025589.0,70647.0
509,2026-03-01,GW_storage_AZ_APS_N_GW[AF],24050.0,93674924.0,94697.0
510,2026-04-01,GW_storage_AZ_APS_N_GW[AF],23600.0,112497734.0,118297.0
511,2026-05-01,GW_storage_AZ_APS_N_GW[AF],23142.0,136460613.0,141439.0
512,2026-06-01,GW_storage_AZ_APS_N_GW[AF],22709.0,160180041.0,164148.0
513,2026-07-01,GW_storage_AZ_APS_N_GW[AF],22248.0,184580314.0,186396.0
514,2026-08-01,GW_storage_AZ_APS_N_GW[AF],21822.0,208538131.0,208218.0
515,2026-09-01,GW_storage_AZ_APS_N_GW[AF],21445.0,232132273.0,229663.0
516,2026-10-01,GW_storage_AZ_APS_N_GW[AF],21030.0,255250646.0,250693.0
517,2026-11-01,GW_storage_AZ_APS_N_GW[AF],20635.0,277908394.0,271328.0
518,2026-12-01,GW_storage_AZ_APS_N_GW[AF],20235.0,300103214.0,291563.0
519,2027-01-01,GW_storage_AZ_APS_N_GW[AF],19844.0,321847786.0,311407.0
520,2027-02-01,GW_storage_AZ_APS_N_GW[AF],19496.0,343199646.0,330903.0
521,2027-03-01,GW_storage_AZ_APS_N_GW[AF],21066.0,369620421.0,351969.0
522,2027-04-01,GW_storage_AZ_APS_N_GW[AF],20671.0,409179141.0,372640.0
523,2027-05-01,GW_storage_AZ_APS_N_GW[AF],20271.0,455970259.0,392911.0
524,2027-06-01,GW_storage_AZ_APS_N_GW[AF],19891.0,506103237.0,412802.0
525,2027-07-01,GW_storage_AZ_APS_N_GW[AF],19505.0,558027240.0,432307.0
526,2027-08-01,GW_storage_AZ_APS_N_GW[AF],19127.0,610747556.0,451434.0
527,2027-09-01,GW_storage_AZ_APS_N_GW[AF],18768.0,662576568.0,470202.0
528,2027-10-01,GW_storage_AZ_APS_N_GW[AF],18421.0,713531026.0,488623.0
529,2027-11-01,GW_storage_AZ_APS_N_GW[AF],18076.0,763602436.0,506699.0
530,2027-12-01,GW_storage_AZ_APS_N_GW[AF],17725.0,812846873.0,524424.0
531,2028-01-01,GW_storage_AZ_APS_N_GW[AF],17382.0,861121911.0,541806.0
532,2028-02-01,GW_storage_AZ_APS_N_GW[AF],17063.0,908650771.0,558869.0
533,2028-03-01,GW_storage_AZ_APS_N_GW[AF],16733.0,959000163.0,575602.0
534,2028-04-01,GW_storage_AZ_APS_N_GW[AF],16419.0,1012039411.0,592021.0
535,2028-05-01,GW_storage_AZ_APS_N_GW[AF],16068.0,1068060916.0,608089.0
536,2028-06-01,GW_storage_AZ_APS_N_GW[AF],15804.0,1125203670.0,623893.0
537,2028-07-01,GW_storage_AZ_APS_N_GW[AF],15528.0,1183903968.0,639421.0
538,2028-08-01,GW_storage_AZ_APS_N_GW[AF],15208.0,1241633200.0,654629.0
539,2028-09-01,GW_storage_AZ_APS_N_GW[AF],14941.0,1298536546.0,669570.0
540,2028-10-01,GW_storage_AZ_APS_N_GW[AF],14657.0,1354465802.0,684227.0
541,2028-11-01,GW_storage_AZ_APS_N_GW[AF],14416.0,1409406877.0,698643.0
542,2028-12-01,GW_storage_AZ_APS_N_GW[AF],14165.0,1463330743.0,712808.0
543,2029-01-01,GW_storage_AZ_APS_N_GW[AF],13903.0,1516331973.0,726711.0
544,2029-02-01,GW_storage_AZ_APS_N_GW[AF],13679.0,1568436361.0,740390.0
545,2029-03-01,GW_storage_AZ_APS_N_GW[AF],13452.0,1622957905.0,753842.0
546,2029-04-01,GW_storage_AZ_APS_N_GW[AF],13278.0,1679352962.0,767120.0
547,2029-05-01,GW_storage_AZ_APS_N_GW[AF],13263.0,1742904338.0,780383.0
548,2029-06-01,GW_storage_AZ_APS_N_GW[AF],13063.0,1807169538.0,793446.0
549,2029-07-01,GW_storage_AZ_APS_N_GW[AF],12816.0,1872474684.0,806262.0
550,2029-08-01,GW_storage_AZ_APS_N_GW[AF],12821.0,1936569687.0,819083.0
551,2029-09-01,GW_storage_AZ_APS_N_GW[AF],12544.0,1999536921.0,831627.0
552,2029-10-01,GW_storage_AZ_APS_N_GW[AF],12453.0,2061251234.0,844080.0
553,2029-11-01,GW_storage_AZ_APS_N_GW[AF],12272.0,2121792309.0,856352.0
554,2029-12-01,GW_storage_AZ_APS_N_GW[AF],12037.0,2181276298.0,868389.0
555,2030-01-01,GW_storage_AZ_APS_N_GW[AF],11804.0,2239598911.0,880193.0
556,2030-02-01,GW_storage_AZ_APS_N_GW[AF],11597.0,2296908282.0,891790.0
557,2030-03-01,GW_storage_AZ_APS_N_GW[AF],11372.0,2353273149.0,903162.0
558,2030-04-01,GW_storage_AZ_APS_N_GW[AF],11159.0,2408813513.0,914321.0
559,2030-05-01,GW_storage_AZ_APS_N_GW[AF],10943.0,2463288321.0,925264.0
560,2030-06-01,GW_storage_AZ_APS_N_GW[AF],10941.0,2519189259.0,936205.0
561,2030-07-01,GW_storage_AZ_APS_N_GW[AF],10729.0,2574987711.0,946934.0
562,2030-08-01,GW_storage_AZ_APS_N_GW[AF],10524.0,2629845780.0,957458.0
563,2030-09-01,GW_storage_AZ_APS_N_GW[AF],10327.0,2683731630.0,967785.0
564,2030-10-01,GW_storage_AZ_APS_N_GW[AF],10125.0,2736573135.0,977910.0
565,2030-11-01,GW_storage_AZ_APS_N_GW[AF],9935.0,2788437015.0,987845.0
566,2030-12-01,GW_storage_AZ_APS_N_GW[AF],9743.0,2839371858.0,997588.0
567,2031-01-01,GW_storage_AZ_APS_N_GW[AF],9554.0,2889285425.0,1007142.0
568,2031-02-01,GW_storage_AZ_APS_N_GW[AF],9387.0,2938331300.0,1016529.0
569,2031-03-01,GW_storage_AZ_APS_N_GW[AF],10165.0,2986403207.0,1026694.0
570,2031-04-01,GW_storage_AZ_APS_N_GW[AF],9978.0,3034117058.0,1036672.0
571,2031-05-01,GW_storage_AZ_APS_N_GW[AF],9785.0,3081639947.0,1046457.0
572,2031-06-01,GW_storage_AZ_APS_N_GW[AF],9602.0,3128466639.0,1056059.0
573,2031-07-01,GW_storage_AZ_APS_N_GW[AF],9491.0,3175256040.0,1065550.0
574,2031-08-01,GW_storage_AZ_APS_N_GW[AF],9307.0,3221201089.0,1074857.0
575,2031-09-01,GW_storage_AZ_APS_N_GW[AF],9133.0,3266538806.0,1083990.0
576,2031-10-01,GW_storage_AZ_APS_N_GW[AF],8955.0,3311005126.0,1092945.0
577,2031-11-01,GW_storage_AZ_APS_N_GW[AF],8788.0,3354843436.0,1101733.0
578,2031-12-01,GW_storage_AZ_APS_N_GW[AF],8618.0,3397917039.0,1110351.0
579,2032-01-01,GW_storage_AZ_APS_N_GW[AF],17274.0,3440765830.0,1127625.0
580,2032-02-01,GW_storage_AZ_APS_N_GW[AF],16960.0,3500332884.0,1144585.0
581,2032-03-01,GW_storage_AZ_APS_N_GW[AF],16632.0,3570397039.0,1161217.0
582,2032-04-01,GW_storage_AZ_APS_N_GW[AF],16320.0,3645988541.0,1177537.0
583,2032-05-01,GW_storage_AZ_APS_N_GW[AF],16004.0,3723860841.0,1193541.0
584,2032-06-01,GW_storage_AZ_APS_N_GW[AF],15703.0,3803847465.0,1209244.0
585,2032-07-01,GW_storage_AZ_APS_N_GW[AF],15400.0,3884065220.0,1224644.0
586,2032-08-01,GW_storage_AZ_APS_N_GW[AF],15101.0,3963910669.0,1239745.0
587,2032-09-01,GW_storage_AZ_APS_N_GW[AF],14818.0,4042724779.0,1254563.0
588,2032-10-01,GW_storage_AZ_APS_N_GW[AF],14563.0,4120308321.0,1269126.0
589,2032-11-01,GW_storage_AZ_APS_N_GW[AF],14290.0,4196679403.0,1283416.0
590,2032-12-01,GW_storage_AZ_APS_N_GW[AF],14013.0,4271822754.0,1297429.0
591,2033-01-01,GW_storage_AZ_APS_N_GW[AF],13741.0,4345538492.0,1311170.0
592,2033-02-01,GW_storage_AZ_APS_N_GW[AF],13501.0,4423218301.0,1324671.0
593,2033-03-01,GW_storage_AZ_APS_N_GW[AF],9434.0,4505470297.0,1334105.0
594,2033-04-01,GW_storage_AZ_APS_N_GW[AF],9258.0,4590681136.0,1343363.0
595,2033-05-01,GW_storage_AZ_APS_N_GW[AF],9084.0,4675360581.0,1352447.0
596,2033-06-01,GW_storage_AZ_APS_N_GW[AF],8959.0,4760708398.0,1361406.0
597,2033-07-01,GW_storage_AZ_APS_N_GW[AF],8766.0,4846138178.0,1370172.0
598,2033-08-01,GW_storage_AZ_APS_N_GW[AF],8576.0,4931118427.0,1378748.0
599,2033-09-01,GW_storage_AZ_APS_N_GW[AF],8421.0,5014914731.0,1387169.0
600,2033-10-01,GW_storage_AZ_APS_N_GW[AF],8310.0,5097508172.0,1395479.0
601,2033-11-01,GW_storage_AZ_APS_N_GW[AF],8115.0,5178663669.0,1403594.0
602,2033-12-01,GW_storage_AZ_APS_N_GW[AF],7938.0,5258443309.0,1411532.0
603,2034-01-01,GW_storage_AZ_APS_N_GW[AF],7784.0,5339163828.0,1419316.0
604,2034-02-01,GW_storage_AZ_APS_N_GW[AF],7647.0,5418722190.0,1426963.0
605,2034-03-01,GW_storage_AZ_APS_N_GW[AF],7492.0,5500220744.0,1434455.0
606,2034-04-01,GW_storage_AZ_APS_N_GW[AF],7147.0,5584032903.0,1441602.0
607,2034-05-01,GW_storage_AZ_APS_N_GW[AF],7094.0,5676873319.0,1448696.0
608,2034-06-01,GW_storage_AZ_APS_N_GW[AF],7039.0,5773341236.0,1455735.0
609,2034-07-01,GW_storage_AZ_APS_N_GW[AF],7103.0,5871231225.0,1462838.0
610,2034-08-01,GW_storage_AZ_APS_N_GW[AF],6871.0,5968392389.0,1469709.0
611,2034-09-01,GW_storage_AZ_APS_N_GW[AF],6737.0,6064112138.0,1476446.0
612,2034-10-01,GW_storage_AZ_APS_N_GW[AF],6531.0,6158273690.0,1482977.0
613,2034-11-01,GW_storage_AZ_APS_N_GW[AF],6409.0,6251013792.0,1489386.0
614,2034-12-01,GW_storage_AZ_APS_N_GW[AF],6285.0,6342469856.0,1495671.0
615,2035-01-01,GW_storage_AZ_APS_N_GW[AF],6163.0,6432436397.0,1501834.0
616,2035-02-01,GW_storage_AZ_APS_N_GW[AF],6055.0,6520973109.0,1507889.0
617,2035-03-01,GW_storage_AZ_APS_N_GW[AF],5938.0,6608114132.0,1513827.0
618,2035-04-01,GW_storage_AZ_APS_N_GW[AF],5829.0,6694040771.0,1519656.0
619,2035-05-01,GW_storage_AZ_APS_N_GW[AF],5716.0,6778544504.0,1525372.0
620,2035-06-01,GW_storage_AZ_APS_N_GW[AF],5722.0,6863239534.0,1531094.0
621,2035-07-01,GW_storage_AZ_APS_N_GW[AF],5607.0,6947511289.0,1536701.0
622,2035-08-01,GW_storage_AZ_APS_N_GW[AF],5498.0,7030376153.0,1542199.0
623,2035-09-01,GW_storage_AZ_APS_N_GW[AF],5395.0,7112119087.0,1547594.0
624,2035-10-01,GW_storage_AZ_APS_N_GW[AF],5354.0,7192574428.0,1552948.0
625,2035-11-01,GW_storage_AZ_APS_N_GW[AF],5254.0,7271865334.0,1558202.0
626,2035-12-01,GW_storage_AZ_APS_N_GW[AF],5150.0,7350179909.0,1563352.0
627,2036-01-01,GW_storage_AZ_APS_N_GW[AF],5050.0,7427195979.0,1568402.0
628,2036-02-01,GW_storage_AZ_APS_N_GW[AF],4958.0,7503024891.0,1573360.0
629,2036-03-01,GW_storage_AZ_APS_N_GW[AF],4862.0,7577632108.0,1578222.0
630,2036-04-01,GW_storage_AZ_APS_N_GW[AF],4762.0,7651185144.0,1582984.0
631,2036-05-01,GW_storage_AZ_APS_N_GW[AF],4669.0,7724300240.0,1587653.0
632,2036-06-01,GW_storage_AZ_APS_N_GW[AF],4562.0,7796353708.0,1592215.0
633,2036-07-01,GW_storage_AZ_APS_N_GW[AF],4292.0,7867314948.0,1596507.0
634,2036-08-01,GW_storage_AZ_APS_N_GW[AF],4125.0,7937241278.0,1600632.0
635,2036-09-01,GW_storage_AZ_APS_N_GW[AF],3950.0,8006295323.0,1604582.0
636,2036-10-01,GW_storage_AZ_APS_N_GW[AF],3861.0,8074305646.0,1608443.0
637,2036-11-01,GW_storage_AZ_APS_N_GW[AF],3679.0,8141376577.0,1612122.0
638,2036-12-01,GW_storage_AZ_APS_N_GW[AF],3627.0,8207644541.0,1615749.0
639,2037-01-01,GW_storage_AZ_APS_N_GW[AF],3558.0,8273161410.0,1619307.0
640,2037-02-01,GW_storage_AZ_APS_N_GW[AF],3495.0,8337733681.0,1622802.0
641,2037-03-01,GW_storage_AZ_APS_N_GW[AF],3427.0,8401237350.0,1626229.0
642,2037-04-01,GW_storage_AZ_APS_N_GW[AF],3364.0,8463716442.0,1629593.0
643,2037-05-01,GW_storage_AZ_APS_N_GW[AF],3304.0,8525229166.0,1632897.0
644,2037-06-01,GW_storage_AZ_APS_N_GW[AF],3257.0,8585780498.0,1636154.0
645,2037-07-01,GW_storage_AZ_APS_N_GW[AF],3184.0,8645518277.0,1639338.0
646,2037-08-01,GW_storage_AZ_APS_N_GW[AF],3217.0,8704580765.0,1642555.0
647,2037-09-01,GW_storage_AZ_APS_N_GW[AF],3157.0,8763159684.0,1645712.0
648,2037-10-01,GW_storage_AZ_APS_N_GW[AF],3095.0,8821181815.0,1648807.0
649,2037-11-01,GW_storage_AZ_APS_N_GW[AF],3038.0,8878677095.0,1651845.0
650,2037-12-01,GW_storage_AZ_APS_N_GW[AF],2978.0,8935618642.0,1654823.0
651,2038-01-01,GW_storage_AZ_APS_N_GW[AF],2920.0,8991690289.0,1657743.0
652,2038-02-01,GW_storage_AZ_APS_N_GW[AF],2870.0,9049081585.0,1660613.0
653,2038-03-01,GW_storage_AZ_APS_N_GW[AF],2814.0,9108044798.0,1663427.0
654,2038-04-01,GW_storage_AZ_APS_N_GW[AF],2761.0,9168794933.0,1666188.0
655,2038-05-01,GW_storage_AZ_APS_N_GW[AF],2708.0,9229969082.0,1668896.0
656,2038-06-01,GW_storage_AZ_APS_N_GW[AF],2743.0,9290494843.0,1671639.0
657,2038-07-01,GW_storage_AZ_APS_N_GW[AF],2585.0,9350294408.0,1674224.0
658,2038-08-01,GW_storage_AZ_APS_N_GW[AF],2520.0,9409318940.0,1676744.0
659,2038-09-01,GW_storage_AZ_APS_N_GW[AF],2474.0,9467673979.0,1679218.0
660,2038-10-01,GW_storage_AZ_APS_N_GW[AF],2424.0,9525253636.0,1681642.0
661,2038-11-01,GW_storage_AZ_APS_N_GW[AF],2378.0,9582098472.0,1684020.0
662,2038-12-01,GW_storage_AZ_APS_N_GW[AF],2332.0,9638248766.0,1686352.0
663,2039-01-01,GW_storage_AZ_APS_N_GW[AF],2287.0,9693650977.0,1688639.0
664,2039-02-01,GW_storage_AZ_APS_N_GW[AF],2247.0,9750458830.0,1690886.0
665,2039-03-01,GW_storage_AZ_APS_N_GW[AF],2204.0,9809156458.0,1693090.0
666,2039-04-01,GW_storage_AZ_APS_N_GW[AF],2162.0,9868559467.0,1695252.0
667,2039-05-01,GW_storage_AZ_APS_N_GW[AF],2120.0,9927385773.0,1697372.0
668,2039-06-01,GW_storage_AZ_APS_N_GW[AF],1939.0,9986965256.0,1699311.0
669,2039-07-01,GW_storage_AZ_APS_N_GW[AF],1974.0,10046475029.0,1701285.0
670,2039-08-01,GW_storage_AZ_APS_N_GW[AF],1957.0,10105238592.0,1703242.0
671,2039-09-01,GW_storage_AZ_APS_N_GW[AF],1921.0,10163363477.0,1705163.0
672,2039-10-01,GW_storage_AZ_APS_N_GW[AF],1851.0,10220781260.0,1707014.0
673,2039-11-01,GW_storage_AZ_APS_N_GW[AF],1825.0,10277373162.0,1708839.0
674,2039-12-01,GW_storage_AZ_APS_N_GW[AF],1791.0,10333185165.0,1710630.0
675,2040-01-01,GW_storage_AZ_APS_N_GW[AF],1756.0,10388289039.0,1712386.0
676,2040-02-01,GW_storage_AZ_APS_N_GW[AF],1724.0,10442633493.0,1714110.0
677,2040-03-01,GW_storage_AZ_APS_N_GW[AF],1691.0,10496196844.0,1715801.0
678,2040-04-01,GW_storage_AZ_APS_N_GW[AF],1659.0,10549040409.0,1717460.0
679,2040-05-01,GW_storage_AZ_APS_N_GW[AF],1637.0,10601395194.0,1719097.0
680,2040-06-01,GW_storage_AZ_APS_N_GW[AF],1610.0,10653107949.0,1720707.0
681,2040-07-01,GW_storage_AZ_APS_N_GW[AF],1537.0,10704171007.0,1722244.0
682,2040-08-01,GW_storage_AZ_APS_N_GW[AF],1718.0,10754605305.0,1723962.0
683,2040-09-01,GW_storage_AZ_APS_N_GW[AF],1591.0,10804445973.0,1725553.0
684,2040-10-01,GW_storage_AZ_APS_N_GW[AF],1361.0,10853648570.0,1726914.0
685,2040-11-01,GW_storage_AZ_APS_N_GW[AF],1329.0,10902484914.0,1728243.0
686,2040-12-01,GW_storage_AZ_APS_N_GW[AF],1253.0,10950730644.0,1729496.0
687,2041-01-01,GW_storage_AZ_APS_N_GW[AF],1228.0,10998281298.0,1730724.0
688,2041-02-01,GW_storage_AZ_APS_N_GW[AF],1207.0,11047818234.0,1731931.0
689,2041-03-01,GW_storage_AZ_APS_N_GW[AF],1184.0,11099139984.0,1733115.0
690,2041-04-01,GW_storage_AZ_APS_N_GW[AF],1161.0,11151170281.0,1734276.0
691,2041-05-01,GW_storage_AZ_APS_N_GW[AF],1139.0,11202540882.0,1735415.0
692,2041-06-01,GW_storage_AZ_APS_N_GW[AF],1254.0,11253584926.0,1736669.0
693,2041-07-01,GW_storage_AZ_APS_N_GW[AF],1040.0,11304087287.0,1737709.0
694,2041-08-01,GW_storage_AZ_APS_N_GW[AF],1050.0,11354085428.0,1738759.0
695,2041-09-01,GW_storage_AZ_APS_N_GW[AF],995.0,11403615397.0,1739754.0
696,2041-10-01,GW_storage_AZ_APS_N_GW[AF],1039.0,11452671944.0,1740793.0
697,2041-11-01,GW_storage_AZ_APS_N_GW[AF],911.0,11501212889.0,1741704.0
698,2041-12-01,GW_storage_AZ_APS_N_GW[AF],968.0,11549056939.0,1742672.0
699,2042-01-01,GW_storage_AZ_APS_N_GW[AF],949.0,11596204581.0,1743621.0
700,2042-02-01,GW_storage_AZ_APS_N_GW[AF],933.0,11642935334.0,1744554.0
701,2042-03-01,GW_storage_AZ_APS_N_GW[AF],914.0,11689092595.0,1745468.0
702,2042-04-01,GW_storage_AZ_APS_N_GW[AF],898.0,11735022869.0,1746366.0
703,2042-05-01,GW_storage_AZ_APS_N_GW[AF],878.0,11780876718.0,1747244.0
704,2042-06-01,GW_storage_AZ_APS_N_GW[AF],879.0,11826092725.0,1748123.0
705,2042-07-01,GW_storage_AZ_APS_N_GW[AF],893.0,11871546727.0,1749016.0
706,2042-08-01,GW_storage_AZ_APS_N_GW[AF],728.0,11916431990.0,1749744.0
707,2042-09-01,GW_storage_AZ_APS_N_GW[AF],715.0,11960791410.0,1750459.0
708,2042-10-01,GW_storage_AZ_APS_N_GW[AF],581.0,12004660184.0,1751040.0
709,2042-11-01,GW_storage_AZ_APS_N_GW[AF],480.0,12048130811.0,1751520.0
710,2042-12-01,GW_storage_AZ_APS_N_GW[AF],331.0,12091062837.0,1751851.0
711,2043-01-01,GW_storage_AZ_APS_N_GW[AF],308.0,12133444088.0,1752159.0
712,2043-02-01,GW_storage_AZ_APS_N_GW[AF],290.0,12175363925.0,1752449.0
713,2043-03-01,GW_storage_AZ_APS_N_GW[AF],280.0,12216725340.0,1752729.0
714,2043-04-01,GW_storage_AZ_APS_N_GW[AF],274.0,12257666079.0,1753003.0
715,2043-05-01,GW_storage_AZ_APS_N_GW[AF],277.0,12298078753.0,1753280.0
716,2043-06-01,GW_storage_AZ_APS_N_GW[AF],243.0,12338040338.0,1753523.0
717,2043-07-01,GW_storage_AZ_APS_N_GW[AF],188.0,12377535688.0,1753711.0
718,2043-08-01,GW_storage_AZ_APS_N_GW[AF],125.0,12416568319.0,1753836.0
719,2043-09-01,GW_storage_AZ_APS_N_GW[AF],43.0,12455234071.0,1753879.0
720,2043-10-01,GW_storage_AZ_APS_N_GW[AF],-15.0,12493493716.0,1753864.0
721,2043-11-01,GW_storage_AZ_APS_N_GW[AF],-91.0,12531340494.0,1753773.0
722,2043-12-01,GW_storage_AZ_APS_N_GW[AF],-287.0,12568703212.0,1753486.0
723,2044-01-01,GW_storage_AZ_APS_N_GW[AF],-528.0,12605614127.0,1752958.0
724,2044-02-01,GW_storage_AZ_APS_N_GW[AF],-861.0,12642100391.0,1752097.0
725,2044-03-01,GW_storage_AZ_APS_N_GW[AF],-1379.0,12678094207.0,1750718.0
726,2044-04-01,GW_storage_AZ_APS_N_GW[AF],-1387.0,12715489683.0,1749331.0
727,2044-05-01,GW_storage_AZ_APS_N_GW[AF],-1312.0,12757376464.0,1748019.0
728,2044-06-01,GW_storage_AZ_APS_N_GW[AF],-1306.0,12798680033.0,1746713.0
729,2044-07-01,GW_storage_AZ_APS_N_GW[AF],-1306.0,12840178366.0,1745407.0
730,2044-08-01,GW_storage_AZ_APS_N_GW[AF],-1316.0,12881238666.0,1744091.0
731,2044-09-01,GW_storage_AZ_APS_N_GW[AF],-1322.0,12921922929.0,1742769.0
732,2044-10-01,GW_storage_AZ_APS_N_GW[AF],-2232.0,12962137170.0,1740537.0
733,2044-11-01,GW_storage_AZ_APS_N_GW[AF],-2751.0,13001917872.0,1737786.0
734,2044-12-01,GW_storage_AZ_APS_N_GW[AF],-2699.0,13041192913.0,1735087.0
735,2045-01-01,GW_storage_AZ_APS_N_GW[AF],-2646.0,13079996277.0,1732441.0
736,2045-02-01,GW_storage_AZ_APS_N_GW[AF],-2599.0,13119222084.0,1729842.0
737,2045-03-01,GW_storage_AZ_APS_N_GW[AF],-2549.0,13158364150.0,1727293.0
738,2045-04-01,GW_storage_AZ_APS_N_GW[AF],-2669.0,13198157185.0,1724624.0
739,2045-05-01,GW_storage_AZ_APS_N_GW[AF],-2617.0,13237869018.0,1722007.0
740,2045-06-01,GW_storage_AZ_APS_N_GW[AF],-2568.0,13278774379.0,1719439.0
741,2045-07-01,GW_storage_AZ_APS_N_GW[AF],-2514.0,13324244062.0,1716925.0
742,2045-08-01,GW_storage_AZ_APS_N_GW[AF],-2465.0,13372386542.0,1714460.0
743,2045-09-01,GW_storage_AZ_APS_N_GW[AF],-2410.0,13419876881.0,1712050.0
744,2045-10-01,GW_storage_AZ_APS_N_GW[AF],-2365.0,13466818785.0,1709685.0
745,2045-11-01,GW_storage_AZ_APS_N_GW[AF],-2343.0,13513160105.0,1707342.0
746,2045-12-01,GW_storage_AZ_APS_N_GW[AF],-2309.0,13560745919.0,1705033.0
747,2046-01-01,GW_storage_AZ_APS_N_GW[AF],-2324.0,13615290772.0,1702709.0
748,2046-02-01,GW_storage_AZ_APS_N_GW[AF],-2283.0,13677811710.0,1700426.0
749,2046-03-01,GW_storage_AZ_APS_N_GW[AF],-2240.0,13748607831.0,1698186.0
750,2046-04-01,GW_storage_AZ_APS_N_GW[AF],-2195.0,13826873589.0,1695991.0
751,2046-05-01,GW_storage_AZ_APS_N_GW[AF],-2076.0,13907944967.0,1693915.0
752,2046-06-01,GW_storage_AZ_APS_N_GW[AF],-2049.0,13989979852.0,1691866.0
753,2046-07-01,GW_storage_AZ_APS_N_GW[AF],-2005.0,14071604903.0,1689861.0
754,2046-08-01,GW_storage_AZ_APS_N_GW[AF],-1941.0,14152131683.0,1687920.0
755,2046-09-01,GW_storage_AZ_APS_N_GW[AF],-2143.0,14231617714.0,1685777.0
756,2046-10-01,GW_storage_AZ_APS_N_GW[AF],-2115.0,14310005025.0,1683662.0
757,2046-11-01,GW_storage_AZ_APS_N_GW[AF],-2083.0,14387273527.0,1681579.0
758,2046-12-01,GW_storage_AZ_APS_N_GW[AF],-2042.0,14463437376.0,1679537.0
759,2047-01-01,GW_storage_AZ_APS_N_GW[AF],-2003.0,14538457981.0,1677534.0
760,2047-02-01,GW_storage_AZ_APS_N_GW[AF],-1968.0,14612508014.0,1675566.0
761,2047-03-01,GW_storage_AZ_APS_N_GW[AF],-1930.0,14685452283.0,1673636.0
762,2047-04-01,GW_storage_AZ_APS_N_GW[AF],-1893.0,14764472816.0,1671743.0
763,2047-05-01,GW_storage_AZ_APS_N_GW[AF],-1857.0,14860897341.0,1669886.0
764,2047-06-01,GW_storage_AZ_APS_N_GW[AF],-1725.0,14972506362.0,1668161.0
765,2047-07-01,GW_storage_AZ_APS_N_GW[AF],-1693.0,15088231692.0,1666468.0
766,2047-08-01,GW_storage_AZ_APS_N_GW[AF],-1672.0,15203332934.0,1664796.0
767,2047-09-01,GW_storage_AZ_APS_N_GW[AF],-1641.0,15317492289.0,1663155.0
768,2047-10-01,GW_storage_AZ_APS_N_GW[AF],-1609.0,15430042333.0,1661546.0
769,2047-11-01,GW_storage_AZ_APS_N_GW[AF],-1579.0,15542831934.0,1659967.0
770,2047-12-01,GW_storage_AZ_APS_N_GW[AF],-1548.0,15653870877.0,1658419.0
771,2048-01-01,GW_storage_AZ_APS_N_GW[AF],-1518.0,15763169397.0,1656901.0
772,2048-02-01,GW_storage_AZ_APS_N_GW[AF],-1490.0,15872138297.0,1655411.0
773,2048-03-01,GW_storage_AZ_APS_N_GW[AF],-1462.0,15987897138.0,1653949.0
774,2048-04-01,GW_storage_AZ_APS_N_GW[AF],-1435.0,16106751114.0,1652514.0
775,2048-05-01,GW_storage_AZ_APS_N_GW[AF],-1407.0,16226738594.0,1651107.0
776,2048-06-01,GW_storage_AZ_APS_N_GW[AF],-1380.0,16346930466.0,1649727.0
777,2048-07-01,GW_storage_AZ_APS_N_GW[AF],-1338.0,16466203172.0,1648389.0
778,2048-08-01,GW_storage_AZ_APS_N_GW[AF],-1323.0,16583670765.0,1647066.0
779,2048-09-01,GW_storage_AZ_APS_N_GW[AF],-1298.0,16699553017.0,1645768.0
780,2048-10-01,GW_storage_AZ_APS_N_GW[AF],-1273.0,16813788962.0,1644495.0
781,2048-11-01,GW_storage_AZ_APS_N_GW[AF],-13634.0,16926416472.0,1630861.0
782,2048-12-01,GW_storage_AZ_APS_N_GW[AF],-13369.0,17038918116.0,1617492.0
783,2049-01-01,GW_storage_AZ_APS_N_GW[AF],-13996.0,17150214903.0,1603496.0
784,2049-02-01,GW_storage_AZ_APS_N_GW[AF],-13751.0,17259849423.0,1589745.0
785,2049-03-01,GW_storage_AZ_APS_N_GW[AF],-13485.0,17374140295.0,1576260.0
786,2049-04-01,GW_storage_AZ_APS_N_GW[AF],-13232.0,17496980626.0,1563028.0
787,2049-05-01,GW_storage_AZ_APS_N_GW[AF],-12976.0,17623520262.0,1550052.0
788,2049-06-01,GW_storage_AZ_APS_N_GW[AF],-12821.0,17749882278.0,1537231.0
789,2049-07-01,GW_storage_AZ_APS_N_GW[AF],-12616.0,17875311834.0,1524615.0
790,2049-08-01,GW_storage_AZ_APS_N_GW[AF],-12377.0,17998950915.0,1512238.0
791,2049-09-01,GW_storage_AZ_APS_N_GW[AF],-12145.0,18120987592.0,1500093.0
792,2049-10-01,GW_storage_AZ_APS_N_GW[AF],-11910.0,18241422265.0,1488183.0
793,2049-11-01,GW_storage_AZ_APS_N_GW[AF],-11694.0,18360102830.0,1476489.0
794,2049-12-01,GW_storage_AZ_APS_N_GW[AF],-11481.0,18476910369.0,1465008.0
795,2050-01-01,GW_storage_AZ_APS_N_GW[AF],-11259.0,18591916831.0,1453749.0
796,2050-02-01,GW_storage_AZ_APS_N_GW[AF],-11061.0,18705272956.0,1442688.0
797,2050-03-01,GW_storage_AZ_APS_N_GW[AF],-10847.0,18821028859.0,1431841.0
798,2050-04-01,GW_storage_AZ_APS_N_GW[AF],-11746.0,18940506995.0,1420095.0
799,2050-05-01,GW_storage_AZ_APS_N_GW[AF],-11519.0,19059600483.0,1408576.0
800,2050-06-01,GW_storage_AZ_APS_N_GW[AF],-11260.0,19178428021.0,1397316.0
801,2050-07-01,GW_storage_AZ_APS_N_GW[AF],-11042.0,19296435077.0,1386274.0
802,2050-08-01,GW_storage_AZ_APS_N_GW[AF],-10826.0,19412834260.0,1375448.0
803,2050-09-01,GW_storage_AZ_APS_N_GW[AF],-10623.0,19527808893.0,1364825.0
804,2050-10-01,GW_storage_AZ_APS_N_GW[AF],-10418.0,19641173895.0,1354407.0
805,2050-11-01,GW_storage_AZ_APS_N_GW[AF],-10223.0,19752769080.0,1344184.0
806,2050-12-01,GW_storage_AZ_APS_N_GW[AF],-18478.0,19862611454.0,1325706.0
807,2051-01-01,GW_storage_AZ_APS_N_GW[AF],-16484.0,19970764786.0,1309222.0
808,2051-02-01,GW_storage_AZ_APS_N_GW[AF],-16196.0,20077395432.0,1293026.0
809,2051-03-01,GW_storage_AZ_APS_N_GW[AF],-16019.0,20182370827.0,1277007.0
810,2051-04-01,GW_storage_AZ_APS_N_GW[AF],-15723.0,20291580463.0,1261284.0
811,2051-05-01,GW_storage_AZ_APS_N_GW[AF],-15423.0,20400038326.0,1245861.0
812,2051-06-01,GW_storage_AZ_APS_N_GW[AF],-15168.0,20508257786.0,1230693.0
813,2051-07-01,GW_storage_AZ_APS_N_GW[AF],-14934.0,20615875318.0,1215759.0
814,2051-08-01,GW_storage_AZ_APS_N_GW[AF],-14645.0,20722198437.0,1201114.0
815,2051-09-01,GW_storage_AZ_APS_N_GW[AF],-14370.0,20827038775.0,1186744.0
816,2051-10-01,GW_storage_AZ_APS_N_GW[AF],-14167.0,20930437548.0,1172577.0
817,2051-11-01,GW_storage_AZ_APS_N_GW[AF],-13902.0,21032468769.0,1158675.0
818,2051-12-01,GW_storage_AZ_APS_N_GW[AF],-13632.0,21133705710.0,1145043.0
819,2052-01-01,GW_storage_AZ_APS_N_GW[AF],-13368.0,21233433839.0,1131675.0
820,2052-02-01,GW_storage_AZ_APS_N_GW[AF],-13126.0,21331717041.0,1118549.0
821,2052-03-01,GW_storage_AZ_APS_N_GW[AF],-12871.0,21429607427.0,1105678.0
822,2052-04-01,GW_storage_AZ_APS_N_GW[AF],-14356.0,21527851494.0,1091322.0
823,2052-05-01,GW_storage_AZ_APS_N_GW[AF],-14097.0,21624977785.0,1077225.0
824,2052-06-01,GW_storage_AZ_APS_N_GW[AF],-13842.0,21720857498.0,1063383.0
825,2052-07-01,GW_storage_AZ_APS_N_GW[AF],-13613.0,21815421513.0,1049770.0
826,2052-08-01,GW_storage_AZ_APS_N_GW[AF],-13368.0,21908765850.0,1036402.0
827,2052-09-01,GW_storage_AZ_APS_N_GW[AF],-13117.0,22001026854.0,1023285.0
828,2052-10-01,GW_storage_AZ_APS_N_GW[AF],-12888.0,22092179195.0,1010397.0
829,2052-11-01,GW_storage_AZ_APS_N_GW[AF],-12760.0,22182158688.0,997637.0
830,2052-12-01,GW_storage_AZ_APS_N_GW[AF],-12561.0,22270990851.0,985076.0
831,2053-01-01,GW_storage_AZ_APS_N_GW[AF],-12318.0,22358572318.0,972758.0
832,2053-02-01,GW_storage_AZ_APS_N_GW[AF],-12113.0,22445234888.0,960645.0
833,2053-03-01,GW_storage_AZ_APS_N_GW[AF],-11879.0,22531338210.0,948766.0
834,2053-04-01,GW_storage_AZ_APS_N_GW[AF],-11635.0,22618197854.0,937131.0
835,2053-05-01,GW_storage_AZ_APS_N_GW[AF],-11512.0,22705000235.0,925619.0
836,2053-06-01,GW_storage_AZ_APS_N_GW[AF],-11342.0,22792005107.0,914277.0
837,2053-07-01,GW_storage_AZ_APS_N_GW[AF],-11583.0,22878611714.0,902694.0
838,2053-08-01,GW_storage_AZ_APS_N_GW[AF],-11358.0,22964123789.0,891336.0
839,2053-09-01,GW_storage_AZ_APS_N_GW[AF],-11145.0,23048536524.0,880191.0
840,2053-10-01,GW_storage_AZ_APS_N_GW[AF],-10994.0,23131866519.0,869197.0
841,2053-11-01,GW_storage_AZ_APS_N_GW[AF],-10809.0,23214276747.0,858388.0
842,2053-12-01,GW_storage_AZ_APS_N_GW[AF],-10600.0,23295578937.0,847788.0
843,2054-01-01,GW_storage_AZ_APS_N_GW[AF],-10395.0,23375761806.0,837393.0
844,2054-02-01,GW_storage_AZ_APS_N_GW[AF],-10212.0,23454991045.0,827181.0
845,2054-03-01,GW_storage_AZ_APS_N_GW[AF],-10015.0,23533194281.0,817166.0
846,2054-04-01,GW_storage_AZ_APS_N_GW[AF],-9854.0,23610840643.0,807312.0
847,2054-05-01,GW_storage_AZ_APS_N_GW[AF],-9801.0,23687968757.0,797511.0
848,2054-06-01,GW_storage_AZ_APS_N_GW[AF],-9641.0,23764134532.0,787870.0
849,2054-07-01,GW_storage_AZ_APS_N_GW[AF],-9669.0,23839346953.0,778201.0
850,2054-08-01,GW_storage_AZ_APS_N_GW[AF],-9481.0,23913680649.0,768720.0
851,2054-09-01,GW_storage_AZ_APS_N_GW[AF],-9307.0,23987275722.0,759413.0
852,2054-10-01,GW_storage_AZ_APS_N_GW[AF],-9130.0,24060063673.0,750283.0
853,2054-11-01,GW_storage_AZ_APS_N_GW[AF],-8959.0,24132040073.0,741324.0
854,2054-12-01,GW_storage_AZ_APS_N_GW[AF],-8756.0,24203075252.0,732568.0
855,2055-01-01,GW_storage_AZ_APS_N_GW[AF],-8586.0,24273232069.0,723982.0
856,2055-02-01,GW_storage_AZ_APS_N_GW[AF],-8437.0,24346983422.0,715545.0
857,2055-03-01,GW_storage_AZ_APS_N_GW[AF],-8272.0,24429418525.0,707273.0
858,2055-04-01,GW_storage_AZ_APS_N_GW[AF],-8117.0,24519974284.0,699156.0
859,2055-05-01,GW_storage_AZ_APS_N_GW[AF],-8019.0,24612887460.0,691137.0
860,2055-06-01,GW_storage_AZ_APS_N_GW[AF],-7900.0,24705731755.0,683237.0
861,2055-07-01,GW_storage_AZ_APS_N_GW[AF],-7755.0,24797561549.0,675482.0
862,2055-08-01,GW_storage_AZ_APS_N_GW[AF],-7667.0,24888417864.0,667815.0
863,2055-09-01,GW_storage_AZ_APS_N_GW[AF],-7768.0,24978247446.0,660047.0
864,2055-10-01,GW_storage_AZ_APS_N_GW[AF],-7831.0,25067037402.0,652216.0
865,2055-11-01,GW_storage_AZ_APS_N_GW[AF],-7782.0,25154620871.0,644434.0
866,2055-12-01,GW_storage_AZ_APS_N_GW[AF],-7631.0,25240958786.0,636803.0
867,2056-01-01,GW_storage_AZ_APS_N_GW[AF],-7483.0,25326085001.0,629320.0
868,2056-02-01,GW_storage_AZ_APS_N_GW[AF],-7347.0,25410115783.0,621973.0
869,2056-03-01,GW_storage_AZ_APS_N_GW[AF],-7205.0,25493046199.0,614768.0
870,2056-04-01,GW_storage_AZ_APS_N_GW[AF],-7070.0,25579867650.0,607698.0
871,2056-05-01,GW_storage_AZ_APS_N_GW[AF],-6939.0,25665994452.0,600759.0
872,2056-06-01,GW_storage_AZ_APS_N_GW[AF],-6644.0,25751014051.0,594115.0
873,2056-07-01,GW_storage_AZ_APS_N_GW[AF],-6430.0,25834999057.0,587685.0
874,2056-08-01,GW_storage_AZ_APS_N_GW[AF],-6311.0,25918012980.0,581374.0
875,2056-09-01,GW_storage_AZ_APS_N_GW[AF],-6193.0,26000006720.0,575181.0
876,2056-10-01,GW_storage_AZ_APS_N_GW[AF],-6072.0,26080893812.0,569109.0
877,2056-11-01,GW_storage_AZ_APS_N_GW[AF],-5959.0,26160908259.0,563150.0
878,2056-12-01,GW_storage_AZ_APS_N_GW[AF],7203.0,26240212456.0,570353.0
879,2057-01-01,GW_storage_AZ_APS_N_GW[AF],7063.0,26318587848.0,577416.0
880,2057-02-01,GW_storage_AZ_APS_N_GW[AF],6939.0,26395985372.0,584355.0
881,2057-03-01,GW_storage_AZ_APS_N_GW[AF],6805.0,26472734266.0,591160.0
882,2057-04-01,GW_storage_AZ_APS_N_GW[AF],6674.0,26556295278.0,597834.0
883,2057-05-01,GW_storage_AZ_APS_N_GW[AF],6538.0,26638790503.0,604372.0
884,2057-06-01,GW_storage_AZ_APS_N_GW[AF],6522.0,26720263696.0,610894.0
885,2057-07-01,GW_storage_AZ_APS_N_GW[AF],6334.0,26800720453.0,617228.0
886,2057-08-01,GW_storage_AZ_APS_N_GW[AF],6211.0,26880212595.0,623439.0
887,2057-09-01,GW_storage_AZ_APS_N_GW[AF],6093.0,26958875022.0,629532.0
888,2057-10-01,GW_storage_AZ_APS_N_GW[AF],5975.0,27036568588.0,635507.0
889,2057-11-01,GW_storage_AZ_APS_N_GW[AF],5863.0,27113396201.0,641370.0
890,2057-12-01,GW_storage_AZ_APS_N_GW[AF],10859.0,27189264327.0,652229.0
891,2058-01-01,GW_storage_AZ_APS_N_GW[AF],10649.0,27264124633.0,662878.0
892,2058-02-01,GW_storage_AZ_APS_N_GW[AF],10462.0,27348265847.0,673340.0
893,2058-03-01,GW_storage_AZ_APS_N_GW[AF],10259.0,27440889382.0,683599.0
894,2058-04-01,GW_storage_AZ_APS_N_GW[AF],10067.0,27539133274.0,693666.0
895,2058-05-01,GW_storage_AZ_APS_N_GW[AF],9872.0,27639449314.0,703538.0
896,2058-06-01,GW_storage_AZ_APS_N_GW[AF],9687.0,27738779306.0,713225.0
897,2058-07-01,GW_storage_AZ_APS_N_GW[AF],9497.0,27837531793.0,722722.0
898,2058-08-01,GW_storage_AZ_APS_N_GW[AF],9308.0,27935280444.0,732030.0
899,2058-09-01,GW_storage_AZ_APS_N_GW[AF],9134.0,28031862865.0,741164.0
900,2058-10-01,GW_storage_AZ_APS_N_GW[AF],8933.0,28127260463.0,750097.0
901,2058-11-01,GW_storage_AZ_APS_N_GW[AF],8756.0,28221366217.0,758853.0
902,2058-12-01,GW_storage_AZ_APS_N_GW[AF],8595.0,28314157055.0,767448.0
903,2059-01-01,GW_storage_AZ_APS_N_GW[AF],8428.0,28405540773.0,775876.0
904,2059-02-01,GW_storage_AZ_APS_N_GW[AF],20113.0,28502067677.0,795989.0
905,2059-03-01,GW_storage_AZ_APS_N_GW[AF],19723.0,28605457246.0,815712.0
906,2059-04-01,GW_storage_AZ_APS_N_GW[AF],19349.0,28717814838.0,835061.0
907,2059-05-01,GW_storage_AZ_APS_N_GW[AF],18969.0,28830913147.0,854030.0
908,2059-06-01,GW_storage_AZ_APS_N_GW[AF],18598.0,28943770190.0,872628.0
909,2059-07-01,GW_storage_AZ_APS_N_GW[AF],18090.0,29055182582.0,890718.0
910,2059-08-01,GW_storage_AZ_APS_N_GW[AF],17739.0,29165160032.0,908457.0
911,2059-09-01,GW_storage_AZ_APS_N_GW[AF],17407.0,29273920291.0,925864.0
912,2059-10-01,GW_storage_AZ_APS_N_GW[AF],17069.0,29381402010.0,942933.0
913,2059-11-01,GW_storage_AZ_APS_N_GW[AF],16749.0,29487451547.0,959682.0
914,2059-12-01,GW_storage_AZ_APS_N_GW[AF],16425.0,29592083281.0,976107.0
915,2060-01-01,GW_storage_AZ_APS_N_GW[AF],16107.0,29695071869.0,992214.0
916,2060-02-01,GW_storage_AZ_APS_N_GW[AF],15815.0,29797999369.0,1008029.0
917,2060-03-01,GW_storage_AZ_APS_N_GW[AF],15508.0,29907235449.0,1023537.0
918,2060-04-01,GW_storage_AZ_APS_N_GW[AF],15217.0,30022282651.0,1038754.0
919,2060-05-01,GW_storage_AZ_APS_N_GW[AF],14923.0,30138204137.0,1053677.0
920,2060-06-01,GW_storage_AZ_APS_N_GW[AF],14643.0,30253989194.0,1068320.0
921,2060-07-01,GW_storage_AZ_APS_N_GW[AF],14360.0,30369445165.0,1082680.0
922,2060-08-01,GW_storage_AZ_APS_N_GW[AF],14104.0,30483354195.0,1096784.0
923,2060-09-01,GW_storage_AZ_APS_N_GW[AF],13839.0,30595912136.0,1110623.0
924,2060-10-01,GW_storage_AZ_APS_N_GW[AF],13598.0,30707058453.0,1124221.0
925,2060-11-01,GW_storage_AZ_APS_N_GW[AF],13310.0,30816686913.0,1137531.0
926,2060-12-01,GW_storage_AZ_APS_N_GW[AF],13052.0,30924630927.0,1150583.0
927,2061-01-01,GW_storage_AZ_APS_N_GW[AF],12799.0,31038058188.0,1163382.0
928,2061-02-01,GW_storage_AZ_APS_N_GW[AF],14881.0,31163247262.0,1178263.0
929,2061-03-01,GW_storage_AZ_APS_N_GW[AF],19974.0,31301926464.0,1198237.0
930,2061-04-01,GW_storage_AZ_APS_N_GW[AF],13690.0,31460043743.0,1211927.0
931,2061-05-01,GW_storage_AZ_APS_N_GW[AF],13419.0,31621719240.0,1225346.0
932,2061-06-01,GW_storage_AZ_APS_N_GW[AF],13236.0,31781944019.0,1238582.0
933,2061-07-01,GW_storage_AZ_APS_N_GW[AF],12940.0,31940594248.0,1251522.0
934,2061-08-01,GW_storage_AZ_APS_N_GW[AF],12676.0,32097666692.0,1264198.0
935,2061-09-01,GW_storage_AZ_APS_N_GW[AF],12438.0,32253244922.0,1276636.0
936,2061-10-01,GW_storage_AZ_APS_N_GW[AF],12197.0,32407132898.0,1288833.0
937,2061-11-01,GW_storage_AZ_APS_N_GW[AF],11969.0,32559108380.0,1300802.0
938,2061-12-01,GW_storage_AZ_APS_N_GW[AF],11736.0,32709321481.0,1312538.0
939,2062-01-01,GW_storage_AZ_APS_N_GW[AF],11509.0,32858735378.0,1324047.0
940,2062-02-01,GW_storage_AZ_APS_N_GW[AF],11307.0,33022044851.0,1335354.0
941,2062-03-01,GW_storage_AZ_APS_N_GW[AF],11088.0,33198837130.0,1346442.0
942,2062-04-01,GW_storage_AZ_APS_N_GW[AF],10880.0,33390837210.0,1357322.0
943,2062-05-01,GW_storage_AZ_APS_N_GW[AF],10664.0,33584259641.0,1367986.0
944,2062-06-01,GW_storage_AZ_APS_N_GW[AF],10464.0,33776858517.0,1378450.0
945,2062-07-01,GW_storage_AZ_APS_N_GW[AF],10214.0,33967635736.0,1388664.0
946,2062-08-01,GW_storage_AZ_APS_N_GW[AF],10016.0,34156855847.0,1398680.0
947,2062-09-01,GW_storage_AZ_APS_N_GW[AF],9828.0,34344548104.0,1408508.0
948,2062-10-01,GW_storage_AZ_APS_N_GW[AF],9638.0,34530332137.0,1418146.0
949,2062-11-01,GW_storage_AZ_APS_N_GW[AF],9454.0,34714073091.0,1427600.0
950,2062-12-01,GW_storage_AZ_APS_N_GW[AF],9271.0,34895778448.0,1436871.0
951,2063-01-01,GW_storage_AZ_APS_N_GW[AF],9091.0,35079072230.0,1445962.0
952,2063-02-01,GW_storage_AZ_APS_N_GW[AF],8932.0,35269350335.0,1454894.0
953,2063-03-01,GW_storage_AZ_APS_N_GW[AF],8759.0,35470064786.0,1463653.0
954,2063-04-01,GW_storage_AZ_APS_N_GW[AF],8595.0,35683040547.0,1472248.0
955,2063-05-01,GW_storage_AZ_APS_N_GW[AF],8428.0,35907121073.0,1480676.0
956,2063-06-01,GW_storage_AZ_APS_N_GW[AF],8270.0,36134854310.0,1488946.0
957,2063-07-01,GW_storage_AZ_APS_N_GW[AF],8110.0,36361472567.0,1497056.0
958,2063-08-01,GW_storage_AZ_APS_N_GW[AF],7954.0,36586142514.0,1505010.0
959,2063-09-01,GW_storage_AZ_APS_N_GW[AF],7804.0,36808934029.0,1512814.0
960,2063-10-01,GW_storage_AZ_APS_N_GW[AF],7653.0,37029507927.0,1520467.0
961,2063-11-01,GW_storage_AZ_APS_N_GW[AF],8719.0,37248012309.0,1529186.0
962,2063-12-01,GW_storage_AZ_APS_N_GW[AF],8551.0,37465671472.0,1537737.0
963,2064-01-01,GW_storage_AZ_APS_N_GW[AF],8384.0,37694815963.0,1546121.0
964,2064-02-01,GW_storage_AZ_APS_N_GW[AF],8233.0,37945097639.0,1554354.0
965,2064-03-01,GW_storage_AZ_APS_N_GW[AF],8074.0,38213638934.0,1562428.0
966,2064-04-01,GW_storage_AZ_APS_N_GW[AF],7922.0,38493367090.0,1570350.0
967,2064-05-01,GW_storage_AZ_APS_N_GW[AF],7768.0,38776738105.0,1578118.0
968,2064-06-01,GW_storage_AZ_APS_N_GW[AF],7616.0,39060661713.0,1585734.0
969,2064-07-01,GW_storage_AZ_APS_N_GW[AF],7469.0,39341932866.0,1593203.0
970,2064-08-01,GW_storage_AZ_APS_N_GW[AF],7324.0,39620711220.0,1600527.0
971,2064-09-01,GW_storage_AZ_APS_N_GW[AF],7186.0,39897002798.0,1607713.0
972,2064-10-01,GW_storage_AZ_APS_N_GW[AF],7048.0,40170736712.0,1614761.0
973,2064-11-01,GW_storage_AZ_APS_N_GW[AF],6915.0,40442044957.0,1621676.0
974,2064-12-01,GW_storage_AZ_APS_N_GW[AF],6781.0,40711834451.0,1628457.0
975,2065-01-01,GW_storage_AZ_APS_N_GW[AF],6650.0,40982757097.0,1635107.0
976,2065-02-01,GW_storage_AZ_APS_N_GW[AF],6533.0,41255716076.0,1641640.0
977,2065-03-01,GW_storage_AZ_APS_N_GW[AF],6407.0,41533378347.0,1648047.0
978,2065-04-01,GW_storage_AZ_APS_N_GW[AF],-5120.0,41819419395.0,1642927.0
979,2065-05-01,GW_storage_AZ_APS_N_GW[AF],-5021.0,42107659636.0,1637906.0
980,2065-06-01,GW_storage_AZ_APS_N_GW[AF],-4926.0,42393392346.0,1632980.0
981,2065-07-01,GW_storage_AZ_APS_N_GW[AF],-4825.0,42678359041.0,1628155.0
982,2065-08-01,GW_storage_AZ_APS_N_GW[AF],-14225.0,42960938762.0,1613930.0
983,2065-09-01,GW_storage_AZ_APS_N_GW[AF],-13958.0,43241061639.0,1599972.0
984,2065-10-01,GW_storage_AZ_APS_N_GW[AF],-13688.0,43518553408.0,1586284.0
985,2065-11-01,GW_storage_AZ_APS_N_GW[AF],-25081.0,43793351378.0,1561203.0
986,2065-12-01,GW_storage_AZ_APS_N_GW[AF],-17220.0,44065325818.0,1543983.0
987,2066-01-01,GW_storage_AZ_APS_N_GW[AF],-18751.0,44334625115.0,1525232.0
988,2066-02-01,GW_storage_AZ_APS_N_GW[AF],-18423.0,44601575728.0,1506809.0
989,2066-03-01,GW_storage_AZ_APS_N_GW[AF],-19381.0,44865977654.0,1487428.0
990,2066-04-01,GW_storage_AZ_APS_N_GW[AF],-19018.0,45130939542.0,1468410.0
991,2066-05-01,GW_storage_AZ_APS_N_GW[AF],-18649.0,45393925169.0,1449761.0
992,2066-06-01,GW_storage_AZ_APS_N_GW[AF],-18249.0,45654573916.0,1431512.0
993,2066-07-01,GW_storage_AZ_APS_N_GW[AF],-17855.0,45912927675.0,1413657.0
994,2066-08-01,GW_storage_AZ_APS_N_GW[AF],-17509.0,46169111465.0,1396148.0
995,2066-09-01,GW_storage_AZ_APS_N_GW[AF],-17181.0,46423600426.0,1378967.0
996,2066-10-01,GW_storage_AZ_APS_N_GW[AF],-16844.0,46676263355.0,1362123.0
997,2066-11-01,GW_storage_AZ_APS_N_GW[AF],-16527.0,46927228863.0,1345596.0
998,2066-12-01,GW_storage_AZ_APS_N_GW[AF],-30618.0,47176198480.0,1314978.0
999,2067-01-01,GW_storage_AZ_APS_N_GW[AF],-30024.0,47422896821.0,1284954.0
1000,2067-02-01,GW_storage_AZ_APS_N_GW[AF],-29499.0,47667661431.0,1255455.0
1001,2067-03-01,GW_storage_AZ_APS_N_GW[AF],-28928.0,47910308464.0,1226527.0
1002,2067-04-01,GW_storage_AZ_APS_N_GW[AF],-18799.0,48151085524.0,1207728.0
1003,2067-05-01,GW_storage_AZ_APS_N_GW[AF],-18435.0,48389950965.0,1189293.0
1004,2067-06-01,GW_storage_AZ_APS_N_GW[AF],-18100.0,48627002221.0,1171193.0
1005,2067-07-01,GW_storage_AZ_APS_N_GW[AF],-17762.0,48862124917.0,1153431.0
1006,2067-08-01,GW_storage_AZ_APS_N_GW[AF],-33427.0,49095321876.0,1120004.0
1007,2067-09-01,GW_storage_AZ_APS_N_GW[AF],-46194.0,49326841519.0,1073810.0
1008,2067-10-01,GW_storage_AZ_APS_N_GW[AF],-45299.0,49556552267.0,1028511.0
1009,2067-11-01,GW_storage_AZ_APS_N_GW[AF],-59435.0,49784868208.0,969076.0
1010,2067-12-01,GW_storage_AZ_APS_N_GW[AF],-58283.0,50011545293.0,910793.0
1011,2068-01-01,GW_storage_AZ_APS_N_GW[AF],-57154.0,50238331069.0,853639.0
1012,2068-02-01,GW_storage_AZ_APS_N_GW[AF],-56118.0,50478937732.0,797521.0
1013,2068-03-01,GW_storage_AZ_APS_N_GW[AF],-55031.0,50739381265.0,742490.0
1014,2068-04-01,GW_storage_AZ_APS_N_GW[AF],-53999.0,51011294375.0,688491.0
1015,2068-05-01,GW_storage_AZ_APS_N_GW[AF],-52953.0,51290774772.0,635538.0
1016,2068-06-01,GW_storage_AZ_APS_N_GW[AF],-51966.0,51571539123.0,583572.0
1017,2068-07-01,GW_storage_AZ_APS_N_GW[AF],-50959.0,51851333229.0,532613.0
1018,2068-08-01,GW_storage_AZ_APS_N_GW[AF],-49972.0,52129191774.0,482641.0
1019,2068-09-01,GW_storage_AZ_APS_N_GW[AF],-49034.0,52405096290.0,433607.0
1020,2068-10-01,GW_storage_AZ_APS_N_GW[AF],-48085.0,52678907664.0,385522.0
1021,2068-11-01,GW_storage_AZ_APS_N_GW[AF],-49221.0,52950483517.0,336301.0
1022,2068-12-01,GW_storage_AZ_APS_N_GW[AF],-48696.0,53219819895.0,287605.0
1023,2069-01-01,GW_storage_AZ_APS_N_GW[AF],-47752.0,53487155316.0,239853.0
1024,2069-02-01,GW_storage_AZ_APS_N_GW[AF],-46916.0,53760870931.0,192937.0
1025,2069-03-01,GW_storage_AZ_APS_N_GW[AF],-46007.0,54039428849.0,146930.0
1026,2069-04-01,GW_storage_AZ_APS_N_GW[AF],-45145.0,54324092180.0,101785.0
1027,2069-05-01,GW_storage_AZ_APS_N_GW[AF],-44270.0,54609436481.0,57515.0
1028,2069-06-01,GW_storage_AZ_APS_N_GW[AF],-43440.0,54894337917.0,14075.0
1029,2069-07-01,GW_storage_AZ_APS_N_GW[AF],-42598.0,55177218144.0,-28523.0
1030,2069-08-01,GW_storage_AZ_APS_N_GW[AF],-41773.0,55458179949.0,-70296.0
1031,2069-09-01,GW_storage_AZ_APS_N_GW[AF],-46466.0,55737226700.0,-116762.0
1032,2069-10-01,GW_storage_AZ_APS_N_GW[AF],-45566.0,56014313112.0,-162328.0
1033,2069-11-01,GW_storage_AZ_APS_N_GW[AF],-44712.0,56289244905.0,-207040.0
1034,2069-12-01,GW_storage_AZ_APS_N_GW[AF],-43845.0,56561948550.0,-250885.0
1035,2070-01-01,GW_storage_AZ_APS_N_GW[AF],-44588.0,56832455571.0,-295473.0
1036,2070-02-01,GW_storage_AZ_APS_N_GW[AF],-43808.0,57101031869.0,-339281.0
1037,2070-03-01,GW_storage_AZ_APS_N_GW[AF],-45921.0,57367456127.0,-385202.0
1038,2070-04-01,GW_storage_AZ_APS_N_GW[AF],-45060.0,57631884127.0,-430262.0
1039,2070-05-01,GW_storage_AZ_APS_N_GW[AF],-44220.0,57894580730.0,-474482.0
1040,2070-06-01,GW_storage_AZ_APS_N_GW[AF],-43368.0,58156625113.0,-517850.0
1041,2070-07-01,GW_storage_AZ_APS_N_GW[AF],-42629.0,58417720429.0,-560479.0
1042,2070-08-01,GW_storage_AZ_APS_N_GW[AF],-41803.0,58677125935.0,-602282.0
1043,2070-09-01,GW_storage_AZ_APS_N_GW[AF],-41019.0,58935122487.0,-643301.0
1044,2070-10-01,GW_storage_AZ_APS_N_GW[AF],-40225.0,59191573450.0,-683526.0
1045,2070-11-01,GW_storage_AZ_APS_N_GW[AF],-39470.0,59446278042.0,-722996.0
1046,2070-12-01,GW_storage_AZ_APS_N_GW[AF],-49303.0,59699129256.0,-772299.0
1047,2021-09-01,GW_storage_AZ_APS_SW_GW[AF],-5.0,1034591.0,-5.0
1048,2021-10-01,GW_storage_AZ_APS_SW_GW[AF],-4.0,1228184.0,-9.0
1049,2021-11-01,GW_storage_AZ_APS_SW_GW[AF],-3064.0,1408873.0,-3073.0
1050,2021-12-01,GW_storage_AZ_APS_SW_GW[AF],-3004.0,1583705.0,-6077.0
1051,2022-01-01,GW_storage_AZ_APS_SW_GW[AF],-2932.0,1753848.0,-9009.0
1052,2022-02-01,GW_storage_AZ_APS_SW_GW[AF],-2880.0,1920342.0,-11889.0
1053,2022-03-01,GW_storage_AZ_APS_SW_GW[AF],-2824.0,2083476.0,-14713.0
1054,2022-04-01,GW_storage_AZ_APS_SW_GW[AF],-2779.0,2243387.0,-17492.0
1055,2022-05-01,GW_storage_AZ_APS_SW_GW[AF],-2724.0,2522880.0,-20216.0
1056,2022-06-01,GW_storage_AZ_APS_SW_GW[AF],-2664.0,3551564.0,-22880.0
1057,2022-07-01,GW_storage_AZ_APS_SW_GW[AF],-2613.0,4562843.0,-25493.0
1058,2022-08-01,GW_storage_AZ_APS_SW_GW[AF],-2581.0,5557441.0,-28074.0
1059,2022-09-01,GW_storage_AZ_APS_SW_GW[AF],-2539.0,6536311.0,-30613.0
1060,2022-10-01,GW_storage_AZ_APS_SW_GW[AF],-2556.0,7499151.0,-33169.0
1061,2022-11-01,GW_storage_AZ_APS_SW_GW[AF],-2557.0,8445383.0,-35726.0
1062,2022-12-01,GW_storage_AZ_APS_SW_GW[AF],-2552.0,9374562.0,-38278.0
1063,2023-01-01,GW_storage_AZ_APS_SW_GW[AF],-2543.0,10287031.0,-40821.0
1064,2023-02-01,GW_storage_AZ_APS_SW_GW[AF],-2500.0,11192982.0,-43321.0
1065,2023-03-01,GW_storage_AZ_APS_SW_GW[AF],-2451.0,12082492.0,-45772.0
1066,2023-04-01,GW_storage_AZ_APS_SW_GW[AF],-3370.0,12955603.0,-49142.0
1067,2023-05-01,GW_storage_AZ_APS_SW_GW[AF],-3305.0,13813215.0,-52447.0
1068,2023-06-01,GW_storage_AZ_APS_SW_GW[AF],-3242.0,15164430.0,-55689.0
1069,2023-07-01,GW_storage_AZ_APS_SW_GW[AF],-3172.0,17236845.0,-58861.0
1070,2023-08-01,GW_storage_AZ_APS_SW_GW[AF],-3097.0,19274971.0,-61958.0
1071,2023-09-01,GW_storage_AZ_APS_SW_GW[AF],-1198.0,21282260.0,-63156.0
1072,2023-10-01,GW_storage_AZ_APS_SW_GW[AF],19986.0,23279746.0,-43170.0
1073,2023-11-01,GW_storage_AZ_APS_SW_GW[AF],19612.0,25247116.0,-23558.0
1074,2023-12-01,GW_storage_AZ_APS_SW_GW[AF],19232.0,27178503.0,-4326.0
1075,2024-01-01,GW_storage_AZ_APS_SW_GW[AF],18859.0,29079026.0,14533.0
1076,2024-02-01,GW_storage_AZ_APS_SW_GW[AF],18517.0,30951693.0,33050.0
1077,2024-03-01,GW_storage_AZ_APS_SW_GW[AF],18159.0,32794640.0,51209.0
1078,2024-04-01,GW_storage_AZ_APS_SW_GW[AF],6317.0,34598451.0,57526.0
1079,2024-05-01,GW_storage_AZ_APS_SW_GW[AF],6204.0,36379549.0,63730.0
1080,2024-06-01,GW_storage_AZ_APS_SW_GW[AF],6224.0,38134426.0,69954.0
1081,2024-07-01,GW_storage_AZ_APS_SW_GW[AF],6201.0,39862715.0,76155.0
1082,2024-08-01,GW_storage_AZ_APS_SW_GW[AF],6141.0,41565221.0,82296.0
1083,2024-09-01,GW_storage_AZ_APS_SW_GW[AF],6081.0,43242727.0,88377.0
1084,2024-10-01,GW_storage_AZ_APS_SW_GW[AF],5836.0,44894530.0,94213.0
1085,2024-11-01,GW_storage_AZ_APS_SW_GW[AF],5659.0,46522142.0,99872.0
1086,2024-12-01,GW_storage_AZ_APS_SW_GW[AF],5512.0,48125394.0,105384.0
1087,2025-01-01,GW_storage_AZ_APS_SW_GW[AF],5408.0,49704625.0,110792.0
1088,2025-02-01,GW_storage_AZ_APS_SW_GW[AF],5313.0,51264049.0,116105.0
1089,2025-03-01,GW_storage_AZ_APS_SW_GW[AF],5210.0,52800150.0,121315.0
1090,2025-04-01,GW_storage_AZ_APS_SW_GW[AF],5113.0,54422403.0,126428.0
1091,2025-05-01,GW_storage_AZ_APS_SW_GW[AF],5014.0,56023530.0,131442.0
1092,2025-06-01,GW_storage_AZ_APS_SW_GW[AF],4915.0,57673121.0,136357.0
1093,2025-07-01,GW_storage_AZ_APS_SW_GW[AF],4204.0,59233291.0,140561.0
1094,2025-08-01,GW_storage_AZ_APS_SW_GW[AF],30212.0,60752330.0,170773.0
1095,2025-09-01,GW_storage_AZ_APS_SW_GW[AF],76644.0,63291561.0,247417.0
1096,2025-10-01,GW_storage_AZ_APS_SW_GW[AF],93821.0,66117192.0,341238.0
1097,2025-11-01,GW_storage_AZ_APS_SW_GW[AF],117252.0,69169207.0,458490.0
1098,2025-12-01,GW_storage_AZ_APS_SW_GW[AF],118742.0,72377661.0,577232.0
1099,2026-01-01,GW_storage_AZ_APS_SW_GW[AF],131105.0,75644729.0,708337.0
1100,2026-02-01,GW_storage_AZ_APS_SW_GW[AF],135739.0,83025589.0,844076.0
1101,2026-03-01,GW_storage_AZ_APS_SW_GW[AF],139575.0,93674924.0,983651.0
1102,2026-04-01,GW_storage_AZ_APS_SW_GW[AF],136971.0,112497734.0,1120622.0
1103,2026-05-01,GW_storage_AZ_APS_SW_GW[AF],134314.0,136460613.0,1254936.0
1104,2026-06-01,GW_storage_AZ_APS_SW_GW[AF],131762.0,160180041.0,1386698.0
1105,2026-07-01,GW_storage_AZ_APS_SW_GW[AF],129408.0,184580314.0,1516106.0
1106,2026-08-01,GW_storage_AZ_APS_SW_GW[AF],127235.0,208538131.0,1643341.0
1107,2026-09-01,GW_storage_AZ_APS_SW_GW[AF],127235.0,232132273.0,1770576.0
1108,2026-10-01,GW_storage_AZ_APS_SW_GW[AF],124857.0,255250646.0,1895433.0
1109,2026-11-01,GW_storage_AZ_APS_SW_GW[AF],122992.0,277908394.0,2018425.0
1110,2026-12-01,GW_storage_AZ_APS_SW_GW[AF],120655.0,300103214.0,2139080.0
1111,2027-01-01,GW_storage_AZ_APS_SW_GW[AF],118318.0,321847786.0,2257398.0
1112,2027-02-01,GW_storage_AZ_APS_SW_GW[AF],116247.0,343199646.0,2373645.0
1113,2027-03-01,GW_storage_AZ_APS_SW_GW[AF],113995.0,369620421.0,2487640.0
1114,2027-04-01,GW_storage_AZ_APS_SW_GW[AF],111858.0,409179141.0,2599498.0
1115,2027-05-01,GW_storage_AZ_APS_SW_GW[AF],109690.0,455970259.0,2709188.0
1116,2027-06-01,GW_storage_AZ_APS_SW_GW[AF],107666.0,506103237.0,2816854.0
1117,2027-07-01,GW_storage_AZ_APS_SW_GW[AF],106075.0,558027240.0,2922929.0
1118,2027-08-01,GW_storage_AZ_APS_SW_GW[AF],104753.0,610747556.0,3027682.0
1119,2027-09-01,GW_storage_AZ_APS_SW_GW[AF],102889.0,662576568.0,3130571.0
1120,2027-10-01,GW_storage_AZ_APS_SW_GW[AF],86698.0,713531026.0,3217269.0
1121,2027-11-01,GW_storage_AZ_APS_SW_GW[AF],85073.0,763602436.0,3302342.0
1122,2027-12-01,GW_storage_AZ_APS_SW_GW[AF],83425.0,812846873.0,3385767.0
1123,2028-01-01,GW_storage_AZ_APS_SW_GW[AF],81809.0,861121911.0,3467576.0
1124,2028-02-01,GW_storage_AZ_APS_SW_GW[AF],80326.0,908650771.0,3547902.0
1125,2028-03-01,GW_storage_AZ_APS_SW_GW[AF],78778.0,959000163.0,3626680.0
1126,2028-04-01,GW_storage_AZ_APS_SW_GW[AF],77301.0,1012039411.0,3703981.0
1127,2028-05-01,GW_storage_AZ_APS_SW_GW[AF],73952.0,1068060916.0,3777933.0
1128,2028-06-01,GW_storage_AZ_APS_SW_GW[AF],72574.0,1125203670.0,3850507.0
1129,2028-07-01,GW_storage_AZ_APS_SW_GW[AF],71301.0,1183903968.0,3921808.0
1130,2028-08-01,GW_storage_AZ_APS_SW_GW[AF],70143.0,1241633200.0,3991951.0
1131,2028-09-01,GW_storage_AZ_APS_SW_GW[AF],69118.0,1298536546.0,4061069.0
1132,2028-10-01,GW_storage_AZ_APS_SW_GW[AF],68139.0,1354465802.0,4129208.0
1133,2028-11-01,GW_storage_AZ_APS_SW_GW[AF],67215.0,1409406877.0,4196423.0
1134,2028-12-01,GW_storage_AZ_APS_SW_GW[AF],65941.0,1463330743.0,4262364.0
1135,2029-01-01,GW_storage_AZ_APS_SW_GW[AF],64664.0,1516331973.0,4327028.0
1136,2029-02-01,GW_storage_AZ_APS_SW_GW[AF],63532.0,1568436361.0,4390560.0
1137,2029-03-01,GW_storage_AZ_APS_SW_GW[AF],74133.0,1622957905.0,4464693.0
1138,2029-04-01,GW_storage_AZ_APS_SW_GW[AF],87066.0,1679352962.0,4551759.0
1139,2029-05-01,GW_storage_AZ_APS_SW_GW[AF],85379.0,1742904338.0,4637138.0
1140,2029-06-01,GW_storage_AZ_APS_SW_GW[AF],83807.0,1807169538.0,4720945.0
1141,2029-07-01,GW_storage_AZ_APS_SW_GW[AF],82610.0,1872474684.0,4803555.0
1142,2029-08-01,GW_storage_AZ_APS_SW_GW[AF],81376.0,1936569687.0,4884931.0
1143,2029-09-01,GW_storage_AZ_APS_SW_GW[AF],80276.0,1999536921.0,4965207.0
1144,2029-10-01,GW_storage_AZ_APS_SW_GW[AF],79165.0,2061251234.0,5044372.0
1145,2029-11-01,GW_storage_AZ_APS_SW_GW[AF],77433.0,2121792309.0,5121805.0
1146,2029-12-01,GW_storage_AZ_APS_SW_GW[AF],75911.0,2181276298.0,5197716.0
1147,2030-01-01,GW_storage_AZ_APS_SW_GW[AF],74440.0,2239598911.0,5272156.0
1148,2030-02-01,GW_storage_AZ_APS_SW_GW[AF],73138.0,2296908282.0,5345294.0
1149,2030-03-01,GW_storage_AZ_APS_SW_GW[AF],71720.0,2353273149.0,5417014.0
1150,2030-04-01,GW_storage_AZ_APS_SW_GW[AF],70376.0,2408813513.0,5487390.0
1151,2030-05-01,GW_storage_AZ_APS_SW_GW[AF],68914.0,2463288321.0,5556304.0
1152,2030-06-01,GW_storage_AZ_APS_SW_GW[AF],66229.0,2519189259.0,5622533.0
1153,2030-07-01,GW_storage_AZ_APS_SW_GW[AF],64733.0,2574987711.0,5687266.0
1154,2030-08-01,GW_storage_AZ_APS_SW_GW[AF],63362.0,2629845780.0,5750628.0
1155,2030-09-01,GW_storage_AZ_APS_SW_GW[AF],32344.0,2683731630.0,5782972.0
1156,2030-10-01,GW_storage_AZ_APS_SW_GW[AF],17277.0,2736573135.0,5800249.0
1157,2030-11-01,GW_storage_AZ_APS_SW_GW[AF],11024.0,2788437015.0,5811273.0
1158,2030-12-01,GW_storage_AZ_APS_SW_GW[AF],-651.0,2839371858.0,5810622.0
1159,2031-01-01,GW_storage_AZ_APS_SW_GW[AF],-26039.0,2889285425.0,5784583.0
1160,2031-02-01,GW_storage_AZ_APS_SW_GW[AF],-25652.0,2938331300.0,5758931.0
1161,2031-03-01,GW_storage_AZ_APS_SW_GW[AF],-25161.0,2986403207.0,5733770.0
1162,2031-04-01,GW_storage_AZ_APS_SW_GW[AF],-17133.0,3034117058.0,5716637.0
1163,2031-05-01,GW_storage_AZ_APS_SW_GW[AF],-16807.0,3081639947.0,5699830.0
1164,2031-06-01,GW_storage_AZ_APS_SW_GW[AF],-16572.0,3128466639.0,5683258.0
1165,2031-07-01,GW_storage_AZ_APS_SW_GW[AF],-16388.0,3175256040.0,5666870.0
1166,2031-08-01,GW_storage_AZ_APS_SW_GW[AF],-16259.0,3221201089.0,5650611.0
1167,2031-09-01,GW_storage_AZ_APS_SW_GW[AF],-24128.0,3266538806.0,5626483.0
1168,2031-10-01,GW_storage_AZ_APS_SW_GW[AF],-23664.0,3311005126.0,5602819.0
1169,2031-11-01,GW_storage_AZ_APS_SW_GW[AF],-23221.0,3354843436.0,5579598.0
1170,2031-12-01,GW_storage_AZ_APS_SW_GW[AF],-22771.0,3397917039.0,5556827.0
1171,2032-01-01,GW_storage_AZ_APS_SW_GW[AF],-17948.0,3440765830.0,5538879.0
1172,2032-02-01,GW_storage_AZ_APS_SW_GW[AF],-13134.0,3500332884.0,5525745.0
1173,2032-03-01,GW_storage_AZ_APS_SW_GW[AF],-8015.0,3570397039.0,5517730.0
1174,2032-04-01,GW_storage_AZ_APS_SW_GW[AF],-2828.0,3645988541.0,5514902.0
1175,2032-05-01,GW_storage_AZ_APS_SW_GW[AF],2376.0,3723860841.0,5517278.0
1176,2032-06-01,GW_storage_AZ_APS_SW_GW[AF],2340.0,3803847465.0,5519618.0
1177,2032-07-01,GW_storage_AZ_APS_SW_GW[AF],2426.0,3884065220.0,5522044.0
1178,2032-08-01,GW_storage_AZ_APS_SW_GW[AF],2530.0,3963910669.0,5524574.0
1179,2032-09-01,GW_storage_AZ_APS_SW_GW[AF],2504.0,4042724779.0,5527078.0
1180,2032-10-01,GW_storage_AZ_APS_SW_GW[AF],2456.0,4120308321.0,5529534.0
1181,2032-11-01,GW_storage_AZ_APS_SW_GW[AF],2410.0,4196679403.0,5531944.0
1182,2032-12-01,GW_storage_AZ_APS_SW_GW[AF],2364.0,4271822754.0,5534308.0
1183,2033-01-01,GW_storage_AZ_APS_SW_GW[AF],2317.0,4345538492.0,5536625.0
1184,2033-02-01,GW_storage_AZ_APS_SW_GW[AF],2277.0,4423218301.0,5538902.0
1185,2033-03-01,GW_storage_AZ_APS_SW_GW[AF],2233.0,4505470297.0,5541135.0
1186,2033-04-01,GW_storage_AZ_APS_SW_GW[AF],2585.0,4590681136.0,5543720.0
1187,2033-05-01,GW_storage_AZ_APS_SW_GW[AF],2324.0,4675360581.0,5546044.0
1188,2033-06-01,GW_storage_AZ_APS_SW_GW[AF],2281.0,4760708398.0,5548325.0
1189,2033-07-01,GW_storage_AZ_APS_SW_GW[AF],2244.0,4846138178.0,5550569.0
1190,2033-08-01,GW_storage_AZ_APS_SW_GW[AF],2213.0,4931118427.0,5552782.0
1191,2033-09-01,GW_storage_AZ_APS_SW_GW[AF],1559.0,5014914731.0,5554341.0
1192,2033-10-01,GW_storage_AZ_APS_SW_GW[AF],1535.0,5097508172.0,5555876.0
1193,2033-11-01,GW_storage_AZ_APS_SW_GW[AF],1589.0,5178663669.0,5557465.0
1194,2033-12-01,GW_storage_AZ_APS_SW_GW[AF],1566.0,5258443309.0,5559031.0
1195,2034-01-01,GW_storage_AZ_APS_SW_GW[AF],1535.0,5339163828.0,5560566.0
1196,2034-02-01,GW_storage_AZ_APS_SW_GW[AF],1508.0,5418722190.0,5562074.0
1197,2034-03-01,GW_storage_AZ_APS_SW_GW[AF],18648.0,5500220744.0,5580722.0
1198,2034-04-01,GW_storage_AZ_APS_SW_GW[AF],18298.0,5584032903.0,5599020.0
1199,2034-05-01,GW_storage_AZ_APS_SW_GW[AF],17943.0,5676873319.0,5616963.0
1200,2034-06-01,GW_storage_AZ_APS_SW_GW[AF],17607.0,5773341236.0,5634570.0
1201,2034-07-01,GW_storage_AZ_APS_SW_GW[AF],17276.0,5871231225.0,5651846.0
1202,2034-08-01,GW_storage_AZ_APS_SW_GW[AF],16967.0,5968392389.0,5668813.0
1203,2034-09-01,GW_storage_AZ_APS_SW_GW[AF],16653.0,6064112138.0,5685466.0
1204,2034-10-01,GW_storage_AZ_APS_SW_GW[AF],16330.0,6158273690.0,5701796.0
1205,2034-11-01,GW_storage_AZ_APS_SW_GW[AF],16024.0,6251013792.0,5717820.0
1206,2034-12-01,GW_storage_AZ_APS_SW_GW[AF],15714.0,6342469856.0,5733534.0
1207,2035-01-01,GW_storage_AZ_APS_SW_GW[AF],10881.0,6432436397.0,5744415.0
1208,2035-02-01,GW_storage_AZ_APS_SW_GW[AF],5971.0,6520973109.0,5750386.0
1209,2035-03-01,GW_storage_AZ_APS_SW_GW[AF],886.0,6608114132.0,5751272.0
1210,2035-04-01,GW_storage_AZ_APS_SW_GW[AF],10746.0,6694040771.0,5762018.0
1211,2035-05-01,GW_storage_AZ_APS_SW_GW[AF],10525.0,6778544504.0,5772543.0
1212,2035-06-01,GW_storage_AZ_APS_SW_GW[AF],10143.0,6863239534.0,5782686.0
1213,2035-07-01,GW_storage_AZ_APS_SW_GW[AF],9740.0,6947511289.0,5792426.0
1214,2035-08-01,GW_storage_AZ_APS_SW_GW[AF],9827.0,7030376153.0,5802253.0
1215,2035-09-01,GW_storage_AZ_APS_SW_GW[AF],8697.0,7112119087.0,5810950.0
1216,2035-10-01,GW_storage_AZ_APS_SW_GW[AF],33015.0,7192574428.0,5843965.0
1217,2035-11-01,GW_storage_AZ_APS_SW_GW[AF],32396.0,7271865334.0,5876361.0
1218,2035-12-01,GW_storage_AZ_APS_SW_GW[AF],31768.0,7350179909.0,5908129.0
1219,2036-01-01,GW_storage_AZ_APS_SW_GW[AF],31153.0,7427195979.0,5939282.0
1220,2036-02-01,GW_storage_AZ_APS_SW_GW[AF],30588.0,7503024891.0,5969870.0
1221,2036-03-01,GW_storage_AZ_APS_SW_GW[AF],29996.0,7577632108.0,5999866.0
1222,2036-04-01,GW_storage_AZ_APS_SW_GW[AF],28544.0,7651185144.0,6028410.0
1223,2036-05-01,GW_storage_AZ_APS_SW_GW[AF],27990.0,7724300240.0,6056400.0
1224,2036-06-01,GW_storage_AZ_APS_SW_GW[AF],27465.0,7796353708.0,6083865.0
1225,2036-07-01,GW_storage_AZ_APS_SW_GW[AF],26926.0,7867314948.0,6110791.0
1226,2036-08-01,GW_storage_AZ_APS_SW_GW[AF],32208.0,7937241278.0,6142999.0
1227,2036-09-01,GW_storage_AZ_APS_SW_GW[AF],19180.0,8006295323.0,6162179.0
1228,2036-10-01,GW_storage_AZ_APS_SW_GW[AF],18805.0,8074305646.0,6180984.0
1229,2036-11-01,GW_storage_AZ_APS_SW_GW[AF],18407.0,8141376577.0,6199391.0
1230,2036-12-01,GW_storage_AZ_APS_SW_GW[AF],18047.0,8207644541.0,6217438.0
1231,2037-01-01,GW_storage_AZ_APS_SW_GW[AF],17697.0,8273161410.0,6235135.0
1232,2037-02-01,GW_storage_AZ_APS_SW_GW[AF],17387.0,8337733681.0,6252522.0
1233,2037-03-01,GW_storage_AZ_APS_SW_GW[AF],17052.0,8401237350.0,6269574.0
1234,2037-04-01,GW_storage_AZ_APS_SW_GW[AF],16765.0,8463716442.0,6286339.0
1235,2037-05-01,GW_storage_AZ_APS_SW_GW[AF],16571.0,8525229166.0,6302910.0
1236,2037-06-01,GW_storage_AZ_APS_SW_GW[AF],16638.0,8585780498.0,6319548.0
1237,2037-07-01,GW_storage_AZ_APS_SW_GW[AF],16611.0,8645518277.0,6336159.0
1238,2037-08-01,GW_storage_AZ_APS_SW_GW[AF],16378.0,8704580765.0,6352537.0
1239,2037-09-01,GW_storage_AZ_APS_SW_GW[AF],27544.0,8763159684.0,6380081.0
1240,2037-10-01,GW_storage_AZ_APS_SW_GW[AF],27037.0,8821181815.0,6407118.0
1241,2037-11-01,GW_storage_AZ_APS_SW_GW[AF],26559.0,8878677095.0,6433677.0
1242,2037-12-01,GW_storage_AZ_APS_SW_GW[AF],26209.0,8935618642.0,6459886.0
1243,2038-01-01,GW_storage_AZ_APS_SW_GW[AF],25810.0,8991690289.0,6485696.0
1244,2038-02-01,GW_storage_AZ_APS_SW_GW[AF],25407.0,9049081585.0,6511103.0
1245,2038-03-01,GW_storage_AZ_APS_SW_GW[AF],24998.0,9108044798.0,6536101.0
1246,2038-04-01,GW_storage_AZ_APS_SW_GW[AF],24656.0,9168794933.0,6560757.0
1247,2038-05-01,GW_storage_AZ_APS_SW_GW[AF],24161.0,9229969082.0,6584918.0
1248,2038-06-01,GW_storage_AZ_APS_SW_GW[AF],23737.0,9290494843.0,6608655.0
1249,2038-07-01,GW_storage_AZ_APS_SW_GW[AF],23322.0,9350294408.0,6631977.0
1250,2038-08-01,GW_storage_AZ_APS_SW_GW[AF],22887.0,9409318940.0,6654864.0
1251,2038-09-01,GW_storage_AZ_APS_SW_GW[AF],22479.0,9467673979.0,6677343.0
1252,2038-10-01,GW_storage_AZ_APS_SW_GW[AF],22095.0,9525253636.0,6699438.0
1253,2038-11-01,GW_storage_AZ_APS_SW_GW[AF],21688.0,9582098472.0,6721126.0
1254,2038-12-01,GW_storage_AZ_APS_SW_GW[AF],21306.0,9638248766.0,6742432.0
1255,2039-01-01,GW_storage_AZ_APS_SW_GW[AF],20880.0,9693650977.0,6763312.0
1256,2039-02-01,GW_storage_AZ_APS_SW_GW[AF],20600.0,9750458830.0,6783912.0
1257,2039-03-01,GW_storage_AZ_APS_SW_GW[AF],20378.0,9809156458.0,6804290.0
1258,2039-04-01,GW_storage_AZ_APS_SW_GW[AF],20155.0,9868559467.0,6824445.0
1259,2039-05-01,GW_storage_AZ_APS_SW_GW[AF],19931.0,9927385773.0,6844376.0
1260,2039-06-01,GW_storage_AZ_APS_SW_GW[AF],19751.0,9986965256.0,6864127.0
1261,2039-07-01,GW_storage_AZ_APS_SW_GW[AF],19577.0,10046475029.0,6883704.0
1262,2039-08-01,GW_storage_AZ_APS_SW_GW[AF],19442.0,10105238592.0,6903146.0
1263,2039-09-01,GW_storage_AZ_APS_SW_GW[AF],19258.0,10163363477.0,6922404.0
1264,2039-10-01,GW_storage_AZ_APS_SW_GW[AF],23196.0,10220781260.0,6945600.0
1265,2039-11-01,GW_storage_AZ_APS_SW_GW[AF],23265.0,10277373162.0,6968865.0
1266,2039-12-01,GW_storage_AZ_APS_SW_GW[AF],31325.0,10333185165.0,7000190.0
1267,2040-01-01,GW_storage_AZ_APS_SW_GW[AF],30761.0,10388289039.0,7030951.0
1268,2040-02-01,GW_storage_AZ_APS_SW_GW[AF],30207.0,10442633493.0,7061158.0
1269,2040-03-01,GW_storage_AZ_APS_SW_GW[AF],29636.0,10496196844.0,7090794.0
1270,2040-04-01,GW_storage_AZ_APS_SW_GW[AF],29081.0,10549040409.0,7119875.0
1271,2040-05-01,GW_storage_AZ_APS_SW_GW[AF],28521.0,10601395194.0,7148396.0
1272,2040-06-01,GW_storage_AZ_APS_SW_GW[AF],28036.0,10653107949.0,7176432.0
1273,2040-07-01,GW_storage_AZ_APS_SW_GW[AF],27581.0,10704171007.0,7204013.0
1274,2040-08-01,GW_storage_AZ_APS_SW_GW[AF],31625.0,10754605305.0,7235638.0
1275,2040-09-01,GW_storage_AZ_APS_SW_GW[AF],31004.0,10804445973.0,7266642.0
1276,2040-10-01,GW_storage_AZ_APS_SW_GW[AF],27207.0,10853648570.0,7293849.0
1277,2040-11-01,GW_storage_AZ_APS_SW_GW[AF],26613.0,10902484914.0,7320462.0
1278,2040-12-01,GW_storage_AZ_APS_SW_GW[AF],26105.0,10950730644.0,7346567.0
1279,2041-01-01,GW_storage_AZ_APS_SW_GW[AF],25655.0,10998281298.0,7372222.0
1280,2041-02-01,GW_storage_AZ_APS_SW_GW[AF],25223.0,11047818234.0,7397445.0
1281,2041-03-01,GW_storage_AZ_APS_SW_GW[AF],24845.0,11099139984.0,7422290.0
1282,2041-04-01,GW_storage_AZ_APS_SW_GW[AF],24418.0,11151170281.0,7446708.0
1283,2041-05-01,GW_storage_AZ_APS_SW_GW[AF],23848.0,11202540882.0,7470556.0
1284,2041-06-01,GW_storage_AZ_APS_SW_GW[AF],23344.0,11253584926.0,7493900.0
1285,2041-07-01,GW_storage_AZ_APS_SW_GW[AF],22922.0,11304087287.0,7516822.0
1286,2041-08-01,GW_storage_AZ_APS_SW_GW[AF],29595.0,11354085428.0,7546417.0
1287,2041-09-01,GW_storage_AZ_APS_SW_GW[AF],60299.0,11403615397.0,7606716.0
1288,2041-10-01,GW_storage_AZ_APS_SW_GW[AF],32353.0,11452671944.0,7639069.0
1289,2041-11-01,GW_storage_AZ_APS_SW_GW[AF],31960.0,11501212889.0,7671029.0
1290,2041-12-01,GW_storage_AZ_APS_SW_GW[AF],35069.0,11549056939.0,7706098.0
1291,2042-01-01,GW_storage_AZ_APS_SW_GW[AF],34409.0,11596204581.0,7740507.0
1292,2042-02-01,GW_storage_AZ_APS_SW_GW[AF],33809.0,11642935334.0,7774316.0
1293,2042-03-01,GW_storage_AZ_APS_SW_GW[AF],33154.0,11689092595.0,7807470.0
1294,2042-04-01,GW_storage_AZ_APS_SW_GW[AF],32532.0,11735022869.0,7840002.0
1295,2042-05-01,GW_storage_AZ_APS_SW_GW[AF],34009.0,11780876718.0,7874011.0
1296,2042-06-01,GW_storage_AZ_APS_SW_GW[AF],33374.0,11826092725.0,7907385.0
1297,2042-07-01,GW_storage_AZ_APS_SW_GW[AF],32762.0,11871546727.0,7940147.0
1298,2042-08-01,GW_storage_AZ_APS_SW_GW[AF],32060.0,11916431990.0,7972207.0
1299,2042-09-01,GW_storage_AZ_APS_SW_GW[AF],31494.0,11960791410.0,8003701.0
1300,2042-10-01,GW_storage_AZ_APS_SW_GW[AF],30910.0,12004660184.0,8034611.0
1301,2042-11-01,GW_storage_AZ_APS_SW_GW[AF],30733.0,12048130811.0,8065344.0
1302,2042-12-01,GW_storage_AZ_APS_SW_GW[AF],30552.0,12091062837.0,8095896.0
1303,2043-01-01,GW_storage_AZ_APS_SW_GW[AF],30392.0,12133444088.0,8126288.0
1304,2043-02-01,GW_storage_AZ_APS_SW_GW[AF],30163.0,12175363925.0,8156451.0
1305,2043-03-01,GW_storage_AZ_APS_SW_GW[AF],29217.0,12216725340.0,8185668.0
1306,2043-04-01,GW_storage_AZ_APS_SW_GW[AF],28674.0,12257666079.0,8214342.0
1307,2043-05-01,GW_storage_AZ_APS_SW_GW[AF],28151.0,12298078753.0,8242493.0
1308,2043-06-01,GW_storage_AZ_APS_SW_GW[AF],27631.0,12338040338.0,8270124.0
1309,2043-07-01,GW_storage_AZ_APS_SW_GW[AF],27100.0,12377535688.0,8297224.0
1310,2043-08-01,GW_storage_AZ_APS_SW_GW[AF],26368.0,12416568319.0,8323592.0
1311,2043-09-01,GW_storage_AZ_APS_SW_GW[AF],25677.0,12455234071.0,8349269.0
1312,2043-10-01,GW_storage_AZ_APS_SW_GW[AF],25155.0,12493493716.0,8374424.0
1313,2043-11-01,GW_storage_AZ_APS_SW_GW[AF],24769.0,12531340494.0,8399193.0
1314,2043-12-01,GW_storage_AZ_APS_SW_GW[AF],24430.0,12568703212.0,8423623.0
1315,2044-01-01,GW_storage_AZ_APS_SW_GW[AF],24144.0,12605614127.0,8447767.0
1316,2044-02-01,GW_storage_AZ_APS_SW_GW[AF],23791.0,12642100391.0,8471558.0
1317,2044-03-01,GW_storage_AZ_APS_SW_GW[AF],23354.0,12678094207.0,8494912.0
1318,2044-04-01,GW_storage_AZ_APS_SW_GW[AF],22933.0,12715489683.0,8517845.0
1319,2044-05-01,GW_storage_AZ_APS_SW_GW[AF],22558.0,12757376464.0,8540403.0
1320,2044-06-01,GW_storage_AZ_APS_SW_GW[AF],22216.0,12798680033.0,8562619.0
1321,2044-07-01,GW_storage_AZ_APS_SW_GW[AF],21873.0,12840178366.0,8584492.0
1322,2044-08-01,GW_storage_AZ_APS_SW_GW[AF],21598.0,12881238666.0,8606090.0
1323,2044-09-01,GW_storage_AZ_APS_SW_GW[AF],21516.0,12921922929.0,8627606.0
1324,2044-10-01,GW_storage_AZ_APS_SW_GW[AF],23753.0,12962137170.0,8651359.0
1325,2044-11-01,GW_storage_AZ_APS_SW_GW[AF],24623.0,13001917872.0,8675982.0
1326,2044-12-01,GW_storage_AZ_APS_SW_GW[AF],24183.0,13041192913.0,8700165.0
1327,2045-01-01,GW_storage_AZ_APS_SW_GW[AF],23722.0,13079996277.0,8723887.0
1328,2045-02-01,GW_storage_AZ_APS_SW_GW[AF],23310.0,13119222084.0,8747197.0
1329,2045-03-01,GW_storage_AZ_APS_SW_GW[AF],22859.0,13158364150.0,8770056.0
1330,2045-04-01,GW_storage_AZ_APS_SW_GW[AF],22430.0,13198157185.0,8792486.0
1331,2045-05-01,GW_storage_AZ_APS_SW_GW[AF],21989.0,13237869018.0,8814475.0
1332,2045-06-01,GW_storage_AZ_APS_SW_GW[AF],21470.0,13278774379.0,8835945.0
1333,2045-07-01,GW_storage_AZ_APS_SW_GW[AF],20850.0,13324244062.0,8856795.0
1334,2045-08-01,GW_storage_AZ_APS_SW_GW[AF],20525.0,13372386542.0,8877320.0
1335,2045-09-01,GW_storage_AZ_APS_SW_GW[AF],20033.0,13419876881.0,8897353.0
1336,2045-10-01,GW_storage_AZ_APS_SW_GW[AF],19696.0,13466818785.0,8917049.0
1337,2045-11-01,GW_storage_AZ_APS_SW_GW[AF],19526.0,13513160105.0,8936575.0
1338,2045-12-01,GW_storage_AZ_APS_SW_GW[AF],19296.0,13560745919.0,8955871.0
1339,2046-01-01,GW_storage_AZ_APS_SW_GW[AF],19083.0,13615290772.0,8974954.0
1340,2046-02-01,GW_storage_AZ_APS_SW_GW[AF],18688.0,13677811710.0,8993642.0
1341,2046-03-01,GW_storage_AZ_APS_SW_GW[AF],18380.0,13748607831.0,9012022.0
1342,2046-04-01,GW_storage_AZ_APS_SW_GW[AF],18053.0,13826873589.0,9030075.0
1343,2046-05-01,GW_storage_AZ_APS_SW_GW[AF],17735.0,13907944967.0,9047810.0
1344,2046-06-01,GW_storage_AZ_APS_SW_GW[AF],17543.0,13989979852.0,9065353.0
1345,2046-07-01,GW_storage_AZ_APS_SW_GW[AF],17562.0,14071604903.0,9082915.0
1346,2046-08-01,GW_storage_AZ_APS_SW_GW[AF],17573.0,14152131683.0,9100488.0
1347,2046-09-01,GW_storage_AZ_APS_SW_GW[AF],17476.0,14231617714.0,9117964.0
1348,2046-10-01,GW_storage_AZ_APS_SW_GW[AF],17386.0,14310005025.0,9135350.0
1349,2046-11-01,GW_storage_AZ_APS_SW_GW[AF],17308.0,14387273527.0,9152658.0
1350,2046-12-01,GW_storage_AZ_APS_SW_GW[AF],17200.0,14463437376.0,9169858.0
1351,2047-01-01,GW_storage_AZ_APS_SW_GW[AF],17070.0,14538457981.0,9186928.0
1352,2047-02-01,GW_storage_AZ_APS_SW_GW[AF],16949.0,14612508014.0,9203877.0
1353,2047-03-01,GW_storage_AZ_APS_SW_GW[AF],16730.0,14685452283.0,9220607.0
1354,2047-04-01,GW_storage_AZ_APS_SW_GW[AF],16549.0,14764472816.0,9237156.0
1355,2047-05-01,GW_storage_AZ_APS_SW_GW[AF],16172.0,14860897341.0,9253328.0
1356,2047-06-01,GW_storage_AZ_APS_SW_GW[AF],16071.0,14972506362.0,9269399.0
1357,2047-07-01,GW_storage_AZ_APS_SW_GW[AF],15909.0,15088231692.0,9285308.0
1358,2047-08-01,GW_storage_AZ_APS_SW_GW[AF],20300.0,15203332934.0,9305608.0
1359,2047-09-01,GW_storage_AZ_APS_SW_GW[AF],19964.0,15317492289.0,9325572.0
1360,2047-10-01,GW_storage_AZ_APS_SW_GW[AF],19798.0,15430042333.0,9345370.0
1361,2047-11-01,GW_storage_AZ_APS_SW_GW[AF],19766.0,15542831934.0,9365136.0
1362,2047-12-01,GW_storage_AZ_APS_SW_GW[AF],19735.0,15653870877.0,9384871.0
1363,2048-01-01,GW_storage_AZ_APS_SW_GW[AF],19354.0,15763169397.0,9404225.0
1364,2048-02-01,GW_storage_AZ_APS_SW_GW[AF],19003.0,15872138297.0,9423228.0
1365,2048-03-01,GW_storage_AZ_APS_SW_GW[AF],18635.0,15987897138.0,9441863.0
1366,2048-04-01,GW_storage_AZ_APS_SW_GW[AF],18286.0,16106751114.0,9460149.0
1367,2048-05-01,GW_storage_AZ_APS_SW_GW[AF],18146.0,16226738594.0,9478295.0
1368,2048-06-01,GW_storage_AZ_APS_SW_GW[AF],17806.0,16346930466.0,9496101.0
1369,2048-07-01,GW_storage_AZ_APS_SW_GW[AF],17463.0,16466203172.0,9513564.0
1370,2048-08-01,GW_storage_AZ_APS_SW_GW[AF],26500.0,16583670765.0,9540064.0
1371,2048-09-01,GW_storage_AZ_APS_SW_GW[AF],26178.0,16699553017.0,9566242.0
1372,2048-10-01,GW_storage_AZ_APS_SW_GW[AF],19672.0,16813788962.0,9585914.0
1373,2048-11-01,GW_storage_AZ_APS_SW_GW[AF],-777.0,16926416472.0,9585137.0
1374,2048-12-01,GW_storage_AZ_APS_SW_GW[AF],-762.0,17038918116.0,9584375.0
1375,2049-01-01,GW_storage_AZ_APS_SW_GW[AF],-748.0,17150214903.0,9583627.0
1376,2049-02-01,GW_storage_AZ_APS_SW_GW[AF],-735.0,17259849423.0,9582892.0
1377,2049-03-01,GW_storage_AZ_APS_SW_GW[AF],-1592.0,17374140295.0,9581300.0
1378,2049-04-01,GW_storage_AZ_APS_SW_GW[AF],-1563.0,17496980626.0,9579737.0
1379,2049-05-01,GW_storage_AZ_APS_SW_GW[AF],1234.0,17623520262.0,9580971.0
1380,2049-06-01,GW_storage_AZ_APS_SW_GW[AF],1213.0,17749882278.0,9582184.0
1381,2049-07-01,GW_storage_AZ_APS_SW_GW[AF],1222.0,17875311834.0,9583406.0
1382,2049-08-01,GW_storage_AZ_APS_SW_GW[AF],1245.0,17998950915.0,9584651.0
1383,2049-09-01,GW_storage_AZ_APS_SW_GW[AF],1135.0,18120987592.0,9585786.0
1384,2049-10-01,GW_storage_AZ_APS_SW_GW[AF],1101.0,18241422265.0,9586887.0
1385,2049-11-01,GW_storage_AZ_APS_SW_GW[AF],1079.0,18360102830.0,9587966.0
1386,2049-12-01,GW_storage_AZ_APS_SW_GW[AF],-4362.0,18476910369.0,9583604.0
1387,2050-01-01,GW_storage_AZ_APS_SW_GW[AF],-4278.0,18591916831.0,9579326.0
1388,2050-02-01,GW_storage_AZ_APS_SW_GW[AF],-4203.0,18705272956.0,9575123.0
1389,2050-03-01,GW_storage_AZ_APS_SW_GW[AF],-4121.0,18821028859.0,9571002.0
1390,2050-04-01,GW_storage_AZ_APS_SW_GW[AF],-10007.0,18940506995.0,9560995.0
1391,2050-05-01,GW_storage_AZ_APS_SW_GW[AF],-16010.0,19059600483.0,9544985.0
1392,2050-06-01,GW_storage_AZ_APS_SW_GW[AF],-15712.0,19178428021.0,9529273.0
1393,2050-07-01,GW_storage_AZ_APS_SW_GW[AF],-15712.0,19296435077.0,9513561.0
1394,2050-08-01,GW_storage_AZ_APS_SW_GW[AF],-15408.0,19412834260.0,9498153.0
1395,2050-09-01,GW_storage_AZ_APS_SW_GW[AF],-15119.0,19527808893.0,9483034.0
1396,2050-10-01,GW_storage_AZ_APS_SW_GW[AF],-14826.0,19641173895.0,9468208.0
1397,2050-11-01,GW_storage_AZ_APS_SW_GW[AF],-14549.0,19752769080.0,9453659.0
1398,2050-12-01,GW_storage_AZ_APS_SW_GW[AF],-14266.0,19862611454.0,9439393.0
1399,2051-01-01,GW_storage_AZ_APS_SW_GW[AF],-13990.0,19970764786.0,9425403.0
1400,2051-02-01,GW_storage_AZ_APS_SW_GW[AF],-13745.0,20077395432.0,9411658.0
1401,2051-03-01,GW_storage_AZ_APS_SW_GW[AF],-13479.0,20182370827.0,9398179.0
1402,2051-04-01,GW_storage_AZ_APS_SW_GW[AF],-14438.0,20291580463.0,9383741.0
1403,2051-05-01,GW_storage_AZ_APS_SW_GW[AF],-885.0,20400038326.0,9382856.0
1404,2051-06-01,GW_storage_AZ_APS_SW_GW[AF],-868.0,20508257786.0,9381988.0
1405,2051-07-01,GW_storage_AZ_APS_SW_GW[AF],7659.0,20615875318.0,9389647.0
1406,2051-08-01,GW_storage_AZ_APS_SW_GW[AF],7510.0,20722198437.0,9397157.0
1407,2051-09-01,GW_storage_AZ_APS_SW_GW[AF],7369.0,20827038775.0,9404526.0
1408,2051-10-01,GW_storage_AZ_APS_SW_GW[AF],7224.0,20930437548.0,9411750.0
1409,2051-11-01,GW_storage_AZ_APS_SW_GW[AF],7085.0,21032468769.0,9418835.0
1410,2051-12-01,GW_storage_AZ_APS_SW_GW[AF],6947.0,21133705710.0,9425782.0
1411,2052-01-01,GW_storage_AZ_APS_SW_GW[AF],6812.0,21233433839.0,9432594.0
1412,2052-02-01,GW_storage_AZ_APS_SW_GW[AF],6689.0,21331717041.0,9439283.0
1413,2052-03-01,GW_storage_AZ_APS_SW_GW[AF],6559.0,21429607427.0,9445842.0
1414,2052-04-01,GW_storage_AZ_APS_SW_GW[AF],6436.0,21527851494.0,9452278.0
1415,2052-05-01,GW_storage_AZ_APS_SW_GW[AF],16084.0,21624977785.0,9468362.0
1416,2052-06-01,GW_storage_AZ_APS_SW_GW[AF],18499.0,21720857498.0,9486861.0
1417,2052-07-01,GW_storage_AZ_APS_SW_GW[AF],19453.0,21815421513.0,9506314.0
1418,2052-08-01,GW_storage_AZ_APS_SW_GW[AF],9790.0,21908765850.0,9516104.0
1419,2052-09-01,GW_storage_AZ_APS_SW_GW[AF],24308.0,22001026854.0,9540412.0
1420,2052-10-01,GW_storage_AZ_APS_SW_GW[AF],23851.0,22092179195.0,9564263.0
1421,2052-11-01,GW_storage_AZ_APS_SW_GW[AF],23347.0,22182158688.0,9587610.0
1422,2052-12-01,GW_storage_AZ_APS_SW_GW[AF],22894.0,22270990851.0,9610504.0
1423,2053-01-01,GW_storage_AZ_APS_SW_GW[AF],22351.0,22358572318.0,9632855.0
1424,2053-02-01,GW_storage_AZ_APS_SW_GW[AF],21960.0,22445234888.0,9654815.0
1425,2053-03-01,GW_storage_AZ_APS_SW_GW[AF],21534.0,22531338210.0,9676349.0
1426,2053-04-01,GW_storage_AZ_APS_SW_GW[AF],29980.0,22618197854.0,9706329.0
1427,2053-05-01,GW_storage_AZ_APS_SW_GW[AF],29399.0,22705000235.0,9735728.0
1428,2053-06-01,GW_storage_AZ_APS_SW_GW[AF],28850.0,22792005107.0,9764578.0
1429,2053-07-01,GW_storage_AZ_APS_SW_GW[AF],34944.0,22878611714.0,9799522.0
1430,2053-08-01,GW_storage_AZ_APS_SW_GW[AF],47168.0,22964123789.0,9846690.0
1431,2053-09-01,GW_storage_AZ_APS_SW_GW[AF],32154.0,23048536524.0,9878844.0
1432,2053-10-01,GW_storage_AZ_APS_SW_GW[AF],31536.0,23131866519.0,9910380.0
1433,2053-11-01,GW_storage_AZ_APS_SW_GW[AF],30276.0,23214276747.0,9940656.0
1434,2053-12-01,GW_storage_AZ_APS_SW_GW[AF],29689.0,23295578937.0,9970345.0
1435,2054-01-01,GW_storage_AZ_APS_SW_GW[AF],29114.0,23375761806.0,9999459.0
1436,2054-02-01,GW_storage_AZ_APS_SW_GW[AF],28605.0,23454991045.0,10028064.0
1437,2054-03-01,GW_storage_AZ_APS_SW_GW[AF],28051.0,23533194281.0,10056115.0
1438,2054-04-01,GW_storage_AZ_APS_SW_GW[AF],28051.0,23610840643.0,10084166.0
1439,2054-05-01,GW_storage_AZ_APS_SW_GW[AF],28039.0,23687968757.0,10112205.0
1440,2054-06-01,GW_storage_AZ_APS_SW_GW[AF],27516.0,23764134532.0,10139721.0
1441,2054-07-01,GW_storage_AZ_APS_SW_GW[AF],26455.0,23839346953.0,10166176.0
1442,2054-08-01,GW_storage_AZ_APS_SW_GW[AF],37273.0,23913680649.0,10203449.0
1443,2054-09-01,GW_storage_AZ_APS_SW_GW[AF],47031.0,23987275722.0,10250480.0
1444,2054-10-01,GW_storage_AZ_APS_SW_GW[AF],48830.0,24060063673.0,10299310.0
1445,2054-11-01,GW_storage_AZ_APS_SW_GW[AF],48830.0,24132040073.0,10348140.0
1446,2054-12-01,GW_storage_AZ_APS_SW_GW[AF],47884.0,24203075252.0,10396024.0
1447,2055-01-01,GW_storage_AZ_APS_SW_GW[AF],47404.0,24273232069.0,10443428.0
1448,2055-02-01,GW_storage_AZ_APS_SW_GW[AF],46574.0,24346983422.0,10490002.0
1449,2055-03-01,GW_storage_AZ_APS_SW_GW[AF],45671.0,24429418525.0,10535673.0
1450,2055-04-01,GW_storage_AZ_APS_SW_GW[AF],44766.0,24519974284.0,10580439.0
1451,2055-05-01,GW_storage_AZ_APS_SW_GW[AF],43831.0,24612887460.0,10624270.0
1452,2055-06-01,GW_storage_AZ_APS_SW_GW[AF],42987.0,24705731755.0,10667257.0
1453,2055-07-01,GW_storage_AZ_APS_SW_GW[AF],41964.0,24797561549.0,10709221.0
1454,2055-08-01,GW_storage_AZ_APS_SW_GW[AF],41303.0,24888417864.0,10750524.0
1455,2055-09-01,GW_storage_AZ_APS_SW_GW[AF],40549.0,24978247446.0,10791073.0
1456,2055-10-01,GW_storage_AZ_APS_SW_GW[AF],33383.0,25067037402.0,10824456.0
1457,2055-11-01,GW_storage_AZ_APS_SW_GW[AF],28444.0,25154620871.0,10852900.0
1458,2055-12-01,GW_storage_AZ_APS_SW_GW[AF],27893.0,25240958786.0,10880793.0
1459,2056-01-01,GW_storage_AZ_APS_SW_GW[AF],27351.0,25326085001.0,10908144.0
1460,2056-02-01,GW_storage_AZ_APS_SW_GW[AF],26853.0,25410115783.0,10934997.0
1461,2056-03-01,GW_storage_AZ_APS_SW_GW[AF],26048.0,25493046199.0,10961045.0
1462,2056-04-01,GW_storage_AZ_APS_SW_GW[AF],25560.0,25579867650.0,10986605.0
1463,2056-05-01,GW_storage_AZ_APS_SW_GW[AF],18829.0,25665994452.0,11005434.0
1464,2056-06-01,GW_storage_AZ_APS_SW_GW[AF],18463.0,25751014051.0,11023897.0
1465,2056-07-01,GW_storage_AZ_APS_SW_GW[AF],18101.0,25834999057.0,11041998.0
1466,2056-08-01,GW_storage_AZ_APS_SW_GW[AF],18193.0,25918012980.0,11060191.0
1467,2056-09-01,GW_storage_AZ_APS_SW_GW[AF],6512.0,26000006720.0,11066703.0
1468,2056-10-01,GW_storage_AZ_APS_SW_GW[AF],5852.0,26080893812.0,11072555.0
1469,2056-11-01,GW_storage_AZ_APS_SW_GW[AF],5743.0,26160908259.0,11078298.0
1470,2056-12-01,GW_storage_AZ_APS_SW_GW[AF],7403.0,26240212456.0,11085701.0
1471,2057-01-01,GW_storage_AZ_APS_SW_GW[AF],7260.0,26318587848.0,11092961.0
1472,2057-02-01,GW_storage_AZ_APS_SW_GW[AF],7133.0,26395985372.0,11100094.0
1473,2057-03-01,GW_storage_AZ_APS_SW_GW[AF],6994.0,26472734266.0,11107088.0
1474,2057-04-01,GW_storage_AZ_APS_SW_GW[AF],7156.0,26556295278.0,11114244.0
1475,2057-05-01,GW_storage_AZ_APS_SW_GW[AF],9753.0,26638790503.0,11123997.0
1476,2057-06-01,GW_storage_AZ_APS_SW_GW[AF],9712.0,26720263696.0,11133709.0
1477,2057-07-01,GW_storage_AZ_APS_SW_GW[AF],-3886.0,26800720453.0,11129823.0
1478,2057-08-01,GW_storage_AZ_APS_SW_GW[AF],-3810.0,26880212595.0,11126013.0
1479,2057-09-01,GW_storage_AZ_APS_SW_GW[AF],-3738.0,26958875022.0,11122275.0
1480,2057-10-01,GW_storage_AZ_APS_SW_GW[AF],-3667.0,27036568588.0,11118608.0
1481,2057-11-01,GW_storage_AZ_APS_SW_GW[AF],-3142.0,27113396201.0,11115466.0
1482,2057-12-01,GW_storage_AZ_APS_SW_GW[AF],-3081.0,27189264327.0,11112385.0
1483,2058-01-01,GW_storage_AZ_APS_SW_GW[AF],-3021.0,27264124633.0,11109364.0
1484,2058-02-01,GW_storage_AZ_APS_SW_GW[AF],-2968.0,27348265847.0,11106396.0
1485,2058-03-01,GW_storage_AZ_APS_SW_GW[AF],-2911.0,27440889382.0,11103485.0
1486,2058-04-01,GW_storage_AZ_APS_SW_GW[AF],-2857.0,27539133274.0,11100628.0
1487,2058-05-01,GW_storage_AZ_APS_SW_GW[AF],-2423.0,27639449314.0,11098205.0
1488,2058-06-01,GW_storage_AZ_APS_SW_GW[AF],-2372.0,27738779306.0,11095833.0
1489,2058-07-01,GW_storage_AZ_APS_SW_GW[AF],-3088.0,27837531793.0,11092745.0
1490,2058-08-01,GW_storage_AZ_APS_SW_GW[AF],-23121.0,27935280444.0,11069624.0
1491,2058-09-01,GW_storage_AZ_APS_SW_GW[AF],-47509.0,28031862865.0,11022115.0
1492,2058-10-01,GW_storage_AZ_APS_SW_GW[AF],-46886.0,28127260463.0,10975229.0
1493,2058-11-01,GW_storage_AZ_APS_SW_GW[AF],-46041.0,28221366217.0,10929188.0
1494,2058-12-01,GW_storage_AZ_APS_SW_GW[AF],-45152.0,28314157055.0,10884036.0
1495,2059-01-01,GW_storage_AZ_APS_SW_GW[AF],-44276.0,28405540773.0,10839760.0
1496,2059-02-01,GW_storage_AZ_APS_SW_GW[AF],-43502.0,28502067677.0,10796258.0
1497,2059-03-01,GW_storage_AZ_APS_SW_GW[AF],-42659.0,28605457246.0,10753599.0
1498,2059-04-01,GW_storage_AZ_APS_SW_GW[AF],-41030.0,28717814838.0,10712569.0
1499,2059-05-01,GW_storage_AZ_APS_SW_GW[AF],-40235.0,28830913147.0,10672334.0
1500,2059-06-01,GW_storage_AZ_APS_SW_GW[AF],-39481.0,28943770190.0,10632853.0
1501,2059-07-01,GW_storage_AZ_APS_SW_GW[AF],-47260.0,29055182582.0,10585593.0
1502,2059-08-01,GW_storage_AZ_APS_SW_GW[AF],-24108.0,29165160032.0,10561485.0
1503,2059-09-01,GW_storage_AZ_APS_SW_GW[AF],-23656.0,29273920291.0,10537829.0
1504,2059-10-01,GW_storage_AZ_APS_SW_GW[AF],-23198.0,29381402010.0,10514631.0
1505,2059-11-01,GW_storage_AZ_APS_SW_GW[AF],-22762.0,29487451547.0,10491869.0
1506,2059-12-01,GW_storage_AZ_APS_SW_GW[AF],-22322.0,29592083281.0,10469547.0
1507,2060-01-01,GW_storage_AZ_APS_SW_GW[AF],-21889.0,29695071869.0,10447658.0
1508,2060-02-01,GW_storage_AZ_APS_SW_GW[AF],-21752.0,29797999369.0,10425906.0
1509,2060-03-01,GW_storage_AZ_APS_SW_GW[AF],-21331.0,29907235449.0,10404575.0
1510,2060-04-01,GW_storage_AZ_APS_SW_GW[AF],-20931.0,30022282651.0,10383644.0
1511,2060-05-01,GW_storage_AZ_APS_SW_GW[AF],-20519.0,30138204137.0,10363125.0
1512,2060-06-01,GW_storage_AZ_APS_SW_GW[AF],-23270.0,30253989194.0,10339855.0
1513,2060-07-01,GW_storage_AZ_APS_SW_GW[AF],-20752.0,30369445165.0,10319103.0
1514,2060-08-01,GW_storage_AZ_APS_SW_GW[AF],-43440.0,30483354195.0,10275663.0
1515,2060-09-01,GW_storage_AZ_APS_SW_GW[AF],-66407.0,30595912136.0,10209256.0
1516,2060-10-01,GW_storage_AZ_APS_SW_GW[AF],-58741.0,30707058453.0,10150515.0
1517,2060-11-01,GW_storage_AZ_APS_SW_GW[AF],-58741.0,30816686913.0,10091774.0
1518,2060-12-01,GW_storage_AZ_APS_SW_GW[AF],-57603.0,30924630927.0,10034171.0
1519,2061-01-01,GW_storage_AZ_APS_SW_GW[AF],-56486.0,31038058188.0,9977685.0
1520,2061-02-01,GW_storage_AZ_APS_SW_GW[AF],-55497.0,31163247262.0,9922188.0
1521,2061-03-01,GW_storage_AZ_APS_SW_GW[AF],-54423.0,31301926464.0,9867765.0
1522,2061-04-01,GW_storage_AZ_APS_SW_GW[AF],-53402.0,31460043743.0,9814363.0
1523,2061-05-01,GW_storage_AZ_APS_SW_GW[AF],-72074.0,31621719240.0,9742289.0
1524,2061-06-01,GW_storage_AZ_APS_SW_GW[AF],-76266.0,31781944019.0,9666023.0
1525,2061-07-01,GW_storage_AZ_APS_SW_GW[AF],-77701.0,31940594248.0,9588322.0
1526,2061-08-01,GW_storage_AZ_APS_SW_GW[AF],-76201.0,32097666692.0,9512121.0
1527,2061-09-01,GW_storage_AZ_APS_SW_GW[AF],-74773.0,32253244922.0,9437348.0
1528,2061-10-01,GW_storage_AZ_APS_SW_GW[AF],-74773.0,32407132898.0,9362575.0
1529,2061-11-01,GW_storage_AZ_APS_SW_GW[AF],-73371.0,32559108380.0,9289204.0
1530,2061-12-01,GW_storage_AZ_APS_SW_GW[AF],-71950.0,32709321481.0,9217254.0
1531,2062-01-01,GW_storage_AZ_APS_SW_GW[AF],-70556.0,32858735378.0,9146698.0
1532,2062-02-01,GW_storage_AZ_APS_SW_GW[AF],-69321.0,33022044851.0,9077377.0
1533,2062-03-01,GW_storage_AZ_APS_SW_GW[AF],-67978.0,33198837130.0,9009399.0
1534,2062-04-01,GW_storage_AZ_APS_SW_GW[AF],-66703.0,33390837210.0,8942696.0
1535,2062-05-01,GW_storage_AZ_APS_SW_GW[AF],-65421.0,33584259641.0,8877275.0
1536,2062-06-01,GW_storage_AZ_APS_SW_GW[AF],-64364.0,33776858517.0,8812911.0
1537,2062-07-01,GW_storage_AZ_APS_SW_GW[AF],-65136.0,33967635736.0,8747775.0
1538,2062-08-01,GW_storage_AZ_APS_SW_GW[AF],-68665.0,34156855847.0,8679110.0
1539,2062-09-01,GW_storage_AZ_APS_SW_GW[AF],-67378.0,34344548104.0,8611732.0
1540,2062-10-01,GW_storage_AZ_APS_SW_GW[AF],-66791.0,34530332137.0,8544941.0
1541,2062-11-01,GW_storage_AZ_APS_SW_GW[AF],-65539.0,34714073091.0,8479402.0
1542,2062-12-01,GW_storage_AZ_APS_SW_GW[AF],-64269.0,34895778448.0,8415133.0
1543,2063-01-01,GW_storage_AZ_APS_SW_GW[AF],-63023.0,35079072230.0,8352110.0
1544,2063-02-01,GW_storage_AZ_APS_SW_GW[AF],-61921.0,35269350335.0,8290189.0
1545,2063-03-01,GW_storage_AZ_APS_SW_GW[AF],-60720.0,35470064786.0,8229469.0
1546,2063-04-01,GW_storage_AZ_APS_SW_GW[AF],-66263.0,35683040547.0,8163206.0
1547,2063-05-01,GW_storage_AZ_APS_SW_GW[AF],-71931.0,35907121073.0,8091275.0
1548,2063-06-01,GW_storage_AZ_APS_SW_GW[AF],-70584.0,36134854310.0,8020691.0
1549,2063-07-01,GW_storage_AZ_APS_SW_GW[AF],-69123.0,36361472567.0,7951568.0
1550,2063-08-01,GW_storage_AZ_APS_SW_GW[AF],-67784.0,36586142514.0,7883784.0
1551,2063-09-01,GW_storage_AZ_APS_SW_GW[AF],-66513.0,36808934029.0,7817271.0
1552,2063-10-01,GW_storage_AZ_APS_SW_GW[AF],-65225.0,37029507927.0,7752046.0
1553,2063-11-01,GW_storage_AZ_APS_SW_GW[AF],-64001.0,37248012309.0,7688045.0
1554,2063-12-01,GW_storage_AZ_APS_SW_GW[AF],-68686.0,37465671472.0,7619359.0
1555,2064-01-01,GW_storage_AZ_APS_SW_GW[AF],-73342.0,37694815963.0,7546017.0
1556,2064-02-01,GW_storage_AZ_APS_SW_GW[AF],-78331.0,37945097639.0,7467686.0
1557,2064-03-01,GW_storage_AZ_APS_SW_GW[AF],-83423.0,38213638934.0,7384263.0
1558,2064-04-01,GW_storage_AZ_APS_SW_GW[AF],-88645.0,38493367090.0,7295618.0
1559,2064-05-01,GW_storage_AZ_APS_SW_GW[AF],-93973.0,38776738105.0,7201645.0
1560,2064-06-01,GW_storage_AZ_APS_SW_GW[AF],-98840.0,39060661713.0,7102805.0
1561,2064-07-01,GW_storage_AZ_APS_SW_GW[AF],-97511.0,39341932866.0,7005294.0
1562,2064-08-01,GW_storage_AZ_APS_SW_GW[AF],-95622.0,39620711220.0,6909672.0
1563,2064-09-01,GW_storage_AZ_APS_SW_GW[AF],-93828.0,39897002798.0,6815844.0
1564,2064-10-01,GW_storage_AZ_APS_SW_GW[AF],-92011.0,40170736712.0,6723833.0
1565,2064-11-01,GW_storage_AZ_APS_SW_GW[AF],-90286.0,40442044957.0,6633547.0
1566,2064-12-01,GW_storage_AZ_APS_SW_GW[AF],-94758.0,40711834451.0,6538789.0
1567,2065-01-01,GW_storage_AZ_APS_SW_GW[AF],-99155.0,40982757097.0,6439634.0
1568,2065-02-01,GW_storage_AZ_APS_SW_GW[AF],-103882.0,41255716076.0,6335752.0
1569,2065-03-01,GW_storage_AZ_APS_SW_GW[AF],-108537.0,41533378347.0,6227215.0
1570,2065-04-01,GW_storage_AZ_APS_SW_GW[AF],-114973.0,41819419395.0,6112242.0
1571,2065-05-01,GW_storage_AZ_APS_SW_GW[AF],-118373.0,42107659636.0,5993869.0
1572,2065-06-01,GW_storage_AZ_APS_SW_GW[AF],-116205.0,42393392346.0,5877664.0
1573,2065-07-01,GW_storage_AZ_APS_SW_GW[AF],-114755.0,42678359041.0,5762909.0
1574,2065-08-01,GW_storage_AZ_APS_SW_GW[AF],-112615.0,42960938762.0,5650294.0
1575,2065-09-01,GW_storage_AZ_APS_SW_GW[AF],-110516.0,43241061639.0,5539778.0
1576,2065-10-01,GW_storage_AZ_APS_SW_GW[AF],-108462.0,43518553408.0,5431316.0
1577,2065-11-01,GW_storage_AZ_APS_SW_GW[AF],-106509.0,43793351378.0,5324807.0
1578,2065-12-01,GW_storage_AZ_APS_SW_GW[AF],-104452.0,44065325818.0,5220355.0
1579,2066-01-01,GW_storage_AZ_APS_SW_GW[AF],-102427.0,44334625115.0,5117928.0
1580,2066-02-01,GW_storage_AZ_APS_SW_GW[AF],-100634.0,44601575728.0,5017294.0
1581,2066-03-01,GW_storage_AZ_APS_SW_GW[AF],-98685.0,44865977654.0,4918609.0
1582,2066-04-01,GW_storage_AZ_APS_SW_GW[AF],-99219.0,45130939542.0,4819390.0
1583,2066-05-01,GW_storage_AZ_APS_SW_GW[AF],-97261.0,45393925169.0,4722129.0
1584,2066-06-01,GW_storage_AZ_APS_SW_GW[AF],-95416.0,45654573916.0,4626713.0
1585,2066-07-01,GW_storage_AZ_APS_SW_GW[AF],-95416.0,45912927675.0,4531297.0
1586,2066-08-01,GW_storage_AZ_APS_SW_GW[AF],-93567.0,46169111465.0,4437730.0
1587,2066-09-01,GW_storage_AZ_APS_SW_GW[AF],-91813.0,46423600426.0,4345917.0
1588,2066-10-01,GW_storage_AZ_APS_SW_GW[AF],-75089.0,46676263355.0,4270828.0
1589,2066-11-01,GW_storage_AZ_APS_SW_GW[AF],-73682.0,46927228863.0,4197146.0
1590,2066-12-01,GW_storage_AZ_APS_SW_GW[AF],-72253.0,47176198480.0,4124893.0
1591,2067-01-01,GW_storage_AZ_APS_SW_GW[AF],-70854.0,47422896821.0,4054039.0
1592,2067-02-01,GW_storage_AZ_APS_SW_GW[AF],-69614.0,47667661431.0,3984425.0
1593,2067-03-01,GW_storage_AZ_APS_SW_GW[AF],-68265.0,47910308464.0,3916160.0
1594,2067-04-01,GW_storage_AZ_APS_SW_GW[AF],-66985.0,48151085524.0,3849175.0
1595,2067-05-01,GW_storage_AZ_APS_SW_GW[AF],-66906.0,48389950965.0,3782269.0
1596,2067-06-01,GW_storage_AZ_APS_SW_GW[AF],-53510.0,48627002221.0,3728759.0
1597,2067-07-01,GW_storage_AZ_APS_SW_GW[AF],-23060.0,48862124917.0,3705699.0
1598,2067-08-01,GW_storage_AZ_APS_SW_GW[AF],-22592.0,49095321876.0,3683107.0
1599,2067-09-01,GW_storage_AZ_APS_SW_GW[AF],-22166.0,49326841519.0,3660941.0
1600,2067-10-01,GW_storage_AZ_APS_SW_GW[AF],-33855.0,49556552267.0,3627086.0
1601,2067-11-01,GW_storage_AZ_APS_SW_GW[AF],-33220.0,49784868208.0,3593866.0
1602,2067-12-01,GW_storage_AZ_APS_SW_GW[AF],-32577.0,50011545293.0,3561289.0
1603,2068-01-01,GW_storage_AZ_APS_SW_GW[AF],-31945.0,50238331069.0,3529344.0
1604,2068-02-01,GW_storage_AZ_APS_SW_GW[AF],-31366.0,50478937732.0,3497978.0
1605,2068-03-01,GW_storage_AZ_APS_SW_GW[AF],-30759.0,50739381265.0,3467219.0
1606,2068-04-01,GW_storage_AZ_APS_SW_GW[AF],-37206.0,51011294375.0,3430013.0
1607,2068-05-01,GW_storage_AZ_APS_SW_GW[AF],-43754.0,51290774772.0,3386259.0
1608,2068-06-01,GW_storage_AZ_APS_SW_GW[AF],-46651.0,51571539123.0,3339608.0
1609,2068-07-01,GW_storage_AZ_APS_SW_GW[AF],-49088.0,51851333229.0,3290520.0
1610,2068-08-01,GW_storage_AZ_APS_SW_GW[AF],-48138.0,52129191774.0,3242382.0
1611,2068-09-01,GW_storage_AZ_APS_SW_GW[AF],-47234.0,52405096290.0,3195148.0
1612,2068-10-01,GW_storage_AZ_APS_SW_GW[AF],-46320.0,52678907664.0,3148828.0
1613,2068-11-01,GW_storage_AZ_APS_SW_GW[AF],-45451.0,52950483517.0,3103377.0
1614,2068-12-01,GW_storage_AZ_APS_SW_GW[AF],-44571.0,53219819895.0,3058806.0
1615,2069-01-01,GW_storage_AZ_APS_SW_GW[AF],-43707.0,53487155316.0,3015099.0
1616,2069-02-01,GW_storage_AZ_APS_SW_GW[AF],-42942.0,53760870931.0,2972157.0
1617,2069-03-01,GW_storage_AZ_APS_SW_GW[AF],-35242.0,54039428849.0,2936915.0
1618,2069-04-01,GW_storage_AZ_APS_SW_GW[AF],-34581.0,54324092180.0,2902334.0
1619,2069-05-01,GW_storage_AZ_APS_SW_GW[AF],-39708.0,54609436481.0,2862626.0
1620,2069-06-01,GW_storage_AZ_APS_SW_GW[AF],-38994.0,54894337917.0,2823632.0
1621,2069-07-01,GW_storage_AZ_APS_SW_GW[AF],-38714.0,55177218144.0,2784918.0
1622,2069-08-01,GW_storage_AZ_APS_SW_GW[AF],-38021.0,55458179949.0,2746897.0
1623,2069-09-01,GW_storage_AZ_APS_SW_GW[AF],-37948.0,55737226700.0,2708949.0
1624,2069-10-01,GW_storage_AZ_APS_SW_GW[AF],-37225.0,56014313112.0,2671724.0
1625,2069-11-01,GW_storage_AZ_APS_SW_GW[AF],-36529.0,56289244905.0,2635195.0
1626,2069-12-01,GW_storage_AZ_APS_SW_GW[AF],-35822.0,56561948550.0,2599373.0
1627,2070-01-01,GW_storage_AZ_APS_SW_GW[AF],-35127.0,56832455571.0,2564246.0
1628,2070-02-01,GW_storage_AZ_APS_SW_GW[AF],-34513.0,57101031869.0,2529733.0
1629,2070-03-01,GW_storage_AZ_APS_SW_GW[AF],-33844.0,57367456127.0,2495889.0
1630,2070-04-01,GW_storage_AZ_APS_SW_GW[AF],-34266.0,57631884127.0,2461623.0
1631,2070-05-01,GW_storage_AZ_APS_SW_GW[AF],-41525.0,57894580730.0,2420098.0
1632,2070-06-01,GW_storage_AZ_APS_SW_GW[AF],-56864.0,58156625113.0,2363234.0
1633,2070-07-01,GW_storage_AZ_APS_SW_GW[AF],-63338.0,58417720429.0,2299896.0
1634,2070-08-01,GW_storage_AZ_APS_SW_GW[AF],-62110.0,58677125935.0,2237786.0
1635,2070-09-01,GW_storage_AZ_APS_SW_GW[AF],-60946.0,58935122487.0,2176840.0
1636,2070-10-01,GW_storage_AZ_APS_SW_GW[AF],-59784.0,59191573450.0,2117056.0
1637,2070-11-01,GW_storage_AZ_APS_SW_GW[AF],-58684.0,59446278042.0,2058372.0
1638,2070-12-01,GW_storage_AZ_APS_SW_GW[AF],-57549.0,59699129256.0,2000823.0
1639,2024-04-01,GW_storage_AZ_NM_N_GW[AF],3.0,34598451.0,3.0
1640,2024-05-01,GW_storage_AZ_NM_N_GW[AF],3.0,36379549.0,6.0
1641,2024-06-01,GW_storage_AZ_NM_N_GW[AF],2.0,38134426.0,8.0
1642,2024-07-01,GW_storage_AZ_NM_N_GW[AF],2.0,39862715.0,10.0
1643,2024-08-01,GW_storage_AZ_NM_N_GW[AF],2.0,41565221.0,12.0
1644,2024-09-01,GW_storage_AZ_NM_N_GW[AF],3.0,43242727.0,15.0
1645,2024-10-01,GW_storage_AZ_NM_N_GW[AF],2.0,44894530.0,17.0
1646,2024-11-01,GW_storage_AZ_NM_N_GW[AF],2.0,46522142.0,19.0
1647,2024-12-01,GW_storage_AZ_NM_N_GW[AF],3.0,48125394.0,22.0
1648,2025-01-01,GW_storage_AZ_NM_N_GW[AF],3.0,49704625.0,25.0
1649,2025-02-01,GW_storage_AZ_NM_N_GW[AF],2.0,51264049.0,27.0
1650,2025-03-01,GW_storage_AZ_NM_N_GW[AF],3.0,52800150.0,30.0
1651,2025-04-01,GW_storage_AZ_NM_N_GW[AF],2.0,54422403.0,32.0
1652,2025-05-01,GW_storage_AZ_NM_N_GW[AF],3.0,56023530.0,35.0
1653,2025-06-01,GW_storage_AZ_NM_N_GW[AF],2.0,57673121.0,37.0
1654,2025-07-01,GW_storage_AZ_NM_N_GW[AF],-316.0,59233291.0,-279.0
1655,2025-08-01,GW_storage_AZ_NM_N_GW[AF],3128.0,60752330.0,2849.0
1656,2025-09-01,GW_storage_AZ_NM_N_GW[AF],3292.0,63291561.0,6141.0
1657,2025-10-01,GW_storage_AZ_NM_N_GW[AF],3308.0,66117192.0,9449.0
1658,2025-11-01,GW_storage_AZ_NM_N_GW[AF],3302.0,69169207.0,12751.0
1659,2025-12-01,GW_storage_AZ_NM_N_GW[AF],3282.0,72377661.0,16033.0
1660,2026-01-01,GW_storage_AZ_NM_N_GW[AF],3257.0,75644729.0,19290.0
1661,2026-02-01,GW_storage_AZ_NM_N_GW[AF],3238.0,83025589.0,22528.0
1662,2026-03-01,GW_storage_AZ_NM_N_GW[AF],3208.0,93674924.0,25736.0
1663,2026-04-01,GW_storage_AZ_NM_N_GW[AF],3163.0,112497734.0,28899.0
1664,2026-05-01,GW_storage_AZ_NM_N_GW[AF],3100.0,136460613.0,31999.0
1665,2026-06-01,GW_storage_AZ_NM_N_GW[AF],3039.0,160180041.0,35038.0
1666,2026-07-01,GW_storage_AZ_NM_N_GW[AF],2982.0,184580314.0,38020.0
1667,2026-08-01,GW_storage_AZ_NM_N_GW[AF],2924.0,208538131.0,40944.0
1668,2026-09-01,GW_storage_AZ_NM_N_GW[AF],2869.0,232132273.0,43813.0
1669,2026-10-01,GW_storage_AZ_NM_N_GW[AF],2815.0,255250646.0,46628.0
1670,2026-11-01,GW_storage_AZ_NM_N_GW[AF],2761.0,277908394.0,49389.0
1671,2026-12-01,GW_storage_AZ_NM_N_GW[AF],2708.0,300103214.0,52097.0
1672,2027-01-01,GW_storage_AZ_NM_N_GW[AF],2656.0,321847786.0,54753.0
1673,2027-02-01,GW_storage_AZ_NM_N_GW[AF],2609.0,343199646.0,57362.0
1674,2027-03-01,GW_storage_AZ_NM_N_GW[AF],2559.0,369620421.0,59921.0
1675,2027-04-01,GW_storage_AZ_NM_N_GW[AF],2511.0,409179141.0,62432.0
1676,2027-05-01,GW_storage_AZ_NM_N_GW[AF],2462.0,455970259.0,64894.0
1677,2027-06-01,GW_storage_AZ_NM_N_GW[AF],2418.0,506103237.0,67312.0
1678,2027-07-01,GW_storage_AZ_NM_N_GW[AF],2371.0,558027240.0,69683.0
1679,2027-08-01,GW_storage_AZ_NM_N_GW[AF],2325.0,610747556.0,72008.0
1680,2027-09-01,GW_storage_AZ_NM_N_GW[AF],2281.0,662576568.0,74289.0
1681,2027-10-01,GW_storage_AZ_NM_N_GW[AF],2237.0,713531026.0,76526.0
1682,2027-11-01,GW_storage_AZ_NM_N_GW[AF],2195.0,763602436.0,78721.0
1683,2027-12-01,GW_storage_AZ_NM_N_GW[AF],2153.0,812846873.0,80874.0
1684,2028-01-01,GW_storage_AZ_NM_N_GW[AF],2110.0,861121911.0,82984.0
1685,2028-02-01,GW_storage_AZ_NM_N_GW[AF],2072.0,908650771.0,85056.0
1686,2028-03-01,GW_storage_AZ_NM_N_GW[AF],2032.0,959000163.0,87088.0
1687,2028-04-01,GW_storage_AZ_NM_N_GW[AF],1988.0,1012039411.0,89076.0
1688,2028-05-01,GW_storage_AZ_NM_N_GW[AF],1949.0,1068060916.0,91025.0
1689,2028-06-01,GW_storage_AZ_NM_N_GW[AF],1913.0,1125203670.0,92938.0
1690,2028-07-01,GW_storage_AZ_NM_N_GW[AF],1884.0,1183903968.0,94822.0
1691,2028-08-01,GW_storage_AZ_NM_N_GW[AF],1847.0,1241633200.0,96669.0
1692,2028-09-01,GW_storage_AZ_NM_N_GW[AF],1813.0,1298536546.0,98482.0
1693,2028-10-01,GW_storage_AZ_NM_N_GW[AF],1778.0,1354465802.0,100260.0
1694,2028-11-01,GW_storage_AZ_NM_N_GW[AF],1745.0,1409406877.0,102005.0
1695,2028-12-01,GW_storage_AZ_NM_N_GW[AF],1710.0,1463330743.0,103715.0
1696,2029-01-01,GW_storage_AZ_NM_N_GW[AF],1678.0,1516331973.0,105393.0
1697,2029-02-01,GW_storage_AZ_NM_N_GW[AF],1648.0,1568436361.0,107041.0
1698,2029-03-01,GW_storage_AZ_NM_N_GW[AF],1616.0,1622957905.0,108657.0
1699,2029-04-01,GW_storage_AZ_NM_N_GW[AF],3151.0,1679352962.0,111808.0
1700,2029-05-01,GW_storage_AZ_NM_N_GW[AF],3227.0,1742904338.0,115035.0
1701,2029-06-01,GW_storage_AZ_NM_N_GW[AF],3053.0,1807169538.0,118088.0
1702,2029-07-01,GW_storage_AZ_NM_N_GW[AF],2575.0,1872474684.0,120663.0
1703,2029-08-01,GW_storage_AZ_NM_N_GW[AF],2307.0,1936569687.0,122970.0
1704,2029-09-01,GW_storage_AZ_NM_N_GW[AF],2263.0,1999536921.0,125233.0
1705,2029-10-01,GW_storage_AZ_NM_N_GW[AF],2219.0,2061251234.0,127452.0
1706,2029-11-01,GW_storage_AZ_NM_N_GW[AF],2178.0,2121792309.0,129630.0
1707,2029-12-01,GW_storage_AZ_NM_N_GW[AF],2135.0,2181276298.0,131765.0
1708,2030-01-01,GW_storage_AZ_NM_N_GW[AF],2095.0,2239598911.0,133860.0
1709,2030-02-01,GW_storage_AZ_NM_N_GW[AF],2058.0,2296908282.0,135918.0
1710,2030-03-01,GW_storage_AZ_NM_N_GW[AF],2018.0,2353273149.0,137936.0
1711,2030-04-01,GW_storage_AZ_NM_N_GW[AF],1980.0,2408813513.0,139916.0
1712,2030-05-01,GW_storage_AZ_NM_N_GW[AF],1941.0,2463288321.0,141857.0
1713,2030-06-01,GW_storage_AZ_NM_N_GW[AF],1905.0,2519189259.0,143762.0
1714,2030-07-01,GW_storage_AZ_NM_N_GW[AF],1868.0,2574987711.0,145630.0
1715,2030-08-01,GW_storage_AZ_NM_N_GW[AF],1832.0,2629845780.0,147462.0
1716,2030-09-01,GW_storage_AZ_NM_N_GW[AF],1798.0,2683731630.0,149260.0
1717,2030-10-01,GW_storage_AZ_NM_N_GW[AF],1763.0,2736573135.0,151023.0
1718,2030-11-01,GW_storage_AZ_NM_N_GW[AF],1729.0,2788437015.0,152752.0
1719,2030-12-01,GW_storage_AZ_NM_N_GW[AF],1696.0,2839371858.0,154448.0
1720,2031-01-01,GW_storage_AZ_NM_N_GW[AF],1664.0,2889285425.0,156112.0
1721,2031-02-01,GW_storage_AZ_NM_N_GW[AF],1634.0,2938331300.0,157746.0
1722,2031-03-01,GW_storage_AZ_NM_N_GW[AF],1603.0,2986403207.0,159349.0
1723,2031-04-01,GW_storage_AZ_NM_N_GW[AF],1573.0,3034117058.0,160922.0
1724,2031-05-01,GW_storage_AZ_NM_N_GW[AF],1543.0,3081639947.0,162465.0
1725,2031-06-01,GW_storage_AZ_NM_N_GW[AF],1513.0,3128466639.0,163978.0
1726,2031-07-01,GW_storage_AZ_NM_N_GW[AF],1394.0,3175256040.0,165372.0
1727,2031-08-01,GW_storage_AZ_NM_N_GW[AF],1368.0,3221201089.0,166740.0
1728,2031-09-01,GW_storage_AZ_NM_N_GW[AF],1342.0,3266538806.0,168082.0
1729,2031-10-01,GW_storage_AZ_NM_N_GW[AF],1316.0,3311005126.0,169398.0
1730,2031-11-01,GW_storage_AZ_NM_N_GW[AF],1291.0,3354843436.0,170689.0
1731,2031-12-01,GW_storage_AZ_NM_N_GW[AF],1267.0,3397917039.0,171956.0
1732,2032-01-01,GW_storage_AZ_NM_N_GW[AF],1241.0,3440765830.0,173197.0
1733,2032-02-01,GW_storage_AZ_NM_N_GW[AF],1219.0,3500332884.0,174416.0
1734,2032-03-01,GW_storage_AZ_NM_N_GW[AF],1196.0,3570397039.0,175612.0
1735,2032-04-01,GW_storage_AZ_NM_N_GW[AF],1173.0,3645988541.0,176785.0
1736,2032-05-01,GW_storage_AZ_NM_N_GW[AF],1151.0,3723860841.0,177936.0
1737,2032-06-01,GW_storage_AZ_NM_N_GW[AF],1128.0,3803847465.0,179064.0
1738,2032-07-01,GW_storage_AZ_NM_N_GW[AF],1107.0,3884065220.0,180171.0
1739,2032-08-01,GW_storage_AZ_NM_N_GW[AF],1085.0,3963910669.0,181256.0
1740,2032-09-01,GW_storage_AZ_NM_N_GW[AF],1065.0,4042724779.0,182321.0
1741,2032-10-01,GW_storage_AZ_NM_N_GW[AF],1044.0,4120308321.0,183365.0
1742,2032-11-01,GW_storage_AZ_NM_N_GW[AF],1025.0,4196679403.0,184390.0
1743,2032-12-01,GW_storage_AZ_NM_N_GW[AF],1005.0,4271822754.0,185395.0
1744,2033-01-01,GW_storage_AZ_NM_N_GW[AF],986.0,4345538492.0,186381.0
1745,2033-02-01,GW_storage_AZ_NM_N_GW[AF],968.0,4423218301.0,187349.0
1746,2033-03-01,GW_storage_AZ_NM_N_GW[AF],949.0,4505470297.0,188298.0
1747,2033-04-01,GW_storage_AZ_NM_N_GW[AF],932.0,4590681136.0,189230.0
1748,2033-05-01,GW_storage_AZ_NM_N_GW[AF],917.0,4675360581.0,190147.0
1749,2033-06-01,GW_storage_AZ_NM_N_GW[AF],899.0,4760708398.0,191046.0
1750,2033-07-01,GW_storage_AZ_NM_N_GW[AF],882.0,4846138178.0,191928.0
1751,2033-08-01,GW_storage_AZ_NM_N_GW[AF],861.0,4931118427.0,192789.0
1752,2033-09-01,GW_storage_AZ_NM_N_GW[AF],843.0,5014914731.0,193632.0
1753,2033-10-01,GW_storage_AZ_NM_N_GW[AF],827.0,5097508172.0,194459.0
1754,2033-11-01,GW_storage_AZ_NM_N_GW[AF],811.0,5178663669.0,195270.0
1755,2033-12-01,GW_storage_AZ_NM_N_GW[AF],796.0,5258443309.0,196066.0
1756,2034-01-01,GW_storage_AZ_NM_N_GW[AF],780.0,5339163828.0,196846.0
1757,2034-02-01,GW_storage_AZ_NM_N_GW[AF],767.0,5418722190.0,197613.0
1758,2034-03-01,GW_storage_AZ_NM_N_GW[AF],752.0,5500220744.0,198365.0
1759,2034-04-01,GW_storage_AZ_NM_N_GW[AF],1394.0,5584032903.0,199759.0
1760,2034-05-01,GW_storage_AZ_NM_N_GW[AF],1374.0,5676873319.0,201133.0
1761,2034-06-01,GW_storage_AZ_NM_N_GW[AF],1697.0,5773341236.0,202830.0
1762,2034-07-01,GW_storage_AZ_NM_N_GW[AF],1664.0,5871231225.0,204494.0
1763,2034-08-01,GW_storage_AZ_NM_N_GW[AF],1631.0,5968392389.0,206125.0
1764,2034-09-01,GW_storage_AZ_NM_N_GW[AF],1602.0,6064112138.0,207727.0
1765,2034-10-01,GW_storage_AZ_NM_N_GW[AF],1571.0,6158273690.0,209298.0
1766,2034-11-01,GW_storage_AZ_NM_N_GW[AF],1541.0,6251013792.0,210839.0
1767,2034-12-01,GW_storage_AZ_NM_N_GW[AF],1511.0,6342469856.0,212350.0
1768,2035-01-01,GW_storage_AZ_NM_N_GW[AF],1482.0,6432436397.0,213832.0
1769,2035-02-01,GW_storage_AZ_NM_N_GW[AF],1456.0,6520973109.0,215288.0
1770,2035-03-01,GW_storage_AZ_NM_N_GW[AF],1428.0,6608114132.0,216716.0
1771,2035-04-01,GW_storage_AZ_NM_N_GW[AF],1401.0,6694040771.0,218117.0
1772,2035-05-01,GW_storage_AZ_NM_N_GW[AF],1373.0,6778544504.0,219490.0
1773,2035-06-01,GW_storage_AZ_NM_N_GW[AF],1355.0,6863239534.0,220845.0
1774,2035-07-01,GW_storage_AZ_NM_N_GW[AF],1329.0,6947511289.0,222174.0
1775,2035-08-01,GW_storage_AZ_NM_N_GW[AF],1303.0,7030376153.0,223477.0
1776,2035-09-01,GW_storage_AZ_NM_N_GW[AF],1279.0,7112119087.0,224756.0
1777,2035-10-01,GW_storage_AZ_NM_N_GW[AF],1255.0,7192574428.0,226011.0
1778,2035-11-01,GW_storage_AZ_NM_N_GW[AF],1231.0,7271865334.0,227242.0
1779,2035-12-01,GW_storage_AZ_NM_N_GW[AF],1207.0,7350179909.0,228449.0
1780,2036-01-01,GW_storage_AZ_NM_N_GW[AF],1183.0,7427195979.0,229632.0
1781,2036-02-01,GW_storage_AZ_NM_N_GW[AF],1162.0,7503024891.0,230794.0
1782,2036-03-01,GW_storage_AZ_NM_N_GW[AF],1140.0,7577632108.0,231934.0
1783,2036-04-01,GW_storage_AZ_NM_N_GW[AF],1118.0,7651185144.0,233052.0
1784,2036-05-01,GW_storage_AZ_NM_N_GW[AF],1091.0,7724300240.0,234143.0
1785,2036-06-01,GW_storage_AZ_NM_N_GW[AF],1658.0,7796353708.0,235801.0
1786,2036-07-01,GW_storage_AZ_NM_N_GW[AF],1821.0,7867314948.0,237622.0
1787,2036-08-01,GW_storage_AZ_NM_N_GW[AF],1786.0,7937241278.0,239408.0
1788,2036-09-01,GW_storage_AZ_NM_N_GW[AF],1752.0,8006295323.0,241160.0
1789,2036-10-01,GW_storage_AZ_NM_N_GW[AF],1718.0,8074305646.0,242878.0
1790,2036-11-01,GW_storage_AZ_NM_N_GW[AF],1686.0,8141376577.0,244564.0
1791,2036-12-01,GW_storage_AZ_NM_N_GW[AF],1653.0,8207644541.0,246217.0
1792,2037-01-01,GW_storage_AZ_NM_N_GW[AF],1622.0,8273161410.0,247839.0
1793,2037-02-01,GW_storage_AZ_NM_N_GW[AF],1593.0,8337733681.0,249432.0
1794,2037-03-01,GW_storage_AZ_NM_N_GW[AF],1562.0,8401237350.0,250994.0
1795,2037-04-01,GW_storage_AZ_NM_N_GW[AF],1533.0,8463716442.0,252527.0
1796,2037-05-01,GW_storage_AZ_NM_N_GW[AF],1503.0,8525229166.0,254030.0
1797,2037-06-01,GW_storage_AZ_NM_N_GW[AF],1475.0,8585780498.0,255505.0
1798,2037-07-01,GW_storage_AZ_NM_N_GW[AF],1447.0,8645518277.0,256952.0
1799,2037-08-01,GW_storage_AZ_NM_N_GW[AF],1419.0,8704580765.0,258371.0
1800,2037-09-01,GW_storage_AZ_NM_N_GW[AF],1391.0,8763159684.0,259762.0
1801,2037-10-01,GW_storage_AZ_NM_N_GW[AF],1365.0,8821181815.0,261127.0
1802,2037-11-01,GW_storage_AZ_NM_N_GW[AF],1340.0,8878677095.0,262467.0
1803,2037-12-01,GW_storage_AZ_NM_N_GW[AF],1313.0,8935618642.0,263780.0
1804,2038-01-01,GW_storage_AZ_NM_N_GW[AF],1287.0,8991690289.0,265067.0
1805,2038-02-01,GW_storage_AZ_NM_N_GW[AF],1265.0,9049081585.0,266332.0
1806,2038-03-01,GW_storage_AZ_NM_N_GW[AF],1241.0,9108044798.0,267573.0
1807,2038-04-01,GW_storage_AZ_NM_N_GW[AF],1218.0,9168794933.0,268791.0
1808,2038-05-01,GW_storage_AZ_NM_N_GW[AF],1194.0,9229969082.0,269985.0
1809,2038-06-01,GW_storage_AZ_NM_N_GW[AF],1171.0,9290494843.0,271156.0
1810,2038-07-01,GW_storage_AZ_NM_N_GW[AF],1149.0,9350294408.0,272305.0
1811,2038-08-01,GW_storage_AZ_NM_N_GW[AF],1127.0,9409318940.0,273432.0
1812,2038-09-01,GW_storage_AZ_NM_N_GW[AF],1105.0,9467673979.0,274537.0
1813,2038-10-01,GW_storage_AZ_NM_N_GW[AF],1085.0,9525253636.0,275622.0
1814,2038-11-01,GW_storage_AZ_NM_N_GW[AF],1064.0,9582098472.0,276686.0
1815,2038-12-01,GW_storage_AZ_NM_N_GW[AF],1043.0,9638248766.0,277729.0
1816,2039-01-01,GW_storage_AZ_NM_N_GW[AF],1023.0,9693650977.0,278752.0
1817,2039-02-01,GW_storage_AZ_NM_N_GW[AF],1005.0,9750458830.0,279757.0
1818,2039-03-01,GW_storage_AZ_NM_N_GW[AF],985.0,9809156458.0,280742.0
1819,2039-04-01,GW_storage_AZ_NM_N_GW[AF],968.0,9868559467.0,281710.0
1820,2039-05-01,GW_storage_AZ_NM_N_GW[AF],949.0,9927385773.0,282659.0
1821,2039-06-01,GW_storage_AZ_NM_N_GW[AF],931.0,9986965256.0,283590.0
1822,2039-07-01,GW_storage_AZ_NM_N_GW[AF],913.0,10046475029.0,284503.0
1823,2039-08-01,GW_storage_AZ_NM_N_GW[AF],895.0,10105238592.0,285398.0
1824,2039-09-01,GW_storage_AZ_NM_N_GW[AF],878.0,10163363477.0,286276.0
1825,2039-10-01,GW_storage_AZ_NM_N_GW[AF],861.0,10220781260.0,287137.0
1826,2039-11-01,GW_storage_AZ_NM_N_GW[AF],845.0,10277373162.0,287982.0
1827,2039-12-01,GW_storage_AZ_NM_N_GW[AF],829.0,10333185165.0,288811.0
1828,2040-01-01,GW_storage_AZ_NM_N_GW[AF],812.0,10388289039.0,289623.0
1829,2040-02-01,GW_storage_AZ_NM_N_GW[AF],797.0,10442633493.0,290420.0
1830,2040-03-01,GW_storage_AZ_NM_N_GW[AF],782.0,10496196844.0,291202.0
1831,2040-04-01,GW_storage_AZ_NM_N_GW[AF],768.0,10549040409.0,291970.0
1832,2040-05-01,GW_storage_AZ_NM_N_GW[AF],753.0,10601395194.0,292723.0
1833,2040-06-01,GW_storage_AZ_NM_N_GW[AF],771.0,10653107949.0,293494.0
1834,2040-07-01,GW_storage_AZ_NM_N_GW[AF],756.0,10704171007.0,294250.0
1835,2040-08-01,GW_storage_AZ_NM_N_GW[AF],741.0,10754605305.0,294991.0
1836,2040-09-01,GW_storage_AZ_NM_N_GW[AF],727.0,10804445973.0,295718.0
1837,2040-10-01,GW_storage_AZ_NM_N_GW[AF],714.0,10853648570.0,296432.0
1838,2040-11-01,GW_storage_AZ_NM_N_GW[AF],700.0,10902484914.0,297132.0
1839,2040-12-01,GW_storage_AZ_NM_N_GW[AF],687.0,10950730644.0,297819.0
1840,2041-01-01,GW_storage_AZ_NM_N_GW[AF],673.0,10998281298.0,298492.0
1841,2041-02-01,GW_storage_AZ_NM_N_GW[AF],662.0,11047818234.0,299154.0
1842,2041-03-01,GW_storage_AZ_NM_N_GW[AF],649.0,11099139984.0,299803.0
1843,2041-04-01,GW_storage_AZ_NM_N_GW[AF],637.0,11151170281.0,300440.0
1844,2041-05-01,GW_storage_AZ_NM_N_GW[AF],624.0,11202540882.0,301064.0
1845,2041-06-01,GW_storage_AZ_NM_N_GW[AF],612.0,11253584926.0,301676.0
1846,2041-07-01,GW_storage_AZ_NM_N_GW[AF],600.0,11304087287.0,302276.0
1847,2041-08-01,GW_storage_AZ_NM_N_GW[AF],589.0,11354085428.0,302865.0
1848,2041-09-01,GW_storage_AZ_NM_N_GW[AF],578.0,11403615397.0,303443.0
1849,2041-10-01,GW_storage_AZ_NM_N_GW[AF],566.0,11452671944.0,304009.0
1850,2041-11-01,GW_storage_AZ_NM_N_GW[AF],556.0,11501212889.0,304565.0
1851,2041-12-01,GW_storage_AZ_NM_N_GW[AF],545.0,11549056939.0,305110.0
1852,2042-01-01,GW_storage_AZ_NM_N_GW[AF],534.0,11596204581.0,305644.0
1853,2042-02-01,GW_storage_AZ_NM_N_GW[AF],526.0,11642935334.0,306170.0
1854,2042-03-01,GW_storage_AZ_NM_N_GW[AF],515.0,11689092595.0,306685.0
1855,2042-04-01,GW_storage_AZ_NM_N_GW[AF],505.0,11735022869.0,307190.0
1856,2042-05-01,GW_storage_AZ_NM_N_GW[AF],496.0,11780876718.0,307686.0
1857,2042-06-01,GW_storage_AZ_NM_N_GW[AF],482.0,11826092725.0,308168.0
1858,2042-07-01,GW_storage_AZ_NM_N_GW[AF],473.0,11871546727.0,308641.0
1859,2042-08-01,GW_storage_AZ_NM_N_GW[AF],464.0,11916431990.0,309105.0
1860,2042-09-01,GW_storage_AZ_NM_N_GW[AF],455.0,11960791410.0,309560.0
1861,2042-10-01,GW_storage_AZ_NM_N_GW[AF],446.0,12004660184.0,310006.0
1862,2042-11-01,GW_storage_AZ_NM_N_GW[AF],438.0,12048130811.0,310444.0
1863,2042-12-01,GW_storage_AZ_NM_N_GW[AF],430.0,12091062837.0,310874.0
1864,2043-01-01,GW_storage_AZ_NM_N_GW[AF],421.0,12133444088.0,311295.0
1865,2043-02-01,GW_storage_AZ_NM_N_GW[AF],413.0,12175363925.0,311708.0
1866,2043-03-01,GW_storage_AZ_NM_N_GW[AF],405.0,12216725340.0,312113.0
1867,2043-04-01,GW_storage_AZ_NM_N_GW[AF],2693.0,12257666079.0,314806.0
1868,2043-05-01,GW_storage_AZ_NM_N_GW[AF],2997.0,12298078753.0,317803.0
1869,2043-06-01,GW_storage_AZ_NM_N_GW[AF],3143.0,12338040338.0,320946.0
1870,2043-07-01,GW_storage_AZ_NM_N_GW[AF],3509.0,12377535688.0,324455.0
1871,2043-08-01,GW_storage_AZ_NM_N_GW[AF],3668.0,12416568319.0,328123.0
1872,2043-09-01,GW_storage_AZ_NM_N_GW[AF],3600.0,12455234071.0,331723.0
1873,2043-10-01,GW_storage_AZ_NM_N_GW[AF],3530.0,12493493716.0,335253.0
1874,2043-11-01,GW_storage_AZ_NM_N_GW[AF],3464.0,12531340494.0,338717.0
1875,2043-12-01,GW_storage_AZ_NM_N_GW[AF],3396.0,12568703212.0,342113.0
1876,2044-01-01,GW_storage_AZ_NM_N_GW[AF],3330.0,12605614127.0,345443.0
1877,2044-02-01,GW_storage_AZ_NM_N_GW[AF],3271.0,12642100391.0,348714.0
1878,2044-03-01,GW_storage_AZ_NM_N_GW[AF],3206.0,12678094207.0,351920.0
1879,2044-04-01,GW_storage_AZ_NM_N_GW[AF],3270.0,12715489683.0,355190.0
1880,2044-05-01,GW_storage_AZ_NM_N_GW[AF],3352.0,12757376464.0,358542.0
1881,2044-06-01,GW_storage_AZ_NM_N_GW[AF],3030.0,12798680033.0,361572.0
1882,2044-07-01,GW_storage_AZ_NM_N_GW[AF],2661.0,12840178366.0,364233.0
1883,2044-08-01,GW_storage_AZ_NM_N_GW[AF],2752.0,12881238666.0,366985.0
1884,2044-09-01,GW_storage_AZ_NM_N_GW[AF],2701.0,12921922929.0,369686.0
1885,2044-10-01,GW_storage_AZ_NM_N_GW[AF],2648.0,12962137170.0,372334.0
1886,2044-11-01,GW_storage_AZ_NM_N_GW[AF],2598.0,13001917872.0,374932.0
1887,2044-12-01,GW_storage_AZ_NM_N_GW[AF],2549.0,13041192913.0,377481.0
1888,2045-01-01,GW_storage_AZ_NM_N_GW[AF],2499.0,13079996277.0,379980.0
1889,2045-02-01,GW_storage_AZ_NM_N_GW[AF],2455.0,13119222084.0,382435.0
1890,2045-03-01,GW_storage_AZ_NM_N_GW[AF],2408.0,13158364150.0,384843.0
1891,2045-04-01,GW_storage_AZ_NM_N_GW[AF],2363.0,13198157185.0,387206.0
1892,2045-05-01,GW_storage_AZ_NM_N_GW[AF],2317.0,13237869018.0,389523.0
1893,2045-06-01,GW_storage_AZ_NM_N_GW[AF],2273.0,13278774379.0,391796.0
1894,2045-07-01,GW_storage_AZ_NM_N_GW[AF],2235.0,13324244062.0,394031.0
1895,2045-08-01,GW_storage_AZ_NM_N_GW[AF],2354.0,13372386542.0,396385.0
1896,2045-09-01,GW_storage_AZ_NM_N_GW[AF],2310.0,13419876881.0,398695.0
1897,2045-10-01,GW_storage_AZ_NM_N_GW[AF],2265.0,13466818785.0,400960.0
1898,2045-11-01,GW_storage_AZ_NM_N_GW[AF],2223.0,13513160105.0,403183.0
1899,2045-12-01,GW_storage_AZ_NM_N_GW[AF],2180.0,13560745919.0,405363.0
1900,2046-01-01,GW_storage_AZ_NM_N_GW[AF],2138.0,13615290772.0,407501.0
1901,2046-02-01,GW_storage_AZ_NM_N_GW[AF],2100.0,13677811710.0,409601.0
1902,2046-03-01,GW_storage_AZ_NM_N_GW[AF],2059.0,13748607831.0,411660.0
1903,2046-04-01,GW_storage_AZ_NM_N_GW[AF],2026.0,13826873589.0,413686.0
1904,2046-05-01,GW_storage_AZ_NM_N_GW[AF],1992.0,13907944967.0,415678.0
1905,2046-06-01,GW_storage_AZ_NM_N_GW[AF],1987.0,13989979852.0,417665.0
1906,2046-07-01,GW_storage_AZ_NM_N_GW[AF],1948.0,14071604903.0,419613.0
1907,2046-08-01,GW_storage_AZ_NM_N_GW[AF],1943.0,14152131683.0,421556.0
1908,2046-09-01,GW_storage_AZ_NM_N_GW[AF],1907.0,14231617714.0,423463.0
1909,2046-10-01,GW_storage_AZ_NM_N_GW[AF],1870.0,14310005025.0,425333.0
1910,2046-11-01,GW_storage_AZ_NM_N_GW[AF],1835.0,14387273527.0,427168.0
1911,2046-12-01,GW_storage_AZ_NM_N_GW[AF],1799.0,14463437376.0,428967.0
1912,2047-01-01,GW_storage_AZ_NM_N_GW[AF],1764.0,14538457981.0,430731.0
1913,2047-02-01,GW_storage_AZ_NM_N_GW[AF],1734.0,14612508014.0,432465.0
1914,2047-03-01,GW_storage_AZ_NM_N_GW[AF],1700.0,14685452283.0,434165.0
1915,2047-04-01,GW_storage_AZ_NM_N_GW[AF],1668.0,14764472816.0,435833.0
1916,2047-05-01,GW_storage_AZ_NM_N_GW[AF],1636.0,14860897341.0,437469.0
1917,2047-06-01,GW_storage_AZ_NM_N_GW[AF],1605.0,14972506362.0,439074.0
1918,2047-07-01,GW_storage_AZ_NM_N_GW[AF],1574.0,15088231692.0,440648.0
1919,2047-08-01,GW_storage_AZ_NM_N_GW[AF],1543.0,15203332934.0,442191.0
1920,2047-09-01,GW_storage_AZ_NM_N_GW[AF],1515.0,15317492289.0,443706.0
1921,2047-10-01,GW_storage_AZ_NM_N_GW[AF],1485.0,15430042333.0,445191.0
1922,2047-11-01,GW_storage_AZ_NM_N_GW[AF],1457.0,15542831934.0,446648.0
1923,2047-12-01,GW_storage_AZ_NM_N_GW[AF],1429.0,15653870877.0,448077.0
1924,2048-01-01,GW_storage_AZ_NM_N_GW[AF],1401.0,15763169397.0,449478.0
1925,2048-02-01,GW_storage_AZ_NM_N_GW[AF],1376.0,15872138297.0,450854.0
1926,2048-03-01,GW_storage_AZ_NM_N_GW[AF],1350.0,15987897138.0,452204.0
1927,2048-04-01,GW_storage_AZ_NM_N_GW[AF],1324.0,16106751114.0,453528.0
1928,2048-05-01,GW_storage_AZ_NM_N_GW[AF],1298.0,16226738594.0,454826.0
1929,2048-06-01,GW_storage_AZ_NM_N_GW[AF],1274.0,16346930466.0,456100.0
1930,2048-07-01,GW_storage_AZ_NM_N_GW[AF],1257.0,16466203172.0,457357.0
1931,2048-08-01,GW_storage_AZ_NM_N_GW[AF],1232.0,16583670765.0,458589.0
1932,2048-09-01,GW_storage_AZ_NM_N_GW[AF],1208.0,16699553017.0,459797.0
1933,2048-10-01,GW_storage_AZ_NM_N_GW[AF],1185.0,16813788962.0,460982.0
1934,2048-11-01,GW_storage_AZ_NM_N_GW[AF],1163.0,16926416472.0,462145.0
1935,2048-12-01,GW_storage_AZ_NM_N_GW[AF],1141.0,17038918116.0,463286.0
1936,2049-01-01,GW_storage_AZ_NM_N_GW[AF],1118.0,17150214903.0,464404.0
1937,2049-02-01,GW_storage_AZ_NM_N_GW[AF],1098.0,17259849423.0,465502.0
1938,2049-03-01,GW_storage_AZ_NM_N_GW[AF],1078.0,17374140295.0,466580.0
1939,2049-04-01,GW_storage_AZ_NM_N_GW[AF],1058.0,17496980626.0,467638.0
1940,2049-05-01,GW_storage_AZ_NM_N_GW[AF],1037.0,17623520262.0,468675.0
1941,2049-06-01,GW_storage_AZ_NM_N_GW[AF],1017.0,17749882278.0,469692.0
1942,2049-07-01,GW_storage_AZ_NM_N_GW[AF],998.0,17875311834.0,470690.0
1943,2049-08-01,GW_storage_AZ_NM_N_GW[AF],972.0,17998950915.0,471662.0
1944,2049-09-01,GW_storage_AZ_NM_N_GW[AF],954.0,18120987592.0,472616.0
1945,2049-10-01,GW_storage_AZ_NM_N_GW[AF],934.0,18241422265.0,473550.0
1946,2049-11-01,GW_storage_AZ_NM_N_GW[AF],917.0,18360102830.0,474467.0
1947,2049-12-01,GW_storage_AZ_NM_N_GW[AF],900.0,18476910369.0,475367.0
1948,2050-01-01,GW_storage_AZ_NM_N_GW[AF],882.0,18591916831.0,476249.0
1949,2050-02-01,GW_storage_AZ_NM_N_GW[AF],866.0,18705272956.0,477115.0
1950,2050-03-01,GW_storage_AZ_NM_N_GW[AF],849.0,18821028859.0,477964.0
1951,2050-04-01,GW_storage_AZ_NM_N_GW[AF],834.0,18940506995.0,478798.0
1952,2050-05-01,GW_storage_AZ_NM_N_GW[AF],818.0,19059600483.0,479616.0
1953,2050-06-01,GW_storage_AZ_NM_N_GW[AF],802.0,19178428021.0,480418.0
1954,2050-07-01,GW_storage_AZ_NM_N_GW[AF],786.0,19296435077.0,481204.0
1955,2050-08-01,GW_storage_AZ_NM_N_GW[AF],771.0,19412834260.0,481975.0
1956,2050-09-01,GW_storage_AZ_NM_N_GW[AF],757.0,19527808893.0,482732.0
1957,2050-10-01,GW_storage_AZ_NM_N_GW[AF],743.0,19641173895.0,483475.0
1958,2050-11-01,GW_storage_AZ_NM_N_GW[AF],729.0,19752769080.0,484204.0
1959,2050-12-01,GW_storage_AZ_NM_N_GW[AF],715.0,19862611454.0,484919.0
1960,2051-01-01,GW_storage_AZ_NM_N_GW[AF],700.0,19970764786.0,485619.0
1961,2051-02-01,GW_storage_AZ_NM_N_GW[AF],688.0,20077395432.0,486307.0
1962,2051-03-01,GW_storage_AZ_NM_N_GW[AF],675.0,20182370827.0,486982.0
1963,2051-04-01,GW_storage_AZ_NM_N_GW[AF],662.0,20291580463.0,487644.0
1964,2051-05-01,GW_storage_AZ_NM_N_GW[AF],649.0,20400038326.0,488293.0
1965,2051-06-01,GW_storage_AZ_NM_N_GW[AF],637.0,20508257786.0,488930.0
1966,2051-07-01,GW_storage_AZ_NM_N_GW[AF],625.0,20615875318.0,489555.0
1967,2051-08-01,GW_storage_AZ_NM_N_GW[AF],613.0,20722198437.0,490168.0
1968,2051-09-01,GW_storage_AZ_NM_N_GW[AF],602.0,20827038775.0,490770.0
1969,2051-10-01,GW_storage_AZ_NM_N_GW[AF],590.0,20930437548.0,491360.0
1970,2051-11-01,GW_storage_AZ_NM_N_GW[AF],579.0,21032468769.0,491939.0
1971,2051-12-01,GW_storage_AZ_NM_N_GW[AF],568.0,21133705710.0,492507.0
1972,2052-01-01,GW_storage_AZ_NM_N_GW[AF],557.0,21233433839.0,493064.0
1973,2052-02-01,GW_storage_AZ_NM_N_GW[AF],547.0,21331717041.0,493611.0
1974,2052-03-01,GW_storage_AZ_NM_N_GW[AF],536.0,21429607427.0,494147.0
1975,2052-04-01,GW_storage_AZ_NM_N_GW[AF],526.0,21527851494.0,494673.0
1976,2052-05-01,GW_storage_AZ_NM_N_GW[AF],516.0,21624977785.0,495189.0
1977,2052-06-01,GW_storage_AZ_NM_N_GW[AF],506.0,21720857498.0,495695.0
1978,2052-07-01,GW_storage_AZ_NM_N_GW[AF],497.0,21815421513.0,496192.0
1979,2052-08-01,GW_storage_AZ_NM_N_GW[AF],486.0,21908765850.0,496678.0
1980,2052-09-01,GW_storage_AZ_NM_N_GW[AF],477.0,22001026854.0,497155.0
1981,2052-10-01,GW_storage_AZ_NM_N_GW[AF],468.0,22092179195.0,497623.0
1982,2052-11-01,GW_storage_AZ_NM_N_GW[AF],459.0,22182158688.0,498082.0
1983,2052-12-01,GW_storage_AZ_NM_N_GW[AF],450.0,22270990851.0,498532.0
1984,2053-01-01,GW_storage_AZ_NM_N_GW[AF],441.0,22358572318.0,498973.0
1985,2053-02-01,GW_storage_AZ_NM_N_GW[AF],433.0,22445234888.0,499406.0
1986,2053-03-01,GW_storage_AZ_NM_N_GW[AF],425.0,22531338210.0,499831.0
1987,2053-04-01,GW_storage_AZ_NM_N_GW[AF],418.0,22618197854.0,500249.0
1988,2053-05-01,GW_storage_AZ_NM_N_GW[AF],409.0,22705000235.0,500658.0
1989,2053-06-01,GW_storage_AZ_NM_N_GW[AF],418.0,22792005107.0,501076.0
1990,2053-07-01,GW_storage_AZ_NM_N_GW[AF],434.0,22878611714.0,501510.0
1991,2053-08-01,GW_storage_AZ_NM_N_GW[AF],198.0,22964123789.0,501708.0
1992,2053-09-01,GW_storage_AZ_NM_N_GW[AF],195.0,23048536524.0,501903.0
1993,2053-10-01,GW_storage_AZ_NM_N_GW[AF],191.0,23131866519.0,502094.0
1994,2053-11-01,GW_storage_AZ_NM_N_GW[AF],187.0,23214276747.0,502281.0
1995,2053-12-01,GW_storage_AZ_NM_N_GW[AF],184.0,23295578937.0,502465.0
1996,2054-01-01,GW_storage_AZ_NM_N_GW[AF],180.0,23375761806.0,502645.0
1997,2054-02-01,GW_storage_AZ_NM_N_GW[AF],176.0,23454991045.0,502821.0
1998,2054-03-01,GW_storage_AZ_NM_N_GW[AF],174.0,23533194281.0,502995.0
1999,2054-04-01,GW_storage_AZ_NM_N_GW[AF],165.0,23610840643.0,503160.0
2000,2054-05-01,GW_storage_AZ_NM_N_GW[AF],158.0,23687968757.0,503318.0
2001,2054-06-01,GW_storage_AZ_NM_N_GW[AF],49.0,23764134532.0,503367.0
2002,2054-07-01,GW_storage_AZ_NM_N_GW[AF],245.0,23839346953.0,503612.0
2003,2054-08-01,GW_storage_AZ_NM_N_GW[AF],127.0,23913680649.0,503739.0
2004,2054-09-01,GW_storage_AZ_NM_N_GW[AF],125.0,23987275722.0,503864.0
2005,2054-10-01,GW_storage_AZ_NM_N_GW[AF],122.0,24060063673.0,503986.0
2006,2054-11-01,GW_storage_AZ_NM_N_GW[AF],120.0,24132040073.0,504106.0
2007,2054-12-01,GW_storage_AZ_NM_N_GW[AF],118.0,24203075252.0,504224.0
2008,2055-01-01,GW_storage_AZ_NM_N_GW[AF],115.0,24273232069.0,504339.0
2009,2055-02-01,GW_storage_AZ_NM_N_GW[AF],113.0,24346983422.0,504452.0
2010,2055-03-01,GW_storage_AZ_NM_N_GW[AF],111.0,24429418525.0,504563.0
2011,2055-04-01,GW_storage_AZ_NM_N_GW[AF],107.0,24519974284.0,504670.0
2012,2055-05-01,GW_storage_AZ_NM_N_GW[AF],109.0,24612887460.0,504779.0
2013,2055-06-01,GW_storage_AZ_NM_N_GW[AF],50.0,24705731755.0,504829.0
2014,2055-07-01,GW_storage_AZ_NM_N_GW[AF],268.0,24797561549.0,505097.0
2015,2055-08-01,GW_storage_AZ_NM_N_GW[AF],149.0,24888417864.0,505246.0
2016,2055-09-01,GW_storage_AZ_NM_N_GW[AF],146.0,24978247446.0,505392.0
2017,2055-10-01,GW_storage_AZ_NM_N_GW[AF],144.0,25067037402.0,505536.0
2018,2055-11-01,GW_storage_AZ_NM_N_GW[AF],141.0,25154620871.0,505677.0
2019,2055-12-01,GW_storage_AZ_NM_N_GW[AF],138.0,25240958786.0,505815.0
2020,2056-01-01,GW_storage_AZ_NM_N_GW[AF],136.0,25326085001.0,505951.0
2021,2056-02-01,GW_storage_AZ_NM_N_GW[AF],134.0,25410115783.0,506085.0
2022,2056-03-01,GW_storage_AZ_NM_N_GW[AF],131.0,25493046199.0,506216.0
2023,2056-04-01,GW_storage_AZ_NM_N_GW[AF],128.0,25579867650.0,506344.0
2024,2056-05-01,GW_storage_AZ_NM_N_GW[AF],126.0,25665994452.0,506470.0
2025,2056-06-01,GW_storage_AZ_NM_N_GW[AF],537.0,25751014051.0,507007.0
2026,2056-07-01,GW_storage_AZ_NM_N_GW[AF],298.0,25834999057.0,507305.0
2027,2056-08-01,GW_storage_AZ_NM_N_GW[AF],195.0,25918012980.0,507500.0
2028,2056-09-01,GW_storage_AZ_NM_N_GW[AF],191.0,26000006720.0,507691.0
2029,2056-10-01,GW_storage_AZ_NM_N_GW[AF],188.0,26080893812.0,507879.0
2030,2056-11-01,GW_storage_AZ_NM_N_GW[AF],184.0,26160908259.0,508063.0
2031,2056-12-01,GW_storage_AZ_NM_N_GW[AF],180.0,26240212456.0,508243.0
2032,2057-01-01,GW_storage_AZ_NM_N_GW[AF],177.0,26318587848.0,508420.0
2033,2057-02-01,GW_storage_AZ_NM_N_GW[AF],174.0,26395985372.0,508594.0
2034,2057-03-01,GW_storage_AZ_NM_N_GW[AF],170.0,26472734266.0,508764.0
2035,2057-04-01,GW_storage_AZ_NM_N_GW[AF],168.0,26556295278.0,508932.0
2036,2057-05-01,GW_storage_AZ_NM_N_GW[AF],164.0,26638790503.0,509096.0
2037,2057-06-01,GW_storage_AZ_NM_N_GW[AF],161.0,26720263696.0,509257.0
2038,2057-07-01,GW_storage_AZ_NM_N_GW[AF],159.0,26800720453.0,509416.0
2039,2057-08-01,GW_storage_AZ_NM_N_GW[AF],155.0,26880212595.0,509571.0
2040,2057-09-01,GW_storage_AZ_NM_N_GW[AF],152.0,26958875022.0,509723.0
2041,2057-10-01,GW_storage_AZ_NM_N_GW[AF],149.0,27036568588.0,509872.0
2042,2057-11-01,GW_storage_AZ_NM_N_GW[AF],147.0,27113396201.0,510019.0
2043,2057-12-01,GW_storage_AZ_NM_N_GW[AF],144.0,27189264327.0,510163.0
2044,2058-01-01,GW_storage_AZ_NM_N_GW[AF],141.0,27264124633.0,510304.0
2045,2058-02-01,GW_storage_AZ_NM_N_GW[AF],138.0,27348265847.0,510442.0
2046,2058-03-01,GW_storage_AZ_NM_N_GW[AF],136.0,27440889382.0,510578.0
2047,2058-04-01,GW_storage_AZ_NM_N_GW[AF],133.0,27539133274.0,510711.0
2048,2058-05-01,GW_storage_AZ_NM_N_GW[AF],131.0,27639449314.0,510842.0
2049,2058-06-01,GW_storage_AZ_NM_N_GW[AF],129.0,27738779306.0,510971.0
2050,2058-07-01,GW_storage_AZ_NM_N_GW[AF],126.0,27837531793.0,511097.0
2051,2058-08-01,GW_storage_AZ_NM_N_GW[AF],123.0,27935280444.0,511220.0
2052,2058-09-01,GW_storage_AZ_NM_N_GW[AF],121.0,28031862865.0,511341.0
2053,2058-10-01,GW_storage_AZ_NM_N_GW[AF],119.0,28127260463.0,511460.0
2054,2058-11-01,GW_storage_AZ_NM_N_GW[AF],116.0,28221366217.0,511576.0
2055,2058-12-01,GW_storage_AZ_NM_N_GW[AF],114.0,28314157055.0,511690.0
2056,2059-01-01,GW_storage_AZ_NM_N_GW[AF],112.0,28405540773.0,511802.0
2057,2059-02-01,GW_storage_AZ_NM_N_GW[AF],110.0,28502067677.0,511912.0
2058,2059-03-01,GW_storage_AZ_NM_N_GW[AF],108.0,28605457246.0,512020.0
2059,2059-04-01,GW_storage_AZ_NM_N_GW[AF],106.0,28717814838.0,512126.0
2060,2059-05-01,GW_storage_AZ_NM_N_GW[AF],104.0,28830913147.0,512230.0
2061,2059-06-01,GW_storage_AZ_NM_N_GW[AF],105.0,28943770190.0,512335.0
2062,2059-07-01,GW_storage_AZ_NM_N_GW[AF],-3.0,29055182582.0,512332.0
2063,2059-08-01,GW_storage_AZ_NM_N_GW[AF],-3.0,29165160032.0,512329.0
2064,2059-09-01,GW_storage_AZ_NM_N_GW[AF],-2.0,29273920291.0,512327.0
2065,2059-10-01,GW_storage_AZ_NM_N_GW[AF],-3.0,29381402010.0,512324.0
2066,2059-11-01,GW_storage_AZ_NM_N_GW[AF],-3.0,29487451547.0,512321.0
2067,2059-12-01,GW_storage_AZ_NM_N_GW[AF],-2.0,29592083281.0,512319.0
2068,2060-01-01,GW_storage_AZ_NM_N_GW[AF],-2.0,29695071869.0,512317.0
2069,2060-02-01,GW_storage_AZ_NM_N_GW[AF],-3.0,29797999369.0,512314.0
2070,2060-03-01,GW_storage_AZ_NM_N_GW[AF],-2.0,29907235449.0,512312.0
2071,2060-04-01,GW_storage_AZ_NM_N_GW[AF],-2.0,30022282651.0,512310.0
2072,2060-05-01,GW_storage_AZ_NM_N_GW[AF],-2.0,30138204137.0,512308.0
2073,2060-06-01,GW_storage_AZ_NM_N_GW[AF],-66.0,30253989194.0,512242.0
2074,2060-07-01,GW_storage_AZ_NM_N_GW[AF],-130.0,30369445165.0,512112.0
2075,2060-08-01,GW_storage_AZ_NM_N_GW[AF],-176.0,30483354195.0,511936.0
2076,2060-09-01,GW_storage_AZ_NM_N_GW[AF],-174.0,30595912136.0,511762.0
2077,2060-10-01,GW_storage_AZ_NM_N_GW[AF],-169.0,30707058453.0,511593.0
2078,2060-11-01,GW_storage_AZ_NM_N_GW[AF],-167.0,30816686913.0,511426.0
2079,2060-12-01,GW_storage_AZ_NM_N_GW[AF],-164.0,30924630927.0,511262.0
2080,2061-01-01,GW_storage_AZ_NM_N_GW[AF],-161.0,31038058188.0,511101.0
2081,2061-02-01,GW_storage_AZ_NM_N_GW[AF],-158.0,31163247262.0,510943.0
2082,2061-03-01,GW_storage_AZ_NM_N_GW[AF],-155.0,31301926464.0,510788.0
2083,2061-04-01,GW_storage_AZ_NM_N_GW[AF],-152.0,31460043743.0,510636.0
2084,2061-05-01,GW_storage_AZ_NM_N_GW[AF],-149.0,31621719240.0,510487.0
2085,2061-06-01,GW_storage_AZ_NM_N_GW[AF],-129.0,31781944019.0,510358.0
2086,2061-07-01,GW_storage_AZ_NM_N_GW[AF],-111.0,31940594248.0,510247.0
2087,2061-08-01,GW_storage_AZ_NM_N_GW[AF],-109.0,32097666692.0,510138.0
2088,2061-09-01,GW_storage_AZ_NM_N_GW[AF],-107.0,32253244922.0,510031.0
2089,2061-10-01,GW_storage_AZ_NM_N_GW[AF],-105.0,32407132898.0,509926.0
2090,2061-11-01,GW_storage_AZ_NM_N_GW[AF],-102.0,32559108380.0,509824.0
2091,2061-12-01,GW_storage_AZ_NM_N_GW[AF],-101.0,32709321481.0,509723.0
2092,2062-01-01,GW_storage_AZ_NM_N_GW[AF],-99.0,32858735378.0,509624.0
2093,2062-02-01,GW_storage_AZ_NM_N_GW[AF],-97.0,33022044851.0,509527.0
2094,2062-03-01,GW_storage_AZ_NM_N_GW[AF],-95.0,33198837130.0,509432.0
2095,2062-04-01,GW_storage_AZ_NM_N_GW[AF],-94.0,33390837210.0,509338.0
2096,2062-05-01,GW_storage_AZ_NM_N_GW[AF],-91.0,33584259641.0,509247.0
2097,2062-06-01,GW_storage_AZ_NM_N_GW[AF],-90.0,33776858517.0,509157.0
2098,2062-07-01,GW_storage_AZ_NM_N_GW[AF],-88.0,33967635736.0,509069.0
2099,2062-08-01,GW_storage_AZ_NM_N_GW[AF],-86.0,34156855847.0,508983.0
2100,2062-09-01,GW_storage_AZ_NM_N_GW[AF],-85.0,34344548104.0,508898.0
2101,2062-10-01,GW_storage_AZ_NM_N_GW[AF],-83.0,34530332137.0,508815.0
2102,2062-11-01,GW_storage_AZ_NM_N_GW[AF],-82.0,34714073091.0,508733.0
2103,2062-12-01,GW_storage_AZ_NM_N_GW[AF],-80.0,34895778448.0,508653.0
2104,2063-01-01,GW_storage_AZ_NM_N_GW[AF],-79.0,35079072230.0,508574.0
2105,2063-02-01,GW_storage_AZ_NM_N_GW[AF],-77.0,35269350335.0,508497.0
2106,2063-03-01,GW_storage_AZ_NM_N_GW[AF],-76.0,35470064786.0,508421.0
2107,2063-04-01,GW_storage_AZ_NM_N_GW[AF],-74.0,35683040547.0,508347.0
2108,2063-05-01,GW_storage_AZ_NM_N_GW[AF],-73.0,35907121073.0,508274.0
2109,2063-06-01,GW_storage_AZ_NM_N_GW[AF],-77.0,36134854310.0,508197.0
2110,2063-07-01,GW_storage_AZ_NM_N_GW[AF],-76.0,36361472567.0,508121.0
2111,2063-08-01,GW_storage_AZ_NM_N_GW[AF],-74.0,36586142514.0,508047.0
2112,2063-09-01,GW_storage_AZ_NM_N_GW[AF],-73.0,36808934029.0,507974.0
2113,2063-10-01,GW_storage_AZ_NM_N_GW[AF],14569.0,37029507927.0,522543.0
2114,2063-11-01,GW_storage_AZ_NM_N_GW[AF],14296.0,37248012309.0,536839.0
2115,2063-12-01,GW_storage_AZ_NM_N_GW[AF],14019.0,37465671472.0,550858.0
2116,2064-01-01,GW_storage_AZ_NM_N_GW[AF],13747.0,37694815963.0,564605.0
2117,2064-02-01,GW_storage_AZ_NM_N_GW[AF],13498.0,37945097639.0,578103.0
2118,2064-03-01,GW_storage_AZ_NM_N_GW[AF],13237.0,38213638934.0,591340.0
2119,2064-04-01,GW_storage_AZ_NM_N_GW[AF],12988.0,38493367090.0,604328.0
2120,2064-05-01,GW_storage_AZ_NM_N_GW[AF],-2472.0,38776738105.0,601856.0
2121,2064-06-01,GW_storage_AZ_NM_N_GW[AF],-2426.0,39060661713.0,599430.0
2122,2064-07-01,GW_storage_AZ_NM_N_GW[AF],-2378.0,39341932866.0,597052.0
2123,2064-08-01,GW_storage_AZ_NM_N_GW[AF],-2333.0,39620711220.0,594719.0
2124,2064-09-01,GW_storage_AZ_NM_N_GW[AF],-2289.0,39897002798.0,592430.0
2125,2064-10-01,GW_storage_AZ_NM_N_GW[AF],-2244.0,40170736712.0,590186.0
2126,2064-11-01,GW_storage_AZ_NM_N_GW[AF],-2202.0,40442044957.0,587984.0
2127,2064-12-01,GW_storage_AZ_NM_N_GW[AF],-2159.0,40711834451.0,585825.0
2128,2065-01-01,GW_storage_AZ_NM_N_GW[AF],-2118.0,40982757097.0,583707.0
2129,2065-02-01,GW_storage_AZ_NM_N_GW[AF],-2081.0,41255716076.0,581626.0
2130,2065-03-01,GW_storage_AZ_NM_N_GW[AF],-2040.0,41533378347.0,579586.0
2131,2065-04-01,GW_storage_AZ_NM_N_GW[AF],-2003.0,41819419395.0,577583.0
2132,2065-05-01,GW_storage_AZ_NM_N_GW[AF],-1963.0,42107659636.0,575620.0
2133,2065-06-01,GW_storage_AZ_NM_N_GW[AF],-4454.0,42393392346.0,571166.0
2134,2065-07-01,GW_storage_AZ_NM_N_GW[AF],-4368.0,42678359041.0,566798.0
2135,2065-08-01,GW_storage_AZ_NM_N_GW[AF],-4284.0,42960938762.0,562514.0
2136,2065-09-01,GW_storage_AZ_NM_N_GW[AF],-4203.0,43241061639.0,558311.0
2137,2065-10-01,GW_storage_AZ_NM_N_GW[AF],-4122.0,43518553408.0,554189.0
2138,2065-11-01,GW_storage_AZ_NM_N_GW[AF],-4044.0,43793351378.0,550145.0
2139,2065-12-01,GW_storage_AZ_NM_N_GW[AF],-3966.0,44065325818.0,546179.0
2140,2066-01-01,GW_storage_AZ_NM_N_GW[AF],-3889.0,44334625115.0,542290.0
2141,2066-02-01,GW_storage_AZ_NM_N_GW[AF],-3821.0,44601575728.0,538469.0
2142,2066-03-01,GW_storage_AZ_NM_N_GW[AF],-3747.0,44865977654.0,534722.0
2143,2066-04-01,GW_storage_AZ_NM_N_GW[AF],-6806.0,45130939542.0,527916.0
2144,2066-05-01,GW_storage_AZ_NM_N_GW[AF],-7923.0,45393925169.0,519993.0
2145,2066-06-01,GW_storage_AZ_NM_N_GW[AF],-7775.0,45654573916.0,512218.0
2146,2066-07-01,GW_storage_AZ_NM_N_GW[AF],-9340.0,45912927675.0,502878.0
2147,2066-08-01,GW_storage_AZ_NM_N_GW[AF],-9159.0,46169111465.0,493719.0
2148,2066-09-01,GW_storage_AZ_NM_N_GW[AF],-8988.0,46423600426.0,484731.0
2149,2066-10-01,GW_storage_AZ_NM_N_GW[AF],-8813.0,46676263355.0,475918.0
2150,2066-11-01,GW_storage_AZ_NM_N_GW[AF],-8648.0,46927228863.0,467270.0
2151,2066-12-01,GW_storage_AZ_NM_N_GW[AF],-8480.0,47176198480.0,458790.0
2152,2067-01-01,GW_storage_AZ_NM_N_GW[AF],-8316.0,47422896821.0,450474.0
2153,2067-02-01,GW_storage_AZ_NM_N_GW[AF],-8170.0,47667661431.0,442304.0
2154,2067-03-01,GW_storage_AZ_NM_N_GW[AF],-8013.0,47910308464.0,434291.0
2155,2067-04-01,GW_storage_AZ_NM_N_GW[AF],-7862.0,48151085524.0,426429.0
2156,2067-05-01,GW_storage_AZ_NM_N_GW[AF],-7710.0,48389950965.0,418719.0
2157,2067-06-01,GW_storage_AZ_NM_N_GW[AF],-8172.0,48627002221.0,410547.0
2158,2067-07-01,GW_storage_AZ_NM_N_GW[AF],-9051.0,48862124917.0,401496.0
2159,2067-08-01,GW_storage_AZ_NM_N_GW[AF],-8876.0,49095321876.0,392620.0
2160,2067-09-01,GW_storage_AZ_NM_N_GW[AF],-8709.0,49326841519.0,383911.0
2161,2067-10-01,GW_storage_AZ_NM_N_GW[AF],-8541.0,49556552267.0,375370.0
2162,2067-11-01,GW_storage_AZ_NM_N_GW[AF],-8380.0,49784868208.0,366990.0
2163,2067-12-01,GW_storage_AZ_NM_N_GW[AF],-8218.0,50011545293.0,358772.0
2164,2068-01-01,GW_storage_AZ_NM_N_GW[AF],-8058.0,50238331069.0,350714.0
2165,2068-02-01,GW_storage_AZ_NM_N_GW[AF],-7912.0,50478937732.0,342802.0
2166,2068-03-01,GW_storage_AZ_NM_N_GW[AF],-7760.0,50739381265.0,335042.0
2167,2068-04-01,GW_storage_AZ_NM_N_GW[AF],-7614.0,51011294375.0,327428.0
2168,2068-05-01,GW_storage_AZ_NM_N_GW[AF],-7466.0,51290774772.0,319962.0
2169,2068-06-01,GW_storage_AZ_NM_N_GW[AF],-7326.0,51571539123.0,312636.0
2170,2068-07-01,GW_storage_AZ_NM_N_GW[AF],-7185.0,51851333229.0,305451.0
2171,2068-08-01,GW_storage_AZ_NM_N_GW[AF],-7046.0,52129191774.0,298405.0
2172,2068-09-01,GW_storage_AZ_NM_N_GW[AF],-6913.0,52405096290.0,291492.0
2173,2068-10-01,GW_storage_AZ_NM_N_GW[AF],-6779.0,52678907664.0,284713.0
2174,2068-11-01,GW_storage_AZ_NM_N_GW[AF],-6652.0,52950483517.0,278061.0
2175,2068-12-01,GW_storage_AZ_NM_N_GW[AF],-6523.0,53219819895.0,271538.0
2176,2069-01-01,GW_storage_AZ_NM_N_GW[AF],-6397.0,53487155316.0,265141.0
2177,2069-02-01,GW_storage_AZ_NM_N_GW[AF],-6285.0,53760870931.0,258856.0
2178,2069-03-01,GW_storage_AZ_NM_N_GW[AF],-6163.0,54039428849.0,252693.0
2179,2069-04-01,GW_storage_AZ_NM_N_GW[AF],-6048.0,54324092180.0,246645.0
2180,2069-05-01,GW_storage_AZ_NM_N_GW[AF],-5930.0,54609436481.0,240715.0
2181,2069-06-01,GW_storage_AZ_NM_N_GW[AF],-5803.0,54894337917.0,234912.0
2182,2069-07-01,GW_storage_AZ_NM_N_GW[AF],-5690.0,55177218144.0,229222.0
2183,2069-08-01,GW_storage_AZ_NM_N_GW[AF],-5580.0,55458179949.0,223642.0
2184,2069-09-01,GW_storage_AZ_NM_N_GW[AF],-5476.0,55737226700.0,218166.0
2185,2069-10-01,GW_storage_AZ_NM_N_GW[AF],-5369.0,56014313112.0,212797.0
2186,2069-11-01,GW_storage_AZ_NM_N_GW[AF],-5269.0,56289244905.0,207528.0
2187,2069-12-01,GW_storage_AZ_NM_N_GW[AF],-5167.0,56561948550.0,202361.0
2188,2070-01-01,GW_storage_AZ_NM_N_GW[AF],-5067.0,56832455571.0,197294.0
2189,2070-02-01,GW_storage_AZ_NM_N_GW[AF],-4978.0,57101031869.0,192316.0
2190,2070-03-01,GW_storage_AZ_NM_N_GW[AF],-4881.0,57367456127.0,187435.0
2191,2070-04-01,GW_storage_AZ_NM_N_GW[AF],-4742.0,57631884127.0,182693.0
2192,2070-05-01,GW_storage_AZ_NM_N_GW[AF],-4474.0,57894580730.0,178219.0
2193,2070-06-01,GW_storage_AZ_NM_N_GW[AF],-4166.0,58156625113.0,174053.0
2194,2070-07-01,GW_storage_AZ_NM_N_GW[AF],-4154.0,58417720429.0,169899.0
2195,2070-08-01,GW_storage_AZ_NM_N_GW[AF],-4241.0,58677125935.0,165658.0
2196,2070-09-01,GW_storage_AZ_NM_N_GW[AF],-4161.0,58935122487.0,161497.0
2197,2070-10-01,GW_storage_AZ_NM_N_GW[AF],-4081.0,59191573450.0,157416.0
2198,2070-11-01,GW_storage_AZ_NM_N_GW[AF],-4004.0,59446278042.0,153412.0
2199,2070-12-01,GW_storage_AZ_NM_N_GW[AF],-3927.0,59699129256.0,149485.0
2200,2025-01-01,GW_storage_AZ_NW_GW[AF],2.0,49704625.0,2.0
2201,2025-02-01,GW_storage_AZ_NW_GW[AF],2.0,51264049.0,4.0
2202,2025-03-01,GW_storage_AZ_NW_GW[AF],2.0,52800150.0,6.0
2203,2025-05-01,GW_storage_AZ_NW_GW[AF],-3.0,56023530.0,3.0
2204,2025-06-01,GW_storage_AZ_NW_GW[AF],-5.0,57673121.0,-2.0
2205,2025-07-01,GW_storage_AZ_NW_GW[AF],-131.0,59233291.0,-133.0
2206,2025-08-01,GW_storage_AZ_NW_GW[AF],-3858.0,60752330.0,-3991.0
2207,2025-09-01,GW_storage_AZ_NW_GW[AF],-3711.0,63291561.0,-7702.0
2208,2025-10-01,GW_storage_AZ_NW_GW[AF],-3588.0,66117192.0,-11290.0
2209,2025-11-01,GW_storage_AZ_NW_GW[AF],-3476.0,69169207.0,-14766.0
2210,2025-12-01,GW_storage_AZ_NW_GW[AF],-3366.0,72377661.0,-18132.0
2211,2026-01-01,GW_storage_AZ_NW_GW[AF],-3240.0,75644729.0,-21372.0
2212,2026-02-01,GW_storage_AZ_NW_GW[AF],-3109.0,83025589.0,-24481.0
2213,2026-03-01,GW_storage_AZ_NW_GW[AF],-2993.0,93674924.0,-27474.0
2214,2026-04-01,GW_storage_AZ_NW_GW[AF],-2900.0,112497734.0,-30374.0
2215,2026-05-01,GW_storage_AZ_NW_GW[AF],-2825.0,136460613.0,-33199.0
2216,2026-06-01,GW_storage_AZ_NW_GW[AF],-2767.0,160180041.0,-35966.0
2217,2026-07-01,GW_storage_AZ_NW_GW[AF],-2717.0,184580314.0,-38683.0
2218,2026-08-01,GW_storage_AZ_NW_GW[AF],-2670.0,208538131.0,-41353.0
2219,2026-09-01,GW_storage_AZ_NW_GW[AF],-2629.0,232132273.0,-43982.0
2220,2026-10-01,GW_storage_AZ_NW_GW[AF],-2586.0,255250646.0,-46568.0
2221,2026-11-01,GW_storage_AZ_NW_GW[AF],-2546.0,277908394.0,-49114.0
2222,2026-12-01,GW_storage_AZ_NW_GW[AF],-2504.0,300103214.0,-51618.0
2223,2027-01-01,GW_storage_AZ_NW_GW[AF],-2464.0,321847786.0,-54082.0
2224,2027-02-01,GW_storage_AZ_NW_GW[AF],-2430.0,343199646.0,-56512.0
2225,2027-03-01,GW_storage_AZ_NW_GW[AF],-2393.0,369620421.0,-58905.0
2226,2027-04-01,GW_storage_AZ_NW_GW[AF],-2357.0,409179141.0,-61262.0
2227,2027-05-01,GW_storage_AZ_NW_GW[AF],-2321.0,455970259.0,-63583.0
2228,2027-06-01,GW_storage_AZ_NW_GW[AF],-2287.0,506103237.0,-65870.0
2229,2027-07-01,GW_storage_AZ_NW_GW[AF],-2252.0,558027240.0,-68122.0
2230,2027-08-01,GW_storage_AZ_NW_GW[AF],-2218.0,610747556.0,-70340.0
2231,2027-09-01,GW_storage_AZ_NW_GW[AF],-2184.0,662576568.0,-72524.0
2232,2027-10-01,GW_storage_AZ_NW_GW[AF],-2151.0,713531026.0,-74675.0
2233,2027-11-01,GW_storage_AZ_NW_GW[AF],-2119.0,763602436.0,-76794.0
2234,2027-12-01,GW_storage_AZ_NW_GW[AF],-2087.0,812846873.0,-78881.0
2235,2028-01-01,GW_storage_AZ_NW_GW[AF],-2055.0,861121911.0,-80936.0
2236,2028-02-01,GW_storage_AZ_NW_GW[AF],-2025.0,908650771.0,-82961.0
2237,2028-03-01,GW_storage_AZ_NW_GW[AF],-1995.0,959000163.0,-84956.0
2238,2028-04-01,GW_storage_AZ_NW_GW[AF],-1965.0,1012039411.0,-86921.0
2239,2028-05-01,GW_storage_AZ_NW_GW[AF],-1935.0,1068060916.0,-88856.0
2240,2028-06-01,GW_storage_AZ_NW_GW[AF],-1906.0,1125203670.0,-90762.0
2241,2028-07-01,GW_storage_AZ_NW_GW[AF],-1877.0,1183903968.0,-92639.0
2242,2028-08-01,GW_storage_AZ_NW_GW[AF],-1848.0,1241633200.0,-94487.0
2243,2028-09-01,GW_storage_AZ_NW_GW[AF],-1821.0,1298536546.0,-96308.0
2244,2028-10-01,GW_storage_AZ_NW_GW[AF],-1793.0,1354465802.0,-98101.0
2245,2028-11-01,GW_storage_AZ_NW_GW[AF],-1767.0,1409406877.0,-99868.0
2246,2028-12-01,GW_storage_AZ_NW_GW[AF],-1739.0,1463330743.0,-101607.0
2247,2029-01-01,GW_storage_AZ_NW_GW[AF],-1713.0,1516331973.0,-103320.0
2248,2029-02-01,GW_storage_AZ_NW_GW[AF],-1690.0,1568436361.0,-105010.0
2249,2029-03-01,GW_storage_AZ_NW_GW[AF],-1664.0,1622957905.0,-106674.0
2250,2029-04-01,GW_storage_AZ_NW_GW[AF],-1639.0,1679352962.0,-108313.0
2251,2029-05-01,GW_storage_AZ_NW_GW[AF],-1614.0,1742904338.0,-109927.0
2252,2029-06-01,GW_storage_AZ_NW_GW[AF],-1590.0,1807169538.0,-111517.0
2253,2029-07-01,GW_storage_AZ_NW_GW[AF],-1565.0,1872474684.0,-113082.0
2254,2029-08-01,GW_storage_AZ_NW_GW[AF],-1541.0,1936569687.0,-114623.0
2255,2029-09-01,GW_storage_AZ_NW_GW[AF],-1518.0,1999536921.0,-116141.0
2256,2029-10-01,GW_storage_AZ_NW_GW[AF],-1495.0,2061251234.0,-117636.0
2257,2029-11-01,GW_storage_AZ_NW_GW[AF],-1473.0,2121792309.0,-119109.0
2258,2029-12-01,GW_storage_AZ_NW_GW[AF],-1450.0,2181276298.0,-120559.0
2259,2030-01-01,GW_storage_AZ_NW_GW[AF],-1428.0,2239598911.0,-121987.0
2260,2030-02-01,GW_storage_AZ_NW_GW[AF],-1409.0,2296908282.0,-123396.0
2261,2030-03-01,GW_storage_AZ_NW_GW[AF],-1388.0,2353273149.0,-124784.0
2262,2030-04-01,GW_storage_AZ_NW_GW[AF],-1367.0,2408813513.0,-126151.0
2263,2030-05-01,GW_storage_AZ_NW_GW[AF],-1346.0,2463288321.0,-127497.0
2264,2030-06-01,GW_storage_AZ_NW_GW[AF],-1326.0,2519189259.0,-128823.0
2265,2030-07-01,GW_storage_AZ_NW_GW[AF],-1305.0,2574987711.0,-130128.0
2266,2030-08-01,GW_storage_AZ_NW_GW[AF],-1286.0,2629845780.0,-131414.0
2267,2030-09-01,GW_storage_AZ_NW_GW[AF],-1266.0,2683731630.0,-132680.0
2268,2030-10-01,GW_storage_AZ_NW_GW[AF],-1247.0,2736573135.0,-133927.0
2269,2030-11-01,GW_storage_AZ_NW_GW[AF],-1229.0,2788437015.0,-135156.0
2270,2030-12-01,GW_storage_AZ_NW_GW[AF],-1210.0,2839371858.0,-136366.0
2271,2031-01-01,GW_storage_AZ_NW_GW[AF],-1191.0,2889285425.0,-137557.0
2272,2031-02-01,GW_storage_AZ_NW_GW[AF],-1175.0,2938331300.0,-138732.0
2273,2031-03-01,GW_storage_AZ_NW_GW[AF],-1157.0,2986403207.0,-139889.0
2274,2031-04-01,GW_storage_AZ_NW_GW[AF],-1139.0,3034117058.0,-141028.0
2275,2031-05-01,GW_storage_AZ_NW_GW[AF],-1122.0,3081639947.0,-142150.0
2276,2031-06-01,GW_storage_AZ_NW_GW[AF],-1106.0,3128466639.0,-143256.0
2277,2031-07-01,GW_storage_AZ_NW_GW[AF],-1089.0,3175256040.0,-144345.0
2278,2031-08-01,GW_storage_AZ_NW_GW[AF],-1072.0,3221201089.0,-145417.0
2279,2031-09-01,GW_storage_AZ_NW_GW[AF],-1056.0,3266538806.0,-146473.0
2280,2031-10-01,GW_storage_AZ_NW_GW[AF],-1040.0,3311005126.0,-147513.0
2281,2031-11-01,GW_storage_AZ_NW_GW[AF],-1025.0,3354843436.0,-148538.0
2282,2031-12-01,GW_storage_AZ_NW_GW[AF],-1009.0,3397917039.0,-149547.0
2283,2032-01-01,GW_storage_AZ_NW_GW[AF],1625.0,3440765830.0,-147922.0
2284,2032-02-01,GW_storage_AZ_NW_GW[AF],4265.0,3500332884.0,-143657.0
2285,2032-03-01,GW_storage_AZ_NW_GW[AF],6948.0,3570397039.0,-136709.0
2286,2032-04-01,GW_storage_AZ_NW_GW[AF],9651.0,3645988541.0,-127058.0
2287,2032-05-01,GW_storage_AZ_NW_GW[AF],9503.0,3723860841.0,-117555.0
2288,2032-06-01,GW_storage_AZ_NW_GW[AF],9362.0,3803847465.0,-108193.0
2289,2032-07-01,GW_storage_AZ_NW_GW[AF],9219.0,3884065220.0,-98974.0
2290,2032-08-01,GW_storage_AZ_NW_GW[AF],9078.0,3963910669.0,-89896.0
2291,2032-09-01,GW_storage_AZ_NW_GW[AF],8943.0,4042724779.0,-80953.0
2292,2032-10-01,GW_storage_AZ_NW_GW[AF],8807.0,4120308321.0,-72146.0
2293,2032-11-01,GW_storage_AZ_NW_GW[AF],8676.0,4196679403.0,-63470.0
2294,2032-12-01,GW_storage_AZ_NW_GW[AF],8543.0,4271822754.0,-54927.0
2295,2033-01-01,GW_storage_AZ_NW_GW[AF],8413.0,4345538492.0,-46514.0
2296,2033-02-01,GW_storage_AZ_NW_GW[AF],8296.0,4423218301.0,-38218.0
2297,2033-03-01,GW_storage_AZ_NW_GW[AF],8170.0,4505470297.0,-30048.0
2298,2033-04-01,GW_storage_AZ_NW_GW[AF],8048.0,4590681136.0,-22000.0
2299,2033-05-01,GW_storage_AZ_NW_GW[AF],7925.0,4675360581.0,-14075.0
2300,2033-06-01,GW_storage_AZ_NW_GW[AF],7807.0,4760708398.0,-6268.0
2301,2033-07-01,GW_storage_AZ_NW_GW[AF],7688.0,4846138178.0,1420.0
2302,2033-08-01,GW_storage_AZ_NW_GW[AF],7570.0,4931118427.0,8990.0
2303,2033-09-01,GW_storage_AZ_NW_GW[AF],7458.0,5014914731.0,16448.0
2304,2033-10-01,GW_storage_AZ_NW_GW[AF],7345.0,5097508172.0,23793.0
2305,2033-11-01,GW_storage_AZ_NW_GW[AF],7236.0,5178663669.0,31029.0
2306,2033-12-01,GW_storage_AZ_NW_GW[AF],7125.0,5258443309.0,38154.0
2307,2034-01-01,GW_storage_AZ_NW_GW[AF],7015.0,5339163828.0,45169.0
2308,2034-02-01,GW_storage_AZ_NW_GW[AF],6919.0,5418722190.0,52088.0
2309,2034-03-01,GW_storage_AZ_NW_GW[AF],6812.0,5500220744.0,58900.0
2310,2034-04-01,GW_storage_AZ_NW_GW[AF],6712.0,5584032903.0,65612.0
2311,2034-05-01,GW_storage_AZ_NW_GW[AF],6609.0,5676873319.0,72221.0
2312,2034-06-01,GW_storage_AZ_NW_GW[AF],6511.0,5773341236.0,78732.0
2313,2034-07-01,GW_storage_AZ_NW_GW[AF],6412.0,5871231225.0,85144.0
2314,2034-08-01,GW_storage_AZ_NW_GW[AF],6313.0,5968392389.0,91457.0
2315,2034-09-01,GW_storage_AZ_NW_GW[AF],6220.0,6064112138.0,97677.0
2316,2034-10-01,GW_storage_AZ_NW_GW[AF],6125.0,6158273690.0,103802.0
2317,2034-11-01,GW_storage_AZ_NW_GW[AF],6034.0,6251013792.0,109836.0
2318,2034-12-01,GW_storage_AZ_NW_GW[AF],5941.0,6342469856.0,115777.0
2319,2035-01-01,GW_storage_AZ_NW_GW[AF],3152.0,6432436397.0,118929.0
2320,2035-02-01,GW_storage_AZ_NW_GW[AF],366.0,6520973109.0,119295.0
2321,2035-03-01,GW_storage_AZ_NW_GW[AF],-2468.0,6608114132.0,116827.0
2322,2035-04-01,GW_storage_AZ_NW_GW[AF],-2431.0,6694040771.0,114396.0
2323,2035-05-01,GW_storage_AZ_NW_GW[AF],-2394.0,6778544504.0,112002.0
2324,2035-06-01,GW_storage_AZ_NW_GW[AF],-2359.0,6863239534.0,109643.0
2325,2035-07-01,GW_storage_AZ_NW_GW[AF],-2322.0,6947511289.0,107321.0
2326,2035-08-01,GW_storage_AZ_NW_GW[AF],-2287.0,7030376153.0,105034.0
2327,2035-09-01,GW_storage_AZ_NW_GW[AF],-2253.0,7112119087.0,102781.0
2328,2035-10-01,GW_storage_AZ_NW_GW[AF],-2218.0,7192574428.0,100563.0
2329,2035-11-01,GW_storage_AZ_NW_GW[AF],-2185.0,7271865334.0,98378.0
2330,2035-12-01,GW_storage_AZ_NW_GW[AF],-2152.0,7350179909.0,96226.0
2331,2036-01-01,GW_storage_AZ_NW_GW[AF],-2119.0,7427195979.0,94107.0
2332,2036-02-01,GW_storage_AZ_NW_GW[AF],-2089.0,7503024891.0,92018.0
2333,2036-03-01,GW_storage_AZ_NW_GW[AF],-2057.0,7577632108.0,89961.0
2334,2036-04-01,GW_storage_AZ_NW_GW[AF],-2026.0,7651185144.0,87935.0
2335,2036-05-01,GW_storage_AZ_NW_GW[AF],-1995.0,7724300240.0,85940.0
2336,2036-06-01,GW_storage_AZ_NW_GW[AF],-1966.0,7796353708.0,83974.0
2337,2036-07-01,GW_storage_AZ_NW_GW[AF],-1936.0,7867314948.0,82038.0
2338,2036-08-01,GW_storage_AZ_NW_GW[AF],-1906.0,7937241278.0,80132.0
2339,2036-09-01,GW_storage_AZ_NW_GW[AF],-1878.0,8006295323.0,78254.0
2340,2036-10-01,GW_storage_AZ_NW_GW[AF],-1849.0,8074305646.0,76405.0
2341,2036-11-01,GW_storage_AZ_NW_GW[AF],-1821.0,8141376577.0,74584.0
2342,2036-12-01,GW_storage_AZ_NW_GW[AF],-1794.0,8207644541.0,72790.0
2343,2037-01-01,GW_storage_AZ_NW_GW[AF],-1766.0,8273161410.0,71024.0
2344,2037-02-01,GW_storage_AZ_NW_GW[AF],-1742.0,8337733681.0,69282.0
2345,2037-03-01,GW_storage_AZ_NW_GW[AF],-1714.0,8401237350.0,67568.0
2346,2037-04-01,GW_storage_AZ_NW_GW[AF],-1686.0,8463716442.0,65882.0
2347,2037-05-01,GW_storage_AZ_NW_GW[AF],-1658.0,8525229166.0,64224.0
2348,2037-06-01,GW_storage_AZ_NW_GW[AF],-1633.0,8585780498.0,62591.0
2349,2037-07-01,GW_storage_AZ_NW_GW[AF],-1607.0,8645518277.0,60984.0
2350,2037-08-01,GW_storage_AZ_NW_GW[AF],-1582.0,8704580765.0,59402.0
2351,2037-09-01,GW_storage_AZ_NW_GW[AF],-1559.0,8763159684.0,57843.0
2352,2037-10-01,GW_storage_AZ_NW_GW[AF],-1535.0,8821181815.0,56308.0
2353,2037-11-01,GW_storage_AZ_NW_GW[AF],-1512.0,8878677095.0,54796.0
2354,2037-12-01,GW_storage_AZ_NW_GW[AF],-1488.0,8935618642.0,53308.0
2355,2038-01-01,GW_storage_AZ_NW_GW[AF],-1463.0,8991690289.0,51845.0
2356,2038-02-01,GW_storage_AZ_NW_GW[AF],-1442.0,9049081585.0,50403.0
2357,2038-03-01,GW_storage_AZ_NW_GW[AF],-1417.0,9108044798.0,48986.0
2358,2038-04-01,GW_storage_AZ_NW_GW[AF],-1395.0,9168794933.0,47591.0
2359,2038-05-01,GW_storage_AZ_NW_GW[AF],-1372.0,9229969082.0,46219.0
2360,2038-06-01,GW_storage_AZ_NW_GW[AF],-1351.0,9290494843.0,44868.0
2361,2038-07-01,GW_storage_AZ_NW_GW[AF],-1331.0,9350294408.0,43537.0
2362,2038-08-01,GW_storage_AZ_NW_GW[AF],-1310.0,9409318940.0,42227.0
2363,2038-09-01,GW_storage_AZ_NW_GW[AF],-1291.0,9467673979.0,40936.0
2364,2038-10-01,GW_storage_AZ_NW_GW[AF],-1271.0,9525253636.0,39665.0
2365,2038-11-01,GW_storage_AZ_NW_GW[AF],-1252.0,9582098472.0,38413.0
2366,2038-12-01,GW_storage_AZ_NW_GW[AF],-1231.0,9638248766.0,37182.0
2367,2039-01-01,GW_storage_AZ_NW_GW[AF],-1211.0,9693650977.0,35971.0
2368,2039-02-01,GW_storage_AZ_NW_GW[AF],-1192.0,9750458830.0,34779.0
2369,2039-03-01,GW_storage_AZ_NW_GW[AF],-1171.0,9809156458.0,33608.0
2370,2039-04-01,GW_storage_AZ_NW_GW[AF],-1150.0,9868559467.0,32458.0
2371,2039-05-01,GW_storage_AZ_NW_GW[AF],-1132.0,9927385773.0,31326.0
2372,2039-06-01,GW_storage_AZ_NW_GW[AF],-1114.0,9986965256.0,30212.0
2373,2039-07-01,GW_storage_AZ_NW_GW[AF],-1097.0,10046475029.0,29115.0
2374,2039-08-01,GW_storage_AZ_NW_GW[AF],-1080.0,10105238592.0,28035.0
2375,2039-09-01,GW_storage_AZ_NW_GW[AF],-1064.0,10163363477.0,26971.0
2376,2039-10-01,GW_storage_AZ_NW_GW[AF],-1047.0,10220781260.0,25924.0
2377,2039-11-01,GW_storage_AZ_NW_GW[AF],-1032.0,10277373162.0,24892.0
2378,2039-12-01,GW_storage_AZ_NW_GW[AF],-1015.0,10333185165.0,23877.0
2379,2040-01-01,GW_storage_AZ_NW_GW[AF],-1000.0,10388289039.0,22877.0
2380,2040-02-01,GW_storage_AZ_NW_GW[AF],-985.0,10442633493.0,21892.0
2381,2040-03-01,GW_storage_AZ_NW_GW[AF],-970.0,10496196844.0,20922.0
2382,2040-04-01,GW_storage_AZ_NW_GW[AF],-956.0,10549040409.0,19966.0
2383,2040-05-01,GW_storage_AZ_NW_GW[AF],-942.0,10601395194.0,19024.0
2384,2040-06-01,GW_storage_AZ_NW_GW[AF],-928.0,10653107949.0,18096.0
2385,2040-07-01,GW_storage_AZ_NW_GW[AF],-913.0,10704171007.0,17183.0
2386,2040-08-01,GW_storage_AZ_NW_GW[AF],-900.0,10754605305.0,16283.0
2387,2040-09-01,GW_storage_AZ_NW_GW[AF],-886.0,10804445973.0,15397.0
2388,2040-10-01,GW_storage_AZ_NW_GW[AF],-873.0,10853648570.0,14524.0
2389,2040-11-01,GW_storage_AZ_NW_GW[AF],-860.0,10902484914.0,13664.0
2390,2040-12-01,GW_storage_AZ_NW_GW[AF],-847.0,10950730644.0,12817.0
2391,2041-01-01,GW_storage_AZ_NW_GW[AF],-834.0,10998281298.0,11983.0
2392,2041-02-01,GW_storage_AZ_NW_GW[AF],-823.0,11047818234.0,11160.0
2393,2041-03-01,GW_storage_AZ_NW_GW[AF],-809.0,11099139984.0,10351.0
2394,2041-04-01,GW_storage_AZ_NW_GW[AF],-797.0,11151170281.0,9554.0
2395,2041-05-01,GW_storage_AZ_NW_GW[AF],-784.0,11202540882.0,8770.0
2396,2041-06-01,GW_storage_AZ_NW_GW[AF],-773.0,11253584926.0,7997.0
2397,2041-07-01,GW_storage_AZ_NW_GW[AF],-761.0,11304087287.0,7236.0
2398,2041-08-01,GW_storage_AZ_NW_GW[AF],-749.0,11354085428.0,6487.0
2399,2041-09-01,GW_storage_AZ_NW_GW[AF],-737.0,11403615397.0,5750.0
2400,2041-10-01,GW_storage_AZ_NW_GW[AF],-726.0,11452671944.0,5024.0
2401,2041-11-01,GW_storage_AZ_NW_GW[AF],-715.0,11501212889.0,4309.0
2402,2041-12-01,GW_storage_AZ_NW_GW[AF],-705.0,11549056939.0,3604.0
2403,2042-01-01,GW_storage_AZ_NW_GW[AF],-694.0,11596204581.0,2910.0
2404,2042-02-01,GW_storage_AZ_NW_GW[AF],-684.0,11642935334.0,2226.0
2405,2042-03-01,GW_storage_AZ_NW_GW[AF],-674.0,11689092595.0,1552.0
2406,2042-04-01,GW_storage_AZ_NW_GW[AF],-663.0,11735022869.0,889.0
2407,2042-05-01,GW_storage_AZ_NW_GW[AF],-654.0,11780876718.0,235.0
2408,2042-06-01,GW_storage_AZ_NW_GW[AF],-644.0,11826092725.0,-409.0
2409,2042-07-01,GW_storage_AZ_NW_GW[AF],-634.0,11871546727.0,-1043.0
2410,2042-08-01,GW_storage_AZ_NW_GW[AF],-624.0,11916431990.0,-1667.0
2411,2042-09-01,GW_storage_AZ_NW_GW[AF],-615.0,11960791410.0,-2282.0
2412,2042-10-01,GW_storage_AZ_NW_GW[AF],-605.0,12004660184.0,-2887.0
2413,2042-11-01,GW_storage_AZ_NW_GW[AF],-597.0,12048130811.0,-3484.0
2414,2042-12-01,GW_storage_AZ_NW_GW[AF],-588.0,12091062837.0,-4072.0
2415,2043-01-01,GW_storage_AZ_NW_GW[AF],-578.0,12133444088.0,-4650.0
2416,2043-02-01,GW_storage_AZ_NW_GW[AF],-570.0,12175363925.0,-5220.0
2417,2043-03-01,GW_storage_AZ_NW_GW[AF],-562.0,12216725340.0,-5782.0
2418,2043-04-01,GW_storage_AZ_NW_GW[AF],-554.0,12257666079.0,-6336.0
2419,2043-05-01,GW_storage_AZ_NW_GW[AF],-547.0,12298078753.0,-6883.0
2420,2043-06-01,GW_storage_AZ_NW_GW[AF],-539.0,12338040338.0,-7422.0
2421,2043-07-01,GW_storage_AZ_NW_GW[AF],-531.0,12377535688.0,-7953.0
2422,2043-08-01,GW_storage_AZ_NW_GW[AF],-522.0,12416568319.0,-8475.0
2423,2043-09-01,GW_storage_AZ_NW_GW[AF],-516.0,12455234071.0,-8991.0
2424,2043-10-01,GW_storage_AZ_NW_GW[AF],-508.0,12493493716.0,-9499.0
2425,2043-11-01,GW_storage_AZ_NW_GW[AF],-500.0,12531340494.0,-9999.0
2426,2043-12-01,GW_storage_AZ_NW_GW[AF],-492.0,12568703212.0,-10491.0
2427,2044-01-01,GW_storage_AZ_NW_GW[AF],-485.0,12605614127.0,-10976.0
2428,2044-02-01,GW_storage_AZ_NW_GW[AF],-479.0,12642100391.0,-11455.0
2429,2044-03-01,GW_storage_AZ_NW_GW[AF],-472.0,12678094207.0,-11927.0
2430,2044-04-01,GW_storage_AZ_NW_GW[AF],-466.0,12715489683.0,-12393.0
2431,2044-05-01,GW_storage_AZ_NW_GW[AF],-460.0,12757376464.0,-12853.0
2432,2044-06-01,GW_storage_AZ_NW_GW[AF],-453.0,12798680033.0,-13306.0
2433,2044-07-01,GW_storage_AZ_NW_GW[AF],-447.0,12840178366.0,-13753.0
2434,2044-08-01,GW_storage_AZ_NW_GW[AF],-440.0,12881238666.0,-14193.0
2435,2044-09-01,GW_storage_AZ_NW_GW[AF],-434.0,12921922929.0,-14627.0
2436,2044-10-01,GW_storage_AZ_NW_GW[AF],-427.0,12962137170.0,-15054.0
2437,2044-11-01,GW_storage_AZ_NW_GW[AF],-421.0,13001917872.0,-15475.0
2438,2044-12-01,GW_storage_AZ_NW_GW[AF],-415.0,13041192913.0,-15890.0
2439,2045-01-01,GW_storage_AZ_NW_GW[AF],-411.0,13079996277.0,-16301.0
2440,2045-02-01,GW_storage_AZ_NW_GW[AF],-407.0,13119222084.0,-16708.0
2441,2045-03-01,GW_storage_AZ_NW_GW[AF],-401.0,13158364150.0,-17109.0
2442,2045-04-01,GW_storage_AZ_NW_GW[AF],-395.0,13198157185.0,-17504.0
2443,2045-05-01,GW_storage_AZ_NW_GW[AF],-389.0,13237869018.0,-17893.0
2444,2045-06-01,GW_storage_AZ_NW_GW[AF],-383.0,13278774379.0,-18276.0
2445,2045-07-01,GW_storage_AZ_NW_GW[AF],-377.0,13324244062.0,-18653.0
2446,2045-08-01,GW_storage_AZ_NW_GW[AF],-371.0,13372386542.0,-19024.0
2447,2045-09-01,GW_storage_AZ_NW_GW[AF],-366.0,13419876881.0,-19390.0
2448,2045-10-01,GW_storage_AZ_NW_GW[AF],-360.0,13466818785.0,-19750.0
2449,2045-11-01,GW_storage_AZ_NW_GW[AF],-355.0,13513160105.0,-20105.0
2450,2045-12-01,GW_storage_AZ_NW_GW[AF],-352.0,13560745919.0,-20457.0
2451,2046-01-01,GW_storage_AZ_NW_GW[AF],-351.0,13615290772.0,-20808.0
2452,2046-02-01,GW_storage_AZ_NW_GW[AF],-349.0,13677811710.0,-21157.0
2453,2046-03-01,GW_storage_AZ_NW_GW[AF],-345.0,13748607831.0,-21502.0
2454,2046-04-01,GW_storage_AZ_NW_GW[AF],-341.0,13826873589.0,-21843.0
2455,2046-05-01,GW_storage_AZ_NW_GW[AF],-336.0,13907944967.0,-22179.0
2456,2046-06-01,GW_storage_AZ_NW_GW[AF],-331.0,13989979852.0,-22510.0
2457,2046-07-01,GW_storage_AZ_NW_GW[AF],-326.0,14071604903.0,-22836.0
2458,2046-08-01,GW_storage_AZ_NW_GW[AF],-321.0,14152131683.0,-23157.0
2459,2046-09-01,GW_storage_AZ_NW_GW[AF],-316.0,14231617714.0,-23473.0
2460,2046-10-01,GW_storage_AZ_NW_GW[AF],-311.0,14310005025.0,-23784.0
2461,2046-11-01,GW_storage_AZ_NW_GW[AF],-307.0,14387273527.0,-24091.0
2462,2046-12-01,GW_storage_AZ_NW_GW[AF],-301.0,14463437376.0,-24392.0
2463,2047-01-01,GW_storage_AZ_NW_GW[AF],-294.0,14538457981.0,-24686.0
2464,2047-02-01,GW_storage_AZ_NW_GW[AF],-287.0,14612508014.0,-24973.0
2465,2047-03-01,GW_storage_AZ_NW_GW[AF],-281.0,14685452283.0,-25254.0
2466,2047-04-01,GW_storage_AZ_NW_GW[AF],-276.0,14764472816.0,-25530.0
2467,2047-05-01,GW_storage_AZ_NW_GW[AF],-272.0,14860897341.0,-25802.0
2468,2047-06-01,GW_storage_AZ_NW_GW[AF],-269.0,14972506362.0,-26071.0
2469,2047-07-01,GW_storage_AZ_NW_GW[AF],-265.0,15088231692.0,-26336.0
2470,2047-08-01,GW_storage_AZ_NW_GW[AF],-260.0,15203332934.0,-26596.0
2471,2047-09-01,GW_storage_AZ_NW_GW[AF],-256.0,15317492289.0,-26852.0
2472,2047-10-01,GW_storage_AZ_NW_GW[AF],-252.0,15430042333.0,-27104.0
2473,2047-11-01,GW_storage_AZ_NW_GW[AF],-249.0,15542831934.0,-27353.0
2474,2047-12-01,GW_storage_AZ_NW_GW[AF],-245.0,15653870877.0,-27598.0
2475,2048-01-01,GW_storage_AZ_NW_GW[AF],-240.0,15763169397.0,-27838.0
2476,2048-02-01,GW_storage_AZ_NW_GW[AF],-235.0,15872138297.0,-28073.0
2477,2048-03-01,GW_storage_AZ_NW_GW[AF],-230.0,15987897138.0,-28303.0
2478,2048-04-01,GW_storage_AZ_NW_GW[AF],-227.0,16106751114.0,-28530.0
2479,2048-05-01,GW_storage_AZ_NW_GW[AF],-224.0,16226738594.0,-28754.0
2480,2048-06-01,GW_storage_AZ_NW_GW[AF],-220.0,16346930466.0,-28974.0
2481,2048-07-01,GW_storage_AZ_NW_GW[AF],-217.0,16466203172.0,-29191.0
2482,2048-08-01,GW_storage_AZ_NW_GW[AF],-214.0,16583670765.0,-29405.0
2483,2048-09-01,GW_storage_AZ_NW_GW[AF],-211.0,16699553017.0,-29616.0
2484,2048-10-01,GW_storage_AZ_NW_GW[AF],-207.0,16813788962.0,-29823.0
2485,2048-11-01,GW_storage_AZ_NW_GW[AF],-204.0,16926416472.0,-30027.0
2486,2048-12-01,GW_storage_AZ_NW_GW[AF],-201.0,17038918116.0,-30228.0
2487,2049-01-01,GW_storage_AZ_NW_GW[AF],-198.0,17150214903.0,-30426.0
2488,2049-02-01,GW_storage_AZ_NW_GW[AF],-195.0,17259849423.0,-30621.0
2489,2049-03-01,GW_storage_AZ_NW_GW[AF],-192.0,17374140295.0,-30813.0
2490,2049-04-01,GW_storage_AZ_NW_GW[AF],-189.0,17496980626.0,-31002.0
2491,2049-05-01,GW_storage_AZ_NW_GW[AF],-187.0,17623520262.0,-31189.0
2492,2049-06-01,GW_storage_AZ_NW_GW[AF],-184.0,17749882278.0,-31373.0
2493,2049-07-01,GW_storage_AZ_NW_GW[AF],-181.0,17875311834.0,-31554.0
2494,2049-08-01,GW_storage_AZ_NW_GW[AF],-178.0,17998950915.0,-31732.0
2495,2049-09-01,GW_storage_AZ_NW_GW[AF],-175.0,18120987592.0,-31907.0
2496,2049-10-01,GW_storage_AZ_NW_GW[AF],-173.0,18241422265.0,-32080.0
2497,2049-11-01,GW_storage_AZ_NW_GW[AF],-170.0,18360102830.0,-32250.0
2498,2049-12-01,GW_storage_AZ_NW_GW[AF],-2808.0,18476910369.0,-35058.0
2499,2050-01-01,GW_storage_AZ_NW_GW[AF],-2765.0,18591916831.0,-37823.0
2500,2050-02-01,GW_storage_AZ_NW_GW[AF],-2727.0,18705272956.0,-40550.0
2501,2050-03-01,GW_storage_AZ_NW_GW[AF],-2686.0,18821028859.0,-43236.0
2502,2050-04-01,GW_storage_AZ_NW_GW[AF],-6003.0,18940506995.0,-49239.0
2503,2050-05-01,GW_storage_AZ_NW_GW[AF],-9360.0,19059600483.0,-58599.0
2504,2050-06-01,GW_storage_AZ_NW_GW[AF],-9222.0,19178428021.0,-67821.0
2505,2050-07-01,GW_storage_AZ_NW_GW[AF],-9080.0,19296435077.0,-76901.0
2506,2050-08-01,GW_storage_AZ_NW_GW[AF],-8941.0,19412834260.0,-85842.0
2507,2050-09-01,GW_storage_AZ_NW_GW[AF],-8809.0,19527808893.0,-94651.0
2508,2050-10-01,GW_storage_AZ_NW_GW[AF],-8674.0,19641173895.0,-103325.0
2509,2050-11-01,GW_storage_AZ_NW_GW[AF],-8545.0,19752769080.0,-111870.0
2510,2050-12-01,GW_storage_AZ_NW_GW[AF],-8414.0,19862611454.0,-120284.0
2511,2051-01-01,GW_storage_AZ_NW_GW[AF],-8286.0,19970764786.0,-128570.0
2512,2051-02-01,GW_storage_AZ_NW_GW[AF],-8171.0,20077395432.0,-136741.0
2513,2051-03-01,GW_storage_AZ_NW_GW[AF],-8046.0,20182370827.0,-144787.0
2514,2051-04-01,GW_storage_AZ_NW_GW[AF],-7927.0,20291580463.0,-152714.0
2515,2051-05-01,GW_storage_AZ_NW_GW[AF],-7806.0,20400038326.0,-160520.0
2516,2051-06-01,GW_storage_AZ_NW_GW[AF],-7690.0,20508257786.0,-168210.0
2517,2051-07-01,GW_storage_AZ_NW_GW[AF],-7572.0,20615875318.0,-175782.0
2518,2051-08-01,GW_storage_AZ_NW_GW[AF],-7456.0,20722198437.0,-183238.0
2519,2051-09-01,GW_storage_AZ_NW_GW[AF],-7346.0,20827038775.0,-190584.0
2520,2051-10-01,GW_storage_AZ_NW_GW[AF],-7233.0,20930437548.0,-197817.0
2521,2051-11-01,GW_storage_AZ_NW_GW[AF],-7126.0,21032468769.0,-204943.0
2522,2051-12-01,GW_storage_AZ_NW_GW[AF],-7017.0,21133705710.0,-211960.0
2523,2052-01-01,GW_storage_AZ_NW_GW[AF],-6909.0,21233433839.0,-218869.0
2524,2052-02-01,GW_storage_AZ_NW_GW[AF],-6811.0,21331717041.0,-225680.0
2525,2052-03-01,GW_storage_AZ_NW_GW[AF],-6706.0,21429607427.0,-232386.0
2526,2052-04-01,GW_storage_AZ_NW_GW[AF],-6607.0,21527851494.0,-238993.0
2527,2052-05-01,GW_storage_AZ_NW_GW[AF],-6506.0,21624977785.0,-245499.0
2528,2052-06-01,GW_storage_AZ_NW_GW[AF],-6410.0,21720857498.0,-251909.0
2529,2052-07-01,GW_storage_AZ_NW_GW[AF],-6311.0,21815421513.0,-258220.0
2530,2052-08-01,GW_storage_AZ_NW_GW[AF],-6215.0,21908765850.0,-264435.0
2531,2052-09-01,GW_storage_AZ_NW_GW[AF],-6123.0,22001026854.0,-270558.0
2532,2052-10-01,GW_storage_AZ_NW_GW[AF],-6029.0,22092179195.0,-276587.0
2533,2052-11-01,GW_storage_AZ_NW_GW[AF],-5939.0,22182158688.0,-282526.0
2534,2052-12-01,GW_storage_AZ_NW_GW[AF],-5849.0,22270990851.0,-288375.0
2535,2053-01-01,GW_storage_AZ_NW_GW[AF],-5759.0,22358572318.0,-294134.0
2536,2053-02-01,GW_storage_AZ_NW_GW[AF],-5679.0,22445234888.0,-299813.0
2537,2053-03-01,GW_storage_AZ_NW_GW[AF],-5593.0,22531338210.0,-305406.0
2538,2053-04-01,GW_storage_AZ_NW_GW[AF],-5510.0,22618197854.0,-310916.0
2539,2053-05-01,GW_storage_AZ_NW_GW[AF],-5425.0,22705000235.0,-316341.0
2540,2053-06-01,GW_storage_AZ_NW_GW[AF],-5346.0,22792005107.0,-321687.0
2541,2053-07-01,GW_storage_AZ_NW_GW[AF],-5263.0,22878611714.0,-326950.0
2542,2053-08-01,GW_storage_AZ_NW_GW[AF],-5183.0,22964123789.0,-332133.0
2543,2053-09-01,GW_storage_AZ_NW_GW[AF],-5105.0,23048536524.0,-337238.0
2544,2053-10-01,GW_storage_AZ_NW_GW[AF],-5027.0,23131866519.0,-342265.0
2545,2053-11-01,GW_storage_AZ_NW_GW[AF],-4953.0,23214276747.0,-347218.0
2546,2053-12-01,GW_storage_AZ_NW_GW[AF],-4877.0,23295578937.0,-352095.0
2547,2054-01-01,GW_storage_AZ_NW_GW[AF],-4803.0,23375761806.0,-356898.0
2548,2054-02-01,GW_storage_AZ_NW_GW[AF],-4736.0,23454991045.0,-361634.0
2549,2054-03-01,GW_storage_AZ_NW_GW[AF],-4664.0,23533194281.0,-366298.0
2550,2054-04-01,GW_storage_AZ_NW_GW[AF],-4595.0,23610840643.0,-370893.0
2551,2054-05-01,GW_storage_AZ_NW_GW[AF],-4524.0,23687968757.0,-375417.0
2552,2054-06-01,GW_storage_AZ_NW_GW[AF],-4458.0,23764134532.0,-379875.0
2553,2054-07-01,GW_storage_AZ_NW_GW[AF],-4389.0,23839346953.0,-384264.0
2554,2054-08-01,GW_storage_AZ_NW_GW[AF],-4322.0,23913680649.0,-388586.0
2555,2054-09-01,GW_storage_AZ_NW_GW[AF],-690.0,23987275722.0,-389276.0
2556,2054-10-01,GW_storage_AZ_NW_GW[AF],2231.0,24060063673.0,-387045.0
2557,2054-11-01,GW_storage_AZ_NW_GW[AF],2197.0,24132040073.0,-384848.0
2558,2054-12-01,GW_storage_AZ_NW_GW[AF],2164.0,24203075252.0,-382684.0
2559,2055-01-01,GW_storage_AZ_NW_GW[AF],2131.0,24273232069.0,-380553.0
2560,2055-02-01,GW_storage_AZ_NW_GW[AF],2104.0,24346983422.0,-378449.0
2561,2055-03-01,GW_storage_AZ_NW_GW[AF],2073.0,24429418525.0,-376376.0
2562,2055-04-01,GW_storage_AZ_NW_GW[AF],2042.0,24519974284.0,-374334.0
2563,2055-05-01,GW_storage_AZ_NW_GW[AF],2010.0,24612887460.0,-372324.0
2564,2055-06-01,GW_storage_AZ_NW_GW[AF],1981.0,24705731755.0,-370343.0
2565,2055-07-01,GW_storage_AZ_NW_GW[AF],1951.0,24797561549.0,-368392.0
2566,2055-08-01,GW_storage_AZ_NW_GW[AF],1920.0,24888417864.0,-366472.0
2567,2055-09-01,GW_storage_AZ_NW_GW[AF],1892.0,24978247446.0,-364580.0
2568,2055-10-01,GW_storage_AZ_NW_GW[AF],1863.0,25067037402.0,-362717.0
2569,2055-11-01,GW_storage_AZ_NW_GW[AF],1835.0,25154620871.0,-360882.0
2570,2055-12-01,GW_storage_AZ_NW_GW[AF],1808.0,25240958786.0,-359074.0
2571,2056-01-01,GW_storage_AZ_NW_GW[AF],1780.0,25326085001.0,-357294.0
2572,2056-02-01,GW_storage_AZ_NW_GW[AF],1753.0,25410115783.0,-355541.0
2573,2056-03-01,GW_storage_AZ_NW_GW[AF],1726.0,25493046199.0,-353815.0
2574,2056-04-01,GW_storage_AZ_NW_GW[AF],1701.0,25579867650.0,-352114.0
2575,2056-05-01,GW_storage_AZ_NW_GW[AF],1675.0,25665994452.0,-350439.0
2576,2056-06-01,GW_storage_AZ_NW_GW[AF],1650.0,25751014051.0,-348789.0
2577,2056-07-01,GW_storage_AZ_NW_GW[AF],1624.0,25834999057.0,-347165.0
2578,2056-08-01,GW_storage_AZ_NW_GW[AF],1600.0,25918012980.0,-345565.0
2579,2056-09-01,GW_storage_AZ_NW_GW[AF],1576.0,26000006720.0,-343989.0
2580,2056-10-01,GW_storage_AZ_NW_GW[AF],1551.0,26080893812.0,-342438.0
2581,2056-11-01,GW_storage_AZ_NW_GW[AF],1529.0,26160908259.0,-340909.0
2582,2056-12-01,GW_storage_AZ_NW_GW[AF],1505.0,26240212456.0,-339404.0
2583,2057-01-01,GW_storage_AZ_NW_GW[AF],1482.0,26318587848.0,-337922.0
2584,2057-02-01,GW_storage_AZ_NW_GW[AF],1462.0,26395985372.0,-336460.0
2585,2057-03-01,GW_storage_AZ_NW_GW[AF],1439.0,26472734266.0,-335021.0
2586,2057-04-01,GW_storage_AZ_NW_GW[AF],1418.0,26556295278.0,-333603.0
2587,2057-05-01,GW_storage_AZ_NW_GW[AF],1396.0,26638790503.0,-332207.0
2588,2057-06-01,GW_storage_AZ_NW_GW[AF],1376.0,26720263696.0,-330831.0
2589,2057-07-01,GW_storage_AZ_NW_GW[AF],1355.0,26800720453.0,-329476.0
2590,2057-08-01,GW_storage_AZ_NW_GW[AF],1333.0,26880212595.0,-328143.0
2591,2057-09-01,GW_storage_AZ_NW_GW[AF],1314.0,26958875022.0,-326829.0
2592,2057-10-01,GW_storage_AZ_NW_GW[AF],1294.0,27036568588.0,-325535.0
2593,2057-11-01,GW_storage_AZ_NW_GW[AF],1275.0,27113396201.0,-324260.0
2594,2057-12-01,GW_storage_AZ_NW_GW[AF],1255.0,27189264327.0,-323005.0
2595,2058-01-01,GW_storage_AZ_NW_GW[AF],1236.0,27264124633.0,-321769.0
2596,2058-02-01,GW_storage_AZ_NW_GW[AF],1219.0,27348265847.0,-320550.0
2597,2058-03-01,GW_storage_AZ_NW_GW[AF],1200.0,27440889382.0,-319350.0
2598,2058-04-01,GW_storage_AZ_NW_GW[AF],1182.0,27539133274.0,-318168.0
2599,2058-05-01,GW_storage_AZ_NW_GW[AF],1164.0,27639449314.0,-317004.0
2600,2058-06-01,GW_storage_AZ_NW_GW[AF],1147.0,27738779306.0,-315857.0
2601,2058-07-01,GW_storage_AZ_NW_GW[AF],1129.0,27837531793.0,-314728.0
2602,2058-08-01,GW_storage_AZ_NW_GW[AF],1112.0,27935280444.0,-313616.0
2603,2058-09-01,GW_storage_AZ_NW_GW[AF],1096.0,28031862865.0,-312520.0
2604,2058-10-01,GW_storage_AZ_NW_GW[AF],1079.0,28127260463.0,-311441.0
2605,2058-11-01,GW_storage_AZ_NW_GW[AF],1063.0,28221366217.0,-310378.0
2606,2058-12-01,GW_storage_AZ_NW_GW[AF],1046.0,28314157055.0,-309332.0
2607,2059-01-01,GW_storage_AZ_NW_GW[AF],1030.0,28405540773.0,-308302.0
2608,2059-02-01,GW_storage_AZ_NW_GW[AF],1016.0,28502067677.0,-307286.0
2609,2059-03-01,GW_storage_AZ_NW_GW[AF],1001.0,28605457246.0,-306285.0
2610,2059-04-01,GW_storage_AZ_NW_GW[AF],986.0,28717814838.0,-305299.0
2611,2059-05-01,GW_storage_AZ_NW_GW[AF],971.0,28830913147.0,-304328.0
2612,2059-06-01,GW_storage_AZ_NW_GW[AF],956.0,28943770190.0,-303372.0
2613,2059-07-01,GW_storage_AZ_NW_GW[AF],942.0,29055182582.0,-302430.0
2614,2059-08-01,GW_storage_AZ_NW_GW[AF],927.0,29165160032.0,-301503.0
2615,2059-09-01,GW_storage_AZ_NW_GW[AF],914.0,29273920291.0,-300589.0
2616,2059-10-01,GW_storage_AZ_NW_GW[AF],900.0,29381402010.0,-299689.0
2617,2059-11-01,GW_storage_AZ_NW_GW[AF],887.0,29487451547.0,-298802.0
2618,2059-12-01,GW_storage_AZ_NW_GW[AF],873.0,29592083281.0,-297929.0
2619,2060-01-01,GW_storage_AZ_NW_GW[AF],860.0,29695071869.0,-297069.0
2620,2060-02-01,GW_storage_AZ_NW_GW[AF],847.0,29797999369.0,-296222.0
2621,2060-03-01,GW_storage_AZ_NW_GW[AF],834.0,29907235449.0,-295388.0
2622,2060-04-01,GW_storage_AZ_NW_GW[AF],821.0,30022282651.0,-294567.0
2623,2060-05-01,GW_storage_AZ_NW_GW[AF],809.0,30138204137.0,-293758.0
2624,2060-06-01,GW_storage_AZ_NW_GW[AF],797.0,30253989194.0,-292961.0
2625,2060-07-01,GW_storage_AZ_NW_GW[AF],785.0,30369445165.0,-292176.0
2626,2060-08-01,GW_storage_AZ_NW_GW[AF],773.0,30483354195.0,-291403.0
2627,2060-09-01,GW_storage_AZ_NW_GW[AF],762.0,30595912136.0,-290641.0
2628,2060-10-01,GW_storage_AZ_NW_GW[AF],750.0,30707058453.0,-289891.0
2629,2060-11-01,GW_storage_AZ_NW_GW[AF],739.0,30816686913.0,-289152.0
2630,2060-12-01,GW_storage_AZ_NW_GW[AF],728.0,30924630927.0,-288424.0
2631,2061-01-01,GW_storage_AZ_NW_GW[AF],716.0,31038058188.0,-287708.0
2632,2061-02-01,GW_storage_AZ_NW_GW[AF],707.0,31163247262.0,-287001.0
2633,2061-03-01,GW_storage_AZ_NW_GW[AF],695.0,31301926464.0,-286306.0
2634,2061-04-01,GW_storage_AZ_NW_GW[AF],685.0,31460043743.0,-285621.0
2635,2061-05-01,GW_storage_AZ_NW_GW[AF],675.0,31621719240.0,-284946.0
2636,2061-06-01,GW_storage_AZ_NW_GW[AF],665.0,31781944019.0,-284281.0
2637,2061-07-01,GW_storage_AZ_NW_GW[AF],654.0,31940594248.0,-283627.0
2638,2061-08-01,GW_storage_AZ_NW_GW[AF],644.0,32097666692.0,-282983.0
2639,2061-09-01,GW_storage_AZ_NW_GW[AF],635.0,32253244922.0,-282348.0
2640,2061-10-01,GW_storage_AZ_NW_GW[AF],625.0,32407132898.0,-281723.0
2641,2061-11-01,GW_storage_AZ_NW_GW[AF],616.0,32559108380.0,-281107.0
2642,2061-12-01,GW_storage_AZ_NW_GW[AF],607.0,32709321481.0,-280500.0
2643,2062-01-01,GW_storage_AZ_NW_GW[AF],597.0,32858735378.0,-279903.0
2644,2062-02-01,GW_storage_AZ_NW_GW[AF],588.0,33022044851.0,-279315.0
2645,2062-03-01,GW_storage_AZ_NW_GW[AF],580.0,33198837130.0,-278735.0
2646,2062-04-01,GW_storage_AZ_NW_GW[AF],572.0,33390837210.0,-278163.0
2647,2062-05-01,GW_storage_AZ_NW_GW[AF],563.0,33584259641.0,-277600.0
2648,2062-06-01,GW_storage_AZ_NW_GW[AF],554.0,33776858517.0,-277046.0
2649,2062-07-01,GW_storage_AZ_NW_GW[AF],546.0,33967635736.0,-276500.0
2650,2062-08-01,GW_storage_AZ_NW_GW[AF],538.0,34156855847.0,-275962.0
2651,2062-09-01,GW_storage_AZ_NW_GW[AF],530.0,34344548104.0,-275432.0
2652,2062-10-01,GW_storage_AZ_NW_GW[AF],522.0,34530332137.0,-274910.0
2653,2062-11-01,GW_storage_AZ_NW_GW[AF],513.0,34714073091.0,-274397.0
2654,2062-12-01,GW_storage_AZ_NW_GW[AF],506.0,34895778448.0,-273891.0
2655,2063-01-01,GW_storage_AZ_NW_GW[AF],498.0,35079072230.0,-273393.0
2656,2063-02-01,GW_storage_AZ_NW_GW[AF],491.0,35269350335.0,-272902.0
2657,2063-03-01,GW_storage_AZ_NW_GW[AF],484.0,35470064786.0,-272418.0
2658,2063-04-01,GW_storage_AZ_NW_GW[AF],-3321.0,35683040547.0,-275739.0
2659,2063-05-01,GW_storage_AZ_NW_GW[AF],-7177.0,35907121073.0,-282916.0
2660,2063-06-01,GW_storage_AZ_NW_GW[AF],-7071.0,36134854310.0,-289987.0
2661,2063-07-01,GW_storage_AZ_NW_GW[AF],-6962.0,36361472567.0,-296949.0
2662,2063-08-01,GW_storage_AZ_NW_GW[AF],-6856.0,36586142514.0,-303805.0
2663,2063-09-01,GW_storage_AZ_NW_GW[AF],-6755.0,36808934029.0,-310560.0
2664,2063-10-01,GW_storage_AZ_NW_GW[AF],-6651.0,37029507927.0,-317211.0
2665,2063-11-01,GW_storage_AZ_NW_GW[AF],-6552.0,37248012309.0,-323763.0
2666,2063-12-01,GW_storage_AZ_NW_GW[AF],-10028.0,37465671472.0,-333791.0
2667,2064-01-01,GW_storage_AZ_NW_GW[AF],-13475.0,37694815963.0,-347266.0
2668,2064-02-01,GW_storage_AZ_NW_GW[AF],-16956.0,37945097639.0,-364222.0
2669,2064-03-01,GW_storage_AZ_NW_GW[AF],-20477.0,38213638934.0,-384699.0
2670,2064-04-01,GW_storage_AZ_NW_GW[AF],-24022.0,38493367090.0,-408721.0
2671,2064-05-01,GW_storage_AZ_NW_GW[AF],-27609.0,38776738105.0,-436330.0
2672,2064-06-01,GW_storage_AZ_NW_GW[AF],-31252.0,39060661713.0,-467582.0
2673,2064-07-01,GW_storage_AZ_NW_GW[AF],-30774.0,39341932866.0,-498356.0
2674,2064-08-01,GW_storage_AZ_NW_GW[AF],-30303.0,39620711220.0,-528659.0
2675,2064-09-01,GW_storage_AZ_NW_GW[AF],-29854.0,39897002798.0,-558513.0
2676,2064-10-01,GW_storage_AZ_NW_GW[AF],-29397.0,40170736712.0,-587910.0
2677,2064-11-01,GW_storage_AZ_NW_GW[AF],-28962.0,40442044957.0,-616872.0
2678,2064-12-01,GW_storage_AZ_NW_GW[AF],-32150.0,40711834451.0,-649022.0
2679,2065-01-01,GW_storage_AZ_NW_GW[AF],-35324.0,40982757097.0,-684346.0
2680,2065-02-01,GW_storage_AZ_NW_GW[AF],-38579.0,41255716076.0,-722925.0
2681,2065-03-01,GW_storage_AZ_NW_GW[AF],-41808.0,41533378347.0,-764733.0
2682,2065-04-01,GW_storage_AZ_NW_GW[AF],-45080.0,41819419395.0,-809813.0
2683,2065-05-01,GW_storage_AZ_NW_GW[AF],-44390.0,42107659636.0,-854203.0
2684,2065-06-01,GW_storage_AZ_NW_GW[AF],-43732.0,42393392346.0,-897935.0
2685,2065-07-01,GW_storage_AZ_NW_GW[AF],-43063.0,42678359041.0,-940998.0
2686,2065-08-01,GW_storage_AZ_NW_GW[AF],-42403.0,42960938762.0,-983401.0
2687,2065-09-01,GW_storage_AZ_NW_GW[AF],-41775.0,43241061639.0,-1025176.0
2688,2065-10-01,GW_storage_AZ_NW_GW[AF],-41136.0,43518553408.0,-1066312.0
2689,2065-11-01,GW_storage_AZ_NW_GW[AF],-40527.0,43793351378.0,-1106839.0
2690,2065-12-01,GW_storage_AZ_NW_GW[AF],-39906.0,44065325818.0,-1146745.0
2691,2066-01-01,GW_storage_AZ_NW_GW[AF],-39295.0,44334625115.0,-1186040.0
2692,2066-02-01,GW_storage_AZ_NW_GW[AF],-38751.0,44601575728.0,-1224791.0
2693,2066-03-01,GW_storage_AZ_NW_GW[AF],-38159.0,44865977654.0,-1262950.0
2694,2066-04-01,GW_storage_AZ_NW_GW[AF],-37593.0,45130939542.0,-1300543.0
2695,2066-05-01,GW_storage_AZ_NW_GW[AF],-37017.0,45393925169.0,-1337560.0
2696,2066-06-01,GW_storage_AZ_NW_GW[AF],-36469.0,45654573916.0,-1374029.0
2697,2066-07-01,GW_storage_AZ_NW_GW[AF],-35911.0,45912927675.0,-1409940.0
2698,2066-08-01,GW_storage_AZ_NW_GW[AF],-35362.0,46169111465.0,-1445302.0
2699,2066-09-01,GW_storage_AZ_NW_GW[AF],-34838.0,46423600426.0,-1480140.0
2700,2066-10-01,GW_storage_AZ_NW_GW[AF],-34304.0,46676263355.0,-1514444.0
2701,2066-11-01,GW_storage_AZ_NW_GW[AF],-33795.0,46927228863.0,-1548239.0
2702,2066-12-01,GW_storage_AZ_NW_GW[AF],-33279.0,47176198480.0,-1581518.0
2703,2067-01-01,GW_storage_AZ_NW_GW[AF],-32769.0,47422896821.0,-1614287.0
2704,2067-02-01,GW_storage_AZ_NW_GW[AF],-32316.0,47667661431.0,-1646603.0
2705,2067-03-01,GW_storage_AZ_NW_GW[AF],-31821.0,47910308464.0,-1678424.0
2706,2067-04-01,GW_storage_AZ_NW_GW[AF],-31349.0,48151085524.0,-1709773.0
2707,2067-05-01,GW_storage_AZ_NW_GW[AF],-30870.0,48389950965.0,-1740643.0
2708,2067-06-01,GW_storage_AZ_NW_GW[AF],-30412.0,48627002221.0,-1771055.0
2709,2067-07-01,GW_storage_AZ_NW_GW[AF],-29947.0,48862124917.0,-1801002.0
2710,2067-08-01,GW_storage_AZ_NW_GW[AF],-29489.0,49095321876.0,-1830491.0
2711,2067-09-01,GW_storage_AZ_NW_GW[AF],-29051.0,49326841519.0,-1859542.0
2712,2067-10-01,GW_storage_AZ_NW_GW[AF],-28607.0,49556552267.0,-1888149.0
2713,2067-11-01,GW_storage_AZ_NW_GW[AF],-28183.0,49784868208.0,-1916332.0
2714,2067-12-01,GW_storage_AZ_NW_GW[AF],-27752.0,50011545293.0,-1944084.0
2715,2068-01-01,GW_storage_AZ_NW_GW[AF],-27327.0,50238331069.0,-1971411.0
2716,2068-02-01,GW_storage_AZ_NW_GW[AF],-26935.0,50478937732.0,-1998346.0
2717,2068-03-01,GW_storage_AZ_NW_GW[AF],-26523.0,50739381265.0,-2024869.0
2718,2068-04-01,GW_storage_AZ_NW_GW[AF],-30127.0,51011294375.0,-2054996.0
2719,2068-05-01,GW_storage_AZ_NW_GW[AF],-33772.0,51290774772.0,-2088768.0
2720,2068-06-01,GW_storage_AZ_NW_GW[AF],-33271.0,51571539123.0,-2122039.0
2721,2068-07-01,GW_storage_AZ_NW_GW[AF],-32761.0,51851333229.0,-2154800.0
2722,2068-08-01,GW_storage_AZ_NW_GW[AF],-32260.0,52129191774.0,-2187060.0
2723,2068-09-01,GW_storage_AZ_NW_GW[AF],-31782.0,52405096290.0,-2218842.0
2724,2068-10-01,GW_storage_AZ_NW_GW[AF],-31296.0,52678907664.0,-2250138.0
2725,2068-11-01,GW_storage_AZ_NW_GW[AF],-30832.0,52950483517.0,-2280970.0
2726,2068-12-01,GW_storage_AZ_NW_GW[AF],-30360.0,53219819895.0,-2311330.0
2727,2069-01-01,GW_storage_AZ_NW_GW[AF],-29896.0,53487155316.0,-2341226.0
2728,2069-02-01,GW_storage_AZ_NW_GW[AF],-29482.0,53760870931.0,-2370708.0
2729,2069-03-01,GW_storage_AZ_NW_GW[AF],-25077.0,54039428849.0,-2395785.0
2730,2069-04-01,GW_storage_AZ_NW_GW[AF],-24705.0,54324092180.0,-2420490.0
2731,2069-05-01,GW_storage_AZ_NW_GW[AF],-24328.0,54609436481.0,-2444818.0
2732,2069-06-01,GW_storage_AZ_NW_GW[AF],-23967.0,54894337917.0,-2468785.0
2733,2069-07-01,GW_storage_AZ_NW_GW[AF],-23600.0,55177218144.0,-2492385.0
2734,2069-08-01,GW_storage_AZ_NW_GW[AF],-23238.0,55458179949.0,-2515623.0
2735,2069-09-01,GW_storage_AZ_NW_GW[AF],-22894.0,55737226700.0,-2538517.0
2736,2069-10-01,GW_storage_AZ_NW_GW[AF],-22544.0,56014313112.0,-2561061.0
2737,2069-11-01,GW_storage_AZ_NW_GW[AF],-22210.0,56289244905.0,-2583271.0
2738,2069-12-01,GW_storage_AZ_NW_GW[AF],-21870.0,56561948550.0,-2605141.0
2739,2070-01-01,GW_storage_AZ_NW_GW[AF],-21535.0,56832455571.0,-2626676.0
2740,2070-02-01,GW_storage_AZ_NW_GW[AF],-21237.0,57101031869.0,-2647913.0
2741,2070-03-01,GW_storage_AZ_NW_GW[AF],-20912.0,57367456127.0,-2668825.0
2742,2070-04-01,GW_storage_AZ_NW_GW[AF],-20603.0,57631884127.0,-2689428.0
2743,2070-05-01,GW_storage_AZ_NW_GW[AF],-24484.0,57894580730.0,-2713912.0
2744,2070-06-01,GW_storage_AZ_NW_GW[AF],-28418.0,58156625113.0,-2742330.0
2745,2070-07-01,GW_storage_AZ_NW_GW[AF],-32272.0,58417720429.0,-2774602.0
2746,2070-08-01,GW_storage_AZ_NW_GW[AF],-31778.0,58677125935.0,-2806380.0
2747,2070-09-01,GW_storage_AZ_NW_GW[AF],-31308.0,58935122487.0,-2837688.0
2748,2070-10-01,GW_storage_AZ_NW_GW[AF],-30829.0,59191573450.0,-2868517.0
2749,2070-11-01,GW_storage_AZ_NW_GW[AF],-30372.0,59446278042.0,-2898889.0
2750,2070-12-01,GW_storage_AZ_NW_GW[AF],-29907.0,59699129256.0,-2928796.0
2751,2021-05-01,GW_storage_AZ_PHX_GW[AF],6.0,212369.0,6.0
2752,2021-06-01,GW_storage_AZ_PHX_GW[AF],15.0,422066.0,21.0
2753,2021-07-01,GW_storage_AZ_PHX_GW[AF],13.0,628985.0,34.0
2754,2021-08-01,GW_storage_AZ_PHX_GW[AF],13.0,833341.0,47.0
2755,2021-09-01,GW_storage_AZ_PHX_GW[AF],16.0,1034591.0,63.0
2756,2021-10-01,GW_storage_AZ_PHX_GW[AF],12.0,1228184.0,75.0
2757,2021-11-01,GW_storage_AZ_PHX_GW[AF],11.0,1408873.0,86.0
2758,2021-12-01,GW_storage_AZ_PHX_GW[AF],11.0,1583705.0,97.0
2759,2022-01-01,GW_storage_AZ_PHX_GW[AF],11.0,1753848.0,108.0
2760,2022-02-01,GW_storage_AZ_PHX_GW[AF],-24.0,1920342.0,84.0
2761,2022-03-01,GW_storage_AZ_PHX_GW[AF],-23.0,2083476.0,61.0
2762,2022-04-01,GW_storage_AZ_PHX_GW[AF],-23.0,2243387.0,38.0
2763,2022-05-01,GW_storage_AZ_PHX_GW[AF],-21.0,2522880.0,17.0
2764,2022-06-01,GW_storage_AZ_PHX_GW[AF],-14.0,3551564.0,3.0
2765,2022-07-01,GW_storage_AZ_PHX_GW[AF],15.0,4562843.0,18.0
2766,2022-08-01,GW_storage_AZ_PHX_GW[AF],17.0,5557441.0,35.0
2767,2022-09-01,GW_storage_AZ_PHX_GW[AF],17.0,6536311.0,52.0
2768,2022-10-01,GW_storage_AZ_PHX_GW[AF],16.0,7499151.0,68.0
2769,2023-02-01,GW_storage_AZ_PHX_GW[AF],-4823.0,11192982.0,-4755.0
2770,2023-03-01,GW_storage_AZ_PHX_GW[AF],-4863.0,12082492.0,-9618.0
2771,2023-04-01,GW_storage_AZ_PHX_GW[AF],-4723.0,12955603.0,-14341.0
2772,2023-05-01,GW_storage_AZ_PHX_GW[AF],-4582.0,13813215.0,-18923.0
2773,2023-06-01,GW_storage_AZ_PHX_GW[AF],-4655.0,15164430.0,-23578.0
2774,2023-07-01,GW_storage_AZ_PHX_GW[AF],-4383.0,17236845.0,-27961.0
2775,2023-08-01,GW_storage_AZ_PHX_GW[AF],-4260.0,19274971.0,-32221.0
2776,2023-09-01,GW_storage_AZ_PHX_GW[AF],-4137.0,21282260.0,-36358.0
2777,2023-10-01,GW_storage_AZ_PHX_GW[AF],-4147.0,23279746.0,-40505.0
2778,2023-11-01,GW_storage_AZ_PHX_GW[AF],-4039.0,25247116.0,-44544.0
2779,2023-12-01,GW_storage_AZ_PHX_GW[AF],-3919.0,27178503.0,-48463.0
2780,2024-01-01,GW_storage_AZ_PHX_GW[AF],-3803.0,29079026.0,-52266.0
2781,2024-02-01,GW_storage_AZ_PHX_GW[AF],-3533.0,30951693.0,-55799.0
2782,2024-03-01,GW_storage_AZ_PHX_GW[AF],-3428.0,32794640.0,-59227.0
2783,2024-04-01,GW_storage_AZ_PHX_GW[AF],-3247.0,34598451.0,-62474.0
2784,2024-05-01,GW_storage_AZ_PHX_GW[AF],-3288.0,36379549.0,-65762.0
2785,2024-06-01,GW_storage_AZ_PHX_GW[AF],-3199.0,38134426.0,-68961.0
2786,2024-07-01,GW_storage_AZ_PHX_GW[AF],-3029.0,39862715.0,-71990.0
2787,2024-08-01,GW_storage_AZ_PHX_GW[AF],-2901.0,41565221.0,-74891.0
2788,2024-09-01,GW_storage_AZ_PHX_GW[AF],-2974.0,43242727.0,-77865.0
2789,2024-10-01,GW_storage_AZ_PHX_GW[AF],-2979.0,44894530.0,-80844.0
2790,2024-11-01,GW_storage_AZ_PHX_GW[AF],-2897.0,46522142.0,-83741.0
2791,2024-12-01,GW_storage_AZ_PHX_GW[AF],-2826.0,48125394.0,-86567.0
2792,2025-01-01,GW_storage_AZ_PHX_GW[AF],-2777.0,49704625.0,-89344.0
2793,2025-02-01,GW_storage_AZ_PHX_GW[AF],-2732.0,51264049.0,-92076.0
2794,2025-03-01,GW_storage_AZ_PHX_GW[AF],-2651.0,52800150.0,-94727.0
2795,2025-04-01,GW_storage_AZ_PHX_GW[AF],-2575.0,54422403.0,-97302.0
2796,2025-05-01,GW_storage_AZ_PHX_GW[AF],-2672.0,56023530.0,-99974.0
2797,2025-06-01,GW_storage_AZ_PHX_GW[AF],-2589.0,57673121.0,-102563.0
2798,2025-07-01,GW_storage_AZ_PHX_GW[AF],-8627.0,59233291.0,-111190.0
2799,2025-08-01,GW_storage_AZ_PHX_GW[AF],-754.0,60752330.0,-111944.0
2800,2025-09-01,GW_storage_AZ_PHX_GW[AF],197.0,63291561.0,-111747.0
2801,2025-10-01,GW_storage_AZ_PHX_GW[AF],280.0,66117192.0,-111467.0
2802,2025-11-01,GW_storage_AZ_PHX_GW[AF],12621.0,69169207.0,-98846.0
2803,2025-12-01,GW_storage_AZ_PHX_GW[AF],12246.0,72377661.0,-86600.0
2804,2026-01-01,GW_storage_AZ_PHX_GW[AF],14441.0,75644729.0,-72159.0
2805,2026-02-01,GW_storage_AZ_PHX_GW[AF],58416.0,83025589.0,-13743.0
2806,2026-03-01,GW_storage_AZ_PHX_GW[AF],60486.0,93674924.0,46743.0
2807,2026-04-01,GW_storage_AZ_PHX_GW[AF],58743.0,112497734.0,105486.0
2808,2026-05-01,GW_storage_AZ_PHX_GW[AF],56995.0,136460613.0,162481.0
2809,2026-06-01,GW_storage_AZ_PHX_GW[AF],55356.0,160180041.0,217837.0
2810,2026-07-01,GW_storage_AZ_PHX_GW[AF],53567.0,184580314.0,271404.0
2811,2026-08-01,GW_storage_AZ_PHX_GW[AF],51983.0,208538131.0,323387.0
2812,2026-09-01,GW_storage_AZ_PHX_GW[AF],50711.0,232132273.0,374098.0
2813,2026-10-01,GW_storage_AZ_PHX_GW[AF],49202.0,255250646.0,423300.0
2814,2026-11-01,GW_storage_AZ_PHX_GW[AF],47786.0,277908394.0,471086.0
2815,2026-12-01,GW_storage_AZ_PHX_GW[AF],46363.0,300103214.0,517449.0
2816,2027-01-01,GW_storage_AZ_PHX_GW[AF],46266.0,321847786.0,563715.0
2817,2027-02-01,GW_storage_AZ_PHX_GW[AF],45022.0,343199646.0,608737.0
2818,2027-03-01,GW_storage_AZ_PHX_GW[AF],44408.0,369620421.0,653145.0
2819,2027-04-01,GW_storage_AZ_PHX_GW[AF],43129.0,409179141.0,696274.0
2820,2027-05-01,GW_storage_AZ_PHX_GW[AF],45162.0,455970259.0,741436.0
2821,2027-06-01,GW_storage_AZ_PHX_GW[AF],43861.0,506103237.0,785297.0
2822,2027-07-01,GW_storage_AZ_PHX_GW[AF],42556.0,558027240.0,827853.0
2823,2027-08-01,GW_storage_AZ_PHX_GW[AF],41290.0,610747556.0,869143.0
2824,2027-09-01,GW_storage_AZ_PHX_GW[AF],40100.0,662576568.0,909243.0
2825,2027-10-01,GW_storage_AZ_PHX_GW[AF],38859.0,713531026.0,948102.0
2826,2027-11-01,GW_storage_AZ_PHX_GW[AF],37740.0,763602436.0,985842.0
2827,2027-12-01,GW_storage_AZ_PHX_GW[AF],36617.0,812846873.0,1022459.0
2828,2028-01-01,GW_storage_AZ_PHX_GW[AF],35526.0,861121911.0,1057985.0
2829,2028-02-01,GW_storage_AZ_PHX_GW[AF],36614.0,908650771.0,1094599.0
2830,2028-03-01,GW_storage_AZ_PHX_GW[AF],35526.0,959000163.0,1130125.0
2831,2028-04-01,GW_storage_AZ_PHX_GW[AF],34502.0,1012039411.0,1164627.0
2832,2028-05-01,GW_storage_AZ_PHX_GW[AF],33317.0,1068060916.0,1197944.0
2833,2028-06-01,GW_storage_AZ_PHX_GW[AF],32561.0,1125203670.0,1230505.0
2834,2028-07-01,GW_storage_AZ_PHX_GW[AF],31746.0,1183903968.0,1262251.0
2835,2028-08-01,GW_storage_AZ_PHX_GW[AF],30676.0,1241633200.0,1292927.0
2836,2028-09-01,GW_storage_AZ_PHX_GW[AF],29874.0,1298536546.0,1322801.0
2837,2028-10-01,GW_storage_AZ_PHX_GW[AF],28992.0,1354465802.0,1351793.0
2838,2028-11-01,GW_storage_AZ_PHX_GW[AF],28493.0,1409406877.0,1380286.0
2839,2028-12-01,GW_storage_AZ_PHX_GW[AF],27619.0,1463330743.0,1407905.0
2840,2029-01-01,GW_storage_AZ_PHX_GW[AF],26608.0,1516331973.0,1434513.0
2841,2029-02-01,GW_storage_AZ_PHX_GW[AF],27338.0,1568436361.0,1461851.0
2842,2029-03-01,GW_storage_AZ_PHX_GW[AF],26644.0,1622957905.0,1488495.0
2843,2029-04-01,GW_storage_AZ_PHX_GW[AF],26109.0,1679352962.0,1514604.0
2844,2029-05-01,GW_storage_AZ_PHX_GW[AF],26062.0,1742904338.0,1540666.0
2845,2029-06-01,GW_storage_AZ_PHX_GW[AF],25576.0,1807169538.0,1566242.0
2846,2029-07-01,GW_storage_AZ_PHX_GW[AF],24856.0,1872474684.0,1591098.0
2847,2029-08-01,GW_storage_AZ_PHX_GW[AF],24155.0,1936569687.0,1615253.0
2848,2029-09-01,GW_storage_AZ_PHX_GW[AF],23497.0,1999536921.0,1638750.0
2849,2029-10-01,GW_storage_AZ_PHX_GW[AF],22883.0,2061251234.0,1661633.0
2850,2029-11-01,GW_storage_AZ_PHX_GW[AF],22250.0,2121792309.0,1683883.0
2851,2029-12-01,GW_storage_AZ_PHX_GW[AF],21614.0,2181276298.0,1705497.0
2852,2030-01-01,GW_storage_AZ_PHX_GW[AF],20971.0,2239598911.0,1726468.0
2853,2030-02-01,GW_storage_AZ_PHX_GW[AF],20408.0,2296908282.0,1746876.0
2854,2030-03-01,GW_storage_AZ_PHX_GW[AF],20804.0,2353273149.0,1767680.0
2855,2030-04-01,GW_storage_AZ_PHX_GW[AF],20205.0,2408813513.0,1787885.0
2856,2030-05-01,GW_storage_AZ_PHX_GW[AF],19605.0,2463288321.0,1807490.0
2857,2030-06-01,GW_storage_AZ_PHX_GW[AF],19009.0,2519189259.0,1826499.0
2858,2030-07-01,GW_storage_AZ_PHX_GW[AF],18466.0,2574987711.0,1844965.0
2859,2030-08-01,GW_storage_AZ_PHX_GW[AF],17981.0,2629845780.0,1862946.0
2860,2030-09-01,GW_storage_AZ_PHX_GW[AF],17429.0,2683731630.0,1880375.0
2861,2030-10-01,GW_storage_AZ_PHX_GW[AF],16909.0,2736573135.0,1897284.0
2862,2030-11-01,GW_storage_AZ_PHX_GW[AF],16440.0,2788437015.0,1913724.0
2863,2030-12-01,GW_storage_AZ_PHX_GW[AF],15951.0,2839371858.0,1929675.0
2864,2031-01-01,GW_storage_AZ_PHX_GW[AF],15477.0,2889285425.0,1945152.0
2865,2031-02-01,GW_storage_AZ_PHX_GW[AF],14297.0,2938331300.0,1959449.0
2866,2031-03-01,GW_storage_AZ_PHX_GW[AF],21374.0,2986403207.0,1980823.0
2867,2031-04-01,GW_storage_AZ_PHX_GW[AF],21074.0,3034117058.0,2001897.0
2868,2031-05-01,GW_storage_AZ_PHX_GW[AF],20447.0,3081639947.0,2022344.0
2869,2031-06-01,GW_storage_AZ_PHX_GW[AF],19889.0,3128466639.0,2042233.0
2870,2031-07-01,GW_storage_AZ_PHX_GW[AF],19337.0,3175256040.0,2061570.0
2871,2031-08-01,GW_storage_AZ_PHX_GW[AF],18803.0,3221201089.0,2080373.0
2872,2031-09-01,GW_storage_AZ_PHX_GW[AF],18361.0,3266538806.0,2098734.0
2873,2031-10-01,GW_storage_AZ_PHX_GW[AF],17814.0,3311005126.0,2116548.0
2874,2031-11-01,GW_storage_AZ_PHX_GW[AF],17301.0,3354843436.0,2133849.0
2875,2031-12-01,GW_storage_AZ_PHX_GW[AF],16786.0,3397917039.0,2150635.0
2876,2032-01-01,GW_storage_AZ_PHX_GW[AF],16287.0,3440765830.0,2166922.0
2877,2032-02-01,GW_storage_AZ_PHX_GW[AF],15833.0,3500332884.0,2182755.0
2878,2032-03-01,GW_storage_AZ_PHX_GW[AF],15362.0,3570397039.0,2198117.0
2879,2032-04-01,GW_storage_AZ_PHX_GW[AF],14919.0,3645988541.0,2213036.0
2880,2032-05-01,GW_storage_AZ_PHX_GW[AF],14475.0,3723860841.0,2227511.0
2881,2032-06-01,GW_storage_AZ_PHX_GW[AF],14059.0,3803847465.0,2241570.0
2882,2032-07-01,GW_storage_AZ_PHX_GW[AF],13640.0,3884065220.0,2255210.0
2883,2032-08-01,GW_storage_AZ_PHX_GW[AF],13234.0,3963910669.0,2268444.0
2884,2032-09-01,GW_storage_AZ_PHX_GW[AF],12853.0,4042724779.0,2281297.0
2885,2032-10-01,GW_storage_AZ_PHX_GW[AF],12629.0,4120308321.0,2293926.0
2886,2032-11-01,GW_storage_AZ_PHX_GW[AF],12265.0,4196679403.0,2306191.0
2887,2032-12-01,GW_storage_AZ_PHX_GW[AF],11900.0,4271822754.0,2318091.0
2888,2033-01-01,GW_storage_AZ_PHX_GW[AF],11546.0,4345538492.0,2329637.0
2889,2033-02-01,GW_storage_AZ_PHX_GW[AF],11431.0,4423218301.0,2341068.0
2890,2033-03-01,GW_storage_AZ_PHX_GW[AF],17799.0,4505470297.0,2358867.0
2891,2033-04-01,GW_storage_AZ_PHX_GW[AF],17607.0,4590681136.0,2376474.0
2892,2033-05-01,GW_storage_AZ_PHX_GW[AF],17084.0,4675360581.0,2393558.0
2893,2033-06-01,GW_storage_AZ_PHX_GW[AF],16836.0,4760708398.0,2410394.0
2894,2033-07-01,GW_storage_AZ_PHX_GW[AF],16217.0,4846138178.0,2426611.0
2895,2033-08-01,GW_storage_AZ_PHX_GW[AF],15613.0,4931118427.0,2442224.0
2896,2033-09-01,GW_storage_AZ_PHX_GW[AF],15551.0,5014914731.0,2457775.0
2897,2033-10-01,GW_storage_AZ_PHX_GW[AF],15239.0,5097508172.0,2473014.0
2898,2033-11-01,GW_storage_AZ_PHX_GW[AF],14664.0,5178663669.0,2487678.0
2899,2033-12-01,GW_storage_AZ_PHX_GW[AF],14263.0,5258443309.0,2501941.0
2900,2034-01-01,GW_storage_AZ_PHX_GW[AF],14148.0,5339163828.0,2516089.0
2901,2034-02-01,GW_storage_AZ_PHX_GW[AF],13997.0,5418722190.0,2530086.0
2902,2034-03-01,GW_storage_AZ_PHX_GW[AF],13142.0,5500220744.0,2543228.0
2903,2034-04-01,GW_storage_AZ_PHX_GW[AF],13548.0,5584032903.0,2556776.0
2904,2034-05-01,GW_storage_AZ_PHX_GW[AF],13092.0,5676873319.0,2569868.0
2905,2034-06-01,GW_storage_AZ_PHX_GW[AF],12636.0,5773341236.0,2582504.0
2906,2034-07-01,GW_storage_AZ_PHX_GW[AF],12153.0,5871231225.0,2594657.0
2907,2034-08-01,GW_storage_AZ_PHX_GW[AF],10731.0,5968392389.0,2605388.0
2908,2034-09-01,GW_storage_AZ_PHX_GW[AF],10123.0,6064112138.0,2615511.0
2909,2034-10-01,GW_storage_AZ_PHX_GW[AF],9811.0,6158273690.0,2625322.0
2910,2034-11-01,GW_storage_AZ_PHX_GW[AF],9516.0,6251013792.0,2634838.0
2911,2034-12-01,GW_storage_AZ_PHX_GW[AF],9243.0,6342469856.0,2644081.0
2912,2035-01-01,GW_storage_AZ_PHX_GW[AF],-29238.0,6432436397.0,2614843.0
2913,2035-02-01,GW_storage_AZ_PHX_GW[AF],-28452.0,6520973109.0,2586391.0
2914,2035-03-01,GW_storage_AZ_PHX_GW[AF],-42935.0,6608114132.0,2543456.0
2915,2035-04-01,GW_storage_AZ_PHX_GW[AF],-41433.0,6694040771.0,2502023.0
2916,2035-05-01,GW_storage_AZ_PHX_GW[AF],-40200.0,6778544504.0,2461823.0
2917,2035-06-01,GW_storage_AZ_PHX_GW[AF],-39383.0,6863239534.0,2422440.0
2918,2035-07-01,GW_storage_AZ_PHX_GW[AF],-38679.0,6947511289.0,2383761.0
2919,2035-08-01,GW_storage_AZ_PHX_GW[AF],-37528.0,7030376153.0,2346233.0
2920,2035-09-01,GW_storage_AZ_PHX_GW[AF],-36448.0,7112119087.0,2309785.0
2921,2035-10-01,GW_storage_AZ_PHX_GW[AF],-35253.0,7192574428.0,2274532.0
2922,2035-11-01,GW_storage_AZ_PHX_GW[AF],-34637.0,7271865334.0,2239895.0
2923,2035-12-01,GW_storage_AZ_PHX_GW[AF],-33740.0,7350179909.0,2206155.0
2924,2036-01-01,GW_storage_AZ_PHX_GW[AF],-32517.0,7427195979.0,2173638.0
2925,2036-02-01,GW_storage_AZ_PHX_GW[AF],-31997.0,7503024891.0,2141641.0
2926,2036-03-01,GW_storage_AZ_PHX_GW[AF],-31044.0,7577632108.0,2110597.0
2927,2036-04-01,GW_storage_AZ_PHX_GW[AF],-29613.0,7651185144.0,2080984.0
2928,2036-05-01,GW_storage_AZ_PHX_GW[AF],-28660.0,7724300240.0,2052324.0
2929,2036-06-01,GW_storage_AZ_PHX_GW[AF],-27980.0,7796353708.0,2024344.0
2930,2036-07-01,GW_storage_AZ_PHX_GW[AF],-27300.0,7867314948.0,1997044.0
2931,2036-08-01,GW_storage_AZ_PHX_GW[AF],-26648.0,7937241278.0,1970396.0
2932,2036-09-01,GW_storage_AZ_PHX_GW[AF],-25259.0,8006295323.0,1945137.0
2933,2036-10-01,GW_storage_AZ_PHX_GW[AF],-24605.0,8074305646.0,1920532.0
2934,2036-11-01,GW_storage_AZ_PHX_GW[AF],-23996.0,8141376577.0,1896536.0
2935,2036-12-01,GW_storage_AZ_PHX_GW[AF],-23633.0,8207644541.0,1872903.0
2936,2037-01-01,GW_storage_AZ_PHX_GW[AF],-23062.0,8273161410.0,1849841.0
2937,2037-02-01,GW_storage_AZ_PHX_GW[AF],-22916.0,8337733681.0,1826925.0
2938,2037-03-01,GW_storage_AZ_PHX_GW[AF],-22234.0,8401237350.0,1804691.0
2939,2037-04-01,GW_storage_AZ_PHX_GW[AF],-21594.0,8463716442.0,1783097.0
2940,2037-05-01,GW_storage_AZ_PHX_GW[AF],-21010.0,8525229166.0,1762087.0
2941,2037-06-01,GW_storage_AZ_PHX_GW[AF],-20496.0,8585780498.0,1741591.0
2942,2037-07-01,GW_storage_AZ_PHX_GW[AF],-19877.0,8645518277.0,1721714.0
2943,2037-08-01,GW_storage_AZ_PHX_GW[AF],-19380.0,8704580765.0,1702334.0
2944,2037-09-01,GW_storage_AZ_PHX_GW[AF],-18224.0,8763159684.0,1684110.0
2945,2037-10-01,GW_storage_AZ_PHX_GW[AF],-17683.0,8821181815.0,1666427.0
2946,2037-11-01,GW_storage_AZ_PHX_GW[AF],-17173.0,8878677095.0,1649254.0
2947,2037-12-01,GW_storage_AZ_PHX_GW[AF],-16656.0,8935618642.0,1632598.0
2948,2038-01-01,GW_storage_AZ_PHX_GW[AF],-16161.0,8991690289.0,1616437.0
2949,2038-02-01,GW_storage_AZ_PHX_GW[AF],-15727.0,9049081585.0,1600710.0
2950,2038-03-01,GW_storage_AZ_PHX_GW[AF],-15260.0,9108044798.0,1585450.0
2951,2038-04-01,GW_storage_AZ_PHX_GW[AF],-14819.0,9168794933.0,1570631.0
2952,2038-05-01,GW_storage_AZ_PHX_GW[AF],-14401.0,9229969082.0,1556230.0
2953,2038-06-01,GW_storage_AZ_PHX_GW[AF],-14048.0,9290494843.0,1542182.0
2954,2038-07-01,GW_storage_AZ_PHX_GW[AF],-13696.0,9350294408.0,1528486.0
2955,2038-08-01,GW_storage_AZ_PHX_GW[AF],-13343.0,9409318940.0,1515143.0
2956,2038-09-01,GW_storage_AZ_PHX_GW[AF],-12995.0,9467673979.0,1502148.0
2957,2038-10-01,GW_storage_AZ_PHX_GW[AF],-12798.0,9525253636.0,1489350.0
2958,2038-11-01,GW_storage_AZ_PHX_GW[AF],-12430.0,9582098472.0,1476920.0
2959,2038-12-01,GW_storage_AZ_PHX_GW[AF],-12060.0,9638248766.0,1464860.0
2960,2039-01-01,GW_storage_AZ_PHX_GW[AF],-11702.0,9693650977.0,1453158.0
2961,2039-02-01,GW_storage_AZ_PHX_GW[AF],-11387.0,9750458830.0,1441771.0
2962,2039-03-01,GW_storage_AZ_PHX_GW[AF],-11046.0,9809156458.0,1430725.0
2963,2039-04-01,GW_storage_AZ_PHX_GW[AF],-10719.0,9868559467.0,1420006.0
2964,2039-05-01,GW_storage_AZ_PHX_GW[AF],-10465.0,9927385773.0,1409541.0
2965,2039-06-01,GW_storage_AZ_PHX_GW[AF],-10251.0,9986965256.0,1399290.0
2966,2039-07-01,GW_storage_AZ_PHX_GW[AF],-9602.0,10046475029.0,1389688.0
2967,2039-08-01,GW_storage_AZ_PHX_GW[AF],-9323.0,10105238592.0,1380365.0
2968,2039-09-01,GW_storage_AZ_PHX_GW[AF],-9062.0,10163363477.0,1371303.0
2969,2039-10-01,GW_storage_AZ_PHX_GW[AF],-7137.0,10220781260.0,1364166.0
2970,2039-11-01,GW_storage_AZ_PHX_GW[AF],-6949.0,10277373162.0,1357217.0
2971,2039-12-01,GW_storage_AZ_PHX_GW[AF],-6747.0,10333185165.0,1350470.0
2972,2040-01-01,GW_storage_AZ_PHX_GW[AF],-5675.0,10388289039.0,1344795.0
2973,2040-02-01,GW_storage_AZ_PHX_GW[AF],-5183.0,10442633493.0,1339612.0
2974,2040-03-01,GW_storage_AZ_PHX_GW[AF],-5029.0,10496196844.0,1334583.0
2975,2040-04-01,GW_storage_AZ_PHX_GW[AF],-4884.0,10549040409.0,1329699.0
2976,2040-05-01,GW_storage_AZ_PHX_GW[AF],-4735.0,10601395194.0,1324964.0
2977,2040-06-01,GW_storage_AZ_PHX_GW[AF],-4612.0,10653107949.0,1320352.0
2978,2040-07-01,GW_storage_AZ_PHX_GW[AF],-4620.0,10704171007.0,1315732.0
2979,2040-08-01,GW_storage_AZ_PHX_GW[AF],-4519.0,10754605305.0,1311213.0
2980,2040-09-01,GW_storage_AZ_PHX_GW[AF],-4813.0,10804445973.0,1306400.0
2981,2040-10-01,GW_storage_AZ_PHX_GW[AF],-3688.0,10853648570.0,1302712.0
2982,2040-11-01,GW_storage_AZ_PHX_GW[AF],-3638.0,10902484914.0,1299074.0
2983,2040-12-01,GW_storage_AZ_PHX_GW[AF],-3562.0,10950730644.0,1295512.0
2984,2041-01-01,GW_storage_AZ_PHX_GW[AF],-3456.0,10998281298.0,1292056.0
2985,2041-02-01,GW_storage_AZ_PHX_GW[AF],-3364.0,11047818234.0,1288692.0
2986,2041-03-01,GW_storage_AZ_PHX_GW[AF],-3257.0,11099139984.0,1285435.0
2987,2041-04-01,GW_storage_AZ_PHX_GW[AF],-3163.0,11151170281.0,1282272.0
2988,2041-05-01,GW_storage_AZ_PHX_GW[AF],-3069.0,11202540882.0,1279203.0
2989,2041-06-01,GW_storage_AZ_PHX_GW[AF],-3038.0,11253584926.0,1276165.0
2990,2041-07-01,GW_storage_AZ_PHX_GW[AF],-3023.0,11304087287.0,1273142.0
2991,2041-08-01,GW_storage_AZ_PHX_GW[AF],-2393.0,11354085428.0,1270749.0
2992,2041-09-01,GW_storage_AZ_PHX_GW[AF],-2691.0,11403615397.0,1268058.0
2993,2041-10-01,GW_storage_AZ_PHX_GW[AF],-1294.0,11452671944.0,1266764.0
2994,2041-11-01,GW_storage_AZ_PHX_GW[AF],-1327.0,11501212889.0,1265437.0
2995,2041-12-01,GW_storage_AZ_PHX_GW[AF],-1359.0,11549056939.0,1264078.0
2996,2042-01-01,GW_storage_AZ_PHX_GW[AF],-712.0,11596204581.0,1263366.0
2997,2042-02-01,GW_storage_AZ_PHX_GW[AF],-198.0,11642935334.0,1263168.0
2998,2042-03-01,GW_storage_AZ_PHX_GW[AF],-192.0,11689092595.0,1262976.0
2999,2042-04-01,GW_storage_AZ_PHX_GW[AF],-186.0,11735022869.0,1262790.0
3000,2042-05-01,GW_storage_AZ_PHX_GW[AF],-24.0,11780876718.0,1262766.0
3001,2042-06-01,GW_storage_AZ_PHX_GW[AF],-110.0,11826092725.0,1262656.0
3002,2042-07-01,GW_storage_AZ_PHX_GW[AF],-186.0,11871546727.0,1262470.0
3003,2042-08-01,GW_storage_AZ_PHX_GW[AF],-290.0,11916431990.0,1262180.0
3004,2042-09-01,GW_storage_AZ_PHX_GW[AF],1257.0,11960791410.0,1263437.0
3005,2042-10-01,GW_storage_AZ_PHX_GW[AF],1132.0,12004660184.0,1264569.0
3006,2042-11-01,GW_storage_AZ_PHX_GW[AF],1008.0,12048130811.0,1265577.0
3007,2042-12-01,GW_storage_AZ_PHX_GW[AF],890.0,12091062837.0,1266467.0
3008,2043-01-01,GW_storage_AZ_PHX_GW[AF],784.0,12133444088.0,1267251.0
3009,2043-02-01,GW_storage_AZ_PHX_GW[AF],544.0,12175363925.0,1267795.0
3010,2043-03-01,GW_storage_AZ_PHX_GW[AF],511.0,12216725340.0,1268306.0
3011,2043-04-01,GW_storage_AZ_PHX_GW[AF],510.0,12257666079.0,1268816.0
3012,2043-05-01,GW_storage_AZ_PHX_GW[AF],493.0,12298078753.0,1269309.0
3013,2043-06-01,GW_storage_AZ_PHX_GW[AF],284.0,12338040338.0,1269593.0
3014,2043-07-01,GW_storage_AZ_PHX_GW[AF],48.0,12377535688.0,1269641.0
3015,2043-08-01,GW_storage_AZ_PHX_GW[AF],-225.0,12416568319.0,1269416.0
3016,2043-09-01,GW_storage_AZ_PHX_GW[AF],-582.0,12455234071.0,1268834.0
3017,2043-10-01,GW_storage_AZ_PHX_GW[AF],-1096.0,12493493716.0,1267738.0
3018,2043-11-01,GW_storage_AZ_PHX_GW[AF],-1763.0,12531340494.0,1265975.0
3019,2043-12-01,GW_storage_AZ_PHX_GW[AF],-2615.0,12568703212.0,1263360.0
3020,2044-01-01,GW_storage_AZ_PHX_GW[AF],-3497.0,12605614127.0,1259863.0
3021,2044-02-01,GW_storage_AZ_PHX_GW[AF],-4959.0,12642100391.0,1254904.0
3022,2044-03-01,GW_storage_AZ_PHX_GW[AF],-7275.0,12678094207.0,1247629.0
3023,2044-04-01,GW_storage_AZ_PHX_GW[AF],-7280.0,12715489683.0,1240349.0
3024,2044-05-01,GW_storage_AZ_PHX_GW[AF],-6894.0,12757376464.0,1233455.0
3025,2044-06-01,GW_storage_AZ_PHX_GW[AF],-6820.0,12798680033.0,1226635.0
3026,2044-07-01,GW_storage_AZ_PHX_GW[AF],-6815.0,12840178366.0,1219820.0
3027,2044-08-01,GW_storage_AZ_PHX_GW[AF],-6806.0,12881238666.0,1213014.0
3028,2044-09-01,GW_storage_AZ_PHX_GW[AF],-6807.0,12921922929.0,1206207.0
3029,2044-10-01,GW_storage_AZ_PHX_GW[AF],-10884.0,12962137170.0,1195323.0
3030,2044-11-01,GW_storage_AZ_PHX_GW[AF],-13240.0,13001917872.0,1182083.0
3031,2044-12-01,GW_storage_AZ_PHX_GW[AF],-12846.0,13041192913.0,1169237.0
3032,2045-01-01,GW_storage_AZ_PHX_GW[AF],-12465.0,13079996277.0,1156772.0
3033,2045-02-01,GW_storage_AZ_PHX_GW[AF],-12286.0,13119222084.0,1144486.0
3034,2045-03-01,GW_storage_AZ_PHX_GW[AF],-15816.0,13158364150.0,1128670.0
3035,2045-04-01,GW_storage_AZ_PHX_GW[AF],-15361.0,13198157185.0,1113309.0
3036,2045-05-01,GW_storage_AZ_PHX_GW[AF],-14916.0,13237869018.0,1098393.0
3037,2045-06-01,GW_storage_AZ_PHX_GW[AF],-14476.0,13278774379.0,1083917.0
3038,2045-07-01,GW_storage_AZ_PHX_GW[AF],-14088.0,13324244062.0,1069829.0
3039,2045-08-01,GW_storage_AZ_PHX_GW[AF],-13701.0,13372386542.0,1056128.0
3040,2045-09-01,GW_storage_AZ_PHX_GW[AF],-13350.0,13419876881.0,1042778.0
3041,2045-10-01,GW_storage_AZ_PHX_GW[AF],-12987.0,13466818785.0,1029791.0
3042,2045-11-01,GW_storage_AZ_PHX_GW[AF],-12633.0,13513160105.0,1017158.0
3043,2045-12-01,GW_storage_AZ_PHX_GW[AF],-12286.0,13560745919.0,1004872.0
3044,2046-01-01,GW_storage_AZ_PHX_GW[AF],-11927.0,13615290772.0,992945.0
3045,2046-02-01,GW_storage_AZ_PHX_GW[AF],-11606.0,13677811710.0,981339.0
3046,2046-03-01,GW_storage_AZ_PHX_GW[AF],-11261.0,13748607831.0,970078.0
3047,2046-04-01,GW_storage_AZ_PHX_GW[AF],-10958.0,13826873589.0,959120.0
3048,2046-05-01,GW_storage_AZ_PHX_GW[AF],-10667.0,13907944967.0,948453.0
3049,2046-06-01,GW_storage_AZ_PHX_GW[AF],-10404.0,13989979852.0,938049.0
3050,2046-07-01,GW_storage_AZ_PHX_GW[AF],-10164.0,14071604903.0,927885.0
3051,2046-08-01,GW_storage_AZ_PHX_GW[AF],-9927.0,14152131683.0,917958.0
3052,2046-09-01,GW_storage_AZ_PHX_GW[AF],-9711.0,14231617714.0,908247.0
3053,2046-10-01,GW_storage_AZ_PHX_GW[AF],-9490.0,14310005025.0,898757.0
3054,2046-11-01,GW_storage_AZ_PHX_GW[AF],-9259.0,14387273527.0,889498.0
3055,2046-12-01,GW_storage_AZ_PHX_GW[AF],-8983.0,14463437376.0,880515.0
3056,2047-01-01,GW_storage_AZ_PHX_GW[AF],-8716.0,14538457981.0,871799.0
3057,2047-02-01,GW_storage_AZ_PHX_GW[AF],-8481.0,14612508014.0,863318.0
3058,2047-03-01,GW_storage_AZ_PHX_GW[AF],-8230.0,14685452283.0,855088.0
3059,2047-04-01,GW_storage_AZ_PHX_GW[AF],-7991.0,14764472816.0,847097.0
3060,2047-05-01,GW_storage_AZ_PHX_GW[AF],-7753.0,14860897341.0,839344.0
3061,2047-06-01,GW_storage_AZ_PHX_GW[AF],-7563.0,14972506362.0,831781.0
3062,2047-07-01,GW_storage_AZ_PHX_GW[AF],-7366.0,15088231692.0,824415.0
3063,2047-08-01,GW_storage_AZ_PHX_GW[AF],-6684.0,15203332934.0,817731.0
3064,2047-09-01,GW_storage_AZ_PHX_GW[AF],-6492.0,15317492289.0,811239.0
3065,2047-10-01,GW_storage_AZ_PHX_GW[AF],-6298.0,15430042333.0,804941.0
3066,2047-11-01,GW_storage_AZ_PHX_GW[AF],-6118.0,15542831934.0,798823.0
3067,2047-12-01,GW_storage_AZ_PHX_GW[AF],-5936.0,15653870877.0,792887.0
3068,2048-01-01,GW_storage_AZ_PHX_GW[AF],-8646.0,15763169397.0,784241.0
3069,2048-02-01,GW_storage_AZ_PHX_GW[AF],-8405.0,15872138297.0,775836.0
3070,2048-03-01,GW_storage_AZ_PHX_GW[AF],-8156.0,15987897138.0,767680.0
3071,2048-04-01,GW_storage_AZ_PHX_GW[AF],-7921.0,16106751114.0,759759.0
3072,2048-05-01,GW_storage_AZ_PHX_GW[AF],-7685.0,16226738594.0,752074.0
3073,2048-06-01,GW_storage_AZ_PHX_GW[AF],-7463.0,16346930466.0,744611.0
3074,2048-07-01,GW_storage_AZ_PHX_GW[AF],-7197.0,16466203172.0,737414.0
3075,2048-08-01,GW_storage_AZ_PHX_GW[AF],-7363.0,16583670765.0,730051.0
3076,2048-09-01,GW_storage_AZ_PHX_GW[AF],-6929.0,16699553017.0,723122.0
3077,2048-10-01,GW_storage_AZ_PHX_GW[AF],-6439.0,16813788962.0,716683.0
3078,2048-11-01,GW_storage_AZ_PHX_GW[AF],-27227.0,16926416472.0,689456.0
3079,2048-12-01,GW_storage_AZ_PHX_GW[AF],-26418.0,17038918116.0,663038.0
3080,2049-01-01,GW_storage_AZ_PHX_GW[AF],-25631.0,17150214903.0,637407.0
3081,2049-02-01,GW_storage_AZ_PHX_GW[AF],-25735.0,17259849423.0,611672.0
3082,2049-03-01,GW_storage_AZ_PHX_GW[AF],-24969.0,17374140295.0,586703.0
3083,2049-04-01,GW_storage_AZ_PHX_GW[AF],-24250.0,17496980626.0,562453.0
3084,2049-05-01,GW_storage_AZ_PHX_GW[AF],-23528.0,17623520262.0,538925.0
3085,2049-06-01,GW_storage_AZ_PHX_GW[AF],-23312.0,17749882278.0,515613.0
3086,2049-07-01,GW_storage_AZ_PHX_GW[AF],-22632.0,17875311834.0,492981.0
3087,2049-08-01,GW_storage_AZ_PHX_GW[AF],-21968.0,17998950915.0,471013.0
3088,2049-09-01,GW_storage_AZ_PHX_GW[AF],-21861.0,18120987592.0,449152.0
3089,2049-10-01,GW_storage_AZ_PHX_GW[AF],-21223.0,18241422265.0,427929.0
3090,2049-11-01,GW_storage_AZ_PHX_GW[AF],-20763.0,18360102830.0,407166.0
3091,2049-12-01,GW_storage_AZ_PHX_GW[AF],-30759.0,18476910369.0,376407.0
3092,2050-01-01,GW_storage_AZ_PHX_GW[AF],-29843.0,18591916831.0,346564.0
3093,2050-02-01,GW_storage_AZ_PHX_GW[AF],-29041.0,18705272956.0,317523.0
3094,2050-03-01,GW_storage_AZ_PHX_GW[AF],-28177.0,18821028859.0,289346.0
3095,2050-04-01,GW_storage_AZ_PHX_GW[AF],-42918.0,18940506995.0,246428.0
3096,2050-05-01,GW_storage_AZ_PHX_GW[AF],-41641.0,19059600483.0,204787.0
3097,2050-06-01,GW_storage_AZ_PHX_GW[AF],-40293.0,19178428021.0,164494.0
3098,2050-07-01,GW_storage_AZ_PHX_GW[AF],-39124.0,19296435077.0,125370.0
3099,2050-08-01,GW_storage_AZ_PHX_GW[AF],-37960.0,19412834260.0,87410.0
3100,2050-09-01,GW_storage_AZ_PHX_GW[AF],-36866.0,19527808893.0,50544.0
3101,2050-10-01,GW_storage_AZ_PHX_GW[AF],-8877.0,19641173895.0,41667.0
3102,2050-11-01,GW_storage_AZ_PHX_GW[AF],-4245.0,19752769080.0,37422.0
3103,2050-12-01,GW_storage_AZ_PHX_GW[AF],-1232.0,19862611454.0,36190.0
3104,2051-01-01,GW_storage_AZ_PHX_GW[AF],-60458.0,19970764786.0,-24268.0
3105,2051-02-01,GW_storage_AZ_PHX_GW[AF],-58833.0,20077395432.0,-83101.0
3106,2051-03-01,GW_storage_AZ_PHX_GW[AF],-59743.0,20182370827.0,-142844.0
3107,2051-04-01,GW_storage_AZ_PHX_GW[AF],-58023.0,20291580463.0,-200867.0
3108,2051-05-01,GW_storage_AZ_PHX_GW[AF],-56296.0,20400038326.0,-257163.0
3109,2051-06-01,GW_storage_AZ_PHX_GW[AF],-54687.0,20508257786.0,-311850.0
3110,2051-07-01,GW_storage_AZ_PHX_GW[AF],-52540.0,20615875318.0,-364390.0
3111,2051-08-01,GW_storage_AZ_PHX_GW[AF],-50976.0,20722198437.0,-415366.0
3112,2051-09-01,GW_storage_AZ_PHX_GW[AF],-36429.0,20827038775.0,-451795.0
3113,2051-10-01,GW_storage_AZ_PHX_GW[AF],-35505.0,20930437548.0,-487300.0
3114,2051-11-01,GW_storage_AZ_PHX_GW[AF],-42069.0,21032468769.0,-529369.0
3115,2051-12-01,GW_storage_AZ_PHX_GW[AF],-40817.0,21133705710.0,-570186.0
3116,2052-01-01,GW_storage_AZ_PHX_GW[AF],-39603.0,21233433839.0,-609789.0
3117,2052-02-01,GW_storage_AZ_PHX_GW[AF],-38500.0,21331717041.0,-648289.0
3118,2052-03-01,GW_storage_AZ_PHX_GW[AF],-37355.0,21429607427.0,-685644.0
3119,2052-04-01,GW_storage_AZ_PHX_GW[AF],-36279.0,21527851494.0,-721923.0
3120,2052-05-01,GW_storage_AZ_PHX_GW[AF],-35247.0,21624977785.0,-757170.0
3121,2052-06-01,GW_storage_AZ_PHX_GW[AF],-34303.0,21720857498.0,-791473.0
3122,2052-07-01,GW_storage_AZ_PHX_GW[AF],-33425.0,21815421513.0,-824898.0
3123,2052-08-01,GW_storage_AZ_PHX_GW[AF],-32515.0,21908765850.0,-857413.0
3124,2052-09-01,GW_storage_AZ_PHX_GW[AF],-31465.0,22001026854.0,-888878.0
3125,2052-10-01,GW_storage_AZ_PHX_GW[AF],-30620.0,22092179195.0,-919498.0
3126,2052-11-01,GW_storage_AZ_PHX_GW[AF],-29738.0,22182158688.0,-949236.0
3127,2052-12-01,GW_storage_AZ_PHX_GW[AF],-10186.0,22270990851.0,-959422.0
3128,2053-01-01,GW_storage_AZ_PHX_GW[AF],-9883.0,22358572318.0,-969305.0
3129,2053-02-01,GW_storage_AZ_PHX_GW[AF],-9618.0,22445234888.0,-978923.0
3130,2053-03-01,GW_storage_AZ_PHX_GW[AF],-3414.0,22531338210.0,-982337.0
3131,2053-04-01,GW_storage_AZ_PHX_GW[AF],-3317.0,22618197854.0,-985654.0
3132,2053-05-01,GW_storage_AZ_PHX_GW[AF],-3277.0,22705000235.0,-988931.0
3133,2053-06-01,GW_storage_AZ_PHX_GW[AF],-3304.0,22792005107.0,-992235.0
3134,2053-07-01,GW_storage_AZ_PHX_GW[AF],-3883.0,22878611714.0,-996118.0
3135,2053-08-01,GW_storage_AZ_PHX_GW[AF],-3769.0,22964123789.0,-999887.0
3136,2053-09-01,GW_storage_AZ_PHX_GW[AF],-3660.0,23048536524.0,-1003547.0
3137,2053-10-01,GW_storage_AZ_PHX_GW[AF],-3700.0,23131866519.0,-1007247.0
3138,2053-11-01,GW_storage_AZ_PHX_GW[AF],-3593.0,23214276747.0,-1010840.0
3139,2053-12-01,GW_storage_AZ_PHX_GW[AF],-3122.0,23295578937.0,-1013962.0
3140,2054-01-01,GW_storage_AZ_PHX_GW[AF],-3028.0,23375761806.0,-1016990.0
3141,2054-02-01,GW_storage_AZ_PHX_GW[AF],-2947.0,23454991045.0,-1019937.0
3142,2054-03-01,GW_storage_AZ_PHX_GW[AF],-26832.0,23533194281.0,-1046769.0
3143,2054-04-01,GW_storage_AZ_PHX_GW[AF],-26250.0,23610840643.0,-1073019.0
3144,2054-05-01,GW_storage_AZ_PHX_GW[AF],-24968.0,23687968757.0,-1097987.0
3145,2054-06-01,GW_storage_AZ_PHX_GW[AF],-24244.0,23764134532.0,-1122231.0
3146,2054-07-01,GW_storage_AZ_PHX_GW[AF],-22593.0,23839346953.0,-1144824.0
3147,2054-08-01,GW_storage_AZ_PHX_GW[AF],-21857.0,23913680649.0,-1166681.0
3148,2054-09-01,GW_storage_AZ_PHX_GW[AF],-20180.0,23987275722.0,-1186861.0
3149,2054-10-01,GW_storage_AZ_PHX_GW[AF],-20154.0,24060063673.0,-1207015.0
3150,2054-11-01,GW_storage_AZ_PHX_GW[AF],-19609.0,24132040073.0,-1226624.0
3151,2054-12-01,GW_storage_AZ_PHX_GW[AF],-19094.0,24203075252.0,-1245718.0
3152,2055-01-01,GW_storage_AZ_PHX_GW[AF],-18282.0,24273232069.0,-1264000.0
3153,2055-02-01,GW_storage_AZ_PHX_GW[AF],-16947.0,24346983422.0,-1280947.0
3154,2055-03-01,GW_storage_AZ_PHX_GW[AF],-16443.0,24429418525.0,-1297390.0
3155,2055-04-01,GW_storage_AZ_PHX_GW[AF],-15974.0,24519974284.0,-1313364.0
3156,2055-05-01,GW_storage_AZ_PHX_GW[AF],-15136.0,24612887460.0,-1328500.0
3157,2055-06-01,GW_storage_AZ_PHX_GW[AF],-14794.0,24705731755.0,-1343294.0
3158,2055-07-01,GW_storage_AZ_PHX_GW[AF],-14491.0,24797561549.0,-1357785.0
3159,2055-08-01,GW_storage_AZ_PHX_GW[AF],-15217.0,24888417864.0,-1373002.0
3160,2055-09-01,GW_storage_AZ_PHX_GW[AF],-14933.0,24978247446.0,-1387935.0
3161,2055-10-01,GW_storage_AZ_PHX_GW[AF],-14064.0,25067037402.0,-1401999.0
3162,2055-11-01,GW_storage_AZ_PHX_GW[AF],-13752.0,25154620871.0,-1415751.0
3163,2055-12-01,GW_storage_AZ_PHX_GW[AF],-13442.0,25240958786.0,-1429193.0
3164,2056-01-01,GW_storage_AZ_PHX_GW[AF],-13042.0,25326085001.0,-1442235.0
3165,2056-02-01,GW_storage_AZ_PHX_GW[AF],-12892.0,25410115783.0,-1455127.0
3166,2056-03-01,GW_storage_AZ_PHX_GW[AF],-12508.0,25493046199.0,-1467635.0
3167,2056-04-01,GW_storage_AZ_PHX_GW[AF],-12148.0,25579867650.0,-1479783.0
3168,2056-05-01,GW_storage_AZ_PHX_GW[AF],-11742.0,25665994452.0,-1491525.0
3169,2056-06-01,GW_storage_AZ_PHX_GW[AF],-11662.0,25751014051.0,-1503187.0
3170,2056-07-01,GW_storage_AZ_PHX_GW[AF],-11286.0,25834999057.0,-1514473.0
3171,2056-08-01,GW_storage_AZ_PHX_GW[AF],-11322.0,25918012980.0,-1525795.0
3172,2056-09-01,GW_storage_AZ_PHX_GW[AF],-11286.0,26000006720.0,-1537081.0
3173,2056-10-01,GW_storage_AZ_PHX_GW[AF],-10642.0,26080893812.0,-1547723.0
3174,2056-11-01,GW_storage_AZ_PHX_GW[AF],-10515.0,26160908259.0,-1558238.0
3175,2056-12-01,GW_storage_AZ_PHX_GW[AF],-5274.0,26240212456.0,-1563512.0
3176,2057-01-01,GW_storage_AZ_PHX_GW[AF],4708.0,26318587848.0,-1558804.0
3177,2057-02-01,GW_storage_AZ_PHX_GW[AF],4580.0,26395985372.0,-1554224.0
3178,2057-03-01,GW_storage_AZ_PHX_GW[AF],4444.0,26472734266.0,-1549780.0
3179,2057-04-01,GW_storage_AZ_PHX_GW[AF],4317.0,26556295278.0,-1545463.0
3180,2057-05-01,GW_storage_AZ_PHX_GW[AF],4188.0,26638790503.0,-1541275.0
3181,2057-06-01,GW_storage_AZ_PHX_GW[AF],3747.0,26720263696.0,-1537528.0
3182,2057-07-01,GW_storage_AZ_PHX_GW[AF],3471.0,26800720453.0,-1534057.0
3183,2057-08-01,GW_storage_AZ_PHX_GW[AF],4155.0,26880212595.0,-1529902.0
3184,2057-09-01,GW_storage_AZ_PHX_GW[AF],15170.0,26958875022.0,-1514732.0
3185,2057-10-01,GW_storage_AZ_PHX_GW[AF],14625.0,27036568588.0,-1500107.0
3186,2057-11-01,GW_storage_AZ_PHX_GW[AF],14203.0,27113396201.0,-1485904.0
3187,2057-12-01,GW_storage_AZ_PHX_GW[AF],9119.0,27189264327.0,-1476785.0
3188,2058-01-01,GW_storage_AZ_PHX_GW[AF],8847.0,27264124633.0,-1467938.0
3189,2058-02-01,GW_storage_AZ_PHX_GW[AF],8610.0,27348265847.0,-1459328.0
3190,2058-03-01,GW_storage_AZ_PHX_GW[AF],8354.0,27440889382.0,-1450974.0
3191,2058-04-01,GW_storage_AZ_PHX_GW[AF],8113.0,27539133274.0,-1442861.0
3192,2058-05-01,GW_storage_AZ_PHX_GW[AF],7871.0,27639449314.0,-1434990.0
3193,2058-06-01,GW_storage_AZ_PHX_GW[AF],7644.0,27738779306.0,-1427346.0
3194,2058-07-01,GW_storage_AZ_PHX_GW[AF],6990.0,27837531793.0,-1420356.0
3195,2058-08-01,GW_storage_AZ_PHX_GW[AF],6486.0,27935280444.0,-1413870.0
3196,2058-09-01,GW_storage_AZ_PHX_GW[AF],5918.0,28031862865.0,-1407952.0
3197,2058-10-01,GW_storage_AZ_PHX_GW[AF],5624.0,28127260463.0,-1402328.0
3198,2058-11-01,GW_storage_AZ_PHX_GW[AF],5409.0,28221366217.0,-1396919.0
3199,2058-12-01,GW_storage_AZ_PHX_GW[AF],5289.0,28314157055.0,-1391630.0
3200,2059-01-01,GW_storage_AZ_PHX_GW[AF],4619.0,28405540773.0,-1387011.0
3201,2059-02-01,GW_storage_AZ_PHX_GW[AF],4495.0,28502067677.0,-1382516.0
3202,2059-03-01,GW_storage_AZ_PHX_GW[AF],35085.0,28605457246.0,-1347431.0
3203,2059-04-01,GW_storage_AZ_PHX_GW[AF],34075.0,28717814838.0,-1313356.0
3204,2059-05-01,GW_storage_AZ_PHX_GW[AF],33060.0,28830913147.0,-1280296.0
3205,2059-06-01,GW_storage_AZ_PHX_GW[AF],32113.0,28943770190.0,-1248183.0
3206,2059-07-01,GW_storage_AZ_PHX_GW[AF],31306.0,29055182582.0,-1216877.0
3207,2059-08-01,GW_storage_AZ_PHX_GW[AF],29968.0,29165160032.0,-1186909.0
3208,2059-09-01,GW_storage_AZ_PHX_GW[AF],28811.0,29273920291.0,-1158098.0
3209,2059-10-01,GW_storage_AZ_PHX_GW[AF],27954.0,29381402010.0,-1130144.0
3210,2059-11-01,GW_storage_AZ_PHX_GW[AF],27149.0,29487451547.0,-1102995.0
3211,2059-12-01,GW_storage_AZ_PHX_GW[AF],26340.0,29592083281.0,-1076655.0
3212,2060-01-01,GW_storage_AZ_PHX_GW[AF],19284.0,29695071869.0,-1057371.0
3213,2060-02-01,GW_storage_AZ_PHX_GW[AF],18746.0,29797999369.0,-1038625.0
3214,2060-03-01,GW_storage_AZ_PHX_GW[AF],18188.0,29907235449.0,-1020437.0
3215,2060-04-01,GW_storage_AZ_PHX_GW[AF],17665.0,30022282651.0,-1002772.0
3216,2060-05-01,GW_storage_AZ_PHX_GW[AF],17139.0,30138204137.0,-985633.0
3217,2060-06-01,GW_storage_AZ_PHX_GW[AF],16198.0,30253989194.0,-969435.0
3218,2060-07-01,GW_storage_AZ_PHX_GW[AF],15716.0,30369445165.0,-953719.0
3219,2060-08-01,GW_storage_AZ_PHX_GW[AF],15470.0,30483354195.0,-938249.0
3220,2060-09-01,GW_storage_AZ_PHX_GW[AF],15025.0,30595912136.0,-923224.0
3221,2060-10-01,GW_storage_AZ_PHX_GW[AF],14659.0,30707058453.0,-908565.0
3222,2060-11-01,GW_storage_AZ_PHX_GW[AF],14325.0,30816686913.0,-894240.0
3223,2060-12-01,GW_storage_AZ_PHX_GW[AF],-3122.0,30924630927.0,-897362.0
3224,2061-01-01,GW_storage_AZ_PHX_GW[AF],-3029.0,31038058188.0,-900391.0
3225,2061-02-01,GW_storage_AZ_PHX_GW[AF],-2948.0,31163247262.0,-903339.0
3226,2061-03-01,GW_storage_AZ_PHX_GW[AF],14300.0,31301926464.0,-889039.0
3227,2061-04-01,GW_storage_AZ_PHX_GW[AF],20051.0,31460043743.0,-868988.0
3228,2061-05-01,GW_storage_AZ_PHX_GW[AF],19062.0,31621719240.0,-849926.0
3229,2061-06-01,GW_storage_AZ_PHX_GW[AF],18303.0,31781944019.0,-831623.0
3230,2061-07-01,GW_storage_AZ_PHX_GW[AF],17561.0,31940594248.0,-814062.0
3231,2061-08-01,GW_storage_AZ_PHX_GW[AF],14363.0,32097666692.0,-799699.0
3232,2061-09-01,GW_storage_AZ_PHX_GW[AF],13341.0,32253244922.0,-786358.0
3233,2061-10-01,GW_storage_AZ_PHX_GW[AF],12944.0,32407132898.0,-773414.0
3234,2061-11-01,GW_storage_AZ_PHX_GW[AF],-18262.0,32559108380.0,-791676.0
3235,2061-12-01,GW_storage_AZ_PHX_GW[AF],-17719.0,32709321481.0,-809395.0
3236,2062-01-01,GW_storage_AZ_PHX_GW[AF],-17192.0,32858735378.0,-826587.0
3237,2062-02-01,GW_storage_AZ_PHX_GW[AF],-16730.0,33022044851.0,-843317.0
3238,2062-03-01,GW_storage_AZ_PHX_GW[AF],-16231.0,33198837130.0,-859548.0
3239,2062-04-01,GW_storage_AZ_PHX_GW[AF],-25845.0,33390837210.0,-885393.0
3240,2062-05-01,GW_storage_AZ_PHX_GW[AF],-25076.0,33584259641.0,-910469.0
3241,2062-06-01,GW_storage_AZ_PHX_GW[AF],-24354.0,33776858517.0,-934823.0
3242,2062-07-01,GW_storage_AZ_PHX_GW[AF],-23467.0,33967635736.0,-958290.0
3243,2062-08-01,GW_storage_AZ_PHX_GW[AF],-23031.0,34156855847.0,-981321.0
3244,2062-09-01,GW_storage_AZ_PHX_GW[AF],9147.0,34344548104.0,-972174.0
3245,2062-10-01,GW_storage_AZ_PHX_GW[AF],8875.0,34530332137.0,-963299.0
3246,2062-11-01,GW_storage_AZ_PHX_GW[AF],38617.0,34714073091.0,-924682.0
3247,2062-12-01,GW_storage_AZ_PHX_GW[AF],37467.0,34895778448.0,-887215.0
3248,2063-01-01,GW_storage_AZ_PHX_GW[AF],36353.0,35079072230.0,-850862.0
3249,2063-02-01,GW_storage_AZ_PHX_GW[AF],35375.0,35269350335.0,-815487.0
3250,2063-03-01,GW_storage_AZ_PHX_GW[AF],34323.0,35470064786.0,-781164.0
3251,2063-04-01,GW_storage_AZ_PHX_GW[AF],33334.0,35683040547.0,-747830.0
3252,2063-05-01,GW_storage_AZ_PHX_GW[AF],32509.0,35907121073.0,-715321.0
3253,2063-06-01,GW_storage_AZ_PHX_GW[AF],31573.0,36134854310.0,-683748.0
3254,2063-07-01,GW_storage_AZ_PHX_GW[AF],30633.0,36361472567.0,-653115.0
3255,2063-08-01,GW_storage_AZ_PHX_GW[AF],29721.0,36586142514.0,-623394.0
3256,2063-09-01,GW_storage_AZ_PHX_GW[AF],28866.0,36808934029.0,-594528.0
3257,2063-10-01,GW_storage_AZ_PHX_GW[AF],28006.0,37029507927.0,-566522.0
3258,2063-11-01,GW_storage_AZ_PHX_GW[AF],53257.0,37248012309.0,-513265.0
3259,2063-12-01,GW_storage_AZ_PHX_GW[AF],51673.0,37465671472.0,-461592.0
3260,2064-01-01,GW_storage_AZ_PHX_GW[AF],50134.0,37694815963.0,-411458.0
3261,2064-02-01,GW_storage_AZ_PHX_GW[AF],48738.0,37945097639.0,-362720.0
3262,2064-03-01,GW_storage_AZ_PHX_GW[AF],47288.0,38213638934.0,-315432.0
3263,2064-04-01,GW_storage_AZ_PHX_GW[AF],45926.0,38493367090.0,-269506.0
3264,2064-05-01,GW_storage_AZ_PHX_GW[AF],44253.0,38776738105.0,-225253.0
3265,2064-06-01,GW_storage_AZ_PHX_GW[AF],42978.0,39060661713.0,-182275.0
3266,2064-07-01,GW_storage_AZ_PHX_GW[AF],41700.0,39341932866.0,-140575.0
3267,2064-08-01,GW_storage_AZ_PHX_GW[AF],40458.0,39620711220.0,-100117.0
3268,2064-09-01,GW_storage_AZ_PHX_GW[AF],38405.0,39897002798.0,-61712.0
3269,2064-10-01,GW_storage_AZ_PHX_GW[AF],57260.0,40170736712.0,-4452.0
3270,2064-11-01,GW_storage_AZ_PHX_GW[AF],62833.0,40442044957.0,58381.0
3271,2064-12-01,GW_storage_AZ_PHX_GW[AF],-2563.0,40711834451.0,55818.0
3272,2065-01-01,GW_storage_AZ_PHX_GW[AF],-37082.0,40982757097.0,18736.0
3273,2065-02-01,GW_storage_AZ_PHX_GW[AF],-53480.0,41255716076.0,-34744.0
3274,2065-03-01,GW_storage_AZ_PHX_GW[AF],-104512.0,41533378347.0,-139256.0
3275,2065-04-01,GW_storage_AZ_PHX_GW[AF],-101503.0,41819419395.0,-240759.0
3276,2065-05-01,GW_storage_AZ_PHX_GW[AF],-98052.0,42107659636.0,-338811.0
3277,2065-06-01,GW_storage_AZ_PHX_GW[AF],-95229.0,42393392346.0,-434040.0
3278,2065-07-01,GW_storage_AZ_PHX_GW[AF],-92395.0,42678359041.0,-526435.0
3279,2065-08-01,GW_storage_AZ_PHX_GW[AF],-92302.0,42960938762.0,-618737.0
3280,2065-09-01,GW_storage_AZ_PHX_GW[AF],-96668.0,43241061639.0,-715405.0
3281,2065-10-01,GW_storage_AZ_PHX_GW[AF],-93791.0,43518553408.0,-809196.0
3282,2065-11-01,GW_storage_AZ_PHX_GW[AF],-109803.0,43793351378.0,-918999.0
3283,2065-12-01,GW_storage_AZ_PHX_GW[AF],-128582.0,44065325818.0,-1047581.0
3284,2066-01-01,GW_storage_AZ_PHX_GW[AF],-109320.0,44334625115.0,-1156901.0
3285,2066-02-01,GW_storage_AZ_PHX_GW[AF],-80504.0,44601575728.0,-1237405.0
3286,2066-03-01,GW_storage_AZ_PHX_GW[AF],-78585.0,44865977654.0,-1315990.0
3287,2066-04-01,GW_storage_AZ_PHX_GW[AF],-76321.0,45130939542.0,-1392311.0
3288,2066-05-01,GW_storage_AZ_PHX_GW[AF],-73874.0,45393925169.0,-1466185.0
3289,2066-06-01,GW_storage_AZ_PHX_GW[AF],-71508.0,45654573916.0,-1537693.0
3290,2066-07-01,GW_storage_AZ_PHX_GW[AF],-69928.0,45912927675.0,-1607621.0
3291,2066-08-01,GW_storage_AZ_PHX_GW[AF],-49672.0,46169111465.0,-1657293.0
3292,2066-09-01,GW_storage_AZ_PHX_GW[AF],-84876.0,46423600426.0,-1742169.0
3293,2066-10-01,GW_storage_AZ_PHX_GW[AF],-82349.0,46676263355.0,-1824518.0
3294,2066-11-01,GW_storage_AZ_PHX_GW[AF],-95193.0,46927228863.0,-1919711.0
3295,2066-12-01,GW_storage_AZ_PHX_GW[AF],-92360.0,47176198480.0,-2012071.0
3296,2067-01-01,GW_storage_AZ_PHX_GW[AF],-89612.0,47422896821.0,-2101683.0
3297,2067-02-01,GW_storage_AZ_PHX_GW[AF],-87202.0,47667661431.0,-2188885.0
3298,2067-03-01,GW_storage_AZ_PHX_GW[AF],-84608.0,47910308464.0,-2273493.0
3299,2067-04-01,GW_storage_AZ_PHX_GW[AF],-96513.0,48151085524.0,-2370006.0
3300,2067-05-01,GW_storage_AZ_PHX_GW[AF],-94067.0,48389950965.0,-2464073.0
3301,2067-06-01,GW_storage_AZ_PHX_GW[AF],-91442.0,48627002221.0,-2555515.0
3302,2067-07-01,GW_storage_AZ_PHX_GW[AF],-88735.0,48862124917.0,-2644250.0
3303,2067-08-01,GW_storage_AZ_PHX_GW[AF],-86095.0,49095321876.0,-2730345.0
3304,2067-09-01,GW_storage_AZ_PHX_GW[AF],-131725.0,49326841519.0,-2862070.0
3305,2067-10-01,GW_storage_AZ_PHX_GW[AF],-134211.0,49556552267.0,-2996281.0
3306,2067-11-01,GW_storage_AZ_PHX_GW[AF],-121394.0,49784868208.0,-3117675.0
3307,2067-12-01,GW_storage_AZ_PHX_GW[AF],-117782.0,50011545293.0,-3235457.0
3308,2068-01-01,GW_storage_AZ_PHX_GW[AF],-114276.0,50238331069.0,-3349733.0
3309,2068-02-01,GW_storage_AZ_PHX_GW[AF],-111095.0,50478937732.0,-3460828.0
3310,2068-03-01,GW_storage_AZ_PHX_GW[AF],-107788.0,50739381265.0,-3568616.0
3311,2068-04-01,GW_storage_AZ_PHX_GW[AF],-104684.0,51011294375.0,-3673300.0
3312,2068-05-01,GW_storage_AZ_PHX_GW[AF],-106793.0,51290774772.0,-3780093.0
3313,2068-06-01,GW_storage_AZ_PHX_GW[AF],-103718.0,51571539123.0,-3883811.0
3314,2068-07-01,GW_storage_AZ_PHX_GW[AF],-100631.0,51851333229.0,-3984442.0
3315,2068-08-01,GW_storage_AZ_PHX_GW[AF],-97636.0,52129191774.0,-4082078.0
3316,2068-09-01,GW_storage_AZ_PHX_GW[AF],-125356.0,52405096290.0,-4207434.0
3317,2068-10-01,GW_storage_AZ_PHX_GW[AF],-113879.0,52678907664.0,-4321313.0
3318,2068-11-01,GW_storage_AZ_PHX_GW[AF],-81457.0,52950483517.0,-4402770.0
3319,2068-12-01,GW_storage_AZ_PHX_GW[AF],-79112.0,53219819895.0,-4481882.0
3320,2069-01-01,GW_storage_AZ_PHX_GW[AF],-78605.0,53487155316.0,-4560487.0
3321,2069-02-01,GW_storage_AZ_PHX_GW[AF],-78173.0,53760870931.0,-4638660.0
3322,2069-03-01,GW_storage_AZ_PHX_GW[AF],-77686.0,54039428849.0,-4716346.0
3323,2069-04-01,GW_storage_AZ_PHX_GW[AF],-79221.0,54324092180.0,-4795567.0
3324,2069-05-01,GW_storage_AZ_PHX_GW[AF],-76863.0,54609436481.0,-4872430.0
3325,2069-06-01,GW_storage_AZ_PHX_GW[AF],-74650.0,54894337917.0,-4947080.0
3326,2069-07-01,GW_storage_AZ_PHX_GW[AF],-72427.0,55177218144.0,-5019507.0
3327,2069-08-01,GW_storage_AZ_PHX_GW[AF],-70272.0,55458179949.0,-5089779.0
3328,2069-09-01,GW_storage_AZ_PHX_GW[AF],-68248.0,55737226700.0,-5158027.0
3329,2069-10-01,GW_storage_AZ_PHX_GW[AF],-66218.0,56014313112.0,-5224245.0
3330,2069-11-01,GW_storage_AZ_PHX_GW[AF],-64311.0,56289244905.0,-5288556.0
3331,2069-12-01,GW_storage_AZ_PHX_GW[AF],-62397.0,56561948550.0,-5350953.0
3332,2070-01-01,GW_storage_AZ_PHX_GW[AF],-60540.0,56832455571.0,-5411493.0
3333,2070-02-01,GW_storage_AZ_PHX_GW[AF],-60343.0,57101031869.0,-5471836.0
3334,2070-03-01,GW_storage_AZ_PHX_GW[AF],-58548.0,57367456127.0,-5530384.0
3335,2070-04-01,GW_storage_AZ_PHX_GW[AF],-56900.0,57631884127.0,-5587284.0
3336,2070-05-01,GW_storage_AZ_PHX_GW[AF],-55334.0,57894580730.0,-5642618.0
3337,2070-06-01,GW_storage_AZ_PHX_GW[AF],-53628.0,58156625113.0,-5696246.0
3338,2070-07-01,GW_storage_AZ_PHX_GW[AF],-51726.0,58417720429.0,-5747972.0
3339,2070-08-01,GW_storage_AZ_PHX_GW[AF],-50877.0,58677125935.0,-5798849.0
3340,2070-09-01,GW_storage_AZ_PHX_GW[AF],-49412.0,58935122487.0,-5848261.0
3341,2070-10-01,GW_storage_AZ_PHX_GW[AF],-47942.0,59191573450.0,-5896203.0
3342,2070-11-01,GW_storage_AZ_PHX_GW[AF],-80727.0,59446278042.0,-5976930.0
3343,2070-12-01,GW_storage_AZ_PHX_GW[AF],-71840.0,59699129256.0,-6048770.0
3344,2021-12-01,GW_storage_AZ_SE_GW[AF],-69.0,1583705.0,-69.0
3345,2022-01-01,GW_storage_AZ_SE_GW[AF],-68.0,1753848.0,-137.0
3346,2022-02-01,GW_storage_AZ_SE_GW[AF],-66.0,1920342.0,-203.0
3347,2022-03-01,GW_storage_AZ_SE_GW[AF],-66.0,2083476.0,-269.0
3348,2022-04-01,GW_storage_AZ_SE_GW[AF],-64.0,2243387.0,-333.0
3349,2022-05-01,GW_storage_AZ_SE_GW[AF],-129.0,2522880.0,-462.0
3350,2022-06-01,GW_storage_AZ_SE_GW[AF],-127.0,3551564.0,-589.0
3351,2022-07-01,GW_storage_AZ_SE_GW[AF],-126.0,4562843.0,-715.0
3352,2022-08-01,GW_storage_AZ_SE_GW[AF],-124.0,5557441.0,-839.0
3353,2022-09-01,GW_storage_AZ_SE_GW[AF],-131.0,6536311.0,-970.0
3354,2022-10-01,GW_storage_AZ_SE_GW[AF],-129.0,7499151.0,-1099.0
3355,2022-11-01,GW_storage_AZ_SE_GW[AF],-128.0,8445383.0,-1227.0
3356,2022-12-01,GW_storage_AZ_SE_GW[AF],-127.0,9374562.0,-1354.0
3357,2023-01-01,GW_storage_AZ_SE_GW[AF],-125.0,10287031.0,-1479.0
3358,2023-02-01,GW_storage_AZ_SE_GW[AF],-131.0,11192982.0,-1610.0
3359,2023-03-01,GW_storage_AZ_SE_GW[AF],-128.0,12082492.0,-1738.0
3360,2023-04-01,GW_storage_AZ_SE_GW[AF],-127.0,12955603.0,-1865.0
3361,2023-05-01,GW_storage_AZ_SE_GW[AF],-87.0,13813215.0,-1952.0
3362,2023-06-01,GW_storage_AZ_SE_GW[AF],-94.0,15164430.0,-2046.0
3363,2023-07-01,GW_storage_AZ_SE_GW[AF],-40.0,17236845.0,-2086.0
3364,2023-08-01,GW_storage_AZ_SE_GW[AF],-287.0,19274971.0,-2373.0
3365,2023-09-01,GW_storage_AZ_SE_GW[AF],-168.0,21282260.0,-2541.0
3366,2023-10-01,GW_storage_AZ_SE_GW[AF],-164.0,23279746.0,-2705.0
3367,2023-11-01,GW_storage_AZ_SE_GW[AF],-161.0,25247116.0,-2866.0
3368,2023-12-01,GW_storage_AZ_SE_GW[AF],-158.0,27178503.0,-3024.0
3369,2024-01-01,GW_storage_AZ_SE_GW[AF],-155.0,29079026.0,-3179.0
3370,2024-02-01,GW_storage_AZ_SE_GW[AF],-152.0,30951693.0,-3331.0
3371,2024-03-01,GW_storage_AZ_SE_GW[AF],-149.0,32794640.0,-3480.0
3372,2024-04-01,GW_storage_AZ_SE_GW[AF],-106.0,34598451.0,-3586.0
3373,2024-05-01,GW_storage_AZ_SE_GW[AF],-120.0,36379549.0,-3706.0
3374,2024-06-01,GW_storage_AZ_SE_GW[AF],-27.0,38134426.0,-3733.0
3375,2024-07-01,GW_storage_AZ_SE_GW[AF],23.0,39862715.0,-3710.0
3376,2024-08-01,GW_storage_AZ_SE_GW[AF],70.0,41565221.0,-3640.0
3377,2024-09-01,GW_storage_AZ_SE_GW[AF],98.0,43242727.0,-3542.0
3378,2024-10-01,GW_storage_AZ_SE_GW[AF],-7.0,44894530.0,-3549.0
3379,2024-11-01,GW_storage_AZ_SE_GW[AF],-39.0,46522142.0,-3588.0
3380,2024-12-01,GW_storage_AZ_SE_GW[AF],53.0,48125394.0,-3535.0
3381,2025-01-01,GW_storage_AZ_SE_GW[AF],58.0,49704625.0,-3477.0
3382,2025-02-01,GW_storage_AZ_SE_GW[AF],85.0,51264049.0,-3392.0
3383,2025-03-01,GW_storage_AZ_SE_GW[AF],84.0,52800150.0,-3308.0
3384,2025-04-01,GW_storage_AZ_SE_GW[AF],79.0,54422403.0,-3229.0
3385,2025-05-01,GW_storage_AZ_SE_GW[AF],-8.0,56023530.0,-3237.0
3386,2025-06-01,GW_storage_AZ_SE_GW[AF],-51.0,57673121.0,-3288.0
3387,2025-07-01,GW_storage_AZ_SE_GW[AF],-1348.0,59233291.0,-4636.0
3388,2025-08-01,GW_storage_AZ_SE_GW[AF],21324.0,60752330.0,16688.0
3389,2025-09-01,GW_storage_AZ_SE_GW[AF],48703.0,63291561.0,65391.0
3390,2025-10-01,GW_storage_AZ_SE_GW[AF],70038.0,66117192.0,135429.0
3391,2025-11-01,GW_storage_AZ_SE_GW[AF],89556.0,69169207.0,224985.0
3392,2025-12-01,GW_storage_AZ_SE_GW[AF],104647.0,72377661.0,329632.0
3393,2026-01-01,GW_storage_AZ_SE_GW[AF],111562.0,75644729.0,441194.0
3394,2026-02-01,GW_storage_AZ_SE_GW[AF],121971.0,83025589.0,563165.0
3395,2026-03-01,GW_storage_AZ_SE_GW[AF],119680.0,93674924.0,682845.0
3396,2026-04-01,GW_storage_AZ_SE_GW[AF],117443.0,112497734.0,800288.0
3397,2026-05-01,GW_storage_AZ_SE_GW[AF],116589.0,136460613.0,916877.0
3398,2026-06-01,GW_storage_AZ_SE_GW[AF],115933.0,160180041.0,1032810.0
3399,2026-07-01,GW_storage_AZ_SE_GW[AF],114874.0,184580314.0,1147684.0
3400,2026-08-01,GW_storage_AZ_SE_GW[AF],113390.0,208538131.0,1261074.0
3401,2026-09-01,GW_storage_AZ_SE_GW[AF],111264.0,232132273.0,1372338.0
3402,2026-10-01,GW_storage_AZ_SE_GW[AF],109173.0,255250646.0,1481511.0
3403,2026-11-01,GW_storage_AZ_SE_GW[AF],107234.0,277908394.0,1588745.0
3404,2026-12-01,GW_storage_AZ_SE_GW[AF],105157.0,300103214.0,1693902.0
3405,2027-01-01,GW_storage_AZ_SE_GW[AF],103120.0,321847786.0,1797022.0
3406,2027-02-01,GW_storage_AZ_SE_GW[AF],101314.0,343199646.0,1898336.0
3407,2027-03-01,GW_storage_AZ_SE_GW[AF],99351.0,369620421.0,1997687.0
3408,2027-04-01,GW_storage_AZ_SE_GW[AF],97488.0,409179141.0,2095175.0
3409,2027-05-01,GW_storage_AZ_SE_GW[AF],95600.0,455970259.0,2190775.0
3410,2027-06-01,GW_storage_AZ_SE_GW[AF],93849.0,506103237.0,2284624.0
3411,2027-07-01,GW_storage_AZ_SE_GW[AF],91971.0,558027240.0,2376595.0
3412,2027-08-01,GW_storage_AZ_SE_GW[AF],90189.0,610747556.0,2466784.0
3413,2027-09-01,GW_storage_AZ_SE_GW[AF],88499.0,662576568.0,2555283.0
3414,2027-10-01,GW_storage_AZ_SE_GW[AF],86787.0,713531026.0,2642070.0
3415,2027-11-01,GW_storage_AZ_SE_GW[AF],85209.0,763602436.0,2727279.0
3416,2027-12-01,GW_storage_AZ_SE_GW[AF],83558.0,812846873.0,2810837.0
3417,2028-01-01,GW_storage_AZ_SE_GW[AF],81939.0,861121911.0,2892776.0
3418,2028-02-01,GW_storage_AZ_SE_GW[AF],80454.0,908650771.0,2973230.0
3419,2028-03-01,GW_storage_AZ_SE_GW[AF],78895.0,959000163.0,3052125.0
3420,2028-04-01,GW_storage_AZ_SE_GW[AF],77567.0,1012039411.0,3129692.0
3421,2028-05-01,GW_storage_AZ_SE_GW[AF],76362.0,1068060916.0,3206054.0
3422,2028-06-01,GW_storage_AZ_SE_GW[AF],75196.0,1125203670.0,3281250.0
3423,2028-07-01,GW_storage_AZ_SE_GW[AF],74094.0,1183903968.0,3355344.0
3424,2028-08-01,GW_storage_AZ_SE_GW[AF],73038.0,1241633200.0,3428382.0
3425,2028-09-01,GW_storage_AZ_SE_GW[AF],72131.0,1298536546.0,3500513.0
3426,2028-10-01,GW_storage_AZ_SE_GW[AF],71288.0,1354465802.0,3571801.0
3427,2028-11-01,GW_storage_AZ_SE_GW[AF],70368.0,1409406877.0,3642169.0
3428,2028-12-01,GW_storage_AZ_SE_GW[AF],68930.0,1463330743.0,3711099.0
3429,2029-01-01,GW_storage_AZ_SE_GW[AF],67442.0,1516331973.0,3778541.0
3430,2029-02-01,GW_storage_AZ_SE_GW[AF],66130.0,1568436361.0,3844671.0
3431,2029-03-01,GW_storage_AZ_SE_GW[AF],64583.0,1622957905.0,3909254.0
3432,2029-04-01,GW_storage_AZ_SE_GW[AF],63073.0,1679352962.0,3972327.0
3433,2029-05-01,GW_storage_AZ_SE_GW[AF],61115.0,1742904338.0,4033442.0
3434,2029-06-01,GW_storage_AZ_SE_GW[AF],59533.0,1807169538.0,4092975.0
3435,2029-07-01,GW_storage_AZ_SE_GW[AF],58077.0,1872474684.0,4151052.0
3436,2029-08-01,GW_storage_AZ_SE_GW[AF],56648.0,1936569687.0,4207700.0
3437,2029-09-01,GW_storage_AZ_SE_GW[AF],45773.0,1999536921.0,4253473.0
3438,2029-10-01,GW_storage_AZ_SE_GW[AF],44965.0,2061251234.0,4298438.0
3439,2029-11-01,GW_storage_AZ_SE_GW[AF],44263.0,2121792309.0,4342701.0
3440,2029-12-01,GW_storage_AZ_SE_GW[AF],43406.0,2181276298.0,4386107.0
3441,2030-01-01,GW_storage_AZ_SE_GW[AF],42565.0,2239598911.0,4428672.0
3442,2030-02-01,GW_storage_AZ_SE_GW[AF],41820.0,2296908282.0,4470492.0
3443,2030-03-01,GW_storage_AZ_SE_GW[AF],41010.0,2353273149.0,4511502.0
3444,2030-04-01,GW_storage_AZ_SE_GW[AF],40240.0,2408813513.0,4551742.0
3445,2030-05-01,GW_storage_AZ_SE_GW[AF],14607.0,2463288321.0,4566349.0
3446,2030-06-01,GW_storage_AZ_SE_GW[AF],-10816.0,2519189259.0,4555533.0
3447,2030-07-01,GW_storage_AZ_SE_GW[AF],-37211.0,2574987711.0,4518322.0
3448,2030-08-01,GW_storage_AZ_SE_GW[AF],-64993.0,2629845780.0,4453329.0
3449,2030-09-01,GW_storage_AZ_SE_GW[AF],-82368.0,2683731630.0,4370961.0
3450,2030-10-01,GW_storage_AZ_SE_GW[AF],-105488.0,2736573135.0,4265473.0
3451,2030-11-01,GW_storage_AZ_SE_GW[AF],-124783.0,2788437015.0,4140690.0
3452,2030-12-01,GW_storage_AZ_SE_GW[AF],-123831.0,2839371858.0,4016859.0
3453,2031-01-01,GW_storage_AZ_SE_GW[AF],-121452.0,2889285425.0,3895407.0
3454,2031-02-01,GW_storage_AZ_SE_GW[AF],-119328.0,2938331300.0,3776079.0
3455,2031-03-01,GW_storage_AZ_SE_GW[AF],-117018.0,2986403207.0,3659061.0
3456,2031-04-01,GW_storage_AZ_SE_GW[AF],-114843.0,3034117058.0,3544218.0
3457,2031-05-01,GW_storage_AZ_SE_GW[AF],-112665.0,3081639947.0,3431553.0
3458,2031-06-01,GW_storage_AZ_SE_GW[AF],-110437.0,3128466639.0,3321116.0
3459,2031-07-01,GW_storage_AZ_SE_GW[AF],-108382.0,3175256040.0,3212734.0
3460,2031-08-01,GW_storage_AZ_SE_GW[AF],-106282.0,3221201089.0,3106452.0
3461,2031-09-01,GW_storage_AZ_SE_GW[AF],-104289.0,3266538806.0,3002163.0
3462,2031-10-01,GW_storage_AZ_SE_GW[AF],-102269.0,3311005126.0,2899894.0
3463,2031-11-01,GW_storage_AZ_SE_GW[AF],-100352.0,3354843436.0,2799542.0
3464,2031-12-01,GW_storage_AZ_SE_GW[AF],-98407.0,3397917039.0,2701135.0
3465,2032-01-01,GW_storage_AZ_SE_GW[AF],-74914.0,3440765830.0,2626221.0
3466,2032-02-01,GW_storage_AZ_SE_GW[AF],-51597.0,3500332884.0,2574624.0
3467,2032-03-01,GW_storage_AZ_SE_GW[AF],-27504.0,3570397039.0,2547120.0
3468,2032-04-01,GW_storage_AZ_SE_GW[AF],-3386.0,3645988541.0,2543734.0
3469,2032-05-01,GW_storage_AZ_SE_GW[AF],-3323.0,3723860841.0,2540411.0
3470,2032-06-01,GW_storage_AZ_SE_GW[AF],-3608.0,3803847465.0,2536803.0
3471,2032-07-01,GW_storage_AZ_SE_GW[AF],-3554.0,3884065220.0,2533249.0
3472,2032-08-01,GW_storage_AZ_SE_GW[AF],-3485.0,3963910669.0,2529764.0
3473,2032-09-01,GW_storage_AZ_SE_GW[AF],-3420.0,4042724779.0,2526344.0
3474,2032-10-01,GW_storage_AZ_SE_GW[AF],-3343.0,4120308321.0,2523001.0
3475,2032-11-01,GW_storage_AZ_SE_GW[AF],-3280.0,4196679403.0,2519721.0
3476,2032-12-01,GW_storage_AZ_SE_GW[AF],-3216.0,4271822754.0,2516505.0
3477,2033-01-01,GW_storage_AZ_SE_GW[AF],-3154.0,4345538492.0,2513351.0
3478,2033-02-01,GW_storage_AZ_SE_GW[AF],-3099.0,4423218301.0,2510252.0
3479,2033-03-01,GW_storage_AZ_SE_GW[AF],-3039.0,4505470297.0,2507213.0
3480,2033-04-01,GW_storage_AZ_SE_GW[AF],-2982.0,4590681136.0,2504231.0
3481,2033-05-01,GW_storage_AZ_SE_GW[AF],-3043.0,4675360581.0,2501188.0
3482,2033-06-01,GW_storage_AZ_SE_GW[AF],-3015.0,4760708398.0,2498173.0
3483,2033-07-01,GW_storage_AZ_SE_GW[AF],-3207.0,4846138178.0,2494966.0
3484,2033-08-01,GW_storage_AZ_SE_GW[AF],-3151.0,4931118427.0,2491815.0
3485,2033-09-01,GW_storage_AZ_SE_GW[AF],-3046.0,5014914731.0,2488769.0
3486,2033-10-01,GW_storage_AZ_SE_GW[AF],-2925.0,5097508172.0,2485844.0
3487,2033-11-01,GW_storage_AZ_SE_GW[AF],-2830.0,5178663669.0,2483014.0
3488,2033-12-01,GW_storage_AZ_SE_GW[AF],-2828.0,5258443309.0,2480186.0
3489,2034-01-01,GW_storage_AZ_SE_GW[AF],-2774.0,5339163828.0,2477412.0
3490,2034-02-01,GW_storage_AZ_SE_GW[AF],-2748.0,5418722190.0,2474664.0
3491,2034-03-01,GW_storage_AZ_SE_GW[AF],-2669.0,5500220744.0,2471995.0
3492,2034-04-01,GW_storage_AZ_SE_GW[AF],-2633.0,5584032903.0,2469362.0
3493,2034-05-01,GW_storage_AZ_SE_GW[AF],-2575.0,5676873319.0,2466787.0
3494,2034-06-01,GW_storage_AZ_SE_GW[AF],-2332.0,5773341236.0,2464455.0
3495,2034-07-01,GW_storage_AZ_SE_GW[AF],-2280.0,5871231225.0,2462175.0
3496,2034-08-01,GW_storage_AZ_SE_GW[AF],-2236.0,5968392389.0,2459939.0
3497,2034-09-01,GW_storage_AZ_SE_GW[AF],-2194.0,6064112138.0,2457745.0
3498,2034-10-01,GW_storage_AZ_SE_GW[AF],-2151.0,6158273690.0,2455594.0
3499,2034-11-01,GW_storage_AZ_SE_GW[AF],-2111.0,6251013792.0,2453483.0
3500,2034-12-01,GW_storage_AZ_SE_GW[AF],-2070.0,6342469856.0,2451413.0
3501,2035-01-01,GW_storage_AZ_SE_GW[AF],-24320.0,6432436397.0,2427093.0
3502,2035-02-01,GW_storage_AZ_SE_GW[AF],-46902.0,6520973109.0,2380191.0
3503,2035-03-01,GW_storage_AZ_SE_GW[AF],-69606.0,6608114132.0,2310585.0
3504,2035-04-01,GW_storage_AZ_SE_GW[AF],-68300.0,6694040771.0,2242285.0
3505,2035-05-01,GW_storage_AZ_SE_GW[AF],-67064.0,6778544504.0,2175221.0
3506,2035-06-01,GW_storage_AZ_SE_GW[AF],-65826.0,6863239534.0,2109395.0
3507,2035-07-01,GW_storage_AZ_SE_GW[AF],-64611.0,6947511289.0,2044784.0
3508,2035-08-01,GW_storage_AZ_SE_GW[AF],-63359.0,7030376153.0,1981425.0
3509,2035-09-01,GW_storage_AZ_SE_GW[AF],-62170.0,7112119087.0,1919255.0
3510,2035-10-01,GW_storage_AZ_SE_GW[AF],-61054.0,7192574428.0,1858201.0
3511,2035-11-01,GW_storage_AZ_SE_GW[AF],-59948.0,7271865334.0,1798253.0
3512,2035-12-01,GW_storage_AZ_SE_GW[AF],-58851.0,7350179909.0,1739402.0
3513,2036-01-01,GW_storage_AZ_SE_GW[AF],-57775.0,7427195979.0,1681627.0
3514,2036-02-01,GW_storage_AZ_SE_GW[AF],-56729.0,7503024891.0,1624898.0
3515,2036-03-01,GW_storage_AZ_SE_GW[AF],-55629.0,7577632108.0,1569269.0
3516,2036-04-01,GW_storage_AZ_SE_GW[AF],-54616.0,7651185144.0,1514653.0
3517,2036-05-01,GW_storage_AZ_SE_GW[AF],-52497.0,7724300240.0,1462156.0
3518,2036-06-01,GW_storage_AZ_SE_GW[AF],-50583.0,7796353708.0,1411573.0
3519,2036-07-01,GW_storage_AZ_SE_GW[AF],-49002.0,7867314948.0,1362571.0
3520,2036-08-01,GW_storage_AZ_SE_GW[AF],-48053.0,7937241278.0,1314518.0
3521,2036-09-01,GW_storage_AZ_SE_GW[AF],-45622.0,8006295323.0,1268896.0
3522,2036-10-01,GW_storage_AZ_SE_GW[AF],-44739.0,8074305646.0,1224157.0
3523,2036-11-01,GW_storage_AZ_SE_GW[AF],-43900.0,8141376577.0,1180257.0
3524,2036-12-01,GW_storage_AZ_SE_GW[AF],-41111.0,8207644541.0,1139146.0
3525,2037-01-01,GW_storage_AZ_SE_GW[AF],-40218.0,8273161410.0,1098928.0
3526,2037-02-01,GW_storage_AZ_SE_GW[AF],-39475.0,8337733681.0,1059453.0
3527,2037-03-01,GW_storage_AZ_SE_GW[AF],-38723.0,8401237350.0,1020730.0
3528,2037-04-01,GW_storage_AZ_SE_GW[AF],-37938.0,8463716442.0,982792.0
3529,2037-05-01,GW_storage_AZ_SE_GW[AF],-37137.0,8525229166.0,945655.0
3530,2037-06-01,GW_storage_AZ_SE_GW[AF],-36200.0,8585780498.0,909455.0
3531,2037-07-01,GW_storage_AZ_SE_GW[AF],-35293.0,8645518277.0,874162.0
3532,2037-08-01,GW_storage_AZ_SE_GW[AF],-34533.0,8704580765.0,839629.0
3533,2037-09-01,GW_storage_AZ_SE_GW[AF],-33724.0,8763159684.0,805905.0
3534,2037-10-01,GW_storage_AZ_SE_GW[AF],-32798.0,8821181815.0,773107.0
3535,2037-11-01,GW_storage_AZ_SE_GW[AF],-32063.0,8878677095.0,741044.0
3536,2037-12-01,GW_storage_AZ_SE_GW[AF],-31286.0,8935618642.0,709758.0
3537,2038-01-01,GW_storage_AZ_SE_GW[AF],-30936.0,8991690289.0,678822.0
3538,2038-02-01,GW_storage_AZ_SE_GW[AF],-30441.0,9049081585.0,648381.0
3539,2038-03-01,GW_storage_AZ_SE_GW[AF],-29825.0,9108044798.0,618556.0
3540,2038-04-01,GW_storage_AZ_SE_GW[AF],-29180.0,9168794933.0,589376.0
3541,2038-05-01,GW_storage_AZ_SE_GW[AF],-28641.0,9229969082.0,560735.0
3542,2038-06-01,GW_storage_AZ_SE_GW[AF],-27745.0,9290494843.0,532990.0
3543,2038-07-01,GW_storage_AZ_SE_GW[AF],-27110.0,9350294408.0,505880.0
3544,2038-08-01,GW_storage_AZ_SE_GW[AF],-26671.0,9409318940.0,479209.0
3545,2038-09-01,GW_storage_AZ_SE_GW[AF],-26202.0,9467673979.0,453007.0
3546,2038-10-01,GW_storage_AZ_SE_GW[AF],-25672.0,9525253636.0,427335.0
3547,2038-11-01,GW_storage_AZ_SE_GW[AF],-25132.0,9582098472.0,402203.0
3548,2038-12-01,GW_storage_AZ_SE_GW[AF],-24602.0,9638248766.0,377601.0
3549,2039-01-01,GW_storage_AZ_SE_GW[AF],-24042.0,9693650977.0,353559.0
3550,2039-02-01,GW_storage_AZ_SE_GW[AF],-23565.0,9750458830.0,329994.0
3551,2039-03-01,GW_storage_AZ_SE_GW[AF],-22986.0,9809156458.0,307008.0
3552,2039-04-01,GW_storage_AZ_SE_GW[AF],-22448.0,9868559467.0,284560.0
3553,2039-05-01,GW_storage_AZ_SE_GW[AF],-21729.0,9927385773.0,262831.0
3554,2039-06-01,GW_storage_AZ_SE_GW[AF],-18078.0,9986965256.0,244753.0
3555,2039-07-01,GW_storage_AZ_SE_GW[AF],-12876.0,10046475029.0,231877.0
3556,2039-08-01,GW_storage_AZ_SE_GW[AF],-4162.0,10105238592.0,227715.0
3557,2039-09-01,GW_storage_AZ_SE_GW[AF],4820.0,10163363477.0,232535.0
3558,2039-10-01,GW_storage_AZ_SE_GW[AF],9971.0,10220781260.0,242506.0
3559,2039-11-01,GW_storage_AZ_SE_GW[AF],9811.0,10277373162.0,252317.0
3560,2039-12-01,GW_storage_AZ_SE_GW[AF],9626.0,10333185165.0,261943.0
3561,2040-01-01,GW_storage_AZ_SE_GW[AF],9438.0,10388289039.0,271381.0
3562,2040-02-01,GW_storage_AZ_SE_GW[AF],9267.0,10442633493.0,280648.0
3563,2040-03-01,GW_storage_AZ_SE_GW[AF],9088.0,10496196844.0,289736.0
3564,2040-04-01,GW_storage_AZ_SE_GW[AF],8917.0,10549040409.0,298653.0
3565,2040-05-01,GW_storage_AZ_SE_GW[AF],8620.0,10601395194.0,307273.0
3566,2040-06-01,GW_storage_AZ_SE_GW[AF],8316.0,10653107949.0,315589.0
3567,2040-07-01,GW_storage_AZ_SE_GW[AF],8193.0,10704171007.0,323782.0
3568,2040-08-01,GW_storage_AZ_SE_GW[AF],8034.0,10754605305.0,331816.0
3569,2040-09-01,GW_storage_AZ_SE_GW[AF],-1863.0,10804445973.0,329953.0
3570,2040-10-01,GW_storage_AZ_SE_GW[AF],-6775.0,10853648570.0,323178.0
3571,2040-11-01,GW_storage_AZ_SE_GW[AF],-8385.0,10902484914.0,314793.0
3572,2040-12-01,GW_storage_AZ_SE_GW[AF],-8654.0,10950730644.0,306139.0
3573,2041-01-01,GW_storage_AZ_SE_GW[AF],-8631.0,10998281298.0,297508.0
3574,2041-02-01,GW_storage_AZ_SE_GW[AF],-8489.0,11047818234.0,289019.0
3575,2041-03-01,GW_storage_AZ_SE_GW[AF],-8312.0,11099139984.0,280707.0
3576,2041-04-01,GW_storage_AZ_SE_GW[AF],-8142.0,11151170281.0,272565.0
3577,2041-05-01,GW_storage_AZ_SE_GW[AF],-8024.0,11202540882.0,264541.0
3578,2041-06-01,GW_storage_AZ_SE_GW[AF],-7790.0,11253584926.0,256751.0
3579,2041-07-01,GW_storage_AZ_SE_GW[AF],-7486.0,11304087287.0,249265.0
3580,2041-08-01,GW_storage_AZ_SE_GW[AF],292.0,11354085428.0,249557.0
3581,2041-09-01,GW_storage_AZ_SE_GW[AF],11021.0,11403615397.0,260578.0
3582,2041-10-01,GW_storage_AZ_SE_GW[AF],19008.0,11452671944.0,279586.0
3583,2041-11-01,GW_storage_AZ_SE_GW[AF],18668.0,11501212889.0,298254.0
3584,2041-12-01,GW_storage_AZ_SE_GW[AF],18307.0,11549056939.0,316561.0
3585,2042-01-01,GW_storage_AZ_SE_GW[AF],17952.0,11596204581.0,334513.0
3586,2042-02-01,GW_storage_AZ_SE_GW[AF],17638.0,11642935334.0,352151.0
3587,2042-03-01,GW_storage_AZ_SE_GW[AF],17296.0,11689092595.0,369447.0
3588,2042-04-01,GW_storage_AZ_SE_GW[AF],16972.0,11735022869.0,386419.0
3589,2042-05-01,GW_storage_AZ_SE_GW[AF],16667.0,11780876718.0,403086.0
3590,2042-06-01,GW_storage_AZ_SE_GW[AF],16396.0,11826092725.0,419482.0
3591,2042-07-01,GW_storage_AZ_SE_GW[AF],16314.0,11871546727.0,435796.0
3592,2042-08-01,GW_storage_AZ_SE_GW[AF],16117.0,11916431990.0,451913.0
3593,2042-09-01,GW_storage_AZ_SE_GW[AF],15704.0,11960791410.0,467617.0
3594,2042-10-01,GW_storage_AZ_SE_GW[AF],15401.0,12004660184.0,483018.0
3595,2042-11-01,GW_storage_AZ_SE_GW[AF],15133.0,12048130811.0,498151.0
3596,2042-12-01,GW_storage_AZ_SE_GW[AF],15039.0,12091062837.0,513190.0
3597,2043-01-01,GW_storage_AZ_SE_GW[AF],14596.0,12133444088.0,527786.0
3598,2043-02-01,GW_storage_AZ_SE_GW[AF],14325.0,12175363925.0,542111.0
3599,2043-03-01,GW_storage_AZ_SE_GW[AF],13958.0,12216725340.0,556069.0
3600,2043-04-01,GW_storage_AZ_SE_GW[AF],13667.0,12257666079.0,569736.0
3601,2043-05-01,GW_storage_AZ_SE_GW[AF],13401.0,12298078753.0,583137.0
3602,2043-06-01,GW_storage_AZ_SE_GW[AF],13139.0,12338040338.0,596276.0
3603,2043-07-01,GW_storage_AZ_SE_GW[AF],12862.0,12377535688.0,609138.0
3604,2043-08-01,GW_storage_AZ_SE_GW[AF],12436.0,12416568319.0,621574.0
3605,2043-09-01,GW_storage_AZ_SE_GW[AF],12045.0,12455234071.0,633619.0
3606,2043-10-01,GW_storage_AZ_SE_GW[AF],11760.0,12493493716.0,645379.0
3607,2043-11-01,GW_storage_AZ_SE_GW[AF],11576.0,12531340494.0,656955.0
3608,2043-12-01,GW_storage_AZ_SE_GW[AF],11400.0,12568703212.0,668355.0
3609,2044-01-01,GW_storage_AZ_SE_GW[AF],11245.0,12605614127.0,679600.0
3610,2044-02-01,GW_storage_AZ_SE_GW[AF],11062.0,12642100391.0,690662.0
3611,2044-03-01,GW_storage_AZ_SE_GW[AF],10884.0,12678094207.0,701546.0
3612,2044-04-01,GW_storage_AZ_SE_GW[AF],10736.0,12715489683.0,712282.0
3613,2044-05-01,GW_storage_AZ_SE_GW[AF],10680.0,12757376464.0,722962.0
3614,2044-06-01,GW_storage_AZ_SE_GW[AF],10715.0,12798680033.0,733677.0
3615,2044-07-01,GW_storage_AZ_SE_GW[AF],10818.0,12840178366.0,744495.0
3616,2044-08-01,GW_storage_AZ_SE_GW[AF],10733.0,12881238666.0,755228.0
3617,2044-09-01,GW_storage_AZ_SE_GW[AF],10572.0,12921922929.0,765800.0
3618,2044-10-01,GW_storage_AZ_SE_GW[AF],10428.0,12962137170.0,776228.0
3619,2044-11-01,GW_storage_AZ_SE_GW[AF],10490.0,13001917872.0,786718.0
3620,2044-12-01,GW_storage_AZ_SE_GW[AF],10294.0,13041192913.0,797012.0
3621,2045-01-01,GW_storage_AZ_SE_GW[AF],10102.0,13079996277.0,807114.0
3622,2045-02-01,GW_storage_AZ_SE_GW[AF],9931.0,13119222084.0,817045.0
3623,2045-03-01,GW_storage_AZ_SE_GW[AF],9879.0,13158364150.0,826924.0
3624,2045-04-01,GW_storage_AZ_SE_GW[AF],9702.0,13198157185.0,836626.0
3625,2045-05-01,GW_storage_AZ_SE_GW[AF],9509.0,13237869018.0,846135.0
3626,2045-06-01,GW_storage_AZ_SE_GW[AF],9172.0,13278774379.0,855307.0
3627,2045-07-01,GW_storage_AZ_SE_GW[AF],8820.0,13324244062.0,864127.0
3628,2045-08-01,GW_storage_AZ_SE_GW[AF],8659.0,13372386542.0,872786.0
3629,2045-09-01,GW_storage_AZ_SE_GW[AF],8430.0,13419876881.0,881216.0
3630,2045-10-01,GW_storage_AZ_SE_GW[AF],8242.0,13466818785.0,889458.0
3631,2045-11-01,GW_storage_AZ_SE_GW[AF],8119.0,13513160105.0,897577.0
3632,2045-12-01,GW_storage_AZ_SE_GW[AF],8154.0,13560745919.0,905731.0
3633,2046-01-01,GW_storage_AZ_SE_GW[AF],7793.0,13615290772.0,913524.0
3634,2046-02-01,GW_storage_AZ_SE_GW[AF],7583.0,13677811710.0,921107.0
3635,2046-03-01,GW_storage_AZ_SE_GW[AF],7406.0,13748607831.0,928513.0
3636,2046-04-01,GW_storage_AZ_SE_GW[AF],7271.0,13826873589.0,935784.0
3637,2046-05-01,GW_storage_AZ_SE_GW[AF],7177.0,13907944967.0,942961.0
3638,2046-06-01,GW_storage_AZ_SE_GW[AF],7123.0,13989979852.0,950084.0
3639,2046-07-01,GW_storage_AZ_SE_GW[AF],7212.0,14071604903.0,957296.0
3640,2046-08-01,GW_storage_AZ_SE_GW[AF],7288.0,14152131683.0,964584.0
3641,2046-09-01,GW_storage_AZ_SE_GW[AF],7312.0,14231617714.0,971896.0
3642,2046-10-01,GW_storage_AZ_SE_GW[AF],7256.0,14310005025.0,979152.0
3643,2046-11-01,GW_storage_AZ_SE_GW[AF],7164.0,14387273527.0,986316.0
3644,2046-12-01,GW_storage_AZ_SE_GW[AF],7008.0,14463437376.0,993324.0
3645,2047-01-01,GW_storage_AZ_SE_GW[AF],6873.0,14538457981.0,1000197.0
3646,2047-02-01,GW_storage_AZ_SE_GW[AF],6785.0,14612508014.0,1006982.0
3647,2047-03-01,GW_storage_AZ_SE_GW[AF],6707.0,14685452283.0,1013689.0
3648,2047-04-01,GW_storage_AZ_SE_GW[AF],6668.0,14764472816.0,1020357.0
3649,2047-05-01,GW_storage_AZ_SE_GW[AF],6506.0,14860897341.0,1026863.0
3650,2047-06-01,GW_storage_AZ_SE_GW[AF],6570.0,14972506362.0,1033433.0
3651,2047-07-01,GW_storage_AZ_SE_GW[AF],6564.0,15088231692.0,1039997.0
3652,2047-08-01,GW_storage_AZ_SE_GW[AF],6577.0,15203332934.0,1046574.0
3653,2047-09-01,GW_storage_AZ_SE_GW[AF],6509.0,15317492289.0,1053083.0
3654,2047-10-01,GW_storage_AZ_SE_GW[AF],6415.0,15430042333.0,1059498.0
3655,2047-11-01,GW_storage_AZ_SE_GW[AF],6428.0,15542831934.0,1065926.0
3656,2047-12-01,GW_storage_AZ_SE_GW[AF],6366.0,15653870877.0,1072292.0
3657,2048-01-01,GW_storage_AZ_SE_GW[AF],6244.0,15763169397.0,1078536.0
3658,2048-02-01,GW_storage_AZ_SE_GW[AF],6130.0,15872138297.0,1084666.0
3659,2048-03-01,GW_storage_AZ_SE_GW[AF],6014.0,15987897138.0,1090680.0
3660,2048-04-01,GW_storage_AZ_SE_GW[AF],28621.0,16106751114.0,1119301.0
3661,2048-05-01,GW_storage_AZ_SE_GW[AF],28747.0,16226738594.0,1148048.0
3662,2048-06-01,GW_storage_AZ_SE_GW[AF],28879.0,16346930466.0,1176927.0
3663,2048-07-01,GW_storage_AZ_SE_GW[AF],28870.0,16466203172.0,1205797.0
3664,2048-08-01,GW_storage_AZ_SE_GW[AF],28324.0,16583670765.0,1234121.0
3665,2048-09-01,GW_storage_AZ_SE_GW[AF],27792.0,16699553017.0,1261913.0
3666,2048-10-01,GW_storage_AZ_SE_GW[AF],27255.0,16813788962.0,1289168.0
3667,2048-11-01,GW_storage_AZ_SE_GW[AF],26744.0,16926416472.0,1315912.0
3668,2048-12-01,GW_storage_AZ_SE_GW[AF],26225.0,17038918116.0,1342137.0
3669,2049-01-01,GW_storage_AZ_SE_GW[AF],25717.0,17150214903.0,1367854.0
3670,2049-02-01,GW_storage_AZ_SE_GW[AF],25267.0,17259849423.0,1393121.0
3671,2049-03-01,GW_storage_AZ_SE_GW[AF],24778.0,17374140295.0,1417899.0
3672,2049-04-01,GW_storage_AZ_SE_GW[AF],24332.0,17496980626.0,1442231.0
3673,2049-05-01,GW_storage_AZ_SE_GW[AF],23896.0,17623520262.0,1466127.0
3674,2049-06-01,GW_storage_AZ_SE_GW[AF],23229.0,17749882278.0,1489356.0
3675,2049-07-01,GW_storage_AZ_SE_GW[AF],22742.0,17875311834.0,1512098.0
3676,2049-08-01,GW_storage_AZ_SE_GW[AF],22394.0,17998950915.0,1534492.0
3677,2049-09-01,GW_storage_AZ_SE_GW[AF],21989.0,18120987592.0,1556481.0
3678,2049-10-01,GW_storage_AZ_SE_GW[AF],21563.0,18241422265.0,1578044.0
3679,2049-11-01,GW_storage_AZ_SE_GW[AF],21134.0,18360102830.0,1599178.0
3680,2049-12-01,GW_storage_AZ_SE_GW[AF],-5533.0,18476910369.0,1593645.0
3681,2050-01-01,GW_storage_AZ_SE_GW[AF],-5426.0,18591916831.0,1588219.0
3682,2050-02-01,GW_storage_AZ_SE_GW[AF],-5330.0,18705272956.0,1582889.0
3683,2050-03-01,GW_storage_AZ_SE_GW[AF],-5227.0,18821028859.0,1577662.0
3684,2050-04-01,GW_storage_AZ_SE_GW[AF],-33364.0,18940506995.0,1544298.0
3685,2050-05-01,GW_storage_AZ_SE_GW[AF],-32730.0,19059600483.0,1511568.0
3686,2050-06-01,GW_storage_AZ_SE_GW[AF],-31936.0,19178428021.0,1479632.0
3687,2050-07-01,GW_storage_AZ_SE_GW[AF],-31641.0,19296435077.0,1447991.0
3688,2050-08-01,GW_storage_AZ_SE_GW[AF],-31028.0,19412834260.0,1416963.0
3689,2050-09-01,GW_storage_AZ_SE_GW[AF],-30447.0,19527808893.0,1386516.0
3690,2050-10-01,GW_storage_AZ_SE_GW[AF],-57898.0,19641173895.0,1328618.0
3691,2050-11-01,GW_storage_AZ_SE_GW[AF],-62070.0,19752769080.0,1266548.0
3692,2050-12-01,GW_storage_AZ_SE_GW[AF],-60868.0,19862611454.0,1205680.0
3693,2051-01-01,GW_storage_AZ_SE_GW[AF],-58347.0,19970764786.0,1147333.0
3694,2051-02-01,GW_storage_AZ_SE_GW[AF],-57326.0,20077395432.0,1090007.0
3695,2051-03-01,GW_storage_AZ_SE_GW[AF],-56216.0,20182370827.0,1033791.0
3696,2051-04-01,GW_storage_AZ_SE_GW[AF],-55282.0,20291580463.0,978509.0
3697,2051-05-01,GW_storage_AZ_SE_GW[AF],-54385.0,20400038326.0,924124.0
3698,2051-06-01,GW_storage_AZ_SE_GW[AF],-53796.0,20508257786.0,870328.0
3699,2051-07-01,GW_storage_AZ_SE_GW[AF],-52910.0,20615875318.0,817418.0
3700,2051-08-01,GW_storage_AZ_SE_GW[AF],-51885.0,20722198437.0,765533.0
3701,2051-09-01,GW_storage_AZ_SE_GW[AF],-65265.0,20827038775.0,700268.0
3702,2051-10-01,GW_storage_AZ_SE_GW[AF],-64029.0,20930437548.0,636239.0
3703,2051-11-01,GW_storage_AZ_SE_GW[AF],-56567.0,21032468769.0,579672.0
3704,2051-12-01,GW_storage_AZ_SE_GW[AF],-55471.0,21133705710.0,524201.0
3705,2052-01-01,GW_storage_AZ_SE_GW[AF],-54397.0,21233433839.0,469804.0
3706,2052-02-01,GW_storage_AZ_SE_GW[AF],-53411.0,21331717041.0,416393.0
3707,2052-03-01,GW_storage_AZ_SE_GW[AF],-52376.0,21429607427.0,364017.0
3708,2052-04-01,GW_storage_AZ_SE_GW[AF],-51394.0,21527851494.0,312623.0
3709,2052-05-01,GW_storage_AZ_SE_GW[AF],-50187.0,21624977785.0,262436.0
3710,2052-06-01,GW_storage_AZ_SE_GW[AF],-49267.0,21720857498.0,213169.0
3711,2052-07-01,GW_storage_AZ_SE_GW[AF],-48413.0,21815421513.0,164756.0
3712,2052-08-01,GW_storage_AZ_SE_GW[AF],-47528.0,21908765850.0,117228.0
3713,2052-09-01,GW_storage_AZ_SE_GW[AF],-46639.0,22001026854.0,70589.0
3714,2052-10-01,GW_storage_AZ_SE_GW[AF],-45611.0,22092179195.0,24978.0
3715,2052-11-01,GW_storage_AZ_SE_GW[AF],-44631.0,22182158688.0,-19653.0
3716,2052-12-01,GW_storage_AZ_SE_GW[AF],-62965.0,22270990851.0,-82618.0
3717,2053-01-01,GW_storage_AZ_SE_GW[AF],-61739.0,22358572318.0,-144357.0
3718,2053-02-01,GW_storage_AZ_SE_GW[AF],-60659.0,22445234888.0,-205016.0
3719,2053-03-01,GW_storage_AZ_SE_GW[AF],-65758.0,22531338210.0,-270774.0
3720,2053-04-01,GW_storage_AZ_SE_GW[AF],-64532.0,22618197854.0,-335306.0
3721,2053-05-01,GW_storage_AZ_SE_GW[AF],-62875.0,22705000235.0,-398181.0
3722,2053-06-01,GW_storage_AZ_SE_GW[AF],-61807.0,22792005107.0,-459988.0
3723,2053-07-01,GW_storage_AZ_SE_GW[AF],-60640.0,22878611714.0,-520628.0
3724,2053-08-01,GW_storage_AZ_SE_GW[AF],-59465.0,22964123789.0,-580093.0
3725,2053-09-01,GW_storage_AZ_SE_GW[AF],-58377.0,23048536524.0,-638470.0
3726,2053-10-01,GW_storage_AZ_SE_GW[AF],-57399.0,23131866519.0,-695869.0
3727,2053-11-01,GW_storage_AZ_SE_GW[AF],-56500.0,23214276747.0,-752369.0
3728,2053-12-01,GW_storage_AZ_SE_GW[AF],-55405.0,23295578937.0,-807774.0
3729,2054-01-01,GW_storage_AZ_SE_GW[AF],-54331.0,23375761806.0,-862105.0
3730,2054-02-01,GW_storage_AZ_SE_GW[AF],-53380.0,23454991045.0,-915485.0
3731,2054-03-01,GW_storage_AZ_SE_GW[AF],-25803.0,23533194281.0,-941288.0
3732,2054-04-01,GW_storage_AZ_SE_GW[AF],-25320.0,23610840643.0,-966608.0
3733,2054-05-01,GW_storage_AZ_SE_GW[AF],-24805.0,23687968757.0,-991413.0
3734,2054-06-01,GW_storage_AZ_SE_GW[AF],-24415.0,23764134532.0,-1015828.0
3735,2054-07-01,GW_storage_AZ_SE_GW[AF],-23976.0,23839346953.0,-1039804.0
3736,2054-08-01,GW_storage_AZ_SE_GW[AF],-23511.0,23913680649.0,-1063315.0
3737,2054-09-01,GW_storage_AZ_SE_GW[AF],-23070.0,23987275722.0,-1086385.0
3738,2054-10-01,GW_storage_AZ_SE_GW[AF],-22623.0,24060063673.0,-1109008.0
3739,2054-11-01,GW_storage_AZ_SE_GW[AF],-22178.0,24132040073.0,-1131186.0
3740,2054-12-01,GW_storage_AZ_SE_GW[AF],-21661.0,24203075252.0,-1152847.0
3741,2055-01-01,GW_storage_AZ_SE_GW[AF],-21242.0,24273232069.0,-1174089.0
3742,2055-02-01,GW_storage_AZ_SE_GW[AF],-20864.0,24346983422.0,-1194953.0
3743,2055-03-01,GW_storage_AZ_SE_GW[AF],-20350.0,24429418525.0,-1215303.0
3744,2055-04-01,GW_storage_AZ_SE_GW[AF],-19984.0,24519974284.0,-1235287.0
3745,2055-05-01,GW_storage_AZ_SE_GW[AF],-19696.0,24612887460.0,-1254983.0
3746,2055-06-01,GW_storage_AZ_SE_GW[AF],-19405.0,24705731755.0,-1274388.0
3747,2055-07-01,GW_storage_AZ_SE_GW[AF],-19209.0,24797561549.0,-1293597.0
3748,2055-08-01,GW_storage_AZ_SE_GW[AF],-18812.0,24888417864.0,-1312409.0
3749,2055-09-01,GW_storage_AZ_SE_GW[AF],-18643.0,24978247446.0,-1331052.0
3750,2055-10-01,GW_storage_AZ_SE_GW[AF],-18323.0,25067037402.0,-1349375.0
3751,2055-11-01,GW_storage_AZ_SE_GW[AF],-17995.0,25154620871.0,-1367370.0
3752,2055-12-01,GW_storage_AZ_SE_GW[AF],-17630.0,25240958786.0,-1385000.0
3753,2056-01-01,GW_storage_AZ_SE_GW[AF],-17287.0,25326085001.0,-1402287.0
3754,2056-02-01,GW_storage_AZ_SE_GW[AF],-16978.0,25410115783.0,-1419265.0
3755,2056-03-01,GW_storage_AZ_SE_GW[AF],-16673.0,25493046199.0,-1435938.0
3756,2056-04-01,GW_storage_AZ_SE_GW[AF],-16391.0,25579867650.0,-1452329.0
3757,2056-05-01,GW_storage_AZ_SE_GW[AF],-16017.0,25665994452.0,-1468346.0
3758,2056-06-01,GW_storage_AZ_SE_GW[AF],-15968.0,25751014051.0,-1484314.0
3759,2056-07-01,GW_storage_AZ_SE_GW[AF],-15896.0,25834999057.0,-1500210.0
3760,2056-08-01,GW_storage_AZ_SE_GW[AF],-15684.0,25918012980.0,-1515894.0
3761,2056-09-01,GW_storage_AZ_SE_GW[AF],-15345.0,26000006720.0,-1531239.0
3762,2056-10-01,GW_storage_AZ_SE_GW[AF],-15248.0,26080893812.0,-1546487.0
3763,2056-11-01,GW_storage_AZ_SE_GW[AF],-14961.0,26160908259.0,-1561448.0
3764,2056-12-01,GW_storage_AZ_SE_GW[AF],-14672.0,26240212456.0,-1576120.0
3765,2057-01-01,GW_storage_AZ_SE_GW[AF],-14387.0,26318587848.0,-1590507.0
3766,2057-02-01,GW_storage_AZ_SE_GW[AF],-14135.0,26395985372.0,-1604642.0
3767,2057-03-01,GW_storage_AZ_SE_GW[AF],-13861.0,26472734266.0,-1618503.0
3768,2057-04-01,GW_storage_AZ_SE_GW[AF],-13601.0,26556295278.0,-1632104.0
3769,2057-05-01,GW_storage_AZ_SE_GW[AF],-13364.0,26638790503.0,-1645468.0
3770,2057-06-01,GW_storage_AZ_SE_GW[AF],-13034.0,26720263696.0,-1658502.0
3771,2057-07-01,GW_storage_AZ_SE_GW[AF],-12771.0,26800720453.0,-1671273.0
3772,2057-08-01,GW_storage_AZ_SE_GW[AF],-5400.0,26880212595.0,-1676673.0
3773,2057-09-01,GW_storage_AZ_SE_GW[AF],-5234.0,26958875022.0,-1681907.0
3774,2057-10-01,GW_storage_AZ_SE_GW[AF],-5125.0,27036568588.0,-1687032.0
3775,2057-11-01,GW_storage_AZ_SE_GW[AF],-5028.0,27113396201.0,-1692060.0
3776,2057-12-01,GW_storage_AZ_SE_GW[AF],-4930.0,27189264327.0,-1696990.0
3777,2058-01-01,GW_storage_AZ_SE_GW[AF],-4835.0,27264124633.0,-1701825.0
3778,2058-02-01,GW_storage_AZ_SE_GW[AF],-4750.0,27348265847.0,-1706575.0
3779,2058-03-01,GW_storage_AZ_SE_GW[AF],-4658.0,27440889382.0,-1711233.0
3780,2058-04-01,GW_storage_AZ_SE_GW[AF],-4570.0,27539133274.0,-1715803.0
3781,2058-05-01,GW_storage_AZ_SE_GW[AF],-4212.0,27639449314.0,-1720015.0
3782,2058-06-01,GW_storage_AZ_SE_GW[AF],-4109.0,27738779306.0,-1724124.0
3783,2058-07-01,GW_storage_AZ_SE_GW[AF],-3995.0,27837531793.0,-1728119.0
3784,2058-08-01,GW_storage_AZ_SE_GW[AF],-3915.0,27935280444.0,-1732034.0
3785,2058-09-01,GW_storage_AZ_SE_GW[AF],-3842.0,28031862865.0,-1735876.0
3786,2058-10-01,GW_storage_AZ_SE_GW[AF],-3754.0,28127260463.0,-1739630.0
3787,2058-11-01,GW_storage_AZ_SE_GW[AF],-3711.0,28221366217.0,-1743341.0
3788,2058-12-01,GW_storage_AZ_SE_GW[AF],-3618.0,28314157055.0,-1746959.0
3789,2059-01-01,GW_storage_AZ_SE_GW[AF],-3548.0,28405540773.0,-1750507.0
3790,2059-02-01,GW_storage_AZ_SE_GW[AF],-3486.0,28502067677.0,-1753993.0
3791,2059-03-01,GW_storage_AZ_SE_GW[AF],-3419.0,28605457246.0,-1757412.0
3792,2059-04-01,GW_storage_AZ_SE_GW[AF],-3354.0,28717814838.0,-1760766.0
3793,2059-05-01,GW_storage_AZ_SE_GW[AF],-3279.0,28830913147.0,-1764045.0
3794,2059-06-01,GW_storage_AZ_SE_GW[AF],-3173.0,28943770190.0,-1767218.0
3795,2059-07-01,GW_storage_AZ_SE_GW[AF],-3135.0,29055182582.0,-1770353.0
3796,2059-08-01,GW_storage_AZ_SE_GW[AF],-3033.0,29165160032.0,-1773386.0
3797,2059-09-01,GW_storage_AZ_SE_GW[AF],-2976.0,29273920291.0,-1776362.0
3798,2059-10-01,GW_storage_AZ_SE_GW[AF],-2919.0,29381402010.0,-1779281.0
3799,2059-11-01,GW_storage_AZ_SE_GW[AF],-2864.0,29487451547.0,-1782145.0
3800,2059-12-01,GW_storage_AZ_SE_GW[AF],-2808.0,29592083281.0,-1784953.0
3801,2060-01-01,GW_storage_AZ_SE_GW[AF],-2754.0,29695071869.0,-1787707.0
3802,2060-02-01,GW_storage_AZ_SE_GW[AF],-3919.0,29797999369.0,-1791626.0
3803,2060-03-01,GW_storage_AZ_SE_GW[AF],-3843.0,29907235449.0,-1795469.0
3804,2060-04-01,GW_storage_AZ_SE_GW[AF],-3771.0,30022282651.0,-1799240.0
3805,2060-05-01,GW_storage_AZ_SE_GW[AF],-3659.0,30138204137.0,-1802899.0
3806,2060-06-01,GW_storage_AZ_SE_GW[AF],-3667.0,30253989194.0,-1806566.0
3807,2060-07-01,GW_storage_AZ_SE_GW[AF],-3558.0,30369445165.0,-1810124.0
3808,2060-08-01,GW_storage_AZ_SE_GW[AF],-3787.0,30483354195.0,-1813911.0
3809,2060-09-01,GW_storage_AZ_SE_GW[AF],-3725.0,30595912136.0,-1817636.0
3810,2060-10-01,GW_storage_AZ_SE_GW[AF],-3581.0,30707058453.0,-1821217.0
3811,2060-11-01,GW_storage_AZ_SE_GW[AF],-3546.0,30816686913.0,-1824763.0
3812,2060-12-01,GW_storage_AZ_SE_GW[AF],16593.0,30924630927.0,-1808170.0
3813,2061-01-01,GW_storage_AZ_SE_GW[AF],16271.0,31038058188.0,-1791899.0
3814,2061-02-01,GW_storage_AZ_SE_GW[AF],15986.0,31163247262.0,-1775913.0
3815,2061-03-01,GW_storage_AZ_SE_GW[AF],15676.0,31301926464.0,-1760237.0
3816,2061-04-01,GW_storage_AZ_SE_GW[AF],15383.0,31460043743.0,-1744854.0
3817,2061-05-01,GW_storage_AZ_SE_GW[AF],14928.0,31621719240.0,-1729926.0
3818,2061-06-01,GW_storage_AZ_SE_GW[AF],14762.0,31781944019.0,-1715164.0
3819,2061-07-01,GW_storage_AZ_SE_GW[AF],14754.0,31940594248.0,-1700410.0
3820,2061-08-01,GW_storage_AZ_SE_GW[AF],14469.0,32097666692.0,-1685941.0
3821,2061-09-01,GW_storage_AZ_SE_GW[AF],14197.0,32253244922.0,-1671744.0
3822,2061-10-01,GW_storage_AZ_SE_GW[AF],13922.0,32407132898.0,-1657822.0
3823,2061-11-01,GW_storage_AZ_SE_GW[AF],43913.0,32559108380.0,-1613909.0
3824,2061-12-01,GW_storage_AZ_SE_GW[AF],43063.0,32709321481.0,-1570846.0
3825,2062-01-01,GW_storage_AZ_SE_GW[AF],42229.0,32858735378.0,-1528617.0
3826,2062-02-01,GW_storage_AZ_SE_GW[AF],41490.0,33022044851.0,-1487127.0
3827,2062-03-01,GW_storage_AZ_SE_GW[AF],40685.0,33198837130.0,-1446442.0
3828,2062-04-01,GW_storage_AZ_SE_GW[AF],49445.0,33390837210.0,-1396997.0
3829,2062-05-01,GW_storage_AZ_SE_GW[AF],48569.0,33584259641.0,-1348428.0
3830,2062-06-01,GW_storage_AZ_SE_GW[AF],47409.0,33776858517.0,-1301019.0
3831,2062-07-01,GW_storage_AZ_SE_GW[AF],46421.0,33967635736.0,-1254598.0
3832,2062-08-01,GW_storage_AZ_SE_GW[AF],45757.0,34156855847.0,-1208841.0
3833,2062-09-01,GW_storage_AZ_SE_GW[AF],12872.0,34344548104.0,-1195969.0
3834,2062-10-01,GW_storage_AZ_SE_GW[AF],12623.0,34530332137.0,-1183346.0
3835,2062-11-01,GW_storage_AZ_SE_GW[AF],-18174.0,34714073091.0,-1201520.0
3836,2062-12-01,GW_storage_AZ_SE_GW[AF],-17822.0,34895778448.0,-1219342.0
3837,2063-01-01,GW_storage_AZ_SE_GW[AF],-17477.0,35079072230.0,-1236819.0
3838,2063-02-01,GW_storage_AZ_SE_GW[AF],-17170.0,35269350335.0,-1253989.0
3839,2063-03-01,GW_storage_AZ_SE_GW[AF],-16838.0,35470064786.0,-1270827.0
3840,2063-04-01,GW_storage_AZ_SE_GW[AF],-48369.0,35683040547.0,-1319196.0
3841,2063-05-01,GW_storage_AZ_SE_GW[AF],-47588.0,35907121073.0,-1366784.0
3842,2063-06-01,GW_storage_AZ_SE_GW[AF],-46699.0,36134854310.0,-1413483.0
3843,2063-07-01,GW_storage_AZ_SE_GW[AF],-45588.0,36361472567.0,-1459071.0
3844,2063-08-01,GW_storage_AZ_SE_GW[AF],-44705.0,36586142514.0,-1503776.0
3845,2063-09-01,GW_storage_AZ_SE_GW[AF],-43867.0,36808934029.0,-1547643.0
3846,2063-10-01,GW_storage_AZ_SE_GW[AF],-43017.0,37029507927.0,-1590660.0
3847,2063-11-01,GW_storage_AZ_SE_GW[AF],-73169.0,37248012309.0,-1663829.0
3848,2063-12-01,GW_storage_AZ_SE_GW[AF],-71751.0,37465671472.0,-1735580.0
3849,2064-01-01,GW_storage_AZ_SE_GW[AF],-70361.0,37694815963.0,-1805941.0
3850,2064-02-01,GW_storage_AZ_SE_GW[AF],-69086.0,37945097639.0,-1875027.0
3851,2064-03-01,GW_storage_AZ_SE_GW[AF],-83032.0,38213638934.0,-1958059.0
3852,2064-04-01,GW_storage_AZ_SE_GW[AF],-113701.0,38493367090.0,-2071760.0
3853,2064-05-01,GW_storage_AZ_SE_GW[AF],-111824.0,38776738105.0,-2183584.0
3854,2064-06-01,GW_storage_AZ_SE_GW[AF],-109796.0,39060661713.0,-2293380.0
3855,2064-07-01,GW_storage_AZ_SE_GW[AF],-107754.0,39341932866.0,-2401134.0
3856,2064-08-01,GW_storage_AZ_SE_GW[AF],-107845.0,39620711220.0,-2508979.0
3857,2064-09-01,GW_storage_AZ_SE_GW[AF],-105822.0,39897002798.0,-2614801.0
3858,2064-10-01,GW_storage_AZ_SE_GW[AF],-124725.0,40170736712.0,-2739526.0
3859,2064-11-01,GW_storage_AZ_SE_GW[AF],-130061.0,40442044957.0,-2869587.0
3860,2064-12-01,GW_storage_AZ_SE_GW[AF],-157731.0,40711834451.0,-3027318.0
3861,2065-01-01,GW_storage_AZ_SE_GW[AF],-184997.0,40982757097.0,-3212315.0
3862,2065-02-01,GW_storage_AZ_SE_GW[AF],-213013.0,41255716076.0,-3425328.0
3863,2065-03-01,GW_storage_AZ_SE_GW[AF],-240882.0,41533378347.0,-3666210.0
3864,2065-04-01,GW_storage_AZ_SE_GW[AF],-245687.0,41819419395.0,-3911897.0
3865,2065-05-01,GW_storage_AZ_SE_GW[AF],-240988.0,42107659636.0,-4152885.0
3866,2065-06-01,GW_storage_AZ_SE_GW[AF],-236530.0,42393392346.0,-4389415.0
3867,2065-07-01,GW_storage_AZ_SE_GW[AF],-232069.0,42678359041.0,-4621484.0
3868,2065-08-01,GW_storage_AZ_SE_GW[AF],-227573.0,42960938762.0,-4849057.0
3869,2065-09-01,GW_storage_AZ_SE_GW[AF],-223307.0,43241061639.0,-5072364.0
3870,2065-10-01,GW_storage_AZ_SE_GW[AF],-218980.0,43518553408.0,-5291344.0
3871,2065-11-01,GW_storage_AZ_SE_GW[AF],-195685.0,43793351378.0,-5487029.0
3872,2065-12-01,GW_storage_AZ_SE_GW[AF],-184669.0,44065325818.0,-5671698.0
3873,2066-01-01,GW_storage_AZ_SE_GW[AF],-150241.0,44334625115.0,-5821939.0
3874,2066-02-01,GW_storage_AZ_SE_GW[AF],-147612.0,44601575728.0,-5969551.0
3875,2066-03-01,GW_storage_AZ_SE_GW[AF],-144752.0,44865977654.0,-6114303.0
3876,2066-04-01,GW_storage_AZ_SE_GW[AF],-142088.0,45130939542.0,-6256391.0
3877,2066-05-01,GW_storage_AZ_SE_GW[AF],-139432.0,45393925169.0,-6395823.0
3878,2066-06-01,GW_storage_AZ_SE_GW[AF],-136562.0,45654573916.0,-6532385.0
3879,2066-07-01,GW_storage_AZ_SE_GW[AF],-133923.0,45912927675.0,-6666308.0
3880,2066-08-01,GW_storage_AZ_SE_GW[AF],-146712.0,46169111465.0,-6813020.0
3881,2066-09-01,GW_storage_AZ_SE_GW[AF],-110416.0,46423600426.0,-6923436.0
3882,2066-10-01,GW_storage_AZ_SE_GW[AF],-108276.0,46676263355.0,-7031712.0
3883,2066-11-01,GW_storage_AZ_SE_GW[AF],-106246.0,46927228863.0,-7137958.0
3884,2066-12-01,GW_storage_AZ_SE_GW[AF],-104186.0,47176198480.0,-7242144.0
3885,2067-01-01,GW_storage_AZ_SE_GW[AF],-102168.0,47422896821.0,-7344312.0
3886,2067-02-01,GW_storage_AZ_SE_GW[AF],-100380.0,47667661431.0,-7444692.0
3887,2067-03-01,GW_storage_AZ_SE_GW[AF],-98436.0,47910308464.0,-7543128.0
3888,2067-04-01,GW_storage_AZ_SE_GW[AF],-96590.0,48151085524.0,-7639718.0
3889,2067-05-01,GW_storage_AZ_SE_GW[AF],-94759.0,48389950965.0,-7734477.0
3890,2067-06-01,GW_storage_AZ_SE_GW[AF],-93380.0,48627002221.0,-7827857.0
3891,2067-07-01,GW_storage_AZ_SE_GW[AF],-91403.0,48862124917.0,-7919260.0
3892,2067-08-01,GW_storage_AZ_SE_GW[AF],-100020.0,49095321876.0,-8019280.0
3893,2067-09-01,GW_storage_AZ_SE_GW[AF],-64295.0,49326841519.0,-8083575.0
3894,2067-10-01,GW_storage_AZ_SE_GW[AF],-63049.0,49556552267.0,-8146624.0
3895,2067-11-01,GW_storage_AZ_SE_GW[AF],-61867.0,49784868208.0,-8208491.0
3896,2067-12-01,GW_storage_AZ_SE_GW[AF],-60669.0,50011545293.0,-8269160.0
3897,2068-01-01,GW_storage_AZ_SE_GW[AF],-59493.0,50238331069.0,-8328653.0
3898,2068-02-01,GW_storage_AZ_SE_GW[AF],-58414.0,50478937732.0,-8387067.0
3899,2068-03-01,GW_storage_AZ_SE_GW[AF],-57283.0,50739381265.0,-8444350.0
3900,2068-04-01,GW_storage_AZ_SE_GW[AF],-89769.0,51011294375.0,-8534119.0
3901,2068-05-01,GW_storage_AZ_SE_GW[AF],-88232.0,51290774772.0,-8622351.0
3902,2068-06-01,GW_storage_AZ_SE_GW[AF],-86776.0,51571539123.0,-8709127.0
3903,2068-07-01,GW_storage_AZ_SE_GW[AF],-85291.0,51851333229.0,-8794418.0
3904,2068-08-01,GW_storage_AZ_SE_GW[AF],-83638.0,52129191774.0,-8878056.0
3905,2068-09-01,GW_storage_AZ_SE_GW[AF],-53586.0,52405096290.0,-8931642.0
3906,2068-10-01,GW_storage_AZ_SE_GW[AF],-62494.0,52678907664.0,-8994136.0
3907,2068-11-01,GW_storage_AZ_SE_GW[AF],-93723.0,52950483517.0,-9087859.0
3908,2068-12-01,GW_storage_AZ_SE_GW[AF],-92405.0,53219819895.0,-9180264.0
3909,2069-01-01,GW_storage_AZ_SE_GW[AF],-90614.0,53487155316.0,-9270878.0
3910,2069-02-01,GW_storage_AZ_SE_GW[AF],-89029.0,53760870931.0,-9359907.0
3911,2069-03-01,GW_storage_AZ_SE_GW[AF],-58952.0,54039428849.0,-9418859.0
3912,2069-04-01,GW_storage_AZ_SE_GW[AF],-57846.0,54324092180.0,-9476705.0
3913,2069-05-01,GW_storage_AZ_SE_GW[AF],-56590.0,54609436481.0,-9533295.0
3914,2069-06-01,GW_storage_AZ_SE_GW[AF],-55622.0,54894337917.0,-9588917.0
3915,2069-07-01,GW_storage_AZ_SE_GW[AF],-54618.0,55177218144.0,-9643535.0
3916,2069-08-01,GW_storage_AZ_SE_GW[AF],-53576.0,55458179949.0,-9697111.0
3917,2069-09-01,GW_storage_AZ_SE_GW[AF],-52572.0,55737226700.0,-9749683.0
3918,2069-10-01,GW_storage_AZ_SE_GW[AF],-51554.0,56014313112.0,-9801237.0
3919,2069-11-01,GW_storage_AZ_SE_GW[AF],-50586.0,56289244905.0,-9851823.0
3920,2069-12-01,GW_storage_AZ_SE_GW[AF],-49606.0,56561948550.0,-9901429.0
3921,2070-01-01,GW_storage_AZ_SE_GW[AF],-48646.0,56832455571.0,-9950075.0
3922,2070-02-01,GW_storage_AZ_SE_GW[AF],-47794.0,57101031869.0,-9997869.0
3923,2070-03-01,GW_storage_AZ_SE_GW[AF],-46939.0,57367456127.0,-10044808.0
3924,2070-04-01,GW_storage_AZ_SE_GW[AF],-46138.0,57631884127.0,-10090946.0
3925,2070-05-01,GW_storage_AZ_SE_GW[AF],-45337.0,57894580730.0,-10136283.0
3926,2070-06-01,GW_storage_AZ_SE_GW[AF],-44583.0,58156625113.0,-10180866.0
3927,2070-07-01,GW_storage_AZ_SE_GW[AF],-43802.0,58417720429.0,-10224668.0
3928,2070-08-01,GW_storage_AZ_SE_GW[AF],-42896.0,58677125935.0,-10267564.0
3929,2070-09-01,GW_storage_AZ_SE_GW[AF],-42092.0,58935122487.0,-10309656.0
3930,2070-10-01,GW_storage_AZ_SE_GW[AF],-41277.0,59191573450.0,-10350933.0
3931,2070-11-01,GW_storage_AZ_SE_GW[AF],-7427.0,59446278042.0,-10358360.0
3932,2070-12-01,GW_storage_AZ_SE_GW[AF],-7283.0,59699129256.0,-10365643.0
3933,2021-10-01,GW_storage_CA_LADWP_GW[AF],-3871.0,1228184.0,-3871.0
3934,2021-11-01,GW_storage_CA_LADWP_GW[AF],-7530.0,1408873.0,-11401.0
3935,2021-12-01,GW_storage_CA_LADWP_GW[AF],-7487.0,1583705.0,-18888.0
3936,2022-01-01,GW_storage_CA_LADWP_GW[AF],-7443.0,1753848.0,-26331.0
3937,2022-02-01,GW_storage_CA_LADWP_GW[AF],-7405.0,1920342.0,-33736.0
3938,2022-03-01,GW_storage_CA_LADWP_GW[AF],-7160.0,2083476.0,-40896.0
3939,2022-04-01,GW_storage_CA_LADWP_GW[AF],-6970.0,2243387.0,-47866.0
3940,2022-05-01,GW_storage_CA_LADWP_GW[AF],-6930.0,2522880.0,-54796.0
3941,2022-06-01,GW_storage_CA_LADWP_GW[AF],-6892.0,3551564.0,-61688.0
3942,2022-07-01,GW_storage_CA_LADWP_GW[AF],-6852.0,4562843.0,-68540.0
3943,2022-08-01,GW_storage_CA_LADWP_GW[AF],-6813.0,5557441.0,-75353.0
3944,2022-09-01,GW_storage_CA_LADWP_GW[AF],-6775.0,6536311.0,-82128.0
3945,2022-10-01,GW_storage_CA_LADWP_GW[AF],-6736.0,7499151.0,-88864.0
3946,2022-11-01,GW_storage_CA_LADWP_GW[AF],-6698.0,8445383.0,-95562.0
3947,2022-12-01,GW_storage_CA_LADWP_GW[AF],-6659.0,9374562.0,-102221.0
3948,2023-01-01,GW_storage_CA_LADWP_GW[AF],-6621.0,10287031.0,-108842.0
3949,2023-02-01,GW_storage_CA_LADWP_GW[AF],-4614.0,11192982.0,-113456.0
3950,2023-03-01,GW_storage_CA_LADWP_GW[AF],-4614.0,12082492.0,-118070.0
3951,2023-04-01,GW_storage_CA_LADWP_GW[AF],-4588.0,12955603.0,-122658.0
3952,2023-05-01,GW_storage_CA_LADWP_GW[AF],-4562.0,13813215.0,-127220.0
3953,2023-06-01,GW_storage_CA_LADWP_GW[AF],-4537.0,15164430.0,-131757.0
3954,2023-07-01,GW_storage_CA_LADWP_GW[AF],-4511.0,17236845.0,-136268.0
3955,2023-08-01,GW_storage_CA_LADWP_GW[AF],-4485.0,19274971.0,-140753.0
3956,2023-09-01,GW_storage_CA_LADWP_GW[AF],-4460.0,21282260.0,-145213.0
3957,2023-10-01,GW_storage_CA_LADWP_GW[AF],-4435.0,23279746.0,-149648.0
3958,2023-11-01,GW_storage_CA_LADWP_GW[AF],-4410.0,25247116.0,-154058.0
3959,2023-12-01,GW_storage_CA_LADWP_GW[AF],-8602.0,27178503.0,-162660.0
3960,2024-01-01,GW_storage_CA_LADWP_GW[AF],-8552.0,29079026.0,-171212.0
3961,2024-02-01,GW_storage_CA_LADWP_GW[AF],-12401.0,30951693.0,-183613.0
3962,2024-03-01,GW_storage_CA_LADWP_GW[AF],-12330.0,32794640.0,-195943.0
3963,2024-04-01,GW_storage_CA_LADWP_GW[AF],-12261.0,34598451.0,-208204.0
3964,2024-05-01,GW_storage_CA_LADWP_GW[AF],-12190.0,36379549.0,-220394.0
3965,2024-06-01,GW_storage_CA_LADWP_GW[AF],-12123.0,38134426.0,-232517.0
3966,2024-07-01,GW_storage_CA_LADWP_GW[AF],-12053.0,39862715.0,-244570.0
3967,2024-08-01,GW_storage_CA_LADWP_GW[AF],-11984.0,41565221.0,-256554.0
3968,2024-09-01,GW_storage_CA_LADWP_GW[AF],-11917.0,43242727.0,-268471.0
3969,2024-10-01,GW_storage_CA_LADWP_GW[AF],-11848.0,44894530.0,-280319.0
3970,2024-11-01,GW_storage_CA_LADWP_GW[AF],-11783.0,46522142.0,-292102.0
3971,2024-12-01,GW_storage_CA_LADWP_GW[AF],-11713.0,48125394.0,-303815.0
3972,2025-01-01,GW_storage_CA_LADWP_GW[AF],-11326.0,49704625.0,-315141.0
3973,2025-02-01,GW_storage_CA_LADWP_GW[AF],-8854.0,51264049.0,-323995.0
3974,2025-03-01,GW_storage_CA_LADWP_GW[AF],-8562.0,52800150.0,-332557.0
3975,2025-04-01,GW_storage_CA_LADWP_GW[AF],-8288.0,54422403.0,-340845.0
3976,2025-05-01,GW_storage_CA_LADWP_GW[AF],-8240.0,56023530.0,-349085.0
3977,2025-06-01,GW_storage_CA_LADWP_GW[AF],-8194.0,57673121.0,-357279.0
3978,2025-07-01,GW_storage_CA_LADWP_GW[AF],-11528.0,59233291.0,-368807.0
3979,2025-08-01,GW_storage_CA_LADWP_GW[AF],-23036.0,60752330.0,-391843.0
3980,2025-09-01,GW_storage_CA_LADWP_GW[AF],-22782.0,63291561.0,-414625.0
3981,2025-10-01,GW_storage_CA_LADWP_GW[AF],-22550.0,66117192.0,-437175.0
3982,2025-11-01,GW_storage_CA_LADWP_GW[AF],-22231.0,69169207.0,-459406.0
3983,2025-12-01,GW_storage_CA_LADWP_GW[AF],-22426.0,72377661.0,-481832.0
3984,2026-01-01,GW_storage_CA_LADWP_GW[AF],-22023.0,75644729.0,-503855.0
3985,2026-02-01,GW_storage_CA_LADWP_GW[AF],-21594.0,83025589.0,-525449.0
3986,2026-03-01,GW_storage_CA_LADWP_GW[AF],-21470.0,93674924.0,-546919.0
3987,2026-04-01,GW_storage_CA_LADWP_GW[AF],-21349.0,112497734.0,-568268.0
3988,2026-05-01,GW_storage_CA_LADWP_GW[AF],-21228.0,136460613.0,-589496.0
3989,2026-06-01,GW_storage_CA_LADWP_GW[AF],-21109.0,160180041.0,-610605.0
3990,2026-07-01,GW_storage_CA_LADWP_GW[AF],-20987.0,184580314.0,-631592.0
3991,2026-08-01,GW_storage_CA_LADWP_GW[AF],-20864.0,208538131.0,-652456.0
3992,2026-09-01,GW_storage_CA_LADWP_GW[AF],-20738.0,232132273.0,-673194.0
3993,2026-10-01,GW_storage_CA_LADWP_GW[AF],-20617.0,255250646.0,-693811.0
3994,2026-11-01,GW_storage_CA_LADWP_GW[AF],-22521.0,277908394.0,-716332.0
3995,2026-12-01,GW_storage_CA_LADWP_GW[AF],-21906.0,300103214.0,-738238.0
3996,2027-01-01,GW_storage_CA_LADWP_GW[AF],-21433.0,321847786.0,-759671.0
3997,2027-02-01,GW_storage_CA_LADWP_GW[AF],-20793.0,343199646.0,-780464.0
3998,2027-03-01,GW_storage_CA_LADWP_GW[AF],-37555.0,369620421.0,-818019.0
3999,2027-04-01,GW_storage_CA_LADWP_GW[AF],-36353.0,409179141.0,-854372.0
4000,2027-05-01,GW_storage_CA_LADWP_GW[AF],-35151.0,455970259.0,-889523.0
4001,2027-06-01,GW_storage_CA_LADWP_GW[AF],-34026.0,506103237.0,-923549.0
4002,2027-07-01,GW_storage_CA_LADWP_GW[AF],-21730.0,558027240.0,-945279.0
4003,2027-08-01,GW_storage_CA_LADWP_GW[AF],-2233.0,610747556.0,-947512.0
4004,2027-09-01,GW_storage_CA_LADWP_GW[AF],17205.0,662576568.0,-930307.0
4005,2027-10-01,GW_storage_CA_LADWP_GW[AF],18475.0,713531026.0,-911832.0
4006,2027-11-01,GW_storage_CA_LADWP_GW[AF],34747.0,763602436.0,-877085.0
4007,2027-12-01,GW_storage_CA_LADWP_GW[AF],33258.0,812846873.0,-843827.0
4008,2028-01-01,GW_storage_CA_LADWP_GW[AF],32158.0,861121911.0,-811669.0
4009,2028-02-01,GW_storage_CA_LADWP_GW[AF],31164.0,908650771.0,-780505.0
4010,2028-03-01,GW_storage_CA_LADWP_GW[AF],30133.0,959000163.0,-750372.0
4011,2028-04-01,GW_storage_CA_LADWP_GW[AF],29966.0,1012039411.0,-720406.0
4012,2028-05-01,GW_storage_CA_LADWP_GW[AF],29793.0,1068060916.0,-690613.0
4013,2028-06-01,GW_storage_CA_LADWP_GW[AF],29627.0,1125203670.0,-660986.0
4014,2028-07-01,GW_storage_CA_LADWP_GW[AF],29466.0,1183903968.0,-631520.0
4015,2028-08-01,GW_storage_CA_LADWP_GW[AF],29311.0,1241633200.0,-602209.0
4016,2028-09-01,GW_storage_CA_LADWP_GW[AF],29164.0,1298536546.0,-573045.0
4017,2028-10-01,GW_storage_CA_LADWP_GW[AF],29073.0,1354465802.0,-543972.0
4018,2028-11-01,GW_storage_CA_LADWP_GW[AF],28919.0,1409406877.0,-515053.0
4019,2028-12-01,GW_storage_CA_LADWP_GW[AF],29933.0,1463330743.0,-485120.0
4020,2029-01-01,GW_storage_CA_LADWP_GW[AF],38137.0,1516331973.0,-446983.0
4021,2029-02-01,GW_storage_CA_LADWP_GW[AF],37938.0,1568436361.0,-409045.0
4022,2029-03-01,GW_storage_CA_LADWP_GW[AF],37713.0,1622957905.0,-371332.0
4023,2029-04-01,GW_storage_CA_LADWP_GW[AF],37520.0,1679352962.0,-333812.0
4024,2029-05-01,GW_storage_CA_LADWP_GW[AF],37304.0,1742904338.0,-296508.0
4025,2029-06-01,GW_storage_CA_LADWP_GW[AF],37097.0,1807169538.0,-259411.0
4026,2029-07-01,GW_storage_CA_LADWP_GW[AF],36882.0,1872474684.0,-222529.0
4027,2029-08-01,GW_storage_CA_LADWP_GW[AF],36670.0,1936569687.0,-185859.0
4028,2029-09-01,GW_storage_CA_LADWP_GW[AF],36465.0,1999536921.0,-149394.0
4029,2029-10-01,GW_storage_CA_LADWP_GW[AF],36255.0,2061251234.0,-113139.0
4030,2029-11-01,GW_storage_CA_LADWP_GW[AF],36053.0,2121792309.0,-77086.0
4031,2029-12-01,GW_storage_CA_LADWP_GW[AF],35865.0,2181276298.0,-41221.0
4032,2030-01-01,GW_storage_CA_LADWP_GW[AF],34855.0,2239598911.0,-6366.0
4033,2030-02-01,GW_storage_CA_LADWP_GW[AF],33828.0,2296908282.0,27462.0
4034,2030-03-01,GW_storage_CA_LADWP_GW[AF],32717.0,2353273149.0,60179.0
4035,2030-04-01,GW_storage_CA_LADWP_GW[AF],31698.0,2408813513.0,91877.0
4036,2030-05-01,GW_storage_CA_LADWP_GW[AF],28899.0,2463288321.0,120776.0
4037,2030-06-01,GW_storage_CA_LADWP_GW[AF],28739.0,2519189259.0,149515.0
4038,2030-07-01,GW_storage_CA_LADWP_GW[AF],28574.0,2574987711.0,178089.0
4039,2030-08-01,GW_storage_CA_LADWP_GW[AF],28409.0,2629845780.0,206498.0
4040,2030-09-01,GW_storage_CA_LADWP_GW[AF],28251.0,2683731630.0,234749.0
4041,2030-10-01,GW_storage_CA_LADWP_GW[AF],28088.0,2736573135.0,262837.0
4042,2030-11-01,GW_storage_CA_LADWP_GW[AF],27930.0,2788437015.0,290767.0
4043,2030-12-01,GW_storage_CA_LADWP_GW[AF],25183.0,2839371858.0,315950.0
4044,2031-01-01,GW_storage_CA_LADWP_GW[AF],22305.0,2889285425.0,338255.0
4045,2031-02-01,GW_storage_CA_LADWP_GW[AF],20513.0,2938331300.0,358768.0
4046,2031-03-01,GW_storage_CA_LADWP_GW[AF],19834.0,2986403207.0,378602.0
4047,2031-04-01,GW_storage_CA_LADWP_GW[AF],19200.0,3034117058.0,397802.0
4048,2031-05-01,GW_storage_CA_LADWP_GW[AF],18565.0,3081639947.0,416367.0
4049,2031-06-01,GW_storage_CA_LADWP_GW[AF],16572.0,3128466639.0,432939.0
4050,2031-07-01,GW_storage_CA_LADWP_GW[AF],16576.0,3175256040.0,449515.0
4051,2031-08-01,GW_storage_CA_LADWP_GW[AF],16489.0,3221201089.0,466004.0
4052,2031-09-01,GW_storage_CA_LADWP_GW[AF],16405.0,3266538806.0,482409.0
4053,2031-10-01,GW_storage_CA_LADWP_GW[AF],16348.0,3311005126.0,498757.0
4054,2031-11-01,GW_storage_CA_LADWP_GW[AF],23537.0,3354843436.0,522294.0
4055,2031-12-01,GW_storage_CA_LADWP_GW[AF],22759.0,3397917039.0,545053.0
4056,2032-01-01,GW_storage_CA_LADWP_GW[AF],22007.0,3440765830.0,567060.0
4057,2032-02-01,GW_storage_CA_LADWP_GW[AF],21326.0,3500332884.0,588386.0
4058,2032-03-01,GW_storage_CA_LADWP_GW[AF],20621.0,3570397039.0,609007.0
4059,2032-04-01,GW_storage_CA_LADWP_GW[AF],19961.0,3645988541.0,628968.0
4060,2032-05-01,GW_storage_CA_LADWP_GW[AF],19302.0,3723860841.0,648270.0
4061,2032-06-01,GW_storage_CA_LADWP_GW[AF],18684.0,3803847465.0,666954.0
4062,2032-07-01,GW_storage_CA_LADWP_GW[AF],18187.0,3884065220.0,685141.0
4063,2032-08-01,GW_storage_CA_LADWP_GW[AF],25669.0,3963910669.0,710810.0
4064,2032-09-01,GW_storage_CA_LADWP_GW[AF],47767.0,4042724779.0,758577.0
4065,2032-10-01,GW_storage_CA_LADWP_GW[AF],60275.0,4120308321.0,818852.0
4066,2032-11-01,GW_storage_CA_LADWP_GW[AF],84678.0,4196679403.0,903530.0
4067,2032-12-01,GW_storage_CA_LADWP_GW[AF],83291.0,4271822754.0,986821.0
4068,2033-01-01,GW_storage_CA_LADWP_GW[AF],80536.0,4345538492.0,1067357.0
4069,2033-02-01,GW_storage_CA_LADWP_GW[AF],78131.0,4423218301.0,1145488.0
4070,2033-03-01,GW_storage_CA_LADWP_GW[AF],75547.0,4505470297.0,1221035.0
4071,2033-04-01,GW_storage_CA_LADWP_GW[AF],73130.0,4590681136.0,1294165.0
4072,2033-05-01,GW_storage_CA_LADWP_GW[AF],70712.0,4675360581.0,1364877.0
4073,2033-06-01,GW_storage_CA_LADWP_GW[AF],68452.0,4760708398.0,1433329.0
4074,2033-07-01,GW_storage_CA_LADWP_GW[AF],66197.0,4846138178.0,1499526.0
4075,2033-08-01,GW_storage_CA_LADWP_GW[AF],64971.0,4931118427.0,1564497.0
4076,2033-09-01,GW_storage_CA_LADWP_GW[AF],64266.0,5014914731.0,1628763.0
4077,2033-10-01,GW_storage_CA_LADWP_GW[AF],63870.0,5097508172.0,1692633.0
4078,2033-11-01,GW_storage_CA_LADWP_GW[AF],63521.0,5178663669.0,1756154.0
4079,2033-12-01,GW_storage_CA_LADWP_GW[AF],64319.0,5258443309.0,1820473.0
4080,2034-01-01,GW_storage_CA_LADWP_GW[AF],89960.0,5339163828.0,1910433.0
4081,2034-02-01,GW_storage_CA_LADWP_GW[AF],87273.0,5418722190.0,1997706.0
4082,2034-03-01,GW_storage_CA_LADWP_GW[AF],87122.0,5500220744.0,2084828.0
4083,2034-04-01,GW_storage_CA_LADWP_GW[AF],84334.0,5584032903.0,2169162.0
4084,2034-05-01,GW_storage_CA_LADWP_GW[AF],83839.0,5676873319.0,2253001.0
4085,2034-06-01,GW_storage_CA_LADWP_GW[AF],83373.0,5773341236.0,2336374.0
4086,2034-07-01,GW_storage_CA_LADWP_GW[AF],83373.0,5871231225.0,2419747.0
4087,2034-08-01,GW_storage_CA_LADWP_GW[AF],81862.0,5968392389.0,2501609.0
4088,2034-09-01,GW_storage_CA_LADWP_GW[AF],81405.0,6064112138.0,2583014.0
4089,2034-10-01,GW_storage_CA_LADWP_GW[AF],80936.0,6158273690.0,2663950.0
4090,2034-11-01,GW_storage_CA_LADWP_GW[AF],80484.0,6251013792.0,2744434.0
4091,2034-12-01,GW_storage_CA_LADWP_GW[AF],80037.0,6342469856.0,2824471.0
4092,2035-01-01,GW_storage_CA_LADWP_GW[AF],77392.0,6432436397.0,2901863.0
4093,2035-02-01,GW_storage_CA_LADWP_GW[AF],74974.0,6520973109.0,2976837.0
4094,2035-03-01,GW_storage_CA_LADWP_GW[AF],72529.0,6608114132.0,3049366.0
4095,2035-04-01,GW_storage_CA_LADWP_GW[AF],70590.0,6694040771.0,3119956.0
4096,2035-05-01,GW_storage_CA_LADWP_GW[AF],67810.0,6778544504.0,3187766.0
4097,2035-06-01,GW_storage_CA_LADWP_GW[AF],66586.0,6863239534.0,3254352.0
4098,2035-07-01,GW_storage_CA_LADWP_GW[AF],65421.0,6947511289.0,3319773.0
4099,2035-08-01,GW_storage_CA_LADWP_GW[AF],64060.0,7030376153.0,3383833.0
4100,2035-09-01,GW_storage_CA_LADWP_GW[AF],63701.0,7112119087.0,3447534.0
4101,2035-10-01,GW_storage_CA_LADWP_GW[AF],63333.0,7192574428.0,3510867.0
4102,2035-11-01,GW_storage_CA_LADWP_GW[AF],62977.0,7271865334.0,3573844.0
4103,2035-12-01,GW_storage_CA_LADWP_GW[AF],62605.0,7350179909.0,3636449.0
4104,2036-01-01,GW_storage_CA_LADWP_GW[AF],62234.0,7427195979.0,3698683.0
4105,2036-02-01,GW_storage_CA_LADWP_GW[AF],60356.0,7503024891.0,3759039.0
4106,2036-03-01,GW_storage_CA_LADWP_GW[AF],58567.0,7577632108.0,3817606.0
4107,2036-04-01,GW_storage_CA_LADWP_GW[AF],58229.0,7651185144.0,3875835.0
4108,2036-05-01,GW_storage_CA_LADWP_GW[AF],57896.0,7724300240.0,3933731.0
4109,2036-06-01,GW_storage_CA_LADWP_GW[AF],57585.0,7796353708.0,3991316.0
4110,2036-07-01,GW_storage_CA_LADWP_GW[AF],57255.0,7867314948.0,4048571.0
4111,2036-08-01,GW_storage_CA_LADWP_GW[AF],56925.0,7937241278.0,4105496.0
4112,2036-09-01,GW_storage_CA_LADWP_GW[AF],56608.0,8006295323.0,4162104.0
4113,2036-10-01,GW_storage_CA_LADWP_GW[AF],53759.0,8074305646.0,4215863.0
4114,2036-11-01,GW_storage_CA_LADWP_GW[AF],53454.0,8141376577.0,4269317.0
4115,2036-12-01,GW_storage_CA_LADWP_GW[AF],53165.0,8207644541.0,4322482.0
4116,2037-01-01,GW_storage_CA_LADWP_GW[AF],56412.0,8273161410.0,4378894.0
4117,2037-02-01,GW_storage_CA_LADWP_GW[AF],54736.0,8337733681.0,4433630.0
4118,2037-03-01,GW_storage_CA_LADWP_GW[AF],53184.0,8401237350.0,4486814.0
4119,2037-04-01,GW_storage_CA_LADWP_GW[AF],51780.0,8463716442.0,4538594.0
4120,2037-05-01,GW_storage_CA_LADWP_GW[AF],54845.0,8525229166.0,4593439.0
4121,2037-06-01,GW_storage_CA_LADWP_GW[AF],54539.0,8585780498.0,4647978.0
4122,2037-07-01,GW_storage_CA_LADWP_GW[AF],54224.0,8645518277.0,4702202.0
4123,2037-08-01,GW_storage_CA_LADWP_GW[AF],53912.0,8704580765.0,4756114.0
4124,2037-09-01,GW_storage_CA_LADWP_GW[AF],53612.0,8763159684.0,4809726.0
4125,2037-10-01,GW_storage_CA_LADWP_GW[AF],53303.0,8821181815.0,4863029.0
4126,2037-11-01,GW_storage_CA_LADWP_GW[AF],53304.0,8878677095.0,4916333.0
4127,2037-12-01,GW_storage_CA_LADWP_GW[AF],53002.0,8935618642.0,4969335.0
4128,2038-01-01,GW_storage_CA_LADWP_GW[AF],51314.0,8991690289.0,5020649.0
4129,2038-02-01,GW_storage_CA_LADWP_GW[AF],49782.0,9049081585.0,5070431.0
4130,2038-03-01,GW_storage_CA_LADWP_GW[AF],48136.0,9108044798.0,5118567.0
4131,2038-04-01,GW_storage_CA_LADWP_GW[AF],48093.0,9168794933.0,5166660.0
4132,2038-05-01,GW_storage_CA_LADWP_GW[AF],47816.0,9229969082.0,5214476.0
4133,2038-06-01,GW_storage_CA_LADWP_GW[AF],47550.0,9290494843.0,5262026.0
4134,2038-07-01,GW_storage_CA_LADWP_GW[AF],47280.0,9350294408.0,5309306.0
4135,2038-08-01,GW_storage_CA_LADWP_GW[AF],47011.0,9409318940.0,5356317.0
4136,2038-09-01,GW_storage_CA_LADWP_GW[AF],46753.0,9467673979.0,5403070.0
4137,2038-10-01,GW_storage_CA_LADWP_GW[AF],46486.0,9525253636.0,5449556.0
4138,2038-11-01,GW_storage_CA_LADWP_GW[AF],46237.0,9582098472.0,5495793.0
4139,2038-12-01,GW_storage_CA_LADWP_GW[AF],45972.0,9638248766.0,5541765.0
4140,2039-01-01,GW_storage_CA_LADWP_GW[AF],46589.0,9693650977.0,5588354.0
4141,2039-02-01,GW_storage_CA_LADWP_GW[AF],46347.0,9750458830.0,5634701.0
4142,2039-03-01,GW_storage_CA_LADWP_GW[AF],48563.0,9809156458.0,5683264.0
4143,2039-04-01,GW_storage_CA_LADWP_GW[AF],48293.0,9868559467.0,5731557.0
4144,2039-05-01,GW_storage_CA_LADWP_GW[AF],48016.0,9927385773.0,5779573.0
4145,2039-06-01,GW_storage_CA_LADWP_GW[AF],47748.0,9986965256.0,5827321.0
4146,2039-07-01,GW_storage_CA_LADWP_GW[AF],47475.0,10046475029.0,5874796.0
4147,2039-08-01,GW_storage_CA_LADWP_GW[AF],47205.0,10105238592.0,5922001.0
4148,2039-09-01,GW_storage_CA_LADWP_GW[AF],46947.0,10163363477.0,5968948.0
4149,2039-10-01,GW_storage_CA_LADWP_GW[AF],46687.0,10220781260.0,6015635.0
4150,2039-11-01,GW_storage_CA_LADWP_GW[AF],46433.0,10277373162.0,6062068.0
4151,2039-12-01,GW_storage_CA_LADWP_GW[AF],46164.0,10333185165.0,6108232.0
4152,2040-01-01,GW_storage_CA_LADWP_GW[AF],66915.0,10388289039.0,6175147.0
4153,2040-02-01,GW_storage_CA_LADWP_GW[AF],75246.0,10442633493.0,6250393.0
4154,2040-03-01,GW_storage_CA_LADWP_GW[AF],76292.0,10496196844.0,6326685.0
4155,2040-04-01,GW_storage_CA_LADWP_GW[AF],75867.0,10549040409.0,6402552.0
4156,2040-05-01,GW_storage_CA_LADWP_GW[AF],75431.0,10601395194.0,6477983.0
4157,2040-06-01,GW_storage_CA_LADWP_GW[AF],75011.0,10653107949.0,6552994.0
4158,2040-07-01,GW_storage_CA_LADWP_GW[AF],74580.0,10704171007.0,6627574.0
4159,2040-08-01,GW_storage_CA_LADWP_GW[AF],74151.0,10754605305.0,6701725.0
4160,2040-09-01,GW_storage_CA_LADWP_GW[AF],73739.0,10804445973.0,6775464.0
4161,2040-10-01,GW_storage_CA_LADWP_GW[AF],73315.0,10853648570.0,6848779.0
4162,2040-11-01,GW_storage_CA_LADWP_GW[AF],72892.0,10902484914.0,6921671.0
4163,2040-12-01,GW_storage_CA_LADWP_GW[AF],68182.0,10950730644.0,6989853.0
4164,2041-01-01,GW_storage_CA_LADWP_GW[AF],67786.0,10998281298.0,7057639.0
4165,2041-02-01,GW_storage_CA_LADWP_GW[AF],65761.0,11047818234.0,7123400.0
4166,2041-03-01,GW_storage_CA_LADWP_GW[AF],63766.0,11099139984.0,7187166.0
4167,2041-04-01,GW_storage_CA_LADWP_GW[AF],61724.0,11151170281.0,7248890.0
4168,2041-05-01,GW_storage_CA_LADWP_GW[AF],61370.0,11202540882.0,7310260.0
4169,2041-06-01,GW_storage_CA_LADWP_GW[AF],61028.0,11253584926.0,7371288.0
4170,2041-07-01,GW_storage_CA_LADWP_GW[AF],60677.0,11304087287.0,7431965.0
4171,2041-08-01,GW_storage_CA_LADWP_GW[AF],60329.0,11354085428.0,7492294.0
4172,2041-09-01,GW_storage_CA_LADWP_GW[AF],59996.0,11403615397.0,7552290.0
4173,2041-10-01,GW_storage_CA_LADWP_GW[AF],59656.0,11452671944.0,7611946.0
4174,2041-11-01,GW_storage_CA_LADWP_GW[AF],59391.0,11501212889.0,7671337.0
4175,2041-12-01,GW_storage_CA_LADWP_GW[AF],59053.0,11549056939.0,7730390.0
4176,2042-01-01,GW_storage_CA_LADWP_GW[AF],57100.0,11596204581.0,7787490.0
4177,2042-02-01,GW_storage_CA_LADWP_GW[AF],53747.0,11642935334.0,7841237.0
4178,2042-03-01,GW_storage_CA_LADWP_GW[AF],51970.0,11689092595.0,7893207.0
4179,2042-04-01,GW_storage_CA_LADWP_GW[AF],27041.0,11735022869.0,7920248.0
4180,2042-05-01,GW_storage_CA_LADWP_GW[AF],26884.0,11780876718.0,7947132.0
4181,2042-06-01,GW_storage_CA_LADWP_GW[AF],26735.0,11826092725.0,7973867.0
4182,2042-07-01,GW_storage_CA_LADWP_GW[AF],26583.0,11871546727.0,8000450.0
4183,2042-08-01,GW_storage_CA_LADWP_GW[AF],26431.0,11916431990.0,8026881.0
4184,2042-09-01,GW_storage_CA_LADWP_GW[AF],26287.0,11960791410.0,8053168.0
4185,2042-10-01,GW_storage_CA_LADWP_GW[AF],26137.0,12004660184.0,8079305.0
4186,2042-11-01,GW_storage_CA_LADWP_GW[AF],25965.0,12048130811.0,8105270.0
4187,2042-12-01,GW_storage_CA_LADWP_GW[AF],25441.0,12091062837.0,8130711.0
4188,2043-01-01,GW_storage_CA_LADWP_GW[AF],25274.0,12133444088.0,8155985.0
4189,2043-02-01,GW_storage_CA_LADWP_GW[AF],25143.0,12175363925.0,8181128.0
4190,2043-03-01,GW_storage_CA_LADWP_GW[AF],24995.0,12216725340.0,8206123.0
4191,2043-04-01,GW_storage_CA_LADWP_GW[AF],24855.0,12257666079.0,8230978.0
4192,2043-05-01,GW_storage_CA_LADWP_GW[AF],29113.0,12298078753.0,8260091.0
4193,2043-06-01,GW_storage_CA_LADWP_GW[AF],28950.0,12338040338.0,8289041.0
4194,2043-07-01,GW_storage_CA_LADWP_GW[AF],28783.0,12377535688.0,8317824.0
4195,2043-08-01,GW_storage_CA_LADWP_GW[AF],28617.0,12416568319.0,8346441.0
4196,2043-09-01,GW_storage_CA_LADWP_GW[AF],28458.0,12455234071.0,8374899.0
4197,2043-10-01,GW_storage_CA_LADWP_GW[AF],28295.0,12493493716.0,8403194.0
4198,2043-11-01,GW_storage_CA_LADWP_GW[AF],28137.0,12531340494.0,8431331.0
4199,2043-12-01,GW_storage_CA_LADWP_GW[AF],22893.0,12568703212.0,8454224.0
4200,2044-01-01,GW_storage_CA_LADWP_GW[AF],22761.0,12605614127.0,8476985.0
4201,2044-02-01,GW_storage_CA_LADWP_GW[AF],18342.0,12642100391.0,8495327.0
4202,2044-03-01,GW_storage_CA_LADWP_GW[AF],18245.0,12678094207.0,8513572.0
4203,2044-04-01,GW_storage_CA_LADWP_GW[AF],18143.0,12715489683.0,8531715.0
4204,2044-05-01,GW_storage_CA_LADWP_GW[AF],18147.0,12757376464.0,8549862.0
4205,2044-06-01,GW_storage_CA_LADWP_GW[AF],18046.0,12798680033.0,8567908.0
4206,2044-07-01,GW_storage_CA_LADWP_GW[AF],17943.0,12840178366.0,8585851.0
4207,2044-08-01,GW_storage_CA_LADWP_GW[AF],17840.0,12881238666.0,8603691.0
4208,2044-09-01,GW_storage_CA_LADWP_GW[AF],17740.0,12921922929.0,8621431.0
4209,2044-10-01,GW_storage_CA_LADWP_GW[AF],17639.0,12962137170.0,8639070.0
4210,2044-11-01,GW_storage_CA_LADWP_GW[AF],17542.0,13001917872.0,8656612.0
4211,2044-12-01,GW_storage_CA_LADWP_GW[AF],17166.0,13041192913.0,8673778.0
4212,2045-01-01,GW_storage_CA_LADWP_GW[AF],16598.0,13079996277.0,8690376.0
4213,2045-02-01,GW_storage_CA_LADWP_GW[AF],14085.0,13119222084.0,8704461.0
4214,2045-03-01,GW_storage_CA_LADWP_GW[AF],13619.0,13158364150.0,8718080.0
4215,2045-04-01,GW_storage_CA_LADWP_GW[AF],15390.0,13198157185.0,8733470.0
4216,2045-05-01,GW_storage_CA_LADWP_GW[AF],15391.0,13237869018.0,8748861.0
4217,2045-06-01,GW_storage_CA_LADWP_GW[AF],15305.0,13278774379.0,8764166.0
4218,2045-07-01,GW_storage_CA_LADWP_GW[AF],15217.0,13324244062.0,8779383.0
4219,2045-08-01,GW_storage_CA_LADWP_GW[AF],18778.0,13372386542.0,8798161.0
4220,2045-09-01,GW_storage_CA_LADWP_GW[AF],18672.0,13419876881.0,8816833.0
4221,2045-10-01,GW_storage_CA_LADWP_GW[AF],18563.0,13466818785.0,8835396.0
4222,2045-11-01,GW_storage_CA_LADWP_GW[AF],18542.0,13513160105.0,8853938.0
4223,2045-12-01,GW_storage_CA_LADWP_GW[AF],18435.0,13560745919.0,8872373.0
4224,2046-01-01,GW_storage_CA_LADWP_GW[AF],21465.0,13615290772.0,8893838.0
4225,2046-02-01,GW_storage_CA_LADWP_GW[AF],33519.0,13677811710.0,8927357.0
4226,2046-03-01,GW_storage_CA_LADWP_GW[AF],33331.0,13748607831.0,8960688.0
4227,2046-04-01,GW_storage_CA_LADWP_GW[AF],33150.0,13826873589.0,8993838.0
4228,2046-05-01,GW_storage_CA_LADWP_GW[AF],32960.0,13907944967.0,9026798.0
4229,2046-06-01,GW_storage_CA_LADWP_GW[AF],32778.0,13989979852.0,9059576.0
4230,2046-07-01,GW_storage_CA_LADWP_GW[AF],32591.0,14071604903.0,9092167.0
4231,2046-08-01,GW_storage_CA_LADWP_GW[AF],32408.0,14152131683.0,9124575.0
4232,2046-09-01,GW_storage_CA_LADWP_GW[AF],32237.0,14231617714.0,9156812.0
4233,2046-10-01,GW_storage_CA_LADWP_GW[AF],32062.0,14310005025.0,9188874.0
4234,2046-11-01,GW_storage_CA_LADWP_GW[AF],31891.0,14387273527.0,9220765.0
4235,2046-12-01,GW_storage_CA_LADWP_GW[AF],33222.0,14463437376.0,9253987.0
4236,2047-01-01,GW_storage_CA_LADWP_GW[AF],31480.0,14538457981.0,9285467.0
4237,2047-02-01,GW_storage_CA_LADWP_GW[AF],43579.0,14612508014.0,9329046.0
4238,2047-03-01,GW_storage_CA_LADWP_GW[AF],43328.0,14685452283.0,9372374.0
4239,2047-04-01,GW_storage_CA_LADWP_GW[AF],39787.0,14764472816.0,9412161.0
4240,2047-05-01,GW_storage_CA_LADWP_GW[AF],39559.0,14860897341.0,9451720.0
4241,2047-06-01,GW_storage_CA_LADWP_GW[AF],39339.0,14972506362.0,9491059.0
4242,2047-07-01,GW_storage_CA_LADWP_GW[AF],39113.0,15088231692.0,9530172.0
4243,2047-08-01,GW_storage_CA_LADWP_GW[AF],43926.0,15203332934.0,9574098.0
4244,2047-09-01,GW_storage_CA_LADWP_GW[AF],43683.0,15317492289.0,9617781.0
4245,2047-10-01,GW_storage_CA_LADWP_GW[AF],43431.0,15430042333.0,9661212.0
4246,2047-11-01,GW_storage_CA_LADWP_GW[AF],43186.0,15542831934.0,9704398.0
4247,2047-12-01,GW_storage_CA_LADWP_GW[AF],42866.0,15653870877.0,9747264.0
4248,2048-01-01,GW_storage_CA_LADWP_GW[AF],41448.0,15763169397.0,9788712.0
4249,2048-02-01,GW_storage_CA_LADWP_GW[AF],40165.0,15872138297.0,9828877.0
4250,2048-03-01,GW_storage_CA_LADWP_GW[AF],38838.0,15987897138.0,9867715.0
4251,2048-04-01,GW_storage_CA_LADWP_GW[AF],37595.0,16106751114.0,9905310.0
4252,2048-05-01,GW_storage_CA_LADWP_GW[AF],37326.0,16226738594.0,9942636.0
4253,2048-06-01,GW_storage_CA_LADWP_GW[AF],36972.0,16346930466.0,9979608.0
4254,2048-07-01,GW_storage_CA_LADWP_GW[AF],36775.0,16466203172.0,10016383.0
4255,2048-08-01,GW_storage_CA_LADWP_GW[AF],36808.0,16583670765.0,10053191.0
4256,2048-09-01,GW_storage_CA_LADWP_GW[AF],36841.0,16699553017.0,10090032.0
4257,2048-10-01,GW_storage_CA_LADWP_GW[AF],36673.0,16813788962.0,10126705.0
4258,2048-11-01,GW_storage_CA_LADWP_GW[AF],44576.0,16926416472.0,10171281.0
4259,2048-12-01,GW_storage_CA_LADWP_GW[AF],61533.0,17038918116.0,10232814.0
4260,2049-01-01,GW_storage_CA_LADWP_GW[AF],72851.0,17150214903.0,10305665.0
4261,2049-02-01,GW_storage_CA_LADWP_GW[AF],70675.0,17259849423.0,10376340.0
4262,2049-03-01,GW_storage_CA_LADWP_GW[AF],70268.0,17374140295.0,10446608.0
4263,2049-04-01,GW_storage_CA_LADWP_GW[AF],69627.0,17496980626.0,10516235.0
4264,2049-05-01,GW_storage_CA_LADWP_GW[AF],69228.0,17623520262.0,10585463.0
4265,2049-06-01,GW_storage_CA_LADWP_GW[AF],68843.0,17749882278.0,10654306.0
4266,2049-07-01,GW_storage_CA_LADWP_GW[AF],68455.0,17875311834.0,10722761.0
4267,2049-08-01,GW_storage_CA_LADWP_GW[AF],68076.0,17998950915.0,10790837.0
4268,2049-09-01,GW_storage_CA_LADWP_GW[AF],67722.0,18120987592.0,10858559.0
4269,2049-10-01,GW_storage_CA_LADWP_GW[AF],67377.0,18241422265.0,10925936.0
4270,2049-11-01,GW_storage_CA_LADWP_GW[AF],67064.0,18360102830.0,10993000.0
4271,2049-12-01,GW_storage_CA_LADWP_GW[AF],67095.0,18476910369.0,11060095.0
4272,2050-01-01,GW_storage_CA_LADWP_GW[AF],64881.0,18591916831.0,11124976.0
4273,2050-02-01,GW_storage_CA_LADWP_GW[AF],62946.0,18705272956.0,11187922.0
4274,2050-03-01,GW_storage_CA_LADWP_GW[AF],31112.0,18821028859.0,11219034.0
4275,2050-04-01,GW_storage_CA_LADWP_GW[AF],-1202.0,18940506995.0,11217832.0
4276,2050-05-01,GW_storage_CA_LADWP_GW[AF],-2534.0,19059600483.0,11215298.0
4277,2050-06-01,GW_storage_CA_LADWP_GW[AF],-4076.0,19178428021.0,11211222.0
4278,2050-07-01,GW_storage_CA_LADWP_GW[AF],-2197.0,19296435077.0,11209025.0
4279,2050-08-01,GW_storage_CA_LADWP_GW[AF],-2174.0,19412834260.0,11206851.0
4280,2050-09-01,GW_storage_CA_LADWP_GW[AF],-2128.0,19527808893.0,11204723.0
4281,2050-10-01,GW_storage_CA_LADWP_GW[AF],-2080.0,19641173895.0,11202643.0
4282,2050-11-01,GW_storage_CA_LADWP_GW[AF],-2046.0,19752769080.0,11200597.0
4283,2050-12-01,GW_storage_CA_LADWP_GW[AF],-2028.0,19862611454.0,11198569.0
4284,2051-01-01,GW_storage_CA_LADWP_GW[AF],15619.0,19970764786.0,11214188.0
4285,2051-02-01,GW_storage_CA_LADWP_GW[AF],18175.0,20077395432.0,11232363.0
4286,2051-03-01,GW_storage_CA_LADWP_GW[AF],18071.0,20182370827.0,11250434.0
4287,2051-04-01,GW_storage_CA_LADWP_GW[AF],17970.0,20291580463.0,11268404.0
4288,2051-05-01,GW_storage_CA_LADWP_GW[AF],17867.0,20400038326.0,11286271.0
4289,2051-06-01,GW_storage_CA_LADWP_GW[AF],17767.0,20508257786.0,11304038.0
4290,2051-07-01,GW_storage_CA_LADWP_GW[AF],17665.0,20615875318.0,11321703.0
4291,2051-08-01,GW_storage_CA_LADWP_GW[AF],20963.0,20722198437.0,11342666.0
4292,2051-09-01,GW_storage_CA_LADWP_GW[AF],20850.0,20827038775.0,11363516.0
4293,2051-10-01,GW_storage_CA_LADWP_GW[AF],20734.0,20930437548.0,11384250.0
4294,2051-11-01,GW_storage_CA_LADWP_GW[AF],20622.0,21032468769.0,11404872.0
4295,2051-12-01,GW_storage_CA_LADWP_GW[AF],20491.0,21133705710.0,11425363.0
4296,2052-01-01,GW_storage_CA_LADWP_GW[AF],19268.0,21233433839.0,11444631.0
4297,2052-02-01,GW_storage_CA_LADWP_GW[AF],18672.0,21331717041.0,11463303.0
4298,2052-03-01,GW_storage_CA_LADWP_GW[AF],18055.0,21429607427.0,11481358.0
4299,2052-04-01,GW_storage_CA_LADWP_GW[AF],17956.0,21527851494.0,11499314.0
4300,2052-05-01,GW_storage_CA_LADWP_GW[AF],17855.0,21624977785.0,11517169.0
4301,2052-06-01,GW_storage_CA_LADWP_GW[AF],17757.0,21720857498.0,11534926.0
4302,2052-07-01,GW_storage_CA_LADWP_GW[AF],17655.0,21815421513.0,11552581.0
4303,2052-08-01,GW_storage_CA_LADWP_GW[AF],17559.0,21908765850.0,11570140.0
4304,2052-09-01,GW_storage_CA_LADWP_GW[AF],17465.0,22001026854.0,11587605.0
4305,2052-10-01,GW_storage_CA_LADWP_GW[AF],17367.0,22092179195.0,11604972.0
4306,2052-11-01,GW_storage_CA_LADWP_GW[AF],17272.0,22182158688.0,11622244.0
4307,2052-12-01,GW_storage_CA_LADWP_GW[AF],17179.0,22270990851.0,11639423.0
4308,2053-01-01,GW_storage_CA_LADWP_GW[AF],13908.0,22358572318.0,11653331.0
4309,2053-02-01,GW_storage_CA_LADWP_GW[AF],21865.0,22445234888.0,11675196.0
4310,2053-03-01,GW_storage_CA_LADWP_GW[AF],21740.0,22531338210.0,11696936.0
4311,2053-04-01,GW_storage_CA_LADWP_GW[AF],21618.0,22618197854.0,11718554.0
4312,2053-05-01,GW_storage_CA_LADWP_GW[AF],21494.0,22705000235.0,11740048.0
4313,2053-06-01,GW_storage_CA_LADWP_GW[AF],21374.0,22792005107.0,11761422.0
4314,2053-07-01,GW_storage_CA_LADWP_GW[AF],21251.0,22878611714.0,11782673.0
4315,2053-08-01,GW_storage_CA_LADWP_GW[AF],21129.0,22964123789.0,11803802.0
4316,2053-09-01,GW_storage_CA_LADWP_GW[AF],21009.0,23048536524.0,11824811.0
4317,2053-10-01,GW_storage_CA_LADWP_GW[AF],20887.0,23131866519.0,11845698.0
4318,2053-11-01,GW_storage_CA_LADWP_GW[AF],20770.0,23214276747.0,11866468.0
4319,2053-12-01,GW_storage_CA_LADWP_GW[AF],20650.0,23295578937.0,11887118.0
4320,2054-01-01,GW_storage_CA_LADWP_GW[AF],10098.0,23375761806.0,11897216.0
4321,2054-02-01,GW_storage_CA_LADWP_GW[AF],10046.0,23454991045.0,11907262.0
4322,2054-03-01,GW_storage_CA_LADWP_GW[AF],9988.0,23533194281.0,11917250.0
4323,2054-04-01,GW_storage_CA_LADWP_GW[AF],9932.0,23610840643.0,11927182.0
4324,2054-05-01,GW_storage_CA_LADWP_GW[AF],9875.0,23687968757.0,11937057.0
4325,2054-06-01,GW_storage_CA_LADWP_GW[AF],9819.0,23764134532.0,11946876.0
4326,2054-07-01,GW_storage_CA_LADWP_GW[AF],9763.0,23839346953.0,11956639.0
4327,2054-08-01,GW_storage_CA_LADWP_GW[AF],9707.0,23913680649.0,11966346.0
4328,2054-09-01,GW_storage_CA_LADWP_GW[AF],9651.0,23987275722.0,11975997.0
4329,2054-10-01,GW_storage_CA_LADWP_GW[AF],9597.0,24060063673.0,11985594.0
4330,2054-11-01,GW_storage_CA_LADWP_GW[AF],9543.0,24132040073.0,11995137.0
4331,2054-12-01,GW_storage_CA_LADWP_GW[AF],9488.0,24203075252.0,12004625.0
4332,2055-01-01,GW_storage_CA_LADWP_GW[AF],9249.0,24273232069.0,12013874.0
4333,2055-02-01,GW_storage_CA_LADWP_GW[AF],9021.0,24346983422.0,12022895.0
4334,2055-03-01,GW_storage_CA_LADWP_GW[AF],8774.0,24429418525.0,12031669.0
4335,2055-04-01,GW_storage_CA_LADWP_GW[AF],12679.0,24519974284.0,12044348.0
4336,2055-05-01,GW_storage_CA_LADWP_GW[AF],12605.0,24612887460.0,12056953.0
4337,2055-06-01,GW_storage_CA_LADWP_GW[AF],12535.0,24705731755.0,12069488.0
4338,2055-07-01,GW_storage_CA_LADWP_GW[AF],12462.0,24797561549.0,12081950.0
4339,2055-08-01,GW_storage_CA_LADWP_GW[AF],12391.0,24888417864.0,12094341.0
4340,2055-09-01,GW_storage_CA_LADWP_GW[AF],12323.0,24978247446.0,12106664.0
4341,2055-10-01,GW_storage_CA_LADWP_GW[AF],12254.0,25067037402.0,12118918.0
4342,2055-11-01,GW_storage_CA_LADWP_GW[AF],12190.0,25154620871.0,12131108.0
4343,2055-12-01,GW_storage_CA_LADWP_GW[AF],7254.0,25240958786.0,12138362.0
4344,2056-01-01,GW_storage_CA_LADWP_GW[AF],7212.0,25326085001.0,12145574.0
4345,2056-02-01,GW_storage_CA_LADWP_GW[AF],7028.0,25410115783.0,12152602.0
4346,2056-03-01,GW_storage_CA_LADWP_GW[AF],12976.0,25493046199.0,12165578.0
4347,2056-04-01,GW_storage_CA_LADWP_GW[AF],12903.0,25579867650.0,12178481.0
4348,2056-05-01,GW_storage_CA_LADWP_GW[AF],12828.0,25665994452.0,12191309.0
4349,2056-06-01,GW_storage_CA_LADWP_GW[AF],12757.0,25751014051.0,12204066.0
4350,2056-07-01,GW_storage_CA_LADWP_GW[AF],12684.0,25834999057.0,12216750.0
4351,2056-08-01,GW_storage_CA_LADWP_GW[AF],12610.0,25918012980.0,12229360.0
4352,2056-09-01,GW_storage_CA_LADWP_GW[AF],12541.0,26000006720.0,12241901.0
4353,2056-10-01,GW_storage_CA_LADWP_GW[AF],12462.0,26080893812.0,12254363.0
4354,2056-11-01,GW_storage_CA_LADWP_GW[AF],12126.0,26160908259.0,12266489.0
4355,2056-12-01,GW_storage_CA_LADWP_GW[AF],11960.0,26240212456.0,12278449.0
4356,2057-01-01,GW_storage_CA_LADWP_GW[AF],35814.0,26318587848.0,12314263.0
4357,2057-02-01,GW_storage_CA_LADWP_GW[AF],34744.0,26395985372.0,12349007.0
4358,2057-03-01,GW_storage_CA_LADWP_GW[AF],36531.0,26472734266.0,12385538.0
4359,2057-04-01,GW_storage_CA_LADWP_GW[AF],36326.0,26556295278.0,12421864.0
4360,2057-05-01,GW_storage_CA_LADWP_GW[AF],36117.0,26638790503.0,12457981.0
4361,2057-06-01,GW_storage_CA_LADWP_GW[AF],35914.0,26720263696.0,12493895.0
4362,2057-07-01,GW_storage_CA_LADWP_GW[AF],35708.0,26800720453.0,12529603.0
4363,2057-08-01,GW_storage_CA_LADWP_GW[AF],35502.0,26880212595.0,12565105.0
4364,2057-09-01,GW_storage_CA_LADWP_GW[AF],35305.0,26958875022.0,12600410.0
4365,2057-10-01,GW_storage_CA_LADWP_GW[AF],35102.0,27036568588.0,12635512.0
4366,2057-11-01,GW_storage_CA_LADWP_GW[AF],34905.0,27113396201.0,12670417.0
4367,2057-12-01,GW_storage_CA_LADWP_GW[AF],34704.0,27189264327.0,12705121.0
4368,2058-01-01,GW_storage_CA_LADWP_GW[AF],33558.0,27264124633.0,12738679.0
4369,2058-02-01,GW_storage_CA_LADWP_GW[AF],32557.0,27348265847.0,12771236.0
4370,2058-03-01,GW_storage_CA_LADWP_GW[AF],31480.0,27440889382.0,12802716.0
4371,2058-04-01,GW_storage_CA_LADWP_GW[AF],34841.0,27539133274.0,12837557.0
4372,2058-05-01,GW_storage_CA_LADWP_GW[AF],34642.0,27639449314.0,12872199.0
4373,2058-06-01,GW_storage_CA_LADWP_GW[AF],34450.0,27738779306.0,12906649.0
4374,2058-07-01,GW_storage_CA_LADWP_GW[AF],34253.0,27837531793.0,12940902.0
4375,2058-08-01,GW_storage_CA_LADWP_GW[AF],34059.0,27935280444.0,12974961.0
4376,2058-09-01,GW_storage_CA_LADWP_GW[AF],33872.0,28031862865.0,13008833.0
4377,2058-10-01,GW_storage_CA_LADWP_GW[AF],33684.0,28127260463.0,13042517.0
4378,2058-11-01,GW_storage_CA_LADWP_GW[AF],33514.0,28221366217.0,13076031.0
4379,2058-12-01,GW_storage_CA_LADWP_GW[AF],33343.0,28314157055.0,13109374.0
4380,2059-01-01,GW_storage_CA_LADWP_GW[AF],33389.0,28405540773.0,13142763.0
4381,2059-02-01,GW_storage_CA_LADWP_GW[AF],30649.0,28502067677.0,13173412.0
4382,2059-03-01,GW_storage_CA_LADWP_GW[AF],29638.0,28605457246.0,13203050.0
4383,2059-04-01,GW_storage_CA_LADWP_GW[AF],29474.0,28717814838.0,13232524.0
4384,2059-05-01,GW_storage_CA_LADWP_GW[AF],29305.0,28830913147.0,13261829.0
4385,2059-06-01,GW_storage_CA_LADWP_GW[AF],29142.0,28943770190.0,13290971.0
4386,2059-07-01,GW_storage_CA_LADWP_GW[AF],28974.0,29055182582.0,13319945.0
4387,2059-08-01,GW_storage_CA_LADWP_GW[AF],28808.0,29165160032.0,13348753.0
4388,2059-09-01,GW_storage_CA_LADWP_GW[AF],28648.0,29273920291.0,13377401.0
4389,2059-10-01,GW_storage_CA_LADWP_GW[AF],28483.0,29381402010.0,13405884.0
4390,2059-11-01,GW_storage_CA_LADWP_GW[AF],28325.0,29487451547.0,13434209.0
4391,2059-12-01,GW_storage_CA_LADWP_GW[AF],33940.0,29592083281.0,13468149.0
4392,2060-01-01,GW_storage_CA_LADWP_GW[AF],32818.0,29695071869.0,13500967.0
4393,2060-02-01,GW_storage_CA_LADWP_GW[AF],31802.0,29797999369.0,13532769.0
4394,2060-03-01,GW_storage_CA_LADWP_GW[AF],-1821.0,29907235449.0,13530948.0
4395,2060-04-01,GW_storage_CA_LADWP_GW[AF],-1762.0,30022282651.0,13529186.0
4396,2060-05-01,GW_storage_CA_LADWP_GW[AF],-1703.0,30138204137.0,13527483.0
4397,2060-06-01,GW_storage_CA_LADWP_GW[AF],-1685.0,30253989194.0,13525798.0
4398,2060-07-01,GW_storage_CA_LADWP_GW[AF],-1685.0,30369445165.0,13524113.0
4399,2060-08-01,GW_storage_CA_LADWP_GW[AF],119.0,30483354195.0,13524232.0
4400,2060-09-01,GW_storage_CA_LADWP_GW[AF],123.0,30595912136.0,13524355.0
4401,2060-10-01,GW_storage_CA_LADWP_GW[AF],128.0,30707058453.0,13524483.0
4402,2060-11-01,GW_storage_CA_LADWP_GW[AF],132.0,30816686913.0,13524615.0
4403,2060-12-01,GW_storage_CA_LADWP_GW[AF],16906.0,30924630927.0,13541521.0
4404,2061-01-01,GW_storage_CA_LADWP_GW[AF],17539.0,31038058188.0,13559060.0
4405,2061-02-01,GW_storage_CA_LADWP_GW[AF],17016.0,31163247262.0,13576076.0
4406,2061-03-01,GW_storage_CA_LADWP_GW[AF],16453.0,31301926464.0,13592529.0
4407,2061-04-01,GW_storage_CA_LADWP_GW[AF],-14908.0,31460043743.0,13577621.0
4408,2061-05-01,GW_storage_CA_LADWP_GW[AF],-9006.0,31621719240.0,13568615.0
4409,2061-06-01,GW_storage_CA_LADWP_GW[AF],-8715.0,31781944019.0,13559900.0
4410,2061-07-01,GW_storage_CA_LADWP_GW[AF],-7580.0,31940594248.0,13552320.0
4411,2061-08-01,GW_storage_CA_LADWP_GW[AF],-8779.0,32097666692.0,13543541.0
4412,2061-09-01,GW_storage_CA_LADWP_GW[AF],-8767.0,32253244922.0,13534774.0
4413,2061-10-01,GW_storage_CA_LADWP_GW[AF],-8694.0,32407132898.0,13526080.0
4414,2061-11-01,GW_storage_CA_LADWP_GW[AF],-9438.0,32559108380.0,13516642.0
4415,2061-12-01,GW_storage_CA_LADWP_GW[AF],-9115.0,32709321481.0,13507527.0
4416,2062-01-01,GW_storage_CA_LADWP_GW[AF],-8806.0,32858735378.0,13498721.0
4417,2062-02-01,GW_storage_CA_LADWP_GW[AF],-8536.0,33022044851.0,13490185.0
4418,2062-03-01,GW_storage_CA_LADWP_GW[AF],-8252.0,33198837130.0,13481933.0
4419,2062-04-01,GW_storage_CA_LADWP_GW[AF],-7986.0,33390837210.0,13473947.0
4420,2062-05-01,GW_storage_CA_LADWP_GW[AF],-1823.0,33584259641.0,13472124.0
4421,2062-06-01,GW_storage_CA_LADWP_GW[AF],-1764.0,33776858517.0,13470360.0
4422,2062-07-01,GW_storage_CA_LADWP_GW[AF],-1730.0,33967635736.0,13468630.0
4423,2062-08-01,GW_storage_CA_LADWP_GW[AF],-1688.0,34156855847.0,13466942.0
4424,2062-09-01,GW_storage_CA_LADWP_GW[AF],-1644.0,34344548104.0,13465298.0
4425,2062-10-01,GW_storage_CA_LADWP_GW[AF],-1596.0,34530332137.0,13463702.0
4426,2062-11-01,GW_storage_CA_LADWP_GW[AF],-1551.0,34714073091.0,13462151.0
4427,2062-12-01,GW_storage_CA_LADWP_GW[AF],-1666.0,34895778448.0,13460485.0
4428,2063-01-01,GW_storage_CA_LADWP_GW[AF],-1627.0,35079072230.0,13458858.0
4429,2063-02-01,GW_storage_CA_LADWP_GW[AF],-1585.0,35269350335.0,13457273.0
4430,2063-03-01,GW_storage_CA_LADWP_GW[AF],-1536.0,35470064786.0,13455737.0
4431,2063-04-01,GW_storage_CA_LADWP_GW[AF],-1488.0,35683040547.0,13454249.0
4432,2063-05-01,GW_storage_CA_LADWP_GW[AF],-1440.0,35907121073.0,13452809.0
4433,2063-06-01,GW_storage_CA_LADWP_GW[AF],-1194.0,36134854310.0,13451615.0
4434,2063-07-01,GW_storage_CA_LADWP_GW[AF],-1123.0,36361472567.0,13450492.0
4435,2063-08-01,GW_storage_CA_LADWP_GW[AF],-1058.0,36586142514.0,13449434.0
4436,2063-09-01,GW_storage_CA_LADWP_GW[AF],-980.0,36808934029.0,13448454.0
4437,2063-10-01,GW_storage_CA_LADWP_GW[AF],-903.0,37029507927.0,13447551.0
4438,2063-11-01,GW_storage_CA_LADWP_GW[AF],16464.0,37248012309.0,13464015.0
4439,2063-12-01,GW_storage_CA_LADWP_GW[AF],-16772.0,37465671472.0,13447243.0
4440,2064-01-01,GW_storage_CA_LADWP_GW[AF],-16213.0,37694815963.0,13431030.0
4441,2064-02-01,GW_storage_CA_LADWP_GW[AF],-46178.0,37945097639.0,13384852.0
4442,2064-03-01,GW_storage_CA_LADWP_GW[AF],-76458.0,38213638934.0,13308394.0
4443,2064-04-01,GW_storage_CA_LADWP_GW[AF],-72788.0,38493367090.0,13235606.0
4444,2064-05-01,GW_storage_CA_LADWP_GW[AF],-68886.0,38776738105.0,13166720.0
4445,2064-06-01,GW_storage_CA_LADWP_GW[AF],-65574.0,39060661713.0,13101146.0
4446,2064-07-01,GW_storage_CA_LADWP_GW[AF],-62309.0,39341932866.0,13038837.0
4447,2064-08-01,GW_storage_CA_LADWP_GW[AF],-59189.0,39620711220.0,12979648.0
4448,2064-09-01,GW_storage_CA_LADWP_GW[AF],-56468.0,39897002798.0,12923180.0
4449,2064-10-01,GW_storage_CA_LADWP_GW[AF],-54173.0,40170736712.0,12869007.0
4450,2064-11-01,GW_storage_CA_LADWP_GW[AF],-34130.0,40442044957.0,12834877.0
4451,2064-12-01,GW_storage_CA_LADWP_GW[AF],-65729.0,40711834451.0,12769148.0
4452,2065-01-01,GW_storage_CA_LADWP_GW[AF],-63328.0,40982757097.0,12705820.0
4453,2065-02-01,GW_storage_CA_LADWP_GW[AF],-60946.0,41255716076.0,12644874.0
4454,2065-03-01,GW_storage_CA_LADWP_GW[AF],-58088.0,41533378347.0,12586786.0
4455,2065-04-01,GW_storage_CA_LADWP_GW[AF],-55294.0,41819419395.0,12531492.0
4456,2065-05-01,GW_storage_CA_LADWP_GW[AF],-52719.0,42107659636.0,12478773.0
4457,2065-06-01,GW_storage_CA_LADWP_GW[AF],-50699.0,42393392346.0,12428074.0
4458,2065-07-01,GW_storage_CA_LADWP_GW[AF],-49183.0,42678359041.0,12378891.0
4459,2065-08-01,GW_storage_CA_LADWP_GW[AF],-48449.0,42960938762.0,12330442.0
4460,2065-09-01,GW_storage_CA_LADWP_GW[AF],-47831.0,43241061639.0,12282611.0
4461,2065-10-01,GW_storage_CA_LADWP_GW[AF],-47403.0,43518553408.0,12235208.0
4462,2065-11-01,GW_storage_CA_LADWP_GW[AF],-47140.0,43793351378.0,12188068.0
4463,2065-12-01,GW_storage_CA_LADWP_GW[AF],-47079.0,44065325818.0,12140989.0
4464,2066-01-01,GW_storage_CA_LADWP_GW[AF],-45482.0,44334625115.0,12095507.0
4465,2066-02-01,GW_storage_CA_LADWP_GW[AF],-44107.0,44601575728.0,12051400.0
4466,2066-03-01,GW_storage_CA_LADWP_GW[AF],-44102.0,44865977654.0,12007298.0
4467,2066-04-01,GW_storage_CA_LADWP_GW[AF],-43230.0,45130939542.0,11964068.0
4468,2066-05-01,GW_storage_CA_LADWP_GW[AF],-42980.0,45393925169.0,11921088.0
4469,2066-06-01,GW_storage_CA_LADWP_GW[AF],-42725.0,45654573916.0,11878363.0
4470,2066-07-01,GW_storage_CA_LADWP_GW[AF],-41278.0,45912927675.0,11837085.0
4471,2066-08-01,GW_storage_CA_LADWP_GW[AF],-39683.0,46169111465.0,11797402.0
4472,2066-09-01,GW_storage_CA_LADWP_GW[AF],-39461.0,46423600426.0,11757941.0
4473,2066-10-01,GW_storage_CA_LADWP_GW[AF],-39234.0,46676263355.0,11718707.0
4474,2066-11-01,GW_storage_CA_LADWP_GW[AF],-39015.0,46927228863.0,11679692.0
4475,2066-12-01,GW_storage_CA_LADWP_GW[AF],-37725.0,47176198480.0,11641967.0
4476,2067-01-01,GW_storage_CA_LADWP_GW[AF],-36478.0,47422896821.0,11605489.0
4477,2067-02-01,GW_storage_CA_LADWP_GW[AF],-28371.0,47667661431.0,11577118.0
4478,2067-03-01,GW_storage_CA_LADWP_GW[AF],-28234.0,47910308464.0,11548884.0
4479,2067-04-01,GW_storage_CA_LADWP_GW[AF],-28062.0,48151085524.0,11520822.0
4480,2067-05-01,GW_storage_CA_LADWP_GW[AF],-29627.0,48389950965.0,11491195.0
4481,2067-06-01,GW_storage_CA_LADWP_GW[AF],-29460.0,48627002221.0,11461735.0
4482,2067-07-01,GW_storage_CA_LADWP_GW[AF],-29290.0,48862124917.0,11432445.0
4483,2067-08-01,GW_storage_CA_LADWP_GW[AF],-29121.0,49095321876.0,11403324.0
4484,2067-09-01,GW_storage_CA_LADWP_GW[AF],-28958.0,49326841519.0,11374366.0
4485,2067-10-01,GW_storage_CA_LADWP_GW[AF],-28703.0,49556552267.0,11345663.0
4486,2067-11-01,GW_storage_CA_LADWP_GW[AF],-28459.0,49784868208.0,11317204.0
4487,2067-12-01,GW_storage_CA_LADWP_GW[AF],-27518.0,50011545293.0,11289686.0
4488,2068-01-01,GW_storage_CA_LADWP_GW[AF],-26607.0,50238331069.0,11263079.0
4489,2068-02-01,GW_storage_CA_LADWP_GW[AF],-25783.0,50478937732.0,11237296.0
4490,2068-03-01,GW_storage_CA_LADWP_GW[AF],-57502.0,50739381265.0,11179794.0
4491,2068-04-01,GW_storage_CA_LADWP_GW[AF],-87183.0,51011294375.0,11092611.0
4492,2068-05-01,GW_storage_CA_LADWP_GW[AF],-75306.0,51290774772.0,11017305.0
4493,2068-06-01,GW_storage_CA_LADWP_GW[AF],-72751.0,51571539123.0,10944554.0
4494,2068-07-01,GW_storage_CA_LADWP_GW[AF],-70327.0,51851333229.0,10874227.0
4495,2068-08-01,GW_storage_CA_LADWP_GW[AF],-68274.0,52129191774.0,10805953.0
4496,2068-09-01,GW_storage_CA_LADWP_GW[AF],-67431.0,52405096290.0,10738522.0
4497,2068-10-01,GW_storage_CA_LADWP_GW[AF],-66564.0,52678907664.0,10671958.0
4498,2068-11-01,GW_storage_CA_LADWP_GW[AF],-67041.0,52950483517.0,10604917.0
4499,2068-12-01,GW_storage_CA_LADWP_GW[AF],-66460.0,53219819895.0,10538457.0
4500,2069-01-01,GW_storage_CA_LADWP_GW[AF],-33502.0,53487155316.0,10504955.0
4501,2069-02-01,GW_storage_CA_LADWP_GW[AF],-6473.0,53760870931.0,10498482.0
4502,2069-03-01,GW_storage_CA_LADWP_GW[AF],-6257.0,54039428849.0,10492225.0
4503,2069-04-01,GW_storage_CA_LADWP_GW[AF],-3518.0,54324092180.0,10488707.0
4504,2069-05-01,GW_storage_CA_LADWP_GW[AF],-3401.0,54609436481.0,10485306.0
4505,2069-06-01,GW_storage_CA_LADWP_GW[AF],-3355.0,54894337917.0,10481951.0
4506,2069-07-01,GW_storage_CA_LADWP_GW[AF],-3335.0,55177218144.0,10478616.0
4507,2069-08-01,GW_storage_CA_LADWP_GW[AF],-3880.0,55458179949.0,10474736.0
4508,2069-09-01,GW_storage_CA_LADWP_GW[AF],-3877.0,55737226700.0,10470859.0
4509,2069-10-01,GW_storage_CA_LADWP_GW[AF],-3875.0,56014313112.0,10466984.0
4510,2069-11-01,GW_storage_CA_LADWP_GW[AF],-2818.0,56289244905.0,10464166.0
4511,2069-12-01,GW_storage_CA_LADWP_GW[AF],-2806.0,56561948550.0,10461360.0
4512,2070-01-01,GW_storage_CA_LADWP_GW[AF],-2699.0,56832455571.0,10458661.0
4513,2070-02-01,GW_storage_CA_LADWP_GW[AF],5920.0,57101031869.0,10464581.0
4514,2070-03-01,GW_storage_CA_LADWP_GW[AF],7187.0,57367456127.0,10471768.0
4515,2070-04-01,GW_storage_CA_LADWP_GW[AF],7189.0,57631884127.0,10478957.0
4516,2070-05-01,GW_storage_CA_LADWP_GW[AF],7149.0,57894580730.0,10486106.0
4517,2070-06-01,GW_storage_CA_LADWP_GW[AF],7213.0,58156625113.0,10493319.0
4518,2070-07-01,GW_storage_CA_LADWP_GW[AF],7181.0,58417720429.0,10500500.0
4519,2070-08-01,GW_storage_CA_LADWP_GW[AF],7140.0,58677125935.0,10507640.0
4520,2070-09-01,GW_storage_CA_LADWP_GW[AF],7100.0,58935122487.0,10514740.0
4521,2070-10-01,GW_storage_CA_LADWP_GW[AF],7059.0,59191573450.0,10521799.0
4522,2070-11-01,GW_storage_CA_LADWP_GW[AF],7019.0,59446278042.0,10528818.0
4523,2070-12-01,GW_storage_CA_LADWP_GW[AF],6977.0,59699129256.0,10535795.0
4524,2021-09-01,GW_storage_CA_PGE_BAY_GW[AF],5.0,1034591.0,5.0
4525,2021-10-01,GW_storage_CA_PGE_BAY_GW[AF],5.0,1228184.0,10.0
4526,2021-11-01,GW_storage_CA_PGE_BAY_GW[AF],7.0,1408873.0,17.0
4527,2021-12-01,GW_storage_CA_PGE_BAY_GW[AF],3.0,1583705.0,20.0
4528,2022-01-01,GW_storage_CA_PGE_BAY_GW[AF],-2.0,1753848.0,18.0
4529,2022-02-01,GW_storage_CA_PGE_BAY_GW[AF],-5.0,1920342.0,13.0
4530,2022-03-01,GW_storage_CA_PGE_BAY_GW[AF],-7.0,2083476.0,6.0
4531,2022-04-01,GW_storage_CA_PGE_BAY_GW[AF],-10.0,2243387.0,-4.0
4532,2022-05-01,GW_storage_CA_PGE_BAY_GW[AF],-10.0,2522880.0,-14.0
4533,2022-06-01,GW_storage_CA_PGE_BAY_GW[AF],-11.0,3551564.0,-25.0
4534,2022-07-01,GW_storage_CA_PGE_BAY_GW[AF],-10.0,4562843.0,-35.0
4535,2022-08-01,GW_storage_CA_PGE_BAY_GW[AF],-11.0,5557441.0,-46.0
4536,2022-09-01,GW_storage_CA_PGE_BAY_GW[AF],-10.0,6536311.0,-56.0
4537,2022-10-01,GW_storage_CA_PGE_BAY_GW[AF],-10.0,7499151.0,-66.0
4538,2022-11-01,GW_storage_CA_PGE_BAY_GW[AF],-10.0,8445383.0,-76.0
4539,2022-12-01,GW_storage_CA_PGE_BAY_GW[AF],-10.0,9374562.0,-86.0
4540,2023-01-01,GW_storage_CA_PGE_BAY_GW[AF],-12.0,10287031.0,-98.0
4541,2023-02-01,GW_storage_CA_PGE_BAY_GW[AF],-12.0,11192982.0,-110.0
4542,2023-03-01,GW_storage_CA_PGE_BAY_GW[AF],-12.0,12082492.0,-122.0
4543,2023-04-01,GW_storage_CA_PGE_BAY_GW[AF],-11.0,12955603.0,-133.0
4544,2023-05-01,GW_storage_CA_PGE_BAY_GW[AF],-11.0,13813215.0,-144.0
4545,2023-06-01,GW_storage_CA_PGE_BAY_GW[AF],-12.0,15164430.0,-156.0
4546,2023-07-01,GW_storage_CA_PGE_BAY_GW[AF],-16.0,17236845.0,-172.0
4547,2023-08-01,GW_storage_CA_PGE_BAY_GW[AF],-88.0,19274971.0,-260.0
4548,2023-09-01,GW_storage_CA_PGE_BAY_GW[AF],-214.0,21282260.0,-474.0
4549,2023-10-01,GW_storage_CA_PGE_BAY_GW[AF],-274.0,23279746.0,-748.0
4550,2023-11-01,GW_storage_CA_PGE_BAY_GW[AF],-281.0,25247116.0,-1029.0
4551,2023-12-01,GW_storage_CA_PGE_BAY_GW[AF],-287.0,27178503.0,-1316.0
4552,2024-01-01,GW_storage_CA_PGE_BAY_GW[AF],-292.0,29079026.0,-1608.0
4553,2024-02-01,GW_storage_CA_PGE_BAY_GW[AF],-295.0,30951693.0,-1903.0
4554,2024-03-01,GW_storage_CA_PGE_BAY_GW[AF],-298.0,32794640.0,-2201.0
4555,2024-04-01,GW_storage_CA_PGE_BAY_GW[AF],-299.0,34598451.0,-2500.0
4556,2024-05-01,GW_storage_CA_PGE_BAY_GW[AF],-297.0,36379549.0,-2797.0
4557,2024-06-01,GW_storage_CA_PGE_BAY_GW[AF],-296.0,38134426.0,-3093.0
4558,2024-07-01,GW_storage_CA_PGE_BAY_GW[AF],-296.0,39862715.0,-3389.0
4559,2024-08-01,GW_storage_CA_PGE_BAY_GW[AF],-295.0,41565221.0,-3684.0
4560,2024-09-01,GW_storage_CA_PGE_BAY_GW[AF],-294.0,43242727.0,-3978.0
4561,2024-10-01,GW_storage_CA_PGE_BAY_GW[AF],-294.0,44894530.0,-4272.0
4562,2024-11-01,GW_storage_CA_PGE_BAY_GW[AF],-293.0,46522142.0,-4565.0
4563,2024-12-01,GW_storage_CA_PGE_BAY_GW[AF],-296.0,48125394.0,-4861.0
4564,2025-01-01,GW_storage_CA_PGE_BAY_GW[AF],-296.0,49704625.0,-5157.0
4565,2025-02-01,GW_storage_CA_PGE_BAY_GW[AF],-296.0,51264049.0,-5453.0
4566,2025-03-01,GW_storage_CA_PGE_BAY_GW[AF],-295.0,52800150.0,-5748.0
4567,2025-04-01,GW_storage_CA_PGE_BAY_GW[AF],-293.0,54422403.0,-6041.0
4568,2025-05-01,GW_storage_CA_PGE_BAY_GW[AF],-292.0,56023530.0,-6333.0
4569,2025-06-01,GW_storage_CA_PGE_BAY_GW[AF],-289.0,57673121.0,-6622.0
4570,2025-07-01,GW_storage_CA_PGE_BAY_GW[AF],4411.0,59233291.0,-2211.0
4571,2025-08-01,GW_storage_CA_PGE_BAY_GW[AF],-8969.0,60752330.0,-11180.0
4572,2025-09-01,GW_storage_CA_PGE_BAY_GW[AF],-8146.0,63291561.0,-19326.0
4573,2025-10-01,GW_storage_CA_PGE_BAY_GW[AF],-7607.0,66117192.0,-26933.0
4574,2025-11-01,GW_storage_CA_PGE_BAY_GW[AF],-7396.0,69169207.0,-34329.0
4575,2025-12-01,GW_storage_CA_PGE_BAY_GW[AF],-7494.0,72377661.0,-41823.0
4576,2026-01-01,GW_storage_CA_PGE_BAY_GW[AF],-7476.0,75644729.0,-49299.0
4577,2026-02-01,GW_storage_CA_PGE_BAY_GW[AF],-7459.0,83025589.0,-56758.0
4578,2026-03-01,GW_storage_CA_PGE_BAY_GW[AF],-7434.0,93674924.0,-64192.0
4579,2026-04-01,GW_storage_CA_PGE_BAY_GW[AF],-7401.0,112497734.0,-71593.0
4580,2026-05-01,GW_storage_CA_PGE_BAY_GW[AF],-7364.0,136460613.0,-78957.0
4581,2026-06-01,GW_storage_CA_PGE_BAY_GW[AF],-7327.0,160180041.0,-86284.0
4582,2026-07-01,GW_storage_CA_PGE_BAY_GW[AF],-7296.0,184580314.0,-93580.0
4583,2026-08-01,GW_storage_CA_PGE_BAY_GW[AF],-7298.0,208538131.0,-100878.0
4584,2026-09-01,GW_storage_CA_PGE_BAY_GW[AF],-7313.0,232132273.0,-108191.0
4585,2026-10-01,GW_storage_CA_PGE_BAY_GW[AF],-7374.0,255250646.0,-115565.0
4586,2026-11-01,GW_storage_CA_PGE_BAY_GW[AF],-7383.0,277908394.0,-122948.0
4587,2026-12-01,GW_storage_CA_PGE_BAY_GW[AF],-7354.0,300103214.0,-130302.0
4588,2027-01-01,GW_storage_CA_PGE_BAY_GW[AF],-7323.0,321847786.0,-137625.0
4589,2027-02-01,GW_storage_CA_PGE_BAY_GW[AF],-7296.0,343199646.0,-144921.0
4590,2027-03-01,GW_storage_CA_PGE_BAY_GW[AF],35582.0,369620421.0,-109339.0
4591,2027-04-01,GW_storage_CA_PGE_BAY_GW[AF],94413.0,409179141.0,-14926.0
4592,2027-05-01,GW_storage_CA_PGE_BAY_GW[AF],107637.0,455970259.0,92711.0
4593,2027-06-01,GW_storage_CA_PGE_BAY_GW[AF],107109.0,506103237.0,199820.0
4594,2027-07-01,GW_storage_CA_PGE_BAY_GW[AF],106567.0,558027240.0,306387.0
4595,2027-08-01,GW_storage_CA_PGE_BAY_GW[AF],106027.0,610747556.0,412414.0
4596,2027-09-01,GW_storage_CA_PGE_BAY_GW[AF],105508.0,662576568.0,517922.0
4597,2027-10-01,GW_storage_CA_PGE_BAY_GW[AF],104985.0,713531026.0,622907.0
4598,2027-11-01,GW_storage_CA_PGE_BAY_GW[AF],104473.0,763602436.0,727380.0
4599,2027-12-01,GW_storage_CA_PGE_BAY_GW[AF],103946.0,812846873.0,831326.0
4600,2028-01-01,GW_storage_CA_PGE_BAY_GW[AF],103423.0,861121911.0,934749.0
4601,2028-02-01,GW_storage_CA_PGE_BAY_GW[AF],102935.0,908650771.0,1037684.0
4602,2028-03-01,GW_storage_CA_PGE_BAY_GW[AF],102415.0,959000163.0,1140099.0
4603,2028-04-01,GW_storage_CA_PGE_BAY_GW[AF],101913.0,1012039411.0,1242012.0
4604,2028-05-01,GW_storage_CA_PGE_BAY_GW[AF],101398.0,1068060916.0,1343410.0
4605,2028-06-01,GW_storage_CA_PGE_BAY_GW[AF],100901.0,1125203670.0,1444311.0
4606,2028-07-01,GW_storage_CA_PGE_BAY_GW[AF],100391.0,1183903968.0,1544702.0
4607,2028-08-01,GW_storage_CA_PGE_BAY_GW[AF],99890.0,1241633200.0,1644592.0
4608,2028-09-01,GW_storage_CA_PGE_BAY_GW[AF],99410.0,1298536546.0,1744002.0
4609,2028-10-01,GW_storage_CA_PGE_BAY_GW[AF],98940.0,1354465802.0,1842942.0
4610,2028-11-01,GW_storage_CA_PGE_BAY_GW[AF],98540.0,1409406877.0,1941482.0
4611,2028-12-01,GW_storage_CA_PGE_BAY_GW[AF],98112.0,1463330743.0,2039594.0
4612,2029-01-01,GW_storage_CA_PGE_BAY_GW[AF],97662.0,1516331973.0,2137256.0
4613,2029-02-01,GW_storage_CA_PGE_BAY_GW[AF],97248.0,1568436361.0,2234504.0
4614,2029-03-01,GW_storage_CA_PGE_BAY_GW[AF],96774.0,1622957905.0,2331278.0
4615,2029-04-01,GW_storage_CA_PGE_BAY_GW[AF],96312.0,1679352962.0,2427590.0
4616,2029-05-01,GW_storage_CA_PGE_BAY_GW[AF],95834.0,1742904338.0,2523424.0
4617,2029-06-01,GW_storage_CA_PGE_BAY_GW[AF],95392.0,1807169538.0,2618816.0
4618,2029-07-01,GW_storage_CA_PGE_BAY_GW[AF],94994.0,1872474684.0,2713810.0
4619,2029-08-01,GW_storage_CA_PGE_BAY_GW[AF],94555.0,1936569687.0,2808365.0
4620,2029-09-01,GW_storage_CA_PGE_BAY_GW[AF],94156.0,1999536921.0,2902521.0
4621,2029-10-01,GW_storage_CA_PGE_BAY_GW[AF],93732.0,2061251234.0,2996253.0
4622,2029-11-01,GW_storage_CA_PGE_BAY_GW[AF],93282.0,2121792309.0,3089535.0
4623,2029-12-01,GW_storage_CA_PGE_BAY_GW[AF],92800.0,2181276298.0,3182335.0
4624,2030-01-01,GW_storage_CA_PGE_BAY_GW[AF],92303.0,2239598911.0,3274638.0
4625,2030-02-01,GW_storage_CA_PGE_BAY_GW[AF],91855.0,2296908282.0,3366493.0
4626,2030-03-01,GW_storage_CA_PGE_BAY_GW[AF],91373.0,2353273149.0,3457866.0
4627,2030-04-01,GW_storage_CA_PGE_BAY_GW[AF],90912.0,2408813513.0,3548778.0
4628,2030-05-01,GW_storage_CA_PGE_BAY_GW[AF],90448.0,2463288321.0,3639226.0
4629,2030-06-01,GW_storage_CA_PGE_BAY_GW[AF],90014.0,2519189259.0,3729240.0
4630,2030-07-01,GW_storage_CA_PGE_BAY_GW[AF],89618.0,2574987711.0,3818858.0
4631,2030-08-01,GW_storage_CA_PGE_BAY_GW[AF],89363.0,2629845780.0,3908221.0
4632,2030-09-01,GW_storage_CA_PGE_BAY_GW[AF],89035.0,2683731630.0,3997256.0
4633,2030-10-01,GW_storage_CA_PGE_BAY_GW[AF],88638.0,2736573135.0,4085894.0
4634,2030-11-01,GW_storage_CA_PGE_BAY_GW[AF],88170.0,2788437015.0,4174064.0
4635,2030-12-01,GW_storage_CA_PGE_BAY_GW[AF],87306.0,2839371858.0,4261370.0
4636,2031-01-01,GW_storage_CA_PGE_BAY_GW[AF],86797.0,2889285425.0,4348167.0
4637,2031-02-01,GW_storage_CA_PGE_BAY_GW[AF],86340.0,2938331300.0,4434507.0
4638,2031-03-01,GW_storage_CA_PGE_BAY_GW[AF],85853.0,2986403207.0,4520360.0
4639,2031-04-01,GW_storage_CA_PGE_BAY_GW[AF],112621.0,3034117058.0,4632981.0
4640,2031-05-01,GW_storage_CA_PGE_BAY_GW[AF],112029.0,3081639947.0,4745010.0
4641,2031-06-01,GW_storage_CA_PGE_BAY_GW[AF],111472.0,3128466639.0,4856482.0
4642,2031-07-01,GW_storage_CA_PGE_BAY_GW[AF],110909.0,3175256040.0,4967391.0
4643,2031-08-01,GW_storage_CA_PGE_BAY_GW[AF],110382.0,3221201089.0,5077773.0
4644,2031-09-01,GW_storage_CA_PGE_BAY_GW[AF],109882.0,3266538806.0,5187655.0
4645,2031-10-01,GW_storage_CA_PGE_BAY_GW[AF],109384.0,3311005126.0,5297039.0
4646,2031-11-01,GW_storage_CA_PGE_BAY_GW[AF],108861.0,3354843436.0,5405900.0
4647,2031-12-01,GW_storage_CA_PGE_BAY_GW[AF],108321.0,3397917039.0,5514221.0
4648,2032-01-01,GW_storage_CA_PGE_BAY_GW[AF],107784.0,3440765830.0,5622005.0
4649,2032-02-01,GW_storage_CA_PGE_BAY_GW[AF],261635.0,3500332884.0,5883640.0
4650,2032-03-01,GW_storage_CA_PGE_BAY_GW[AF],297819.0,3570397039.0,6181459.0
4651,2032-04-01,GW_storage_CA_PGE_BAY_GW[AF],312547.0,3645988541.0,6494006.0
4652,2032-05-01,GW_storage_CA_PGE_BAY_GW[AF],310967.0,3723860841.0,6804973.0
4653,2032-06-01,GW_storage_CA_PGE_BAY_GW[AF],309444.0,3803847465.0,7114417.0
4654,2032-07-01,GW_storage_CA_PGE_BAY_GW[AF],307877.0,3884065220.0,7422294.0
4655,2032-08-01,GW_storage_CA_PGE_BAY_GW[AF],306319.0,3963910669.0,7728613.0
4656,2032-09-01,GW_storage_CA_PGE_BAY_GW[AF],304819.0,4042724779.0,8033432.0
4657,2032-10-01,GW_storage_CA_PGE_BAY_GW[AF],303280.0,4120308321.0,8336712.0
4658,2032-11-01,GW_storage_CA_PGE_BAY_GW[AF],301811.0,4196679403.0,8638523.0
4659,2032-12-01,GW_storage_CA_PGE_BAY_GW[AF],300292.0,4271822754.0,8938815.0
4660,2033-01-01,GW_storage_CA_PGE_BAY_GW[AF],298772.0,4345538492.0,9237587.0
4661,2033-02-01,GW_storage_CA_PGE_BAY_GW[AF],369091.0,4423218301.0,9606678.0
4662,2033-03-01,GW_storage_CA_PGE_BAY_GW[AF],395504.0,4505470297.0,10002182.0
4663,2033-04-01,GW_storage_CA_PGE_BAY_GW[AF],393568.0,4590681136.0,10395750.0
4664,2033-05-01,GW_storage_CA_PGE_BAY_GW[AF],391576.0,4675360581.0,10787326.0
4665,2033-06-01,GW_storage_CA_PGE_BAY_GW[AF],389657.0,4760708398.0,11176983.0
4666,2033-07-01,GW_storage_CA_PGE_BAY_GW[AF],387686.0,4846138178.0,11564669.0
4667,2033-08-01,GW_storage_CA_PGE_BAY_GW[AF],385726.0,4931118427.0,11950395.0
4668,2033-09-01,GW_storage_CA_PGE_BAY_GW[AF],383841.0,5014914731.0,12334236.0
4669,2033-10-01,GW_storage_CA_PGE_BAY_GW[AF],381907.0,5097508172.0,12716143.0
4670,2033-11-01,GW_storage_CA_PGE_BAY_GW[AF],380043.0,5178663669.0,13096186.0
4671,2033-12-01,GW_storage_CA_PGE_BAY_GW[AF],378124.0,5258443309.0,13474310.0
4672,2034-01-01,GW_storage_CA_PGE_BAY_GW[AF],376215.0,5339163828.0,13850525.0
4673,2034-02-01,GW_storage_CA_PGE_BAY_GW[AF],374499.0,5418722190.0,14225024.0
4674,2034-03-01,GW_storage_CA_PGE_BAY_GW[AF],372614.0,5500220744.0,14597638.0
4675,2034-04-01,GW_storage_CA_PGE_BAY_GW[AF],370837.0,5584032903.0,14968475.0
4676,2034-05-01,GW_storage_CA_PGE_BAY_GW[AF],368983.0,5676873319.0,15337458.0
4677,2034-06-01,GW_storage_CA_PGE_BAY_GW[AF],367192.0,5773341236.0,15704650.0
4678,2034-07-01,GW_storage_CA_PGE_BAY_GW[AF],365349.0,5871231225.0,16069999.0
4679,2034-08-01,GW_storage_CA_PGE_BAY_GW[AF],363519.0,5968392389.0,16433518.0
4680,2034-09-01,GW_storage_CA_PGE_BAY_GW[AF],361722.0,6064112138.0,16795240.0
4681,2034-10-01,GW_storage_CA_PGE_BAY_GW[AF],359868.0,6158273690.0,17155108.0
4682,2034-11-01,GW_storage_CA_PGE_BAY_GW[AF],358074.0,6251013792.0,17513182.0
4683,2034-12-01,GW_storage_CA_PGE_BAY_GW[AF],356232.0,6342469856.0,17869414.0
4684,2035-01-01,GW_storage_CA_PGE_BAY_GW[AF],354413.0,6432436397.0,18223827.0
4685,2035-02-01,GW_storage_CA_PGE_BAY_GW[AF],352772.0,6520973109.0,18576599.0
4686,2035-03-01,GW_storage_CA_PGE_BAY_GW[AF],350975.0,6608114132.0,18927574.0
4687,2035-04-01,GW_storage_CA_PGE_BAY_GW[AF],349251.0,6694040771.0,19276825.0
4688,2035-05-01,GW_storage_CA_PGE_BAY_GW[AF],347490.0,6778544504.0,19624315.0
4689,2035-06-01,GW_storage_CA_PGE_BAY_GW[AF],345612.0,6863239534.0,19969927.0
4690,2035-07-01,GW_storage_CA_PGE_BAY_GW[AF],343471.0,6947511289.0,20313398.0
4691,2035-08-01,GW_storage_CA_PGE_BAY_GW[AF],341334.0,7030376153.0,20654732.0
4692,2035-09-01,GW_storage_CA_PGE_BAY_GW[AF],339343.0,7112119087.0,20994075.0
4693,2035-10-01,GW_storage_CA_PGE_BAY_GW[AF],337394.0,7192574428.0,21331469.0
4694,2035-11-01,GW_storage_CA_PGE_BAY_GW[AF],335541.0,7271865334.0,21667010.0
4695,2035-12-01,GW_storage_CA_PGE_BAY_GW[AF],333719.0,7350179909.0,22000729.0
4696,2036-01-01,GW_storage_CA_PGE_BAY_GW[AF],331970.0,7427195979.0,22332699.0
4697,2036-02-01,GW_storage_CA_PGE_BAY_GW[AF],330359.0,7503024891.0,22663058.0
4698,2036-03-01,GW_storage_CA_PGE_BAY_GW[AF],328773.0,7577632108.0,22991831.0
4699,2036-04-01,GW_storage_CA_PGE_BAY_GW[AF],327444.0,7651185144.0,23319275.0
4700,2036-05-01,GW_storage_CA_PGE_BAY_GW[AF],326410.0,7724300240.0,23645685.0
4701,2036-06-01,GW_storage_CA_PGE_BAY_GW[AF],325602.0,7796353708.0,23971287.0
4702,2036-07-01,GW_storage_CA_PGE_BAY_GW[AF],324470.0,7867314948.0,24295757.0
4703,2036-08-01,GW_storage_CA_PGE_BAY_GW[AF],323117.0,7937241278.0,24618874.0
4704,2036-09-01,GW_storage_CA_PGE_BAY_GW[AF],321764.0,8006295323.0,24940638.0
4705,2036-10-01,GW_storage_CA_PGE_BAY_GW[AF],320327.0,8074305646.0,25260965.0
4706,2036-11-01,GW_storage_CA_PGE_BAY_GW[AF],318884.0,8141376577.0,25579849.0
4707,2036-12-01,GW_storage_CA_PGE_BAY_GW[AF],317337.0,8207644541.0,25897186.0
4708,2037-01-01,GW_storage_CA_PGE_BAY_GW[AF],315769.0,8273161410.0,26212955.0
4709,2037-02-01,GW_storage_CA_PGE_BAY_GW[AF],314347.0,8337733681.0,26527302.0
4710,2037-03-01,GW_storage_CA_PGE_BAY_GW[AF],312769.0,8401237350.0,26840071.0
4711,2037-04-01,GW_storage_CA_PGE_BAY_GW[AF],311207.0,8463716442.0,27151278.0
4712,2037-05-01,GW_storage_CA_PGE_BAY_GW[AF],309431.0,8525229166.0,27460709.0
4713,2037-06-01,GW_storage_CA_PGE_BAY_GW[AF],307826.0,8585780498.0,27768535.0
4714,2037-07-01,GW_storage_CA_PGE_BAY_GW[AF],306333.0,8645518277.0,28074868.0
4715,2037-08-01,GW_storage_CA_PGE_BAY_GW[AF],304853.0,8704580765.0,28379721.0
4716,2037-09-01,GW_storage_CA_PGE_BAY_GW[AF],303414.0,8763159684.0,28683135.0
4717,2037-10-01,GW_storage_CA_PGE_BAY_GW[AF],301978.0,8821181815.0,28985113.0
4718,2037-11-01,GW_storage_CA_PGE_BAY_GW[AF],300543.0,8878677095.0,29285656.0
4719,2037-12-01,GW_storage_CA_PGE_BAY_GW[AF],299060.0,8935618642.0,29584716.0
4720,2038-01-01,GW_storage_CA_PGE_BAY_GW[AF],297619.0,8991690289.0,29882335.0
4721,2038-02-01,GW_storage_CA_PGE_BAY_GW[AF],296329.0,9049081585.0,30178664.0
4722,2038-03-01,GW_storage_CA_PGE_BAY_GW[AF],294879.0,9108044798.0,30473543.0
4723,2038-04-01,GW_storage_CA_PGE_BAY_GW[AF],293468.0,9168794933.0,30767011.0
4724,2038-05-01,GW_storage_CA_PGE_BAY_GW[AF],292003.0,9229969082.0,31059014.0
4725,2038-06-01,GW_storage_CA_PGE_BAY_GW[AF],290685.0,9290494843.0,31349699.0
4726,2038-07-01,GW_storage_CA_PGE_BAY_GW[AF],289853.0,9350294408.0,31639552.0
4727,2038-08-01,GW_storage_CA_PGE_BAY_GW[AF],289144.0,9409318940.0,31928696.0
4728,2038-09-01,GW_storage_CA_PGE_BAY_GW[AF],288420.0,9467673979.0,32217116.0
4729,2038-10-01,GW_storage_CA_PGE_BAY_GW[AF],287501.0,9525253636.0,32504617.0
4730,2038-11-01,GW_storage_CA_PGE_BAY_GW[AF],286503.0,9582098472.0,32791120.0
4731,2038-12-01,GW_storage_CA_PGE_BAY_GW[AF],285122.0,9638248766.0,33076242.0
4732,2039-01-01,GW_storage_CA_PGE_BAY_GW[AF],283689.0,9693650977.0,33359931.0
4733,2039-02-01,GW_storage_CA_PGE_BAY_GW[AF],282402.0,9750458830.0,33642333.0
4734,2039-03-01,GW_storage_CA_PGE_BAY_GW[AF],280979.0,9809156458.0,33923312.0
4735,2039-04-01,GW_storage_CA_PGE_BAY_GW[AF],279606.0,9868559467.0,34202918.0
4736,2039-05-01,GW_storage_CA_PGE_BAY_GW[AF],278191.0,9927385773.0,34481109.0
4737,2039-06-01,GW_storage_CA_PGE_BAY_GW[AF],276841.0,9986965256.0,34757950.0
4738,2039-07-01,GW_storage_CA_PGE_BAY_GW[AF],275553.0,10046475029.0,35033503.0
4739,2039-08-01,GW_storage_CA_PGE_BAY_GW[AF],274474.0,10105238592.0,35307977.0
4740,2039-09-01,GW_storage_CA_PGE_BAY_GW[AF],273428.0,10163363477.0,35581405.0
4741,2039-10-01,GW_storage_CA_PGE_BAY_GW[AF],272294.0,10220781260.0,35853699.0
4742,2039-11-01,GW_storage_CA_PGE_BAY_GW[AF],271283.0,10277373162.0,36124982.0
4743,2039-12-01,GW_storage_CA_PGE_BAY_GW[AF],270352.0,10333185165.0,36395334.0
4744,2040-01-01,GW_storage_CA_PGE_BAY_GW[AF],269530.0,10388289039.0,36664864.0
4745,2040-02-01,GW_storage_CA_PGE_BAY_GW[AF],268675.0,10442633493.0,36933539.0
4746,2040-03-01,GW_storage_CA_PGE_BAY_GW[AF],267400.0,10496196844.0,37200939.0
4747,2040-04-01,GW_storage_CA_PGE_BAY_GW[AF],266129.0,10549040409.0,37467068.0
4748,2040-05-01,GW_storage_CA_PGE_BAY_GW[AF],264814.0,10601395194.0,37731882.0
4749,2040-06-01,GW_storage_CA_PGE_BAY_GW[AF],263649.0,10653107949.0,37995531.0
4750,2040-07-01,GW_storage_CA_PGE_BAY_GW[AF],262643.0,10704171007.0,38258174.0
4751,2040-08-01,GW_storage_CA_PGE_BAY_GW[AF],261519.0,10754605305.0,38519693.0
4752,2040-09-01,GW_storage_CA_PGE_BAY_GW[AF],260321.0,10804445973.0,38780014.0
4753,2040-10-01,GW_storage_CA_PGE_BAY_GW[AF],259033.0,10853648570.0,39039047.0
4754,2040-11-01,GW_storage_CA_PGE_BAY_GW[AF],257778.0,10902484914.0,39296825.0
4755,2040-12-01,GW_storage_CA_PGE_BAY_GW[AF],256465.0,10950730644.0,39553290.0
4756,2041-01-01,GW_storage_CA_PGE_BAY_GW[AF],255158.0,10998281298.0,39808448.0
4757,2041-02-01,GW_storage_CA_PGE_BAY_GW[AF],253984.0,11047818234.0,40062432.0
4758,2041-03-01,GW_storage_CA_PGE_BAY_GW[AF],252693.0,11099139984.0,40315125.0
4759,2041-04-01,GW_storage_CA_PGE_BAY_GW[AF],251452.0,11151170281.0,40566577.0
4760,2041-05-01,GW_storage_CA_PGE_BAY_GW[AF],250176.0,11202540882.0,40816753.0
4761,2041-06-01,GW_storage_CA_PGE_BAY_GW[AF],249017.0,11253584926.0,41065770.0
4762,2041-07-01,GW_storage_CA_PGE_BAY_GW[AF],248165.0,11304087287.0,41313935.0
4763,2041-08-01,GW_storage_CA_PGE_BAY_GW[AF],247367.0,11354085428.0,41561302.0
4764,2041-09-01,GW_storage_CA_PGE_BAY_GW[AF],246627.0,11403615397.0,41807929.0
4765,2041-10-01,GW_storage_CA_PGE_BAY_GW[AF],245762.0,11452671944.0,42053691.0
4766,2041-11-01,GW_storage_CA_PGE_BAY_GW[AF],245010.0,11501212889.0,42298701.0
4767,2041-12-01,GW_storage_CA_PGE_BAY_GW[AF],244142.0,11549056939.0,42542843.0
4768,2042-01-01,GW_storage_CA_PGE_BAY_GW[AF],242993.0,11596204581.0,42785836.0
4769,2042-02-01,GW_storage_CA_PGE_BAY_GW[AF],241962.0,11642935334.0,43027798.0
4770,2042-03-01,GW_storage_CA_PGE_BAY_GW[AF],240794.0,11689092595.0,43268592.0
4771,2042-04-01,GW_storage_CA_PGE_BAY_GW[AF],239652.0,11735022869.0,43508244.0
4772,2042-05-01,GW_storage_CA_PGE_BAY_GW[AF],238455.0,11780876718.0,43746699.0
4773,2042-06-01,GW_storage_CA_PGE_BAY_GW[AF],237288.0,11826092725.0,43983987.0
4774,2042-07-01,GW_storage_CA_PGE_BAY_GW[AF],236084.0,11871546727.0,44220071.0
4775,2042-08-01,GW_storage_CA_PGE_BAY_GW[AF],234879.0,11916431990.0,44454950.0
4776,2042-09-01,GW_storage_CA_PGE_BAY_GW[AF],233832.0,11960791410.0,44688782.0
4777,2042-10-01,GW_storage_CA_PGE_BAY_GW[AF],232930.0,12004660184.0,44921712.0
4778,2042-11-01,GW_storage_CA_PGE_BAY_GW[AF],231845.0,12048130811.0,45153557.0
4779,2042-12-01,GW_storage_CA_PGE_BAY_GW[AF],230386.0,12091062837.0,45383943.0
4780,2043-01-01,GW_storage_CA_PGE_BAY_GW[AF],229076.0,12133444088.0,45613019.0
4781,2043-02-01,GW_storage_CA_PGE_BAY_GW[AF],227980.0,12175363925.0,45840999.0
4782,2043-03-01,GW_storage_CA_PGE_BAY_GW[AF],226904.0,12216725340.0,46067903.0
4783,2043-04-01,GW_storage_CA_PGE_BAY_GW[AF],225941.0,12257666079.0,46293844.0
4784,2043-05-01,GW_storage_CA_PGE_BAY_GW[AF],225004.0,12298078753.0,46518848.0
4785,2043-06-01,GW_storage_CA_PGE_BAY_GW[AF],224232.0,12338040338.0,46743080.0
4786,2043-07-01,GW_storage_CA_PGE_BAY_GW[AF],223347.0,12377535688.0,46966427.0
4787,2043-08-01,GW_storage_CA_PGE_BAY_GW[AF],222346.0,12416568319.0,47188773.0
4788,2043-09-01,GW_storage_CA_PGE_BAY_GW[AF],221355.0,12455234071.0,47410128.0
4789,2043-10-01,GW_storage_CA_PGE_BAY_GW[AF],220310.0,12493493716.0,47630438.0
4790,2043-11-01,GW_storage_CA_PGE_BAY_GW[AF],219324.0,12531340494.0,47849762.0
4791,2043-12-01,GW_storage_CA_PGE_BAY_GW[AF],218280.0,12568703212.0,48068042.0
4792,2044-01-01,GW_storage_CA_PGE_BAY_GW[AF],217212.0,12605614127.0,48285254.0
4793,2044-02-01,GW_storage_CA_PGE_BAY_GW[AF],216194.0,12642100391.0,48501448.0
4794,2044-03-01,GW_storage_CA_PGE_BAY_GW[AF],215105.0,12678094207.0,48716553.0
4795,2044-04-01,GW_storage_CA_PGE_BAY_GW[AF],214053.0,12715489683.0,48930606.0
4796,2044-05-01,GW_storage_CA_PGE_BAY_GW[AF],212970.0,12757376464.0,49143576.0
4797,2044-06-01,GW_storage_CA_PGE_BAY_GW[AF],211932.0,12798680033.0,49355508.0
4798,2044-07-01,GW_storage_CA_PGE_BAY_GW[AF],210886.0,12840178366.0,49566394.0
4799,2044-08-01,GW_storage_CA_PGE_BAY_GW[AF],209799.0,12881238666.0,49776193.0
4800,2044-09-01,GW_storage_CA_PGE_BAY_GW[AF],208713.0,12921922929.0,49984906.0
4801,2044-10-01,GW_storage_CA_PGE_BAY_GW[AF],207565.0,12962137170.0,50192471.0
4802,2044-11-01,GW_storage_CA_PGE_BAY_GW[AF],206448.0,13001917872.0,50398919.0
4803,2044-12-01,GW_storage_CA_PGE_BAY_GW[AF],205396.0,13041192913.0,50604315.0
4804,2045-01-01,GW_storage_CA_PGE_BAY_GW[AF],204349.0,13079996277.0,50808664.0
4805,2045-02-01,GW_storage_CA_PGE_BAY_GW[AF],203409.0,13119222084.0,51012073.0
4806,2045-03-01,GW_storage_CA_PGE_BAY_GW[AF],202376.0,13158364150.0,51214449.0
4807,2045-04-01,GW_storage_CA_PGE_BAY_GW[AF],201382.0,13198157185.0,51415831.0
4808,2045-05-01,GW_storage_CA_PGE_BAY_GW[AF],200361.0,13237869018.0,51616192.0
4809,2045-06-01,GW_storage_CA_PGE_BAY_GW[AF],199379.0,13278774379.0,51815571.0
4810,2045-07-01,GW_storage_CA_PGE_BAY_GW[AF],198381.0,13324244062.0,52013952.0
4811,2045-08-01,GW_storage_CA_PGE_BAY_GW[AF],197457.0,13372386542.0,52211409.0
4812,2045-09-01,GW_storage_CA_PGE_BAY_GW[AF],196613.0,13419876881.0,52408022.0
4813,2045-10-01,GW_storage_CA_PGE_BAY_GW[AF],195824.0,13466818785.0,52603846.0
4814,2045-11-01,GW_storage_CA_PGE_BAY_GW[AF],194929.0,13513160105.0,52798775.0
4815,2045-12-01,GW_storage_CA_PGE_BAY_GW[AF],194001.0,13560745919.0,52992776.0
4816,2046-01-01,GW_storage_CA_PGE_BAY_GW[AF],193070.0,13615290772.0,53185846.0
4817,2046-02-01,GW_storage_CA_PGE_BAY_GW[AF],210324.0,13677811710.0,53396170.0
4818,2046-03-01,GW_storage_CA_PGE_BAY_GW[AF],209285.0,13748607831.0,53605455.0
4819,2046-04-01,GW_storage_CA_PGE_BAY_GW[AF],208270.0,13826873589.0,53813725.0
4820,2046-05-01,GW_storage_CA_PGE_BAY_GW[AF],207217.0,13907944967.0,54020942.0
4821,2046-06-01,GW_storage_CA_PGE_BAY_GW[AF],206203.0,13989979852.0,54227145.0
4822,2046-07-01,GW_storage_CA_PGE_BAY_GW[AF],205169.0,14071604903.0,54432314.0
4823,2046-08-01,GW_storage_CA_PGE_BAY_GW[AF],204142.0,14152131683.0,54636456.0
4824,2046-09-01,GW_storage_CA_PGE_BAY_GW[AF],203161.0,14231617714.0,54839617.0
4825,2046-10-01,GW_storage_CA_PGE_BAY_GW[AF],202195.0,14310005025.0,55041812.0
4826,2046-11-01,GW_storage_CA_PGE_BAY_GW[AF],201243.0,14387273527.0,55243055.0
4827,2046-12-01,GW_storage_CA_PGE_BAY_GW[AF],200242.0,14463437376.0,55443297.0
4828,2047-01-01,GW_storage_CA_PGE_BAY_GW[AF],199245.0,14538457981.0,55642542.0
4829,2047-02-01,GW_storage_CA_PGE_BAY_GW[AF],198342.0,14612508014.0,55840884.0
4830,2047-03-01,GW_storage_CA_PGE_BAY_GW[AF],197339.0,14685452283.0,56038223.0
4831,2047-04-01,GW_storage_CA_PGE_BAY_GW[AF],196374.0,14764472816.0,56234597.0
4832,2047-05-01,GW_storage_CA_PGE_BAY_GW[AF],195382.0,14860897341.0,56429979.0
4833,2047-06-01,GW_storage_CA_PGE_BAY_GW[AF],194434.0,14972506362.0,56624413.0
4834,2047-07-01,GW_storage_CA_PGE_BAY_GW[AF],193458.0,15088231692.0,56817871.0
4835,2047-08-01,GW_storage_CA_PGE_BAY_GW[AF],192500.0,15203332934.0,57010371.0
4836,2047-09-01,GW_storage_CA_PGE_BAY_GW[AF],191577.0,15317492289.0,57201948.0
4837,2047-10-01,GW_storage_CA_PGE_BAY_GW[AF],190633.0,15430042333.0,57392581.0
4838,2047-11-01,GW_storage_CA_PGE_BAY_GW[AF],189730.0,15542831934.0,57582311.0
4839,2047-12-01,GW_storage_CA_PGE_BAY_GW[AF],188777.0,15653870877.0,57771088.0
4840,2048-01-01,GW_storage_CA_PGE_BAY_GW[AF],187830.0,15763169397.0,57958918.0
4841,2048-02-01,GW_storage_CA_PGE_BAY_GW[AF],186947.0,15872138297.0,58145865.0
4842,2048-03-01,GW_storage_CA_PGE_BAY_GW[AF],220245.0,15987897138.0,58366110.0
4843,2048-04-01,GW_storage_CA_PGE_BAY_GW[AF],219169.0,16106751114.0,58585279.0
4844,2048-05-01,GW_storage_CA_PGE_BAY_GW[AF],218061.0,16226738594.0,58803340.0
4845,2048-06-01,GW_storage_CA_PGE_BAY_GW[AF],216993.0,16346930466.0,59020333.0
4846,2048-07-01,GW_storage_CA_PGE_BAY_GW[AF],215897.0,16466203172.0,59236230.0
4847,2048-08-01,GW_storage_CA_PGE_BAY_GW[AF],214818.0,16583670765.0,59451048.0
4848,2048-09-01,GW_storage_CA_PGE_BAY_GW[AF],213799.0,16699553017.0,59664847.0
4849,2048-10-01,GW_storage_CA_PGE_BAY_GW[AF],212759.0,16813788962.0,59877606.0
4850,2048-11-01,GW_storage_CA_PGE_BAY_GW[AF],211727.0,16926416472.0,60089333.0
4851,2048-12-01,GW_storage_CA_PGE_BAY_GW[AF],210660.0,17038918116.0,60299993.0
4852,2049-01-01,GW_storage_CA_PGE_BAY_GW[AF],209594.0,17150214903.0,60509587.0
4853,2049-02-01,GW_storage_CA_PGE_BAY_GW[AF],208637.0,17259849423.0,60718224.0
4854,2049-03-01,GW_storage_CA_PGE_BAY_GW[AF],239814.0,17374140295.0,60958038.0
4855,2049-04-01,GW_storage_CA_PGE_BAY_GW[AF],238640.0,17496980626.0,61196678.0
4856,2049-05-01,GW_storage_CA_PGE_BAY_GW[AF],237432.0,17623520262.0,61434110.0
4857,2049-06-01,GW_storage_CA_PGE_BAY_GW[AF],236297.0,17749882278.0,61670407.0
4858,2049-07-01,GW_storage_CA_PGE_BAY_GW[AF],235256.0,17875311834.0,61905663.0
4859,2049-08-01,GW_storage_CA_PGE_BAY_GW[AF],234136.0,17998950915.0,62139799.0
4860,2049-09-01,GW_storage_CA_PGE_BAY_GW[AF],233029.0,18120987592.0,62372828.0
4861,2049-10-01,GW_storage_CA_PGE_BAY_GW[AF],231876.0,18241422265.0,62604704.0
4862,2049-11-01,GW_storage_CA_PGE_BAY_GW[AF],230771.0,18360102830.0,62835475.0
4863,2049-12-01,GW_storage_CA_PGE_BAY_GW[AF],229622.0,18476910369.0,63065097.0
4864,2050-01-01,GW_storage_CA_PGE_BAY_GW[AF],228464.0,18591916831.0,63293561.0
4865,2050-02-01,GW_storage_CA_PGE_BAY_GW[AF],227425.0,18705272956.0,63520986.0
4866,2050-03-01,GW_storage_CA_PGE_BAY_GW[AF],249927.0,18821028859.0,63770913.0
4867,2050-04-01,GW_storage_CA_PGE_BAY_GW[AF],248706.0,18940506995.0,64019619.0
4868,2050-05-01,GW_storage_CA_PGE_BAY_GW[AF],247447.0,19059600483.0,64267066.0
4869,2050-06-01,GW_storage_CA_PGE_BAY_GW[AF],246263.0,19178428021.0,64513329.0
4870,2050-07-01,GW_storage_CA_PGE_BAY_GW[AF],245160.0,19296435077.0,64758489.0
4871,2050-08-01,GW_storage_CA_PGE_BAY_GW[AF],243981.0,19412834260.0,65002470.0
4872,2050-09-01,GW_storage_CA_PGE_BAY_GW[AF],242820.0,19527808893.0,65245290.0
4873,2050-10-01,GW_storage_CA_PGE_BAY_GW[AF],241610.0,19641173895.0,65486900.0
4874,2050-11-01,GW_storage_CA_PGE_BAY_GW[AF],240429.0,19752769080.0,65727329.0
4875,2050-12-01,GW_storage_CA_PGE_BAY_GW[AF],239213.0,19862611454.0,65966542.0
4876,2051-01-01,GW_storage_CA_PGE_BAY_GW[AF],238002.0,19970764786.0,66204544.0
4877,2051-02-01,GW_storage_CA_PGE_BAY_GW[AF],236914.0,20077395432.0,66441458.0
4878,2051-03-01,GW_storage_CA_PGE_BAY_GW[AF],235715.0,20182370827.0,66677173.0
4879,2051-04-01,GW_storage_CA_PGE_BAY_GW[AF],234560.0,20291580463.0,66911733.0
4880,2051-05-01,GW_storage_CA_PGE_BAY_GW[AF],233373.0,20400038326.0,67145106.0
4881,2051-06-01,GW_storage_CA_PGE_BAY_GW[AF],232233.0,20508257786.0,67377339.0
4882,2051-07-01,GW_storage_CA_PGE_BAY_GW[AF],231061.0,20615875318.0,67608400.0
4883,2051-08-01,GW_storage_CA_PGE_BAY_GW[AF],229909.0,20722198437.0,67838309.0
4884,2051-09-01,GW_storage_CA_PGE_BAY_GW[AF],228798.0,20827038775.0,68067107.0
4885,2051-10-01,GW_storage_CA_PGE_BAY_GW[AF],227663.0,20930437548.0,68294770.0
4886,2051-11-01,GW_storage_CA_PGE_BAY_GW[AF],226558.0,21032468769.0,68521328.0
4887,2051-12-01,GW_storage_CA_PGE_BAY_GW[AF],225419.0,21133705710.0,68746747.0
4888,2052-01-01,GW_storage_CA_PGE_BAY_GW[AF],224289.0,21233433839.0,68971036.0
4889,2052-02-01,GW_storage_CA_PGE_BAY_GW[AF],223231.0,21331717041.0,69194267.0
4890,2052-03-01,GW_storage_CA_PGE_BAY_GW[AF],222106.0,21429607427.0,69416373.0
4891,2052-04-01,GW_storage_CA_PGE_BAY_GW[AF],221020.0,21527851494.0,69637393.0
4892,2052-05-01,GW_storage_CA_PGE_BAY_GW[AF],220798.0,21624977785.0,69858191.0
4893,2052-06-01,GW_storage_CA_PGE_BAY_GW[AF],219716.0,21720857498.0,70077907.0
4894,2052-07-01,GW_storage_CA_PGE_BAY_GW[AF],218609.0,21815421513.0,70296516.0
4895,2052-08-01,GW_storage_CA_PGE_BAY_GW[AF],217521.0,21908765850.0,70514037.0
4896,2052-09-01,GW_storage_CA_PGE_BAY_GW[AF],216484.0,22001026854.0,70730521.0
4897,2052-10-01,GW_storage_CA_PGE_BAY_GW[AF],215422.0,22092179195.0,70945943.0
4898,2052-11-01,GW_storage_CA_PGE_BAY_GW[AF],214392.0,22182158688.0,71160335.0
4899,2052-12-01,GW_storage_CA_PGE_BAY_GW[AF],213328.0,22270990851.0,71373663.0
4900,2053-01-01,GW_storage_CA_PGE_BAY_GW[AF],212256.0,22358572318.0,71585919.0
4901,2053-02-01,GW_storage_CA_PGE_BAY_GW[AF],211292.0,22445234888.0,71797211.0
4902,2053-03-01,GW_storage_CA_PGE_BAY_GW[AF],210228.0,22531338210.0,72007439.0
4903,2053-04-01,GW_storage_CA_PGE_BAY_GW[AF],209200.0,22618197854.0,72216639.0
4904,2053-05-01,GW_storage_CA_PGE_BAY_GW[AF],208142.0,22705000235.0,72424781.0
4905,2053-06-01,GW_storage_CA_PGE_BAY_GW[AF],207124.0,22792005107.0,72631905.0
4906,2053-07-01,GW_storage_CA_PGE_BAY_GW[AF],206082.0,22878611714.0,72837987.0
4907,2053-08-01,GW_storage_CA_PGE_BAY_GW[AF],205071.0,22964123789.0,73043058.0
4908,2053-09-01,GW_storage_CA_PGE_BAY_GW[AF],204176.0,23048536524.0,73247234.0
4909,2053-10-01,GW_storage_CA_PGE_BAY_GW[AF],203208.0,23131866519.0,73450442.0
4910,2053-11-01,GW_storage_CA_PGE_BAY_GW[AF],202256.0,23214276747.0,73652698.0
4911,2053-12-01,GW_storage_CA_PGE_BAY_GW[AF],201241.0,23295578937.0,73853939.0
4912,2054-01-01,GW_storage_CA_PGE_BAY_GW[AF],200232.0,23375761806.0,74054171.0
4913,2054-02-01,GW_storage_CA_PGE_BAY_GW[AF],199322.0,23454991045.0,74253493.0
4914,2054-03-01,GW_storage_CA_PGE_BAY_GW[AF],198314.0,23533194281.0,74451807.0
4915,2054-04-01,GW_storage_CA_PGE_BAY_GW[AF],197344.0,23610840643.0,74649151.0
4916,2054-05-01,GW_storage_CA_PGE_BAY_GW[AF],196351.0,23687968757.0,74845502.0
4917,2054-06-01,GW_storage_CA_PGE_BAY_GW[AF],195401.0,23764134532.0,75040903.0
4918,2054-07-01,GW_storage_CA_PGE_BAY_GW[AF],194448.0,23839346953.0,75235351.0
4919,2054-08-01,GW_storage_CA_PGE_BAY_GW[AF],193463.0,23913680649.0,75428814.0
4920,2054-09-01,GW_storage_CA_PGE_BAY_GW[AF],192501.0,23987275722.0,75621315.0
4921,2054-10-01,GW_storage_CA_PGE_BAY_GW[AF],191455.0,24060063673.0,75812770.0
4922,2054-11-01,GW_storage_CA_PGE_BAY_GW[AF],190305.0,24132040073.0,76003075.0
4923,2054-12-01,GW_storage_CA_PGE_BAY_GW[AF],189329.0,24203075252.0,76192404.0
4924,2055-01-01,GW_storage_CA_PGE_BAY_GW[AF],188345.0,24273232069.0,76380749.0
4925,2055-02-01,GW_storage_CA_PGE_BAY_GW[AF],230234.0,24346983422.0,76610983.0
4926,2055-03-01,GW_storage_CA_PGE_BAY_GW[AF],274557.0,24429418525.0,76885540.0
4927,2055-04-01,GW_storage_CA_PGE_BAY_GW[AF],293997.0,24519974284.0,77179537.0
4928,2055-05-01,GW_storage_CA_PGE_BAY_GW[AF],292503.0,24612887460.0,77472040.0
4929,2055-06-01,GW_storage_CA_PGE_BAY_GW[AF],291068.0,24705731755.0,77763108.0
4930,2055-07-01,GW_storage_CA_PGE_BAY_GW[AF],289602.0,24797561549.0,78052710.0
4931,2055-08-01,GW_storage_CA_PGE_BAY_GW[AF],288180.0,24888417864.0,78340890.0
4932,2055-09-01,GW_storage_CA_PGE_BAY_GW[AF],286832.0,24978247446.0,78627722.0
4933,2055-10-01,GW_storage_CA_PGE_BAY_GW[AF],285447.0,25067037402.0,78913169.0
4934,2055-11-01,GW_storage_CA_PGE_BAY_GW[AF],284116.0,25154620871.0,79197285.0
4935,2055-12-01,GW_storage_CA_PGE_BAY_GW[AF],282728.0,25240958786.0,79480013.0
4936,2056-01-01,GW_storage_CA_PGE_BAY_GW[AF],281328.0,25326085001.0,79761341.0
4937,2056-02-01,GW_storage_CA_PGE_BAY_GW[AF],280030.0,25410115783.0,80041371.0
4938,2056-03-01,GW_storage_CA_PGE_BAY_GW[AF],278614.0,25493046199.0,80319985.0
4939,2056-04-01,GW_storage_CA_PGE_BAY_GW[AF],277250.0,25579867650.0,80597235.0
4940,2056-05-01,GW_storage_CA_PGE_BAY_GW[AF],275848.0,25665994452.0,80873083.0
4941,2056-06-01,GW_storage_CA_PGE_BAY_GW[AF],274504.0,25751014051.0,81147587.0
4942,2056-07-01,GW_storage_CA_PGE_BAY_GW[AF],273126.0,25834999057.0,81420713.0
4943,2056-08-01,GW_storage_CA_PGE_BAY_GW[AF],271778.0,25918012980.0,81692491.0
4944,2056-09-01,GW_storage_CA_PGE_BAY_GW[AF],270470.0,26000006720.0,81962961.0
4945,2056-10-01,GW_storage_CA_PGE_BAY_GW[AF],269141.0,26080893812.0,82232102.0
4946,2056-11-01,GW_storage_CA_PGE_BAY_GW[AF],267864.0,26160908259.0,82499966.0
4947,2056-12-01,GW_storage_CA_PGE_BAY_GW[AF],266558.0,26240212456.0,82766524.0
4948,2057-01-01,GW_storage_CA_PGE_BAY_GW[AF],265250.0,26318587848.0,83031774.0
4949,2057-02-01,GW_storage_CA_PGE_BAY_GW[AF],264075.0,26395985372.0,83295849.0
4950,2057-03-01,GW_storage_CA_PGE_BAY_GW[AF],262766.0,26472734266.0,83558615.0
4951,2057-04-01,GW_storage_CA_PGE_BAY_GW[AF],261496.0,26556295278.0,83820111.0
4952,2057-05-01,GW_storage_CA_PGE_BAY_GW[AF],260181.0,26638790503.0,84080292.0
4953,2057-06-01,GW_storage_CA_PGE_BAY_GW[AF],258921.0,26720263696.0,84339213.0
4954,2057-07-01,GW_storage_CA_PGE_BAY_GW[AF],257637.0,26800720453.0,84596850.0
4955,2057-08-01,GW_storage_CA_PGE_BAY_GW[AF],256355.0,26880212595.0,84853205.0
4956,2057-09-01,GW_storage_CA_PGE_BAY_GW[AF],255114.0,26958875022.0,85108319.0
4957,2057-10-01,GW_storage_CA_PGE_BAY_GW[AF],253828.0,27036568588.0,85362147.0
4958,2057-11-01,GW_storage_CA_PGE_BAY_GW[AF],252579.0,27113396201.0,85614726.0
4959,2057-12-01,GW_storage_CA_PGE_BAY_GW[AF],251292.0,27189264327.0,85866018.0
4960,2058-01-01,GW_storage_CA_PGE_BAY_GW[AF],250008.0,27264124633.0,86116026.0
4961,2058-02-01,GW_storage_CA_PGE_BAY_GW[AF],308751.0,27348265847.0,86424777.0
4962,2058-03-01,GW_storage_CA_PGE_BAY_GW[AF],353599.0,27440889382.0,86778376.0
4963,2058-04-01,GW_storage_CA_PGE_BAY_GW[AF],364934.0,27539133274.0,87143310.0
4964,2058-05-01,GW_storage_CA_PGE_BAY_GW[AF],363085.0,27639449314.0,87506395.0
4965,2058-06-01,GW_storage_CA_PGE_BAY_GW[AF],361305.0,27738779306.0,87867700.0
4966,2058-07-01,GW_storage_CA_PGE_BAY_GW[AF],359477.0,27837531793.0,88227177.0
4967,2058-08-01,GW_storage_CA_PGE_BAY_GW[AF],357667.0,27935280444.0,88584844.0
4968,2058-09-01,GW_storage_CA_PGE_BAY_GW[AF],355922.0,28031862865.0,88940766.0
4969,2058-10-01,GW_storage_CA_PGE_BAY_GW[AF],354126.0,28127260463.0,89294892.0
4970,2058-11-01,GW_storage_CA_PGE_BAY_GW[AF],352399.0,28221366217.0,89647291.0
4971,2058-12-01,GW_storage_CA_PGE_BAY_GW[AF],350617.0,28314157055.0,89997908.0
4972,2059-01-01,GW_storage_CA_PGE_BAY_GW[AF],348843.0,28405540773.0,90346751.0
4973,2059-02-01,GW_storage_CA_PGE_BAY_GW[AF],363024.0,28502067677.0,90709775.0
4974,2059-03-01,GW_storage_CA_PGE_BAY_GW[AF],361186.0,28605457246.0,91070961.0
4975,2059-04-01,GW_storage_CA_PGE_BAY_GW[AF],378276.0,28717814838.0,91449237.0
4976,2059-05-01,GW_storage_CA_PGE_BAY_GW[AF],376360.0,28830913147.0,91825597.0
4977,2059-06-01,GW_storage_CA_PGE_BAY_GW[AF],374518.0,28943770190.0,92200115.0
4978,2059-07-01,GW_storage_CA_PGE_BAY_GW[AF],372624.0,29055182582.0,92572739.0
4979,2059-08-01,GW_storage_CA_PGE_BAY_GW[AF],370741.0,29165160032.0,92943480.0
4980,2059-09-01,GW_storage_CA_PGE_BAY_GW[AF],368928.0,29273920291.0,93312408.0
4981,2059-10-01,GW_storage_CA_PGE_BAY_GW[AF],367064.0,29381402010.0,93679472.0
4982,2059-11-01,GW_storage_CA_PGE_BAY_GW[AF],365270.0,29487451547.0,94044742.0
4983,2059-12-01,GW_storage_CA_PGE_BAY_GW[AF],363423.0,29592083281.0,94408165.0
4984,2060-01-01,GW_storage_CA_PGE_BAY_GW[AF],361584.0,29695071869.0,94769749.0
4985,2060-02-01,GW_storage_CA_PGE_BAY_GW[AF],359873.0,29797999369.0,95129622.0
4986,2060-03-01,GW_storage_CA_PGE_BAY_GW[AF],404443.0,29907235449.0,95534065.0
4987,2060-04-01,GW_storage_CA_PGE_BAY_GW[AF],421151.0,30022282651.0,95955216.0
4988,2060-05-01,GW_storage_CA_PGE_BAY_GW[AF],419020.0,30138204137.0,96374236.0
4989,2060-06-01,GW_storage_CA_PGE_BAY_GW[AF],416969.0,30253989194.0,96791205.0
4990,2060-07-01,GW_storage_CA_PGE_BAY_GW[AF],414860.0,30369445165.0,97206065.0
4991,2060-08-01,GW_storage_CA_PGE_BAY_GW[AF],412763.0,30483354195.0,97618828.0
4992,2060-09-01,GW_storage_CA_PGE_BAY_GW[AF],410745.0,30595912136.0,98029573.0
4993,2060-10-01,GW_storage_CA_PGE_BAY_GW[AF],408673.0,30707058453.0,98438246.0
4994,2060-11-01,GW_storage_CA_PGE_BAY_GW[AF],406679.0,30816686913.0,98844925.0
4995,2060-12-01,GW_storage_CA_PGE_BAY_GW[AF],404628.0,30924630927.0,99249553.0
4996,2061-01-01,GW_storage_CA_PGE_BAY_GW[AF],441151.0,31038058188.0,99690704.0
4997,2061-02-01,GW_storage_CA_PGE_BAY_GW[AF],538058.0,31163247262.0,100228762.0
4998,2061-03-01,GW_storage_CA_PGE_BAY_GW[AF],581064.0,31301926464.0,100809826.0
4999,2061-04-01,GW_storage_CA_PGE_BAY_GW[AF],599685.0,31460043743.0,101409511.0
5000,2061-05-01,GW_storage_CA_PGE_BAY_GW[AF],596651.0,31621719240.0,102006162.0
5001,2061-06-01,GW_storage_CA_PGE_BAY_GW[AF],593729.0,31781944019.0,102599891.0
5002,2061-07-01,GW_storage_CA_PGE_BAY_GW[AF],590725.0,31940594248.0,103190616.0
5003,2061-08-01,GW_storage_CA_PGE_BAY_GW[AF],587738.0,32097666692.0,103778354.0
5004,2061-09-01,GW_storage_CA_PGE_BAY_GW[AF],584867.0,32253244922.0,104363221.0
5005,2061-10-01,GW_storage_CA_PGE_BAY_GW[AF],581925.0,32407132898.0,104945146.0
5006,2061-11-01,GW_storage_CA_PGE_BAY_GW[AF],579080.0,32559108380.0,105524226.0
5007,2061-12-01,GW_storage_CA_PGE_BAY_GW[AF],576152.0,32709321481.0,106100378.0
5008,2062-01-01,GW_storage_CA_PGE_BAY_GW[AF],573240.0,32858735378.0,106673618.0
5009,2062-02-01,GW_storage_CA_PGE_BAY_GW[AF],812869.0,33022044851.0,107486487.0
5010,2062-03-01,GW_storage_CA_PGE_BAY_GW[AF],863604.0,33198837130.0,108350091.0
5011,2062-04-01,GW_storage_CA_PGE_BAY_GW[AF],887885.0,33390837210.0,109237976.0
5012,2062-05-01,GW_storage_CA_PGE_BAY_GW[AF],883391.0,33584259641.0,110121367.0
5013,2062-06-01,GW_storage_CA_PGE_BAY_GW[AF],879064.0,33776858517.0,111000431.0
5014,2062-07-01,GW_storage_CA_PGE_BAY_GW[AF],874615.0,33967635736.0,111875046.0
5015,2062-08-01,GW_storage_CA_PGE_BAY_GW[AF],870194.0,34156855847.0,112745240.0
5016,2062-09-01,GW_storage_CA_PGE_BAY_GW[AF],865936.0,34344548104.0,113611176.0
5017,2062-10-01,GW_storage_CA_PGE_BAY_GW[AF],861559.0,34530332137.0,114472735.0
5018,2062-11-01,GW_storage_CA_PGE_BAY_GW[AF],857336.0,34714073091.0,115330071.0
5019,2062-12-01,GW_storage_CA_PGE_BAY_GW[AF],852997.0,34895778448.0,116183068.0
5020,2063-01-01,GW_storage_CA_PGE_BAY_GW[AF],848680.0,35079072230.0,117031748.0
5021,2063-02-01,GW_storage_CA_PGE_BAY_GW[AF],947660.0,35269350335.0,117979408.0
5022,2063-03-01,GW_storage_CA_PGE_BAY_GW[AF],1071231.0,35470064786.0,119050639.0
5023,2063-04-01,GW_storage_CA_PGE_BAY_GW[AF],1131029.0,35683040547.0,120181668.0
5024,2063-05-01,GW_storage_CA_PGE_BAY_GW[AF],1150958.0,35907121073.0,121332626.0
5025,2063-06-01,GW_storage_CA_PGE_BAY_GW[AF],1145320.0,36134854310.0,122477946.0
5026,2063-07-01,GW_storage_CA_PGE_BAY_GW[AF],1141620.0,36361472567.0,123619566.0
5027,2063-08-01,GW_storage_CA_PGE_BAY_GW[AF],1135843.0,36586142514.0,124755409.0
5028,2063-09-01,GW_storage_CA_PGE_BAY_GW[AF],1130282.0,36808934029.0,125885691.0
5029,2063-10-01,GW_storage_CA_PGE_BAY_GW[AF],1124571.0,37029507927.0,127010262.0
5030,2063-11-01,GW_storage_CA_PGE_BAY_GW[AF],1119074.0,37248012309.0,128129336.0
5031,2063-12-01,GW_storage_CA_PGE_BAY_GW[AF],1113414.0,37465671472.0,129242750.0
5032,2064-01-01,GW_storage_CA_PGE_BAY_GW[AF],1107782.0,37694815963.0,130350532.0
5033,2064-02-01,GW_storage_CA_PGE_BAY_GW[AF],1272369.0,37945097639.0,131622901.0
5034,2064-03-01,GW_storage_CA_PGE_BAY_GW[AF],1309695.0,38213638934.0,132932596.0
5035,2064-04-01,GW_storage_CA_PGE_BAY_GW[AF],1333950.0,38493367090.0,134266546.0
5036,2064-05-01,GW_storage_CA_PGE_BAY_GW[AF],1327199.0,38776738105.0,135593745.0
5037,2064-06-01,GW_storage_CA_PGE_BAY_GW[AF],1320699.0,39060661713.0,136914444.0
5038,2064-07-01,GW_storage_CA_PGE_BAY_GW[AF],1314016.0,39341932866.0,138228460.0
5039,2064-08-01,GW_storage_CA_PGE_BAY_GW[AF],1307376.0,39620711220.0,139535836.0
5040,2064-09-01,GW_storage_CA_PGE_BAY_GW[AF],1300984.0,39897002798.0,140836820.0
5041,2064-10-01,GW_storage_CA_PGE_BAY_GW[AF],1294415.0,40170736712.0,142131235.0
5042,2064-11-01,GW_storage_CA_PGE_BAY_GW[AF],1288082.0,40442044957.0,143419317.0
5043,2064-12-01,GW_storage_CA_PGE_BAY_GW[AF],1281570.0,40711834451.0,144700887.0
5044,2065-01-01,GW_storage_CA_PGE_BAY_GW[AF],1275089.0,40982757097.0,145975976.0
5045,2065-02-01,GW_storage_CA_PGE_BAY_GW[AF],1269264.0,41255716076.0,147245240.0
5046,2065-03-01,GW_storage_CA_PGE_BAY_GW[AF],1280021.0,41533378347.0,148525261.0
5047,2065-04-01,GW_storage_CA_PGE_BAY_GW[AF],1273754.0,41819419395.0,149799015.0
5048,2065-05-01,GW_storage_CA_PGE_BAY_GW[AF],1270247.0,42107659636.0,151069262.0
5049,2065-06-01,GW_storage_CA_PGE_BAY_GW[AF],1264026.0,42393392346.0,152333288.0
5050,2065-07-01,GW_storage_CA_PGE_BAY_GW[AF],1257640.0,42678359041.0,153590928.0
5051,2065-08-01,GW_storage_CA_PGE_BAY_GW[AF],1251299.0,42960938762.0,154842227.0
5052,2065-09-01,GW_storage_CA_PGE_BAY_GW[AF],1245199.0,43241061639.0,156087426.0
5053,2065-10-01,GW_storage_CA_PGE_BAY_GW[AF],1238926.0,43518553408.0,157326352.0
5054,2065-11-01,GW_storage_CA_PGE_BAY_GW[AF],1232883.0,43793351378.0,158559235.0
5055,2065-12-01,GW_storage_CA_PGE_BAY_GW[AF],1226663.0,44065325818.0,159785898.0
5056,2066-01-01,GW_storage_CA_PGE_BAY_GW[AF],1220470.0,44334625115.0,161006368.0
5057,2066-02-01,GW_storage_CA_PGE_BAY_GW[AF],1214910.0,44601575728.0,162221278.0
5058,2066-03-01,GW_storage_CA_PGE_BAY_GW[AF],1208765.0,44865977654.0,163430043.0
5059,2066-04-01,GW_storage_CA_PGE_BAY_GW[AF],1202854.0,45130939542.0,164632897.0
5060,2066-05-01,GW_storage_CA_PGE_BAY_GW[AF],1196789.0,45393925169.0,165829686.0
5061,2066-06-01,GW_storage_CA_PGE_BAY_GW[AF],1190955.0,45654573916.0,167020641.0
5062,2066-07-01,GW_storage_CA_PGE_BAY_GW[AF],1184957.0,45912927675.0,168205598.0
5063,2066-08-01,GW_storage_CA_PGE_BAY_GW[AF],1178991.0,46169111465.0,169384589.0
5064,2066-09-01,GW_storage_CA_PGE_BAY_GW[AF],1173254.0,46423600426.0,170557843.0
5065,2066-10-01,GW_storage_CA_PGE_BAY_GW[AF],1167359.0,46676263355.0,171725202.0
5066,2066-11-01,GW_storage_CA_PGE_BAY_GW[AF],1161691.0,46927228863.0,172886893.0
5067,2066-12-01,GW_storage_CA_PGE_BAY_GW[AF],1155859.0,47176198480.0,174042752.0
5068,2067-01-01,GW_storage_CA_PGE_BAY_GW[AF],1150057.0,47422896821.0,175192809.0
5069,2067-02-01,GW_storage_CA_PGE_BAY_GW[AF],1144842.0,47667661431.0,176337651.0
5070,2067-03-01,GW_storage_CA_PGE_BAY_GW[AF],1139082.0,47910308464.0,177476733.0
5071,2067-04-01,GW_storage_CA_PGE_BAY_GW[AF],1133521.0,48151085524.0,178610254.0
5072,2067-05-01,GW_storage_CA_PGE_BAY_GW[AF],1127800.0,48389950965.0,179738054.0
5073,2067-06-01,GW_storage_CA_PGE_BAY_GW[AF],1122303.0,48627002221.0,180860357.0
5074,2067-07-01,GW_storage_CA_PGE_BAY_GW[AF],1116656.0,48862124917.0,181977013.0
5075,2067-08-01,GW_storage_CA_PGE_BAY_GW[AF],1111086.0,49095321876.0,183088099.0
5076,2067-09-01,GW_storage_CA_PGE_BAY_GW[AF],1105663.0,49326841519.0,184193762.0
5077,2067-10-01,GW_storage_CA_PGE_BAY_GW[AF],1099981.0,49556552267.0,185293743.0
5078,2067-11-01,GW_storage_CA_PGE_BAY_GW[AF],1094600.0,49784868208.0,186388343.0
5079,2067-12-01,GW_storage_CA_PGE_BAY_GW[AF],1089239.0,50011545293.0,187477582.0
5080,2068-01-01,GW_storage_CA_PGE_BAY_GW[AF],1161820.0,50238331069.0,188639402.0
5081,2068-02-01,GW_storage_CA_PGE_BAY_GW[AF],1449818.0,50478937732.0,190089220.0
5082,2068-03-01,GW_storage_CA_PGE_BAY_GW[AF],1584005.0,50739381265.0,191673225.0
5083,2068-04-01,GW_storage_CA_PGE_BAY_GW[AF],1602096.0,51011294375.0,193275321.0
5084,2068-05-01,GW_storage_CA_PGE_BAY_GW[AF],1594002.0,51290774772.0,194869323.0
5085,2068-06-01,GW_storage_CA_PGE_BAY_GW[AF],1586204.0,51571539123.0,196455527.0
5086,2068-07-01,GW_storage_CA_PGE_BAY_GW[AF],1578181.0,51851333229.0,198033708.0
5087,2068-08-01,GW_storage_CA_PGE_BAY_GW[AF],1570204.0,52129191774.0,199603912.0
5088,2068-09-01,GW_storage_CA_PGE_BAY_GW[AF],1562527.0,52405096290.0,201166439.0
5089,2068-10-01,GW_storage_CA_PGE_BAY_GW[AF],1554634.0,52678907664.0,202721073.0
5090,2068-11-01,GW_storage_CA_PGE_BAY_GW[AF],1547035.0,52950483517.0,204268108.0
5091,2068-12-01,GW_storage_CA_PGE_BAY_GW[AF],1539208.0,53219819895.0,205807316.0
5092,2069-01-01,GW_storage_CA_PGE_BAY_GW[AF],1531418.0,53487155316.0,207338734.0
5093,2069-02-01,GW_storage_CA_PGE_BAY_GW[AF],1524417.0,53760870931.0,208863151.0
5094,2069-03-01,GW_storage_CA_PGE_BAY_GW[AF],1517353.0,54039428849.0,210380504.0
5095,2069-04-01,GW_storage_CA_PGE_BAY_GW[AF],1509922.0,54324092180.0,211890426.0
5096,2069-05-01,GW_storage_CA_PGE_BAY_GW[AF],1502279.0,54609436481.0,213392705.0
5097,2069-06-01,GW_storage_CA_PGE_BAY_GW[AF],1494923.0,54894337917.0,214887628.0
5098,2069-07-01,GW_storage_CA_PGE_BAY_GW[AF],1487366.0,55177218144.0,216374994.0
5099,2069-08-01,GW_storage_CA_PGE_BAY_GW[AF],1479861.0,55458179949.0,217854855.0
5100,2069-09-01,GW_storage_CA_PGE_BAY_GW[AF],1472640.0,55737226700.0,219327495.0
5101,2069-10-01,GW_storage_CA_PGE_BAY_GW[AF],1465216.0,56014313112.0,220792711.0
5102,2069-11-01,GW_storage_CA_PGE_BAY_GW[AF],1458066.0,56289244905.0,222250777.0
5103,2069-12-01,GW_storage_CA_PGE_BAY_GW[AF],1450713.0,56561948550.0,223701490.0
5104,2070-01-01,GW_storage_CA_PGE_BAY_GW[AF],1443391.0,56832455571.0,225144881.0
5105,2070-02-01,GW_storage_CA_PGE_BAY_GW[AF],1436807.0,57101031869.0,226581688.0
5106,2070-03-01,GW_storage_CA_PGE_BAY_GW[AF],1429547.0,57367456127.0,228011235.0
5107,2070-04-01,GW_storage_CA_PGE_BAY_GW[AF],1422560.0,57631884127.0,229433795.0
5108,2070-05-01,GW_storage_CA_PGE_BAY_GW[AF],1415373.0,57894580730.0,230849168.0
5109,2070-06-01,GW_storage_CA_PGE_BAY_GW[AF],1408460.0,58156625113.0,232257628.0
5110,2070-07-01,GW_storage_CA_PGE_BAY_GW[AF],1401360.0,58417720429.0,233658988.0
5111,2070-08-01,GW_storage_CA_PGE_BAY_GW[AF],1394311.0,58677125935.0,235053299.0
5112,2070-09-01,GW_storage_CA_PGE_BAY_GW[AF],1387521.0,58935122487.0,236440820.0
5113,2070-10-01,GW_storage_CA_PGE_BAY_GW[AF],1380515.0,59191573450.0,237821335.0
5114,2070-11-01,GW_storage_CA_PGE_BAY_GW[AF],1373589.0,59446278042.0,239194924.0
5115,2070-12-01,GW_storage_CA_PGE_BAY_GW[AF],1366559.0,59699129256.0,240561483.0
5116,2021-08-01,GW_storage_CA_PGE_CEN_GW0[AF],151.0,833341.0,151.0
5117,2021-09-01,GW_storage_CA_PGE_CEN_GW0[AF],801.0,1034591.0,952.0
5118,2021-10-01,GW_storage_CA_PGE_CEN_GW0[AF],1383.0,1228184.0,2335.0
5119,2021-11-01,GW_storage_CA_PGE_CEN_GW0[AF],2126.0,1408873.0,4461.0
5120,2021-12-01,GW_storage_CA_PGE_CEN_GW0[AF],2480.0,1583705.0,6941.0
5121,2022-01-01,GW_storage_CA_PGE_CEN_GW0[AF],2526.0,1753848.0,9467.0
5122,2022-02-01,GW_storage_CA_PGE_CEN_GW0[AF],2593.0,1920342.0,12060.0
5123,2022-03-01,GW_storage_CA_PGE_CEN_GW0[AF],2632.0,2083476.0,14692.0
5124,2022-04-01,GW_storage_CA_PGE_CEN_GW0[AF],2633.0,2243387.0,17325.0
5125,2022-05-01,GW_storage_CA_PGE_CEN_GW0[AF],2607.0,2522880.0,19932.0
5126,2022-06-01,GW_storage_CA_PGE_CEN_GW0[AF],2567.0,3551564.0,22499.0
5127,2022-07-01,GW_storage_CA_PGE_CEN_GW0[AF],2516.0,4562843.0,25015.0
5128,2022-08-01,GW_storage_CA_PGE_CEN_GW0[AF],2460.0,5557441.0,27475.0
5129,2022-09-01,GW_storage_CA_PGE_CEN_GW0[AF],2393.0,6536311.0,29868.0
5130,2022-10-01,GW_storage_CA_PGE_CEN_GW0[AF],2333.0,7499151.0,32201.0
5131,2022-11-01,GW_storage_CA_PGE_CEN_GW0[AF],2292.0,8445383.0,34493.0
5132,2022-12-01,GW_storage_CA_PGE_CEN_GW0[AF],2234.0,9374562.0,36727.0
5133,2023-01-01,GW_storage_CA_PGE_CEN_GW0[AF],2173.0,10287031.0,38900.0
5134,2023-02-01,GW_storage_CA_PGE_CEN_GW0[AF],2049.0,11192982.0,40949.0
5135,2023-03-01,GW_storage_CA_PGE_CEN_GW0[AF],1995.0,12082492.0,42944.0
5136,2023-04-01,GW_storage_CA_PGE_CEN_GW0[AF],1947.0,12955603.0,44891.0
5137,2023-05-01,GW_storage_CA_PGE_CEN_GW0[AF],1897.0,13813215.0,46788.0
5138,2023-06-01,GW_storage_CA_PGE_CEN_GW0[AF],1851.0,15164430.0,48639.0
5139,2023-07-01,GW_storage_CA_PGE_CEN_GW0[AF],1625.0,17236845.0,50264.0
5140,2023-08-01,GW_storage_CA_PGE_CEN_GW0[AF],779.0,19274971.0,51043.0
5141,2023-09-01,GW_storage_CA_PGE_CEN_GW0[AF],-239.0,21282260.0,50804.0
5142,2023-10-01,GW_storage_CA_PGE_CEN_GW0[AF],-970.0,23279746.0,49834.0
5143,2023-11-01,GW_storage_CA_PGE_CEN_GW0[AF],-1682.0,25247116.0,48152.0
5144,2023-12-01,GW_storage_CA_PGE_CEN_GW0[AF],-2173.0,27178503.0,45979.0
5145,2024-01-01,GW_storage_CA_PGE_CEN_GW0[AF],-2440.0,29079026.0,43539.0
5146,2024-02-01,GW_storage_CA_PGE_CEN_GW0[AF],-2546.0,30951693.0,40993.0
5147,2024-03-01,GW_storage_CA_PGE_CEN_GW0[AF],-2564.0,32794640.0,38429.0
5148,2024-04-01,GW_storage_CA_PGE_CEN_GW0[AF],-2529.0,34598451.0,35900.0
5149,2024-05-01,GW_storage_CA_PGE_CEN_GW0[AF],-2469.0,36379549.0,33431.0
5150,2024-06-01,GW_storage_CA_PGE_CEN_GW0[AF],-2475.0,38134426.0,30956.0
5151,2024-07-01,GW_storage_CA_PGE_CEN_GW0[AF],-2522.0,39862715.0,28434.0
5152,2024-08-01,GW_storage_CA_PGE_CEN_GW0[AF],-2497.0,41565221.0,25937.0
5153,2024-09-01,GW_storage_CA_PGE_CEN_GW0[AF],-2486.0,43242727.0,23451.0
5154,2024-10-01,GW_storage_CA_PGE_CEN_GW0[AF],-2497.0,44894530.0,20954.0
5155,2024-11-01,GW_storage_CA_PGE_CEN_GW0[AF],-2502.0,46522142.0,18452.0
5156,2024-12-01,GW_storage_CA_PGE_CEN_GW0[AF],-2579.0,48125394.0,15873.0
5157,2025-01-01,GW_storage_CA_PGE_CEN_GW0[AF],-2612.0,49704625.0,13261.0
5158,2025-02-01,GW_storage_CA_PGE_CEN_GW0[AF],-2579.0,51264049.0,10682.0
5159,2025-03-01,GW_storage_CA_PGE_CEN_GW0[AF],-2551.0,52800150.0,8131.0
5160,2025-04-01,GW_storage_CA_PGE_CEN_GW0[AF],-2513.0,54422403.0,5618.0
5161,2025-05-01,GW_storage_CA_PGE_CEN_GW0[AF],-2413.0,56023530.0,3205.0
5162,2025-06-01,GW_storage_CA_PGE_CEN_GW0[AF],-2407.0,57673121.0,798.0
5163,2025-07-01,GW_storage_CA_PGE_CEN_GW0[AF],-14685.0,59233291.0,-13887.0
5164,2025-08-01,GW_storage_CA_PGE_CEN_GW0[AF],-119318.0,60752330.0,-133205.0
5165,2025-09-01,GW_storage_CA_PGE_CEN_GW0[AF],8404.0,63291561.0,-124801.0
5166,2025-10-01,GW_storage_CA_PGE_CEN_GW0[AF],87007.0,66117192.0,-37794.0
5167,2025-11-01,GW_storage_CA_PGE_CEN_GW0[AF],139001.0,69169207.0,101207.0
5168,2025-12-01,GW_storage_CA_PGE_CEN_GW0[AF],174040.0,72377661.0,275247.0
5169,2026-01-01,GW_storage_CA_PGE_CEN_GW0[AF],182277.0,75644729.0,457524.0
5170,2026-02-01,GW_storage_CA_PGE_CEN_GW0[AF],186637.0,83025589.0,644161.0
5171,2026-03-01,GW_storage_CA_PGE_CEN_GW0[AF],188572.0,93674924.0,832733.0
5172,2026-04-01,GW_storage_CA_PGE_CEN_GW0[AF],214636.0,112497734.0,1047369.0
5173,2026-05-01,GW_storage_CA_PGE_CEN_GW0[AF],310764.0,136460613.0,1358133.0
5174,2026-06-01,GW_storage_CA_PGE_CEN_GW0[AF],382407.0,160180041.0,1740540.0
5175,2026-07-01,GW_storage_CA_PGE_CEN_GW0[AF],408677.0,184580314.0,2149217.0
5176,2026-08-01,GW_storage_CA_PGE_CEN_GW0[AF],411802.0,208538131.0,2561019.0
5177,2026-09-01,GW_storage_CA_PGE_CEN_GW0[AF],406893.0,232132273.0,2967912.0
5178,2026-10-01,GW_storage_CA_PGE_CEN_GW0[AF],397620.0,255250646.0,3365532.0
5179,2026-11-01,GW_storage_CA_PGE_CEN_GW0[AF],392523.0,277908394.0,3758055.0
5180,2026-12-01,GW_storage_CA_PGE_CEN_GW0[AF],380819.0,300103214.0,4138874.0
5181,2027-01-01,GW_storage_CA_PGE_CEN_GW0[AF],362886.0,321847786.0,4501760.0
5182,2027-02-01,GW_storage_CA_PGE_CEN_GW0[AF],350128.0,343199646.0,4851888.0
5183,2027-03-01,GW_storage_CA_PGE_CEN_GW0[AF],824590.0,369620421.0,5676478.0
5184,2027-04-01,GW_storage_CA_PGE_CEN_GW0[AF],2135908.0,409179141.0,7812386.0
5185,2027-05-01,GW_storage_CA_PGE_CEN_GW0[AF],3486987.0,455970259.0,11299373.0
5186,2027-06-01,GW_storage_CA_PGE_CEN_GW0[AF],3586918.0,506103237.0,14886291.0
5187,2027-07-01,GW_storage_CA_PGE_CEN_GW0[AF],3566665.0,558027240.0,18452956.0
5188,2027-08-01,GW_storage_CA_PGE_CEN_GW0[AF],3474609.0,610747556.0,21927565.0
5189,2027-09-01,GW_storage_CA_PGE_CEN_GW0[AF],3390686.0,662576568.0,25318251.0
5190,2027-10-01,GW_storage_CA_PGE_CEN_GW0[AF],3305153.0,713531026.0,28623404.0
5191,2027-11-01,GW_storage_CA_PGE_CEN_GW0[AF],3256089.0,763602436.0,31879493.0
5192,2027-12-01,GW_storage_CA_PGE_CEN_GW0[AF],3213289.0,812846873.0,35092782.0
5193,2028-01-01,GW_storage_CA_PGE_CEN_GW0[AF],3133686.0,861121911.0,38226468.0
5194,2028-02-01,GW_storage_CA_PGE_CEN_GW0[AF],3062432.0,908650771.0,41288900.0
5195,2028-03-01,GW_storage_CA_PGE_CEN_GW0[AF],2988936.0,959000163.0,44277836.0
5196,2028-04-01,GW_storage_CA_PGE_CEN_GW0[AF],2920543.0,1012039411.0,47198379.0
5197,2028-05-01,GW_storage_CA_PGE_CEN_GW0[AF],2875774.0,1068060916.0,50074153.0
5198,2028-06-01,GW_storage_CA_PGE_CEN_GW0[AF],2851838.0,1125203670.0,52925991.0
5199,2028-07-01,GW_storage_CA_PGE_CEN_GW0[AF],2820249.0,1183903968.0,55746240.0
5200,2028-08-01,GW_storage_CA_PGE_CEN_GW0[AF],2751443.0,1241633200.0,58497683.0
5201,2028-09-01,GW_storage_CA_PGE_CEN_GW0[AF],2737049.0,1298536546.0,61234732.0
5202,2028-10-01,GW_storage_CA_PGE_CEN_GW0[AF],2671287.0,1354465802.0,63906019.0
5203,2028-11-01,GW_storage_CA_PGE_CEN_GW0[AF],2656181.0,1409406877.0,66562200.0
5204,2028-12-01,GW_storage_CA_PGE_CEN_GW0[AF],2641836.0,1463330743.0,69204036.0
5205,2029-01-01,GW_storage_CA_PGE_CEN_GW0[AF],2630406.0,1516331973.0,71834442.0
5206,2029-02-01,GW_storage_CA_PGE_CEN_GW0[AF],2621489.0,1568436361.0,74455931.0
5207,2029-03-01,GW_storage_CA_PGE_CEN_GW0[AF],2609773.0,1622957905.0,77065704.0
5208,2029-04-01,GW_storage_CA_PGE_CEN_GW0[AF],2598536.0,1679352962.0,79664240.0
5209,2029-05-01,GW_storage_CA_PGE_CEN_GW0[AF],2586808.0,1742904338.0,82251048.0
5210,2029-06-01,GW_storage_CA_PGE_CEN_GW0[AF],2562982.0,1807169538.0,84814030.0
5211,2029-07-01,GW_storage_CA_PGE_CEN_GW0[AF],2508224.0,1872474684.0,87322254.0
5212,2029-08-01,GW_storage_CA_PGE_CEN_GW0[AF],2465810.0,1936569687.0,89788064.0
5213,2029-09-01,GW_storage_CA_PGE_CEN_GW0[AF],2423845.0,1999536921.0,92211909.0
5214,2029-10-01,GW_storage_CA_PGE_CEN_GW0[AF],2379083.0,2061251234.0,94590992.0
5215,2029-11-01,GW_storage_CA_PGE_CEN_GW0[AF],2333784.0,2121792309.0,96924776.0
5216,2029-12-01,GW_storage_CA_PGE_CEN_GW0[AF],2285330.0,2181276298.0,99210106.0
5217,2030-01-01,GW_storage_CA_PGE_CEN_GW0[AF],2230326.0,2239598911.0,101440432.0
5218,2030-02-01,GW_storage_CA_PGE_CEN_GW0[AF],2229343.0,2296908282.0,103669775.0
5219,2030-03-01,GW_storage_CA_PGE_CEN_GW0[AF],2223795.0,2353273149.0,105893570.0
5220,2030-04-01,GW_storage_CA_PGE_CEN_GW0[AF],2233551.0,2408813513.0,108127121.0
5221,2030-05-01,GW_storage_CA_PGE_CEN_GW0[AF],2223735.0,2463288321.0,110350856.0
5222,2030-06-01,GW_storage_CA_PGE_CEN_GW0[AF],2180071.0,2519189259.0,112530927.0
5223,2030-07-01,GW_storage_CA_PGE_CEN_GW0[AF],2132729.0,2574987711.0,114663656.0
5224,2030-08-01,GW_storage_CA_PGE_CEN_GW0[AF],2101314.0,2629845780.0,116764970.0
5225,2030-09-01,GW_storage_CA_PGE_CEN_GW0[AF],2083207.0,2683731630.0,118848177.0
5226,2030-10-01,GW_storage_CA_PGE_CEN_GW0[AF],2066174.0,2736573135.0,120914351.0
5227,2030-11-01,GW_storage_CA_PGE_CEN_GW0[AF],2040364.0,2788437015.0,122954715.0
5228,2030-12-01,GW_storage_CA_PGE_CEN_GW0[AF],2013634.0,2839371858.0,124968349.0
5229,2031-01-01,GW_storage_CA_PGE_CEN_GW0[AF],2004114.0,2889285425.0,126972463.0
5230,2031-02-01,GW_storage_CA_PGE_CEN_GW0[AF],1991399.0,2938331300.0,128963862.0
5231,2031-03-01,GW_storage_CA_PGE_CEN_GW0[AF],1946598.0,2986403207.0,130910460.0
5232,2031-04-01,GW_storage_CA_PGE_CEN_GW0[AF],2134385.0,3034117058.0,133044845.0
5233,2031-05-01,GW_storage_CA_PGE_CEN_GW0[AF],2085225.0,3081639947.0,135130070.0
5234,2031-06-01,GW_storage_CA_PGE_CEN_GW0[AF],2081760.0,3128466639.0,137211830.0
5235,2031-07-01,GW_storage_CA_PGE_CEN_GW0[AF],2035370.0,3175256040.0,139247200.0
5236,2031-08-01,GW_storage_CA_PGE_CEN_GW0[AF],1987395.0,3221201089.0,141234595.0
5237,2031-09-01,GW_storage_CA_PGE_CEN_GW0[AF],1975046.0,3266538806.0,143209641.0
5238,2031-10-01,GW_storage_CA_PGE_CEN_GW0[AF],1940547.0,3311005126.0,145150188.0
5239,2031-11-01,GW_storage_CA_PGE_CEN_GW0[AF],1950977.0,3354843436.0,147101165.0
5240,2031-12-01,GW_storage_CA_PGE_CEN_GW0[AF],1906629.0,3397917039.0,149007794.0
5241,2032-01-01,GW_storage_CA_PGE_CEN_GW0[AF],1860271.0,3440765830.0,150868065.0
5242,2032-02-01,GW_storage_CA_PGE_CEN_GW0[AF],4555008.0,3500332884.0,155423073.0
5243,2032-03-01,GW_storage_CA_PGE_CEN_GW0[AF],8001546.0,3570397039.0,163424619.0
5244,2032-04-01,GW_storage_CA_PGE_CEN_GW0[AF],9846779.0,3645988541.0,173271398.0
5245,2032-05-01,GW_storage_CA_PGE_CEN_GW0[AF],10054995.0,3723860841.0,183326393.0
5246,2032-06-01,GW_storage_CA_PGE_CEN_GW0[AF],10114867.0,3803847465.0,193441260.0
5247,2032-07-01,GW_storage_CA_PGE_CEN_GW0[AF],9879983.0,3884065220.0,203321243.0
5248,2032-08-01,GW_storage_CA_PGE_CEN_GW0[AF],9734266.0,3963910669.0,213055509.0
5249,2032-09-01,GW_storage_CA_PGE_CEN_GW0[AF],9595348.0,4042724779.0,222650857.0
5250,2032-10-01,GW_storage_CA_PGE_CEN_GW0[AF],9447956.0,4120308321.0,232098813.0
5251,2032-11-01,GW_storage_CA_PGE_CEN_GW0[AF],9303565.0,4196679403.0,241402378.0
5252,2032-12-01,GW_storage_CA_PGE_CEN_GW0[AF],9155476.0,4271822754.0,250557854.0
5253,2033-01-01,GW_storage_CA_PGE_CEN_GW0[AF],8928567.0,4345538492.0,259486421.0
5254,2033-02-01,GW_storage_CA_PGE_CEN_GW0[AF],10260657.0,4423218301.0,269747078.0
5255,2033-03-01,GW_storage_CA_PGE_CEN_GW0[AF],11551768.0,4505470297.0,281298846.0
5256,2033-04-01,GW_storage_CA_PGE_CEN_GW0[AF],12035271.0,4590681136.0,293334117.0
5257,2033-05-01,GW_storage_CA_PGE_CEN_GW0[AF],12315308.0,4675360581.0,305649425.0
5258,2033-06-01,GW_storage_CA_PGE_CEN_GW0[AF],12019728.0,4760708398.0,317669153.0
5259,2033-07-01,GW_storage_CA_PGE_CEN_GW0[AF],11821752.0,4846138178.0,329490905.0
5260,2033-08-01,GW_storage_CA_PGE_CEN_GW0[AF],11627923.0,4931118427.0,341118828.0
5261,2033-09-01,GW_storage_CA_PGE_CEN_GW0[AF],11440421.0,5014914731.0,352559249.0
5262,2033-10-01,GW_storage_CA_PGE_CEN_GW0[AF],11247016.0,5097508172.0,363806265.0
5263,2033-11-01,GW_storage_CA_PGE_CEN_GW0[AF],11007952.0,5178663669.0,374814217.0
5264,2033-12-01,GW_storage_CA_PGE_CEN_GW0[AF],10735533.0,5258443309.0,385549750.0
5265,2034-01-01,GW_storage_CA_PGE_CEN_GW0[AF],10500072.0,5339163828.0,396049822.0
5266,2034-02-01,GW_storage_CA_PGE_CEN_GW0[AF],10349508.0,5418722190.0,406399330.0
5267,2034-03-01,GW_storage_CA_PGE_CEN_GW0[AF],10154033.0,5500220744.0,416553363.0
5268,2034-04-01,GW_storage_CA_PGE_CEN_GW0[AF],9927286.0,5584032903.0,426480649.0
5269,2034-05-01,GW_storage_CA_PGE_CEN_GW0[AF],9728076.0,5676873319.0,436208725.0
5270,2034-06-01,GW_storage_CA_PGE_CEN_GW0[AF],9585607.0,5773341236.0,445794332.0
5271,2034-07-01,GW_storage_CA_PGE_CEN_GW0[AF],9348188.0,5871231225.0,455142520.0
5272,2034-08-01,GW_storage_CA_PGE_CEN_GW0[AF],9120945.0,5968392389.0,464263465.0
5273,2034-09-01,GW_storage_CA_PGE_CEN_GW0[AF],8993842.0,6064112138.0,473257307.0
5274,2034-10-01,GW_storage_CA_PGE_CEN_GW0[AF],8871471.0,6158273690.0,482128778.0
5275,2034-11-01,GW_storage_CA_PGE_CEN_GW0[AF],8770507.0,6251013792.0,490899285.0
5276,2034-12-01,GW_storage_CA_PGE_CEN_GW0[AF],8676436.0,6342469856.0,499575721.0
5277,2035-01-01,GW_storage_CA_PGE_CEN_GW0[AF],8588860.0,6432436397.0,508164581.0
5278,2035-02-01,GW_storage_CA_PGE_CEN_GW0[AF],8527934.0,6520973109.0,516692515.0
5279,2035-03-01,GW_storage_CA_PGE_CEN_GW0[AF],8434299.0,6608114132.0,525126814.0
5280,2035-04-01,GW_storage_CA_PGE_CEN_GW0[AF],8333198.0,6694040771.0,533460012.0
5281,2035-05-01,GW_storage_CA_PGE_CEN_GW0[AF],8234548.0,6778544504.0,541694560.0
5282,2035-06-01,GW_storage_CA_PGE_CEN_GW0[AF],8135714.0,6863239534.0,549830274.0
5283,2035-07-01,GW_storage_CA_PGE_CEN_GW0[AF],7935434.0,6947511289.0,557765708.0
5284,2035-08-01,GW_storage_CA_PGE_CEN_GW0[AF],7760033.0,7030376153.0,565525741.0
5285,2035-09-01,GW_storage_CA_PGE_CEN_GW0[AF],7639486.0,7112119087.0,573165227.0
5286,2035-10-01,GW_storage_CA_PGE_CEN_GW0[AF],7503156.0,7192574428.0,580668383.0
5287,2035-11-01,GW_storage_CA_PGE_CEN_GW0[AF],7378699.0,7271865334.0,588047082.0
5288,2035-12-01,GW_storage_CA_PGE_CEN_GW0[AF],7256192.0,7350179909.0,595303274.0
5289,2036-01-01,GW_storage_CA_PGE_CEN_GW0[AF],7151143.0,7427195979.0,602454417.0
5290,2036-02-01,GW_storage_CA_PGE_CEN_GW0[AF],7086407.0,7503024891.0,609540824.0
5291,2036-03-01,GW_storage_CA_PGE_CEN_GW0[AF],7045698.0,7577632108.0,616586522.0
5292,2036-04-01,GW_storage_CA_PGE_CEN_GW0[AF],7015140.0,7651185144.0,623601662.0
5293,2036-05-01,GW_storage_CA_PGE_CEN_GW0[AF],6956498.0,7724300240.0,630558160.0
5294,2036-06-01,GW_storage_CA_PGE_CEN_GW0[AF],6900536.0,7796353708.0,637458696.0
5295,2036-07-01,GW_storage_CA_PGE_CEN_GW0[AF],6836251.0,7867314948.0,644294947.0
5296,2036-08-01,GW_storage_CA_PGE_CEN_GW0[AF],6763314.0,7937241278.0,651058261.0
5297,2036-09-01,GW_storage_CA_PGE_CEN_GW0[AF],6696748.0,8006295323.0,657755009.0
5298,2036-10-01,GW_storage_CA_PGE_CEN_GW0[AF],6635287.0,8074305646.0,664390296.0
5299,2036-11-01,GW_storage_CA_PGE_CEN_GW0[AF],6585417.0,8141376577.0,670975713.0
5300,2036-12-01,GW_storage_CA_PGE_CEN_GW0[AF],6551964.0,8207644541.0,677527677.0
5301,2037-01-01,GW_storage_CA_PGE_CEN_GW0[AF],6533093.0,8273161410.0,684060770.0
5302,2037-02-01,GW_storage_CA_PGE_CEN_GW0[AF],6419368.0,8337733681.0,690480138.0
5303,2037-03-01,GW_storage_CA_PGE_CEN_GW0[AF],6284818.0,8401237350.0,696764956.0
5304,2037-04-01,GW_storage_CA_PGE_CEN_GW0[AF],6148396.0,8463716442.0,702913352.0
5305,2037-05-01,GW_storage_CA_PGE_CEN_GW0[AF],5995310.0,8525229166.0,708908662.0
5306,2037-06-01,GW_storage_CA_PGE_CEN_GW0[AF],5851669.0,8585780498.0,714760331.0
5307,2037-07-01,GW_storage_CA_PGE_CEN_GW0[AF],5840134.0,8645518277.0,720600465.0
5308,2037-08-01,GW_storage_CA_PGE_CEN_GW0[AF],5899619.0,8704580765.0,726500084.0
5309,2037-09-01,GW_storage_CA_PGE_CEN_GW0[AF],6007898.0,8763159684.0,732507982.0
5310,2037-10-01,GW_storage_CA_PGE_CEN_GW0[AF],6158785.0,8821181815.0,738666767.0
5311,2037-11-01,GW_storage_CA_PGE_CEN_GW0[AF],6284072.0,8878677095.0,744950839.0
5312,2037-12-01,GW_storage_CA_PGE_CEN_GW0[AF],6392653.0,8935618642.0,751343492.0
5313,2038-01-01,GW_storage_CA_PGE_CEN_GW0[AF],6228824.0,8991690289.0,757572316.0
5314,2038-02-01,GW_storage_CA_PGE_CEN_GW0[AF],6083015.0,9049081585.0,763655331.0
5315,2038-03-01,GW_storage_CA_PGE_CEN_GW0[AF],5993020.0,9108044798.0,769648351.0
5316,2038-04-01,GW_storage_CA_PGE_CEN_GW0[AF],5935247.0,9168794933.0,775583598.0
5317,2038-05-01,GW_storage_CA_PGE_CEN_GW0[AF],5883615.0,9229969082.0,781467213.0
5318,2038-06-01,GW_storage_CA_PGE_CEN_GW0[AF],5885028.0,9290494843.0,787352241.0
5319,2038-07-01,GW_storage_CA_PGE_CEN_GW0[AF],5877832.0,9350294408.0,793230073.0
5320,2038-08-01,GW_storage_CA_PGE_CEN_GW0[AF],5853541.0,9409318940.0,799083614.0
5321,2038-09-01,GW_storage_CA_PGE_CEN_GW0[AF],5838142.0,9467673979.0,804921756.0
5322,2038-10-01,GW_storage_CA_PGE_CEN_GW0[AF],5809823.0,9525253636.0,810731579.0
5323,2038-11-01,GW_storage_CA_PGE_CEN_GW0[AF],5778620.0,9582098472.0,816510199.0
5324,2038-12-01,GW_storage_CA_PGE_CEN_GW0[AF],5824259.0,9638248766.0,822334458.0
5325,2039-01-01,GW_storage_CA_PGE_CEN_GW0[AF],5818148.0,9693650977.0,828152606.0
5326,2039-02-01,GW_storage_CA_PGE_CEN_GW0[AF],5740481.0,9750458830.0,833893087.0
5327,2039-03-01,GW_storage_CA_PGE_CEN_GW0[AF],5664492.0,9809156458.0,839557579.0
5328,2039-04-01,GW_storage_CA_PGE_CEN_GW0[AF],5608993.0,9868559467.0,845166572.0
5329,2039-05-01,GW_storage_CA_PGE_CEN_GW0[AF],5479848.0,9927385773.0,850646420.0
5330,2039-06-01,GW_storage_CA_PGE_CEN_GW0[AF],5358652.0,9986965256.0,856005072.0
5331,2039-07-01,GW_storage_CA_PGE_CEN_GW0[AF],5246152.0,10046475029.0,861251224.0
5332,2039-08-01,GW_storage_CA_PGE_CEN_GW0[AF],5160299.0,10105238592.0,866411523.0
5333,2039-09-01,GW_storage_CA_PGE_CEN_GW0[AF],5095484.0,10163363477.0,871507007.0
5334,2039-10-01,GW_storage_CA_PGE_CEN_GW0[AF],5035837.0,10220781260.0,876542844.0
5335,2039-11-01,GW_storage_CA_PGE_CEN_GW0[AF],4990070.0,10277373162.0,881532914.0
5336,2039-12-01,GW_storage_CA_PGE_CEN_GW0[AF],4966680.0,10333185165.0,886499594.0
5337,2040-01-01,GW_storage_CA_PGE_CEN_GW0[AF],5032460.0,10388289039.0,891532054.0
5338,2040-02-01,GW_storage_CA_PGE_CEN_GW0[AF],4989883.0,10442633493.0,896521937.0
5339,2040-03-01,GW_storage_CA_PGE_CEN_GW0[AF],4935106.0,10496196844.0,901457043.0
5340,2040-04-01,GW_storage_CA_PGE_CEN_GW0[AF],4860529.0,10549040409.0,906317572.0
5341,2040-05-01,GW_storage_CA_PGE_CEN_GW0[AF],4767114.0,10601395194.0,911084686.0
5342,2040-06-01,GW_storage_CA_PGE_CEN_GW0[AF],4679893.0,10653107949.0,915764579.0
5343,2040-07-01,GW_storage_CA_PGE_CEN_GW0[AF],4615854.0,10704171007.0,920380433.0
5344,2040-08-01,GW_storage_CA_PGE_CEN_GW0[AF],4565676.0,10754605305.0,924946109.0
5345,2040-09-01,GW_storage_CA_PGE_CEN_GW0[AF],4510604.0,10804445973.0,929456713.0
5346,2040-10-01,GW_storage_CA_PGE_CEN_GW0[AF],4454294.0,10853648570.0,933911007.0
5347,2040-11-01,GW_storage_CA_PGE_CEN_GW0[AF],4400510.0,10902484914.0,938311517.0
5348,2040-12-01,GW_storage_CA_PGE_CEN_GW0[AF],4403512.0,10950730644.0,942715029.0
5349,2041-01-01,GW_storage_CA_PGE_CEN_GW0[AF],4311863.0,10998281298.0,947026892.0
5350,2041-02-01,GW_storage_CA_PGE_CEN_GW0[AF],4221054.0,11047818234.0,951247946.0
5351,2041-03-01,GW_storage_CA_PGE_CEN_GW0[AF],4168612.0,11099139984.0,955416558.0
5352,2041-04-01,GW_storage_CA_PGE_CEN_GW0[AF],4149296.0,11151170281.0,959565854.0
5353,2041-05-01,GW_storage_CA_PGE_CEN_GW0[AF],4131940.0,11202540882.0,963697794.0
5354,2041-06-01,GW_storage_CA_PGE_CEN_GW0[AF],4159472.0,11253584926.0,967857266.0
5355,2041-07-01,GW_storage_CA_PGE_CEN_GW0[AF],4163767.0,11304087287.0,972021033.0
5356,2041-08-01,GW_storage_CA_PGE_CEN_GW0[AF],4145617.0,11354085428.0,976166650.0
5357,2041-09-01,GW_storage_CA_PGE_CEN_GW0[AF],4129590.0,11403615397.0,980296240.0
5358,2041-10-01,GW_storage_CA_PGE_CEN_GW0[AF],4107649.0,11452671944.0,984403889.0
5359,2041-11-01,GW_storage_CA_PGE_CEN_GW0[AF],4070595.0,11501212889.0,988474484.0
5360,2041-12-01,GW_storage_CA_PGE_CEN_GW0[AF],4035773.0,11549056939.0,992510257.0
5361,2042-01-01,GW_storage_CA_PGE_CEN_GW0[AF],4022616.0,11596204581.0,996532873.0
5362,2042-02-01,GW_storage_CA_PGE_CEN_GW0[AF],4031907.0,11642935334.0,1000564780.0
5363,2042-03-01,GW_storage_CA_PGE_CEN_GW0[AF],3930963.0,11689092595.0,1004495743.0
5364,2042-04-01,GW_storage_CA_PGE_CEN_GW0[AF],4022552.0,11735022869.0,1008518295.0
5365,2042-05-01,GW_storage_CA_PGE_CEN_GW0[AF],3989434.0,11780876718.0,1012507729.0
5366,2042-06-01,GW_storage_CA_PGE_CEN_GW0[AF],3905840.0,11826092725.0,1016413569.0
5367,2042-07-01,GW_storage_CA_PGE_CEN_GW0[AF],3803958.0,11871546727.0,1020217527.0
5368,2042-08-01,GW_storage_CA_PGE_CEN_GW0[AF],3703248.0,11916431990.0,1023920775.0
5369,2042-09-01,GW_storage_CA_PGE_CEN_GW0[AF],3619378.0,11960791410.0,1027540153.0
5370,2042-10-01,GW_storage_CA_PGE_CEN_GW0[AF],3561468.0,12004660184.0,1031101621.0
5371,2042-11-01,GW_storage_CA_PGE_CEN_GW0[AF],3540994.0,12048130811.0,1034642615.0
5372,2042-12-01,GW_storage_CA_PGE_CEN_GW0[AF],3574357.0,12091062837.0,1038216972.0
5373,2043-01-01,GW_storage_CA_PGE_CEN_GW0[AF],3570549.0,12133444088.0,1041787521.0
5374,2043-02-01,GW_storage_CA_PGE_CEN_GW0[AF],3549893.0,12175363925.0,1045337414.0
5375,2043-03-01,GW_storage_CA_PGE_CEN_GW0[AF],3512460.0,12216725340.0,1048849874.0
5376,2043-04-01,GW_storage_CA_PGE_CEN_GW0[AF],3468507.0,12257666079.0,1052318381.0
5377,2043-05-01,GW_storage_CA_PGE_CEN_GW0[AF],3419769.0,12298078753.0,1055738150.0
5378,2043-06-01,GW_storage_CA_PGE_CEN_GW0[AF],3383829.0,12338040338.0,1059121979.0
5379,2043-07-01,GW_storage_CA_PGE_CEN_GW0[AF],3346265.0,12377535688.0,1062468244.0
5380,2043-08-01,GW_storage_CA_PGE_CEN_GW0[AF],3298522.0,12416568319.0,1065766766.0
5381,2043-09-01,GW_storage_CA_PGE_CEN_GW0[AF],3248421.0,12455234071.0,1069015187.0
5382,2043-10-01,GW_storage_CA_PGE_CEN_GW0[AF],3198161.0,12493493716.0,1072213348.0
5383,2043-11-01,GW_storage_CA_PGE_CEN_GW0[AF],3142217.0,12531340494.0,1075355565.0
5384,2043-12-01,GW_storage_CA_PGE_CEN_GW0[AF],3078457.0,12568703212.0,1078434022.0
5385,2044-01-01,GW_storage_CA_PGE_CEN_GW0[AF],3029034.0,12605614127.0,1081463056.0
5386,2044-02-01,GW_storage_CA_PGE_CEN_GW0[AF],3007651.0,12642100391.0,1084470707.0
5387,2044-03-01,GW_storage_CA_PGE_CEN_GW0[AF],2943628.0,12678094207.0,1087414335.0
5388,2044-04-01,GW_storage_CA_PGE_CEN_GW0[AF],2857011.0,12715489683.0,1090271346.0
5389,2044-05-01,GW_storage_CA_PGE_CEN_GW0[AF],2762809.0,12757376464.0,1093034155.0
5390,2044-06-01,GW_storage_CA_PGE_CEN_GW0[AF],2675605.0,12798680033.0,1095709760.0
5391,2044-07-01,GW_storage_CA_PGE_CEN_GW0[AF],2614733.0,12840178366.0,1098324493.0
5392,2044-08-01,GW_storage_CA_PGE_CEN_GW0[AF],2575468.0,12881238666.0,1100899961.0
5393,2044-09-01,GW_storage_CA_PGE_CEN_GW0[AF],2541829.0,12921922929.0,1103441790.0
5394,2044-10-01,GW_storage_CA_PGE_CEN_GW0[AF],2512080.0,12962137170.0,1105953870.0
5395,2044-11-01,GW_storage_CA_PGE_CEN_GW0[AF],2485228.0,13001917872.0,1108439098.0
5396,2044-12-01,GW_storage_CA_PGE_CEN_GW0[AF],2443291.0,13041192913.0,1110882389.0
5397,2045-01-01,GW_storage_CA_PGE_CEN_GW0[AF],2385171.0,13079996277.0,1113267560.0
5398,2045-02-01,GW_storage_CA_PGE_CEN_GW0[AF],2376465.0,13119222084.0,1115644025.0
5399,2045-03-01,GW_storage_CA_PGE_CEN_GW0[AF],2334017.0,13158364150.0,1117978042.0
5400,2045-04-01,GW_storage_CA_PGE_CEN_GW0[AF],3019638.0,13198157185.0,1120997680.0
5401,2045-05-01,GW_storage_CA_PGE_CEN_GW0[AF],3117390.0,13237869018.0,1124115070.0
5402,2045-06-01,GW_storage_CA_PGE_CEN_GW0[AF],3166684.0,13278774379.0,1127281754.0
5403,2045-07-01,GW_storage_CA_PGE_CEN_GW0[AF],3130030.0,13324244062.0,1130411784.0
5404,2045-08-01,GW_storage_CA_PGE_CEN_GW0[AF],3079875.0,13372386542.0,1133491659.0
5405,2045-09-01,GW_storage_CA_PGE_CEN_GW0[AF],3028769.0,13419876881.0,1136520428.0
5406,2045-10-01,GW_storage_CA_PGE_CEN_GW0[AF],2980261.0,13466818785.0,1139500689.0
5407,2045-11-01,GW_storage_CA_PGE_CEN_GW0[AF],2991300.0,13513160105.0,1142491989.0
5408,2045-12-01,GW_storage_CA_PGE_CEN_GW0[AF],2953255.0,13560745919.0,1145445244.0
5409,2046-01-01,GW_storage_CA_PGE_CEN_GW0[AF],2930271.0,13615290772.0,1148375515.0
5410,2046-02-01,GW_storage_CA_PGE_CEN_GW0[AF],2868609.0,13677811710.0,1151244124.0
5411,2046-03-01,GW_storage_CA_PGE_CEN_GW0[AF],2861367.0,13748607831.0,1154105491.0
5412,2046-04-01,GW_storage_CA_PGE_CEN_GW0[AF],2842392.0,13826873589.0,1156947883.0
5413,2046-05-01,GW_storage_CA_PGE_CEN_GW0[AF],2828460.0,13907944967.0,1159776343.0
5414,2046-06-01,GW_storage_CA_PGE_CEN_GW0[AF],2778030.0,13989979852.0,1162554373.0
5415,2046-07-01,GW_storage_CA_PGE_CEN_GW0[AF],2710230.0,14071604903.0,1165264603.0
5416,2046-08-01,GW_storage_CA_PGE_CEN_GW0[AF],2644222.0,14152131683.0,1167908825.0
5417,2046-09-01,GW_storage_CA_PGE_CEN_GW0[AF],2582590.0,14231617714.0,1170491415.0
5418,2046-10-01,GW_storage_CA_PGE_CEN_GW0[AF],2524211.0,14310005025.0,1173015626.0
5419,2046-11-01,GW_storage_CA_PGE_CEN_GW0[AF],2489519.0,14387273527.0,1175505145.0
5420,2046-12-01,GW_storage_CA_PGE_CEN_GW0[AF],2493567.0,14463437376.0,1177998712.0
5421,2047-01-01,GW_storage_CA_PGE_CEN_GW0[AF],2458657.0,14538457981.0,1180457369.0
5422,2047-02-01,GW_storage_CA_PGE_CEN_GW0[AF],2450290.0,14612508014.0,1182907659.0
5423,2047-03-01,GW_storage_CA_PGE_CEN_GW0[AF],2439457.0,14685452283.0,1185347116.0
5424,2047-04-01,GW_storage_CA_PGE_CEN_GW0[AF],2428760.0,14764472816.0,1187775876.0
5425,2047-05-01,GW_storage_CA_PGE_CEN_GW0[AF],2417643.0,14860897341.0,1190193519.0
5426,2047-06-01,GW_storage_CA_PGE_CEN_GW0[AF],2406923.0,14972506362.0,1192600442.0
5427,2047-07-01,GW_storage_CA_PGE_CEN_GW0[AF],2347970.0,15088231692.0,1194948412.0
5428,2047-08-01,GW_storage_CA_PGE_CEN_GW0[AF],2293756.0,15203332934.0,1197242168.0
5429,2047-09-01,GW_storage_CA_PGE_CEN_GW0[AF],2266239.0,15317492289.0,1199508407.0
5430,2047-10-01,GW_storage_CA_PGE_CEN_GW0[AF],2251809.0,15430042333.0,1201760216.0
5431,2047-11-01,GW_storage_CA_PGE_CEN_GW0[AF],2250963.0,15542831934.0,1204011179.0
5432,2047-12-01,GW_storage_CA_PGE_CEN_GW0[AF],2304040.0,15653870877.0,1206315219.0
5433,2048-01-01,GW_storage_CA_PGE_CEN_GW0[AF],2273363.0,15763169397.0,1208588582.0
5434,2048-02-01,GW_storage_CA_PGE_CEN_GW0[AF],2226695.0,15872138297.0,1210815277.0
5435,2048-03-01,GW_storage_CA_PGE_CEN_GW0[AF],3543158.0,15987897138.0,1214358435.0
5436,2048-04-01,GW_storage_CA_PGE_CEN_GW0[AF],4272966.0,16106751114.0,1218631401.0
5437,2048-05-01,GW_storage_CA_PGE_CEN_GW0[AF],4295017.0,16226738594.0,1222926418.0
5438,2048-06-01,GW_storage_CA_PGE_CEN_GW0[AF],4249586.0,16346930466.0,1227176004.0
5439,2048-07-01,GW_storage_CA_PGE_CEN_GW0[AF],4146734.0,16466203172.0,1231322738.0
5440,2048-08-01,GW_storage_CA_PGE_CEN_GW0[AF],4046402.0,16583670765.0,1235369140.0
5441,2048-09-01,GW_storage_CA_PGE_CEN_GW0[AF],4019435.0,16699553017.0,1239388575.0
5442,2048-10-01,GW_storage_CA_PGE_CEN_GW0[AF],3981438.0,16813788962.0,1243370013.0
5443,2048-11-01,GW_storage_CA_PGE_CEN_GW0[AF],3982379.0,16926416472.0,1247352392.0
5444,2048-12-01,GW_storage_CA_PGE_CEN_GW0[AF],3884362.0,17038918116.0,1251236754.0
5445,2049-01-01,GW_storage_CA_PGE_CEN_GW0[AF],3860323.0,17150214903.0,1255097077.0
5446,2049-02-01,GW_storage_CA_PGE_CEN_GW0[AF],3774031.0,17259849423.0,1258871108.0
5447,2049-03-01,GW_storage_CA_PGE_CEN_GW0[AF],4067777.0,17374140295.0,1262938885.0
5448,2049-04-01,GW_storage_CA_PGE_CEN_GW0[AF],4302933.0,17496980626.0,1267241818.0
5449,2049-05-01,GW_storage_CA_PGE_CEN_GW0[AF],4196444.0,17623520262.0,1271438262.0
5450,2049-06-01,GW_storage_CA_PGE_CEN_GW0[AF],4131800.0,17749882278.0,1275570062.0
5451,2049-07-01,GW_storage_CA_PGE_CEN_GW0[AF],4129481.0,17875311834.0,1279699543.0
5452,2049-08-01,GW_storage_CA_PGE_CEN_GW0[AF],4117399.0,17998950915.0,1283816942.0
5453,2049-09-01,GW_storage_CA_PGE_CEN_GW0[AF],4129773.0,18120987592.0,1287946715.0
5454,2049-10-01,GW_storage_CA_PGE_CEN_GW0[AF],4131443.0,18241422265.0,1292078158.0
5455,2049-11-01,GW_storage_CA_PGE_CEN_GW0[AF],4132223.0,18360102830.0,1296210381.0
5456,2049-12-01,GW_storage_CA_PGE_CEN_GW0[AF],4071343.0,18476910369.0,1300281724.0
5457,2050-01-01,GW_storage_CA_PGE_CEN_GW0[AF],3996095.0,18591916831.0,1304277819.0
5458,2050-02-01,GW_storage_CA_PGE_CEN_GW0[AF],3906715.0,18705272956.0,1308184534.0
5459,2050-03-01,GW_storage_CA_PGE_CEN_GW0[AF],5028474.0,18821028859.0,1313213008.0
5460,2050-04-01,GW_storage_CA_PGE_CEN_GW0[AF],5638223.0,18940506995.0,1318851231.0
5461,2050-05-01,GW_storage_CA_PGE_CEN_GW0[AF],5825349.0,19059600483.0,1324676580.0
5462,2050-06-01,GW_storage_CA_PGE_CEN_GW0[AF],5702917.0,19178428021.0,1330379497.0
5463,2050-07-01,GW_storage_CA_PGE_CEN_GW0[AF],5678266.0,19296435077.0,1336057763.0
5464,2050-08-01,GW_storage_CA_PGE_CEN_GW0[AF],5640486.0,19412834260.0,1341698249.0
5465,2050-09-01,GW_storage_CA_PGE_CEN_GW0[AF],5600131.0,19527808893.0,1347298380.0
5466,2050-10-01,GW_storage_CA_PGE_CEN_GW0[AF],5528213.0,19641173895.0,1352826593.0
5467,2050-11-01,GW_storage_CA_PGE_CEN_GW0[AF],5396015.0,19752769080.0,1358222608.0
5468,2050-12-01,GW_storage_CA_PGE_CEN_GW0[AF],5262580.0,19862611454.0,1363485188.0
5469,2051-01-01,GW_storage_CA_PGE_CEN_GW0[AF],5181076.0,19970764786.0,1368666264.0
5470,2051-02-01,GW_storage_CA_PGE_CEN_GW0[AF],5086117.0,20077395432.0,1373752381.0
5471,2051-03-01,GW_storage_CA_PGE_CEN_GW0[AF],4973601.0,20182370827.0,1378725982.0
5472,2051-04-01,GW_storage_CA_PGE_CEN_GW0[AF],4865433.0,20291580463.0,1383591415.0
5473,2051-05-01,GW_storage_CA_PGE_CEN_GW0[AF],4779550.0,20400038326.0,1388370965.0
5474,2051-06-01,GW_storage_CA_PGE_CEN_GW0[AF],4704250.0,20508257786.0,1393075215.0
5475,2051-07-01,GW_storage_CA_PGE_CEN_GW0[AF],4612641.0,20615875318.0,1397687856.0
5476,2051-08-01,GW_storage_CA_PGE_CEN_GW0[AF],4572268.0,20722198437.0,1402260124.0
5477,2051-09-01,GW_storage_CA_PGE_CEN_GW0[AF],4528385.0,20827038775.0,1406788509.0
5478,2051-10-01,GW_storage_CA_PGE_CEN_GW0[AF],4493298.0,20930437548.0,1411281807.0
5479,2051-11-01,GW_storage_CA_PGE_CEN_GW0[AF],4479510.0,21032468769.0,1415761317.0
5480,2051-12-01,GW_storage_CA_PGE_CEN_GW0[AF],4477744.0,21133705710.0,1420239061.0
5481,2052-01-01,GW_storage_CA_PGE_CEN_GW0[AF],4456785.0,21233433839.0,1424695846.0
5482,2052-02-01,GW_storage_CA_PGE_CEN_GW0[AF],4360713.0,21331717041.0,1429056559.0
5483,2052-03-01,GW_storage_CA_PGE_CEN_GW0[AF],4572883.0,21429607427.0,1433629442.0
5484,2052-04-01,GW_storage_CA_PGE_CEN_GW0[AF],4696706.0,21527851494.0,1438326148.0
5485,2052-05-01,GW_storage_CA_PGE_CEN_GW0[AF],4616537.0,21624977785.0,1442942685.0
5486,2052-06-01,GW_storage_CA_PGE_CEN_GW0[AF],4560387.0,21720857498.0,1447503072.0
5487,2052-07-01,GW_storage_CA_PGE_CEN_GW0[AF],4448430.0,21815421513.0,1451951502.0
5488,2052-08-01,GW_storage_CA_PGE_CEN_GW0[AF],4339169.0,21908765850.0,1456290671.0
5489,2052-09-01,GW_storage_CA_PGE_CEN_GW0[AF],4299883.0,22001026854.0,1460590554.0
5490,2052-10-01,GW_storage_CA_PGE_CEN_GW0[AF],4248480.0,22092179195.0,1464839034.0
5491,2052-11-01,GW_storage_CA_PGE_CEN_GW0[AF],4210959.0,22182158688.0,1469049993.0
5492,2052-12-01,GW_storage_CA_PGE_CEN_GW0[AF],4203776.0,22270990851.0,1473253769.0
5493,2053-01-01,GW_storage_CA_PGE_CEN_GW0[AF],4179652.0,22358572318.0,1477433421.0
5494,2053-02-01,GW_storage_CA_PGE_CEN_GW0[AF],4147955.0,22445234888.0,1481581376.0
5495,2053-03-01,GW_storage_CA_PGE_CEN_GW0[AF],4102547.0,22531338210.0,1485683923.0
5496,2053-04-01,GW_storage_CA_PGE_CEN_GW0[AF],4039846.0,22618197854.0,1489723769.0
5497,2053-05-01,GW_storage_CA_PGE_CEN_GW0[AF],4009660.0,22705000235.0,1493733429.0
5498,2053-06-01,GW_storage_CA_PGE_CEN_GW0[AF],3979827.0,22792005107.0,1497713256.0
5499,2053-07-01,GW_storage_CA_PGE_CEN_GW0[AF],3881527.0,22878611714.0,1501594783.0
5500,2053-08-01,GW_storage_CA_PGE_CEN_GW0[AF],3787860.0,22964123789.0,1505382643.0
5501,2053-09-01,GW_storage_CA_PGE_CEN_GW0[AF],3748799.0,23048536524.0,1509131442.0
5502,2053-10-01,GW_storage_CA_PGE_CEN_GW0[AF],3683828.0,23131866519.0,1512815270.0
5503,2053-11-01,GW_storage_CA_PGE_CEN_GW0[AF],3657766.0,23214276747.0,1516473036.0
5504,2053-12-01,GW_storage_CA_PGE_CEN_GW0[AF],3673038.0,23295578937.0,1520146074.0
5505,2054-01-01,GW_storage_CA_PGE_CEN_GW0[AF],3652547.0,23375761806.0,1523798621.0
5506,2054-02-01,GW_storage_CA_PGE_CEN_GW0[AF],3647165.0,23454991045.0,1527445786.0
5507,2054-03-01,GW_storage_CA_PGE_CEN_GW0[AF],3633798.0,23533194281.0,1531079584.0
5508,2054-04-01,GW_storage_CA_PGE_CEN_GW0[AF],3619041.0,23610840643.0,1534698625.0
5509,2054-05-01,GW_storage_CA_PGE_CEN_GW0[AF],3602973.0,23687968757.0,1538301598.0
5510,2054-06-01,GW_storage_CA_PGE_CEN_GW0[AF],3572340.0,23764134532.0,1541873938.0
5511,2054-07-01,GW_storage_CA_PGE_CEN_GW0[AF],3490019.0,23839346953.0,1545363957.0
5512,2054-08-01,GW_storage_CA_PGE_CEN_GW0[AF],3432122.0,23913680649.0,1548796079.0
5513,2054-09-01,GW_storage_CA_PGE_CEN_GW0[AF],3374227.0,23987275722.0,1552170306.0
5514,2054-10-01,GW_storage_CA_PGE_CEN_GW0[AF],3312780.0,24060063673.0,1555483086.0
5515,2054-11-01,GW_storage_CA_PGE_CEN_GW0[AF],3256251.0,24132040073.0,1558739337.0
5516,2054-12-01,GW_storage_CA_PGE_CEN_GW0[AF],3211264.0,24203075252.0,1561950601.0
5517,2055-01-01,GW_storage_CA_PGE_CEN_GW0[AF],3149975.0,24273232069.0,1565100576.0
5518,2055-02-01,GW_storage_CA_PGE_CEN_GW0[AF],3083765.0,24346983422.0,1568184341.0
5519,2055-03-01,GW_storage_CA_PGE_CEN_GW0[AF],4277180.0,24429418525.0,1572461521.0
5520,2055-04-01,GW_storage_CA_PGE_CEN_GW0[AF],4751407.0,24519974284.0,1577212928.0
5521,2055-05-01,GW_storage_CA_PGE_CEN_GW0[AF],4764282.0,24612887460.0,1581977210.0
5522,2055-06-01,GW_storage_CA_PGE_CEN_GW0[AF],4731583.0,24705731755.0,1586708793.0
5523,2055-07-01,GW_storage_CA_PGE_CEN_GW0[AF],4724711.0,24797561549.0,1591433504.0
5524,2055-08-01,GW_storage_CA_PGE_CEN_GW0[AF],4646470.0,24888417864.0,1596079974.0
5525,2055-09-01,GW_storage_CA_PGE_CEN_GW0[AF],4617969.0,24978247446.0,1600697943.0
5526,2055-10-01,GW_storage_CA_PGE_CEN_GW0[AF],4622998.0,25067037402.0,1605320941.0
5527,2055-11-01,GW_storage_CA_PGE_CEN_GW0[AF],4603431.0,25154620871.0,1609924372.0
5528,2055-12-01,GW_storage_CA_PGE_CEN_GW0[AF],4562699.0,25240958786.0,1614487071.0
5529,2056-01-01,GW_storage_CA_PGE_CEN_GW0[AF],4533849.0,25326085001.0,1619020920.0
5530,2056-02-01,GW_storage_CA_PGE_CEN_GW0[AF],4518892.0,25410115783.0,1623539812.0
5531,2056-03-01,GW_storage_CA_PGE_CEN_GW0[AF],4490376.0,25493046199.0,1628030188.0
5532,2056-04-01,GW_storage_CA_PGE_CEN_GW0[AF],4446483.0,25579867650.0,1632476671.0
5533,2056-05-01,GW_storage_CA_PGE_CEN_GW0[AF],4422131.0,25665994452.0,1636898802.0
5534,2056-06-01,GW_storage_CA_PGE_CEN_GW0[AF],4399593.0,25751014051.0,1641298395.0
5535,2056-07-01,GW_storage_CA_PGE_CEN_GW0[AF],4291819.0,25834999057.0,1645590214.0
5536,2056-08-01,GW_storage_CA_PGE_CEN_GW0[AF],4188952.0,25918012980.0,1649779166.0
5537,2056-09-01,GW_storage_CA_PGE_CEN_GW0[AF],4133636.0,26000006720.0,1653912802.0
5538,2056-10-01,GW_storage_CA_PGE_CEN_GW0[AF],4072145.0,26080893812.0,1657984947.0
5539,2056-11-01,GW_storage_CA_PGE_CEN_GW0[AF],4049846.0,26160908259.0,1662034793.0
5540,2056-12-01,GW_storage_CA_PGE_CEN_GW0[AF],4027775.0,26240212456.0,1666062568.0
5541,2057-01-01,GW_storage_CA_PGE_CEN_GW0[AF],3996835.0,26318587848.0,1670059403.0
5542,2057-02-01,GW_storage_CA_PGE_CEN_GW0[AF],3930402.0,26395985372.0,1673989805.0
5543,2057-03-01,GW_storage_CA_PGE_CEN_GW0[AF],3838100.0,26472734266.0,1677827905.0
5544,2057-04-01,GW_storage_CA_PGE_CEN_GW0[AF],3818464.0,26556295278.0,1681646369.0
5545,2057-05-01,GW_storage_CA_PGE_CEN_GW0[AF],3803506.0,26638790503.0,1685449875.0
5546,2057-06-01,GW_storage_CA_PGE_CEN_GW0[AF],3787831.0,26720263696.0,1689237706.0
5547,2057-07-01,GW_storage_CA_PGE_CEN_GW0[AF],3696638.0,26800720453.0,1692934344.0
5548,2057-08-01,GW_storage_CA_PGE_CEN_GW0[AF],3609039.0,26880212595.0,1696543383.0
5549,2057-09-01,GW_storage_CA_PGE_CEN_GW0[AF],3535324.0,26958875022.0,1700078707.0
5550,2057-10-01,GW_storage_CA_PGE_CEN_GW0[AF],3483747.0,27036568588.0,1703562454.0
5551,2057-11-01,GW_storage_CA_PGE_CEN_GW0[AF],3449120.0,27113396201.0,1707011574.0
5552,2057-12-01,GW_storage_CA_PGE_CEN_GW0[AF],3434904.0,27189264327.0,1710446478.0
5553,2058-01-01,GW_storage_CA_PGE_CEN_GW0[AF],3365789.0,27264124633.0,1713812267.0
5554,2058-02-01,GW_storage_CA_PGE_CEN_GW0[AF],6232474.0,27348265847.0,1720044741.0
5555,2058-03-01,GW_storage_CA_PGE_CEN_GW0[AF],9086323.0,27440889382.0,1729131064.0
5556,2058-04-01,GW_storage_CA_PGE_CEN_GW0[AF],10850604.0,27539133274.0,1739981668.0
5557,2058-05-01,GW_storage_CA_PGE_CEN_GW0[AF],11002772.0,27639449314.0,1750984440.0
5558,2058-06-01,GW_storage_CA_PGE_CEN_GW0[AF],10785744.0,27738779306.0,1761770184.0
5559,2058-07-01,GW_storage_CA_PGE_CEN_GW0[AF],10626790.0,27837531793.0,1772396974.0
5560,2058-08-01,GW_storage_CA_PGE_CEN_GW0[AF],10488282.0,27935280444.0,1782885256.0
5561,2058-09-01,GW_storage_CA_PGE_CEN_GW0[AF],10356071.0,28031862865.0,1793241327.0
5562,2058-10-01,GW_storage_CA_PGE_CEN_GW0[AF],10214362.0,28127260463.0,1803455689.0
5563,2058-11-01,GW_storage_CA_PGE_CEN_GW0[AF],10072344.0,28221366217.0,1813528033.0
5564,2058-12-01,GW_storage_CA_PGE_CEN_GW0[AF],9922710.0,28314157055.0,1823450743.0
5565,2059-01-01,GW_storage_CA_PGE_CEN_GW0[AF],9676791.0,28405540773.0,1833127534.0
5566,2059-02-01,GW_storage_CA_PGE_CEN_GW0[AF],10424123.0,28502067677.0,1843551657.0
5567,2059-03-01,GW_storage_CA_PGE_CEN_GW0[AF],13557254.0,28605457246.0,1857108911.0
5568,2059-04-01,GW_storage_CA_PGE_CEN_GW0[AF],14613488.0,28717814838.0,1871722399.0
5569,2059-05-01,GW_storage_CA_PGE_CEN_GW0[AF],14764951.0,28830913147.0,1886487350.0
5570,2059-06-01,GW_storage_CA_PGE_CEN_GW0[AF],14428742.0,28943770190.0,1900916092.0
5571,2059-07-01,GW_storage_CA_PGE_CEN_GW0[AF],14197235.0,29055182582.0,1915113327.0
5572,2059-08-01,GW_storage_CA_PGE_CEN_GW0[AF],13956445.0,29165160032.0,1929069772.0
5573,2059-09-01,GW_storage_CA_PGE_CEN_GW0[AF],13727336.0,29273920291.0,1942797108.0
5574,2059-10-01,GW_storage_CA_PGE_CEN_GW0[AF],13496911.0,29381402010.0,1956294019.0
5575,2059-11-01,GW_storage_CA_PGE_CEN_GW0[AF],13234682.0,29487451547.0,1969528701.0
5576,2059-12-01,GW_storage_CA_PGE_CEN_GW0[AF],12967623.0,29592083281.0,1982496324.0
5577,2060-01-01,GW_storage_CA_PGE_CEN_GW0[AF],12648155.0,29695071869.0,1995144479.0
5578,2060-02-01,GW_storage_CA_PGE_CEN_GW0[AF],13274735.0,29797999369.0,2008419214.0
5579,2060-03-01,GW_storage_CA_PGE_CEN_GW0[AF],14381829.0,29907235449.0,2022801043.0
5580,2060-04-01,GW_storage_CA_PGE_CEN_GW0[AF],14732452.0,30022282651.0,2037533495.0
5581,2060-05-01,GW_storage_CA_PGE_CEN_GW0[AF],14849861.0,30138204137.0,2052383356.0
5582,2060-06-01,GW_storage_CA_PGE_CEN_GW0[AF],14911597.0,30253989194.0,2067294953.0
5583,2060-07-01,GW_storage_CA_PGE_CEN_GW0[AF],15022984.0,30369445165.0,2082317937.0
5584,2060-08-01,GW_storage_CA_PGE_CEN_GW0[AF],14730984.0,30483354195.0,2097048921.0
5585,2060-09-01,GW_storage_CA_PGE_CEN_GW0[AF],14415621.0,30595912136.0,2111464542.0
5586,2060-10-01,GW_storage_CA_PGE_CEN_GW0[AF],14117424.0,30707058453.0,2125581966.0
5587,2060-11-01,GW_storage_CA_PGE_CEN_GW0[AF],13818979.0,30816686913.0,2139400945.0
5588,2060-12-01,GW_storage_CA_PGE_CEN_GW0[AF],13476407.0,30924630927.0,2152877352.0
5589,2061-01-01,GW_storage_CA_PGE_CEN_GW0[AF],14472927.0,31038058188.0,2167350279.0
5590,2061-02-01,GW_storage_CA_PGE_CEN_GW0[AF],16408613.0,31163247262.0,2183758892.0
5591,2061-03-01,GW_storage_CA_PGE_CEN_GW0[AF],19211108.0,31301926464.0,2202970000.0
5592,2061-04-01,GW_storage_CA_PGE_CEN_GW0[AF],19682495.0,31460043743.0,2222652495.0
5593,2061-05-01,GW_storage_CA_PGE_CEN_GW0[AF],20079937.0,31621719240.0,2242732432.0
5594,2061-06-01,GW_storage_CA_PGE_CEN_GW0[AF],20235828.0,31781944019.0,2262968260.0
5595,2061-07-01,GW_storage_CA_PGE_CEN_GW0[AF],20463785.0,31940594248.0,2283432045.0
5596,2061-08-01,GW_storage_CA_PGE_CEN_GW0[AF],20645522.0,32097666692.0,2304077567.0
5597,2061-09-01,GW_storage_CA_PGE_CEN_GW0[AF],20801579.0,32253244922.0,2324879146.0
5598,2061-10-01,GW_storage_CA_PGE_CEN_GW0[AF],20940801.0,32407132898.0,2345819947.0
5599,2061-11-01,GW_storage_CA_PGE_CEN_GW0[AF],21001606.0,32559108380.0,2366821553.0
5600,2061-12-01,GW_storage_CA_PGE_CEN_GW0[AF],21190147.0,32709321481.0,2388011700.0
5601,2062-01-01,GW_storage_CA_PGE_CEN_GW0[AF],22169991.0,32858735378.0,2410181691.0
5602,2062-02-01,GW_storage_CA_PGE_CEN_GW0[AF],27397095.0,33022044851.0,2437578786.0
5603,2062-03-01,GW_storage_CA_PGE_CEN_GW0[AF],32357028.0,33198837130.0,2469935814.0
5604,2062-04-01,GW_storage_CA_PGE_CEN_GW0[AF],34387235.0,33390837210.0,2504323049.0
5605,2062-05-01,GW_storage_CA_PGE_CEN_GW0[AF],34707306.0,33584259641.0,2539030355.0
5606,2062-06-01,GW_storage_CA_PGE_CEN_GW0[AF],34895709.0,33776858517.0,2573926064.0
5607,2062-07-01,GW_storage_CA_PGE_CEN_GW0[AF],35171620.0,33967635736.0,2609097684.0
5608,2062-08-01,GW_storage_CA_PGE_CEN_GW0[AF],35399910.0,34156855847.0,2644497594.0
5609,2062-09-01,GW_storage_CA_PGE_CEN_GW0[AF],35603554.0,34344548104.0,2680101148.0
5610,2062-10-01,GW_storage_CA_PGE_CEN_GW0[AF],35791279.0,34530332137.0,2715892427.0
5611,2062-11-01,GW_storage_CA_PGE_CEN_GW0[AF],35861993.0,34714073091.0,2751754420.0
5612,2062-12-01,GW_storage_CA_PGE_CEN_GW0[AF],35955485.0,34895778448.0,2787709905.0
5613,2063-01-01,GW_storage_CA_PGE_CEN_GW0[AF],38484143.0,35079072230.0,2826194048.0
5614,2063-02-01,GW_storage_CA_PGE_CEN_GW0[AF],41523448.0,35269350335.0,2867717496.0
5615,2063-03-01,GW_storage_CA_PGE_CEN_GW0[AF],46784737.0,35470064786.0,2914502233.0
5616,2063-04-01,GW_storage_CA_PGE_CEN_GW0[AF],51313252.0,35683040547.0,2965815485.0
5617,2063-05-01,GW_storage_CA_PGE_CEN_GW0[AF],52906914.0,35907121073.0,3018722399.0
5618,2063-06-01,GW_storage_CA_PGE_CEN_GW0[AF],53359031.0,36134854310.0,3072081430.0
5619,2063-07-01,GW_storage_CA_PGE_CEN_GW0[AF],53580867.0,36361472567.0,3125662297.0
5620,2063-08-01,GW_storage_CA_PGE_CEN_GW0[AF],53746433.0,36586142514.0,3179408730.0
5621,2063-09-01,GW_storage_CA_PGE_CEN_GW0[AF],53885837.0,36808934029.0,3233294567.0
5622,2063-10-01,GW_storage_CA_PGE_CEN_GW0[AF],54014131.0,37029507927.0,3287308698.0
5623,2063-11-01,GW_storage_CA_PGE_CEN_GW0[AF],54161805.0,37248012309.0,3341470503.0
5624,2063-12-01,GW_storage_CA_PGE_CEN_GW0[AF],54468424.0,37465671472.0,3395938927.0
5625,2064-01-01,GW_storage_CA_PGE_CEN_GW0[AF],57260399.0,37694815963.0,3453199326.0
5626,2064-02-01,GW_storage_CA_PGE_CEN_GW0[AF],63793635.0,37945097639.0,3516992961.0
5627,2064-03-01,GW_storage_CA_PGE_CEN_GW0[AF],69327897.0,38213638934.0,3586320858.0
5628,2064-04-01,GW_storage_CA_PGE_CEN_GW0[AF],70415515.0,38493367090.0,3656736373.0
5629,2064-05-01,GW_storage_CA_PGE_CEN_GW0[AF],70787123.0,38776738105.0,3727523496.0
5630,2064-06-01,GW_storage_CA_PGE_CEN_GW0[AF],71063214.0,39060661713.0,3798586710.0
5631,2064-07-01,GW_storage_CA_PGE_CEN_GW0[AF],71384717.0,39341932866.0,3869971427.0
5632,2064-08-01,GW_storage_CA_PGE_CEN_GW0[AF],71590795.0,39620711220.0,3941562222.0
5633,2064-09-01,GW_storage_CA_PGE_CEN_GW0[AF],71749496.0,39897002798.0,4013311718.0
5634,2064-10-01,GW_storage_CA_PGE_CEN_GW0[AF],72021766.0,40170736712.0,4085333484.0
5635,2064-11-01,GW_storage_CA_PGE_CEN_GW0[AF],72205735.0,40442044957.0,4157539219.0
5636,2064-12-01,GW_storage_CA_PGE_CEN_GW0[AF],72548583.0,40711834451.0,4230087802.0
5637,2065-01-01,GW_storage_CA_PGE_CEN_GW0[AF],72943398.0,40982757097.0,4303031200.0
5638,2065-02-01,GW_storage_CA_PGE_CEN_GW0[AF],73518972.0,41255716076.0,4376550172.0
5639,2065-03-01,GW_storage_CA_PGE_CEN_GW0[AF],74184668.0,41533378347.0,4450734840.0
5640,2065-04-01,GW_storage_CA_PGE_CEN_GW0[AF],74499685.0,41819419395.0,4525234525.0
5641,2065-05-01,GW_storage_CA_PGE_CEN_GW0[AF],74746552.0,42107659636.0,4599981077.0
5642,2065-06-01,GW_storage_CA_PGE_CEN_GW0[AF],74939933.0,42393392346.0,4674921010.0
5643,2065-07-01,GW_storage_CA_PGE_CEN_GW0[AF],75176938.0,42678359041.0,4750097948.0
5644,2065-08-01,GW_storage_CA_PGE_CEN_GW0[AF],75317539.0,42960938762.0,4825415487.0
5645,2065-09-01,GW_storage_CA_PGE_CEN_GW0[AF],75435094.0,43241061639.0,4900850581.0
5646,2065-10-01,GW_storage_CA_PGE_CEN_GW0[AF],75536607.0,43518553408.0,4976387188.0
5647,2065-11-01,GW_storage_CA_PGE_CEN_GW0[AF],75626892.0,43793351378.0,5052014080.0
5648,2065-12-01,GW_storage_CA_PGE_CEN_GW0[AF],75714457.0,44065325818.0,5127728537.0
5649,2066-01-01,GW_storage_CA_PGE_CEN_GW0[AF],75808838.0,44334625115.0,5203537375.0
5650,2066-02-01,GW_storage_CA_PGE_CEN_GW0[AF],75912703.0,44601575728.0,5279450078.0
5651,2066-03-01,GW_storage_CA_PGE_CEN_GW0[AF],76027038.0,44865977654.0,5355477116.0
5652,2066-04-01,GW_storage_CA_PGE_CEN_GW0[AF],76122638.0,45130939542.0,5431599754.0
5653,2066-05-01,GW_storage_CA_PGE_CEN_GW0[AF],76208625.0,45393925169.0,5507808379.0
5654,2066-06-01,GW_storage_CA_PGE_CEN_GW0[AF],76307868.0,45654573916.0,5584116247.0
5655,2066-07-01,GW_storage_CA_PGE_CEN_GW0[AF],76432769.0,45912927675.0,5660549016.0
5656,2066-08-01,GW_storage_CA_PGE_CEN_GW0[AF],76523924.0,46169111465.0,5737072940.0
5657,2066-09-01,GW_storage_CA_PGE_CEN_GW0[AF],76590036.0,46423600426.0,5813662976.0
5658,2066-10-01,GW_storage_CA_PGE_CEN_GW0[AF],76632437.0,46676263355.0,5890295413.0
5659,2066-11-01,GW_storage_CA_PGE_CEN_GW0[AF],76666114.0,46927228863.0,5966961527.0
5660,2066-12-01,GW_storage_CA_PGE_CEN_GW0[AF],76694005.0,47176198480.0,6043655532.0
5661,2067-01-01,GW_storage_CA_PGE_CEN_GW0[AF],76713622.0,47422896821.0,6120369154.0
5662,2067-02-01,GW_storage_CA_PGE_CEN_GW0[AF],76756144.0,47667661431.0,6197125298.0
5663,2067-03-01,GW_storage_CA_PGE_CEN_GW0[AF],76789294.0,47910308464.0,6273914592.0
5664,2067-04-01,GW_storage_CA_PGE_CEN_GW0[AF],76804824.0,48151085524.0,6350719416.0
5665,2067-05-01,GW_storage_CA_PGE_CEN_GW0[AF],76809069.0,48389950965.0,6427528485.0
5666,2067-06-01,GW_storage_CA_PGE_CEN_GW0[AF],76839863.0,48627002221.0,6504368348.0
5667,2067-07-01,GW_storage_CA_PGE_CEN_GW0[AF],76837898.0,48862124917.0,6581206246.0
5668,2067-08-01,GW_storage_CA_PGE_CEN_GW0[AF],76801178.0,49095321876.0,6658007424.0
5669,2067-09-01,GW_storage_CA_PGE_CEN_GW0[AF],76737712.0,49326841519.0,6734745136.0
5670,2067-10-01,GW_storage_CA_PGE_CEN_GW0[AF],76651761.0,49556552267.0,6811396897.0
5671,2067-11-01,GW_storage_CA_PGE_CEN_GW0[AF],76587310.0,49784868208.0,6887984207.0
5672,2067-12-01,GW_storage_CA_PGE_CEN_GW0[AF],76623766.0,50011545293.0,6964607973.0
5673,2068-01-01,GW_storage_CA_PGE_CEN_GW0[AF],77805089.0,50238331069.0,7042413062.0
5674,2068-02-01,GW_storage_CA_PGE_CEN_GW0[AF],82088780.0,50478937732.0,7124501842.0
5675,2068-03-01,GW_storage_CA_PGE_CEN_GW0[AF],91049993.0,50739381265.0,7215551835.0
5676,2068-04-01,GW_storage_CA_PGE_CEN_GW0[AF],94407781.0,51011294375.0,7309959616.0
5677,2068-05-01,GW_storage_CA_PGE_CEN_GW0[AF],95017063.0,51290774772.0,7404976679.0
5678,2068-06-01,GW_storage_CA_PGE_CEN_GW0[AF],95169777.0,51571539123.0,7500146456.0
5679,2068-07-01,GW_storage_CA_PGE_CEN_GW0[AF],95347232.0,51851333229.0,7595493688.0
5680,2068-08-01,GW_storage_CA_PGE_CEN_GW0[AF],95476757.0,52129191774.0,7690970445.0
5681,2068-09-01,GW_storage_CA_PGE_CEN_GW0[AF],95602897.0,52405096290.0,7786573342.0
5682,2068-10-01,GW_storage_CA_PGE_CEN_GW0[AF],95718946.0,52678907664.0,7882292288.0
5683,2068-11-01,GW_storage_CA_PGE_CEN_GW0[AF],95750417.0,52950483517.0,7978042705.0
5684,2068-12-01,GW_storage_CA_PGE_CEN_GW0[AF],95797165.0,53219819895.0,8073839870.0
5685,2069-01-01,GW_storage_CA_PGE_CEN_GW0[AF],95873911.0,53487155316.0,8169713781.0
5686,2069-02-01,GW_storage_CA_PGE_CEN_GW0[AF],96145205.0,53760870931.0,8265858986.0
5687,2069-03-01,GW_storage_CA_PGE_CEN_GW0[AF],96639253.0,54039428849.0,8362498239.0
5688,2069-04-01,GW_storage_CA_PGE_CEN_GW0[AF],96809885.0,54324092180.0,8459308124.0
5689,2069-05-01,GW_storage_CA_PGE_CEN_GW0[AF],96924237.0,54609436481.0,8556232361.0
5690,2069-06-01,GW_storage_CA_PGE_CEN_GW0[AF],96996105.0,54894337917.0,8653228466.0
5691,2069-07-01,GW_storage_CA_PGE_CEN_GW0[AF],97131740.0,55177218144.0,8750360206.0
5692,2069-08-01,GW_storage_CA_PGE_CEN_GW0[AF],97229600.0,55458179949.0,8847589806.0
5693,2069-09-01,GW_storage_CA_PGE_CEN_GW0[AF],97301357.0,55737226700.0,8944891163.0
5694,2069-10-01,GW_storage_CA_PGE_CEN_GW0[AF],97352601.0,56014313112.0,9042243764.0
5695,2069-11-01,GW_storage_CA_PGE_CEN_GW0[AF],97352933.0,56289244905.0,9139596697.0
5696,2069-12-01,GW_storage_CA_PGE_CEN_GW0[AF],97360164.0,56561948550.0,9236956861.0
5697,2070-01-01,GW_storage_CA_PGE_CEN_GW0[AF],97372299.0,56832455571.0,9334329160.0
5698,2070-02-01,GW_storage_CA_PGE_CEN_GW0[AF],97396734.0,57101031869.0,9431725894.0
5699,2070-03-01,GW_storage_CA_PGE_CEN_GW0[AF],97415407.0,57367456127.0,9529141301.0
5700,2070-04-01,GW_storage_CA_PGE_CEN_GW0[AF],97433938.0,57631884127.0,9626575239.0
5701,2070-05-01,GW_storage_CA_PGE_CEN_GW0[AF],97439843.0,57894580730.0,9724015082.0
5702,2070-06-01,GW_storage_CA_PGE_CEN_GW0[AF],97441788.0,58156625113.0,9821456870.0
5703,2070-07-01,GW_storage_CA_PGE_CEN_GW0[AF],97458924.0,58417720429.0,9918915794.0
5704,2070-08-01,GW_storage_CA_PGE_CEN_GW0[AF],97448658.0,58677125935.0,10016364452.0
5705,2070-09-01,GW_storage_CA_PGE_CEN_GW0[AF],97418047.0,58935122487.0,10113782499.0
5706,2070-10-01,GW_storage_CA_PGE_CEN_GW0[AF],97365155.0,59191573450.0,10211147654.0
5707,2070-11-01,GW_storage_CA_PGE_CEN_GW0[AF],97327997.0,59446278042.0,10308475651.0
5708,2070-12-01,GW_storage_CA_PGE_CEN_GW0[AF],97328724.0,59699129256.0,10405804375.0
5709,2021-10-01,GW_storage_CA_PGE_CEN_GW1[AF],-3.0,1228184.0,-3.0
5710,2021-11-01,GW_storage_CA_PGE_CEN_GW1[AF],-3.0,1408873.0,-6.0
5711,2021-12-01,GW_storage_CA_PGE_CEN_GW1[AF],34.0,1583705.0,28.0
5712,2022-01-01,GW_storage_CA_PGE_CEN_GW1[AF],205.0,1753848.0,233.0
5713,2022-02-01,GW_storage_CA_PGE_CEN_GW1[AF],221.0,1920342.0,454.0
5714,2022-03-01,GW_storage_CA_PGE_CEN_GW1[AF],221.0,2083476.0,675.0
5715,2022-04-01,GW_storage_CA_PGE_CEN_GW1[AF],220.0,2243387.0,895.0
5716,2022-05-01,GW_storage_CA_PGE_CEN_GW1[AF],218.0,2522880.0,1113.0
5717,2022-06-01,GW_storage_CA_PGE_CEN_GW1[AF],220.0,3551564.0,1333.0
5718,2022-07-01,GW_storage_CA_PGE_CEN_GW1[AF],218.0,4562843.0,1551.0
5719,2022-08-01,GW_storage_CA_PGE_CEN_GW1[AF],217.0,5557441.0,1768.0
5720,2022-09-01,GW_storage_CA_PGE_CEN_GW1[AF],215.0,6536311.0,1983.0
5721,2022-10-01,GW_storage_CA_PGE_CEN_GW1[AF],215.0,7499151.0,2198.0
5722,2022-11-01,GW_storage_CA_PGE_CEN_GW1[AF],213.0,8445383.0,2411.0
5723,2022-12-01,GW_storage_CA_PGE_CEN_GW1[AF],210.0,9374562.0,2621.0
5724,2023-01-01,GW_storage_CA_PGE_CEN_GW1[AF],208.0,10287031.0,2829.0
5725,2023-02-01,GW_storage_CA_PGE_CEN_GW1[AF],204.0,11192982.0,3033.0
5726,2023-03-01,GW_storage_CA_PGE_CEN_GW1[AF],201.0,12082492.0,3234.0
5727,2023-04-01,GW_storage_CA_PGE_CEN_GW1[AF],198.0,12955603.0,3432.0
5728,2023-05-01,GW_storage_CA_PGE_CEN_GW1[AF],197.0,13813215.0,3629.0
5729,2023-06-01,GW_storage_CA_PGE_CEN_GW1[AF],195.0,15164430.0,3824.0
5730,2023-07-01,GW_storage_CA_PGE_CEN_GW1[AF],192.0,17236845.0,4016.0
5731,2023-08-01,GW_storage_CA_PGE_CEN_GW1[AF],191.0,19274971.0,4207.0
5732,2023-09-01,GW_storage_CA_PGE_CEN_GW1[AF],188.0,21282260.0,4395.0
5733,2023-10-01,GW_storage_CA_PGE_CEN_GW1[AF],187.0,23279746.0,4582.0
5734,2023-11-01,GW_storage_CA_PGE_CEN_GW1[AF],185.0,25247116.0,4767.0
5735,2023-12-01,GW_storage_CA_PGE_CEN_GW1[AF],183.0,27178503.0,4950.0
5736,2024-01-01,GW_storage_CA_PGE_CEN_GW1[AF],177.0,29079026.0,5127.0
5737,2024-02-01,GW_storage_CA_PGE_CEN_GW1[AF],175.0,30951693.0,5302.0
5738,2024-03-01,GW_storage_CA_PGE_CEN_GW1[AF],173.0,32794640.0,5475.0
5739,2024-04-01,GW_storage_CA_PGE_CEN_GW1[AF],172.0,34598451.0,5647.0
5740,2024-05-01,GW_storage_CA_PGE_CEN_GW1[AF],170.0,36379549.0,5817.0
5741,2024-06-01,GW_storage_CA_PGE_CEN_GW1[AF],169.0,38134426.0,5986.0
5742,2024-07-01,GW_storage_CA_PGE_CEN_GW1[AF],168.0,39862715.0,6154.0
5743,2024-08-01,GW_storage_CA_PGE_CEN_GW1[AF],166.0,41565221.0,6320.0
5744,2024-09-01,GW_storage_CA_PGE_CEN_GW1[AF],166.0,43242727.0,6486.0
5745,2024-10-01,GW_storage_CA_PGE_CEN_GW1[AF],166.0,44894530.0,6652.0
5746,2024-11-01,GW_storage_CA_PGE_CEN_GW1[AF],165.0,46522142.0,6817.0
5747,2024-12-01,GW_storage_CA_PGE_CEN_GW1[AF],165.0,48125394.0,6982.0
5748,2025-01-01,GW_storage_CA_PGE_CEN_GW1[AF],168.0,49704625.0,7150.0
5749,2025-02-01,GW_storage_CA_PGE_CEN_GW1[AF],175.0,51264049.0,7325.0
5750,2025-03-01,GW_storage_CA_PGE_CEN_GW1[AF],176.0,52800150.0,7501.0
5751,2025-04-01,GW_storage_CA_PGE_CEN_GW1[AF],176.0,54422403.0,7677.0
5752,2025-05-01,GW_storage_CA_PGE_CEN_GW1[AF],174.0,56023530.0,7851.0
5753,2025-06-01,GW_storage_CA_PGE_CEN_GW1[AF],173.0,57673121.0,8024.0
5754,2025-07-01,GW_storage_CA_PGE_CEN_GW1[AF],189.0,59233291.0,8213.0
5755,2025-08-01,GW_storage_CA_PGE_CEN_GW1[AF],-14423.0,60752330.0,-6210.0
5756,2025-09-01,GW_storage_CA_PGE_CEN_GW1[AF],-9931.0,63291561.0,-16141.0
5757,2025-10-01,GW_storage_CA_PGE_CEN_GW1[AF],-7304.0,66117192.0,-23445.0
5758,2025-11-01,GW_storage_CA_PGE_CEN_GW1[AF],-5718.0,69169207.0,-29163.0
5759,2025-12-01,GW_storage_CA_PGE_CEN_GW1[AF],-4709.0,72377661.0,-33872.0
5760,2026-01-01,GW_storage_CA_PGE_CEN_GW1[AF],-4420.0,75644729.0,-38292.0
5761,2026-02-01,GW_storage_CA_PGE_CEN_GW1[AF],38876.0,83025589.0,584.0
5762,2026-03-01,GW_storage_CA_PGE_CEN_GW1[AF],38922.0,93674924.0,39506.0
5763,2026-04-01,GW_storage_CA_PGE_CEN_GW1[AF],38830.0,112497734.0,78336.0
5764,2026-05-01,GW_storage_CA_PGE_CEN_GW1[AF],38624.0,136460613.0,116960.0
5765,2026-06-01,GW_storage_CA_PGE_CEN_GW1[AF],38374.0,160180041.0,155334.0
5766,2026-07-01,GW_storage_CA_PGE_CEN_GW1[AF],38086.0,184580314.0,193420.0
5767,2026-08-01,GW_storage_CA_PGE_CEN_GW1[AF],37788.0,208538131.0,231208.0
5768,2026-09-01,GW_storage_CA_PGE_CEN_GW1[AF],37494.0,232132273.0,268702.0
5769,2026-10-01,GW_storage_CA_PGE_CEN_GW1[AF],37187.0,255250646.0,305889.0
5770,2026-11-01,GW_storage_CA_PGE_CEN_GW1[AF],36892.0,277908394.0,342781.0
5771,2026-12-01,GW_storage_CA_PGE_CEN_GW1[AF],36590.0,300103214.0,379371.0
5772,2027-01-01,GW_storage_CA_PGE_CEN_GW1[AF],36271.0,321847786.0,415642.0
5773,2027-02-01,GW_storage_CA_PGE_CEN_GW1[AF],36000.0,343199646.0,451642.0
5774,2027-03-01,GW_storage_CA_PGE_CEN_GW1[AF],114668.0,369620421.0,566310.0
5775,2027-04-01,GW_storage_CA_PGE_CEN_GW1[AF],210300.0,409179141.0,776610.0
5776,2027-05-01,GW_storage_CA_PGE_CEN_GW1[AF],248541.0,455970259.0,1025151.0
5777,2027-06-01,GW_storage_CA_PGE_CEN_GW1[AF],242575.0,506103237.0,1267726.0
5778,2027-07-01,GW_storage_CA_PGE_CEN_GW1[AF],236559.0,558027240.0,1504285.0
5779,2027-08-01,GW_storage_CA_PGE_CEN_GW1[AF],230692.0,610747556.0,1734977.0
5780,2027-09-01,GW_storage_CA_PGE_CEN_GW1[AF],225155.0,662576568.0,1960132.0
5781,2027-10-01,GW_storage_CA_PGE_CEN_GW1[AF],219572.0,713531026.0,2179704.0
5782,2027-11-01,GW_storage_CA_PGE_CEN_GW1[AF],214301.0,763602436.0,2394005.0
5783,2027-12-01,GW_storage_CA_PGE_CEN_GW1[AF],208987.0,812846873.0,2602992.0
5784,2028-01-01,GW_storage_CA_PGE_CEN_GW1[AF],203805.0,861121911.0,2806797.0
5785,2028-02-01,GW_storage_CA_PGE_CEN_GW1[AF],253552.0,908650771.0,3060349.0
5786,2028-03-01,GW_storage_CA_PGE_CEN_GW1[AF],291957.0,959000163.0,3352306.0
5787,2028-04-01,GW_storage_CA_PGE_CEN_GW1[AF],284953.0,1012039411.0,3637259.0
5788,2028-05-01,GW_storage_CA_PGE_CEN_GW1[AF],277885.0,1068060916.0,3915144.0
5789,2028-06-01,GW_storage_CA_PGE_CEN_GW1[AF],271215.0,1125203670.0,4186359.0
5790,2028-07-01,GW_storage_CA_PGE_CEN_GW1[AF],264488.0,1183903968.0,4450847.0
5791,2028-08-01,GW_storage_CA_PGE_CEN_GW1[AF],257930.0,1241633200.0,4708777.0
5792,2028-09-01,GW_storage_CA_PGE_CEN_GW1[AF],251740.0,1298536546.0,4960517.0
5793,2028-10-01,GW_storage_CA_PGE_CEN_GW1[AF],245496.0,1354465802.0,5206013.0
5794,2028-11-01,GW_storage_CA_PGE_CEN_GW1[AF],239604.0,1409406877.0,5445617.0
5795,2028-12-01,GW_storage_CA_PGE_CEN_GW1[AF],233662.0,1463330743.0,5679279.0
5796,2029-01-01,GW_storage_CA_PGE_CEN_GW1[AF],227869.0,1516331973.0,5907148.0
5797,2029-02-01,GW_storage_CA_PGE_CEN_GW1[AF],222766.0,1568436361.0,6129914.0
5798,2029-03-01,GW_storage_CA_PGE_CEN_GW1[AF],217243.0,1622957905.0,6347157.0
5799,2029-04-01,GW_storage_CA_PGE_CEN_GW1[AF],212028.0,1679352962.0,6559185.0
5800,2029-05-01,GW_storage_CA_PGE_CEN_GW1[AF],206770.0,1742904338.0,6765955.0
5801,2029-06-01,GW_storage_CA_PGE_CEN_GW1[AF],201808.0,1807169538.0,6967763.0
5802,2029-07-01,GW_storage_CA_PGE_CEN_GW1[AF],196803.0,1872474684.0,7164566.0
5803,2029-08-01,GW_storage_CA_PGE_CEN_GW1[AF],191923.0,1936569687.0,7356489.0
5804,2029-09-01,GW_storage_CA_PGE_CEN_GW1[AF],187453.0,1999536921.0,7543942.0
5805,2029-10-01,GW_storage_CA_PGE_CEN_GW1[AF],183423.0,2061251234.0,7727365.0
5806,2029-11-01,GW_storage_CA_PGE_CEN_GW1[AF],180022.0,2121792309.0,7907387.0
5807,2029-12-01,GW_storage_CA_PGE_CEN_GW1[AF],176947.0,2181276298.0,8084334.0
5808,2030-01-01,GW_storage_CA_PGE_CEN_GW1[AF],174022.0,2239598911.0,8258356.0
5809,2030-02-01,GW_storage_CA_PGE_CEN_GW1[AF],170926.0,2296908282.0,8429282.0
5810,2030-03-01,GW_storage_CA_PGE_CEN_GW1[AF],166770.0,2353273149.0,8596052.0
5811,2030-04-01,GW_storage_CA_PGE_CEN_GW1[AF],162772.0,2408813513.0,8758824.0
5812,2030-05-01,GW_storage_CA_PGE_CEN_GW1[AF],158737.0,2463288321.0,8917561.0
5813,2030-06-01,GW_storage_CA_PGE_CEN_GW1[AF],154931.0,2519189259.0,9072492.0
5814,2030-07-01,GW_storage_CA_PGE_CEN_GW1[AF],151089.0,2574987711.0,9223581.0
5815,2030-08-01,GW_storage_CA_PGE_CEN_GW1[AF],147355.0,2629845780.0,9370936.0
5816,2030-09-01,GW_storage_CA_PGE_CEN_GW1[AF],144292.0,2683731630.0,9515228.0
5817,2030-10-01,GW_storage_CA_PGE_CEN_GW1[AF],141670.0,2736573135.0,9656898.0
5818,2030-11-01,GW_storage_CA_PGE_CEN_GW1[AF],139572.0,2788437015.0,9796470.0
5819,2030-12-01,GW_storage_CA_PGE_CEN_GW1[AF],137719.0,2839371858.0,9934189.0
5820,2031-01-01,GW_storage_CA_PGE_CEN_GW1[AF],135904.0,2889285425.0,10070093.0
5821,2031-02-01,GW_storage_CA_PGE_CEN_GW1[AF],133888.0,2938331300.0,10203981.0
5822,2031-03-01,GW_storage_CA_PGE_CEN_GW1[AF],131076.0,2986403207.0,10335057.0
5823,2031-04-01,GW_storage_CA_PGE_CEN_GW1[AF],186996.0,3034117058.0,10522053.0
5824,2031-05-01,GW_storage_CA_PGE_CEN_GW1[AF],223498.0,3081639947.0,10745551.0
5825,2031-06-01,GW_storage_CA_PGE_CEN_GW1[AF],218133.0,3128466639.0,10963684.0
5826,2031-07-01,GW_storage_CA_PGE_CEN_GW1[AF],212724.0,3175256040.0,11176408.0
5827,2031-08-01,GW_storage_CA_PGE_CEN_GW1[AF],207449.0,3221201089.0,11383857.0
5828,2031-09-01,GW_storage_CA_PGE_CEN_GW1[AF],202470.0,3266538806.0,11586327.0
5829,2031-10-01,GW_storage_CA_PGE_CEN_GW1[AF],197449.0,3311005126.0,11783776.0
5830,2031-11-01,GW_storage_CA_PGE_CEN_GW1[AF],192711.0,3354843436.0,11976487.0
5831,2031-12-01,GW_storage_CA_PGE_CEN_GW1[AF],188022.0,3397917039.0,12164509.0
5832,2032-01-01,GW_storage_CA_PGE_CEN_GW1[AF],183359.0,3440765830.0,12347868.0
5833,2032-02-01,GW_storage_CA_PGE_CEN_GW1[AF],429049.0,3500332884.0,12776917.0
5834,2032-03-01,GW_storage_CA_PGE_CEN_GW1[AF],517551.0,3570397039.0,13294468.0
5835,2032-04-01,GW_storage_CA_PGE_CEN_GW1[AF],567945.0,3645988541.0,13862413.0
5836,2032-05-01,GW_storage_CA_PGE_CEN_GW1[AF],601575.0,3723860841.0,14463988.0
5837,2032-06-01,GW_storage_CA_PGE_CEN_GW1[AF],625602.0,3803847465.0,15089590.0
5838,2032-07-01,GW_storage_CA_PGE_CEN_GW1[AF],610085.0,3884065220.0,15699675.0
5839,2032-08-01,GW_storage_CA_PGE_CEN_GW1[AF],594953.0,3963910669.0,16294628.0
5840,2032-09-01,GW_storage_CA_PGE_CEN_GW1[AF],580674.0,4042724779.0,16875302.0
5841,2032-10-01,GW_storage_CA_PGE_CEN_GW1[AF],566272.0,4120308321.0,17441574.0
5842,2032-11-01,GW_storage_CA_PGE_CEN_GW1[AF],552682.0,4196679403.0,17994256.0
5843,2032-12-01,GW_storage_CA_PGE_CEN_GW1[AF],538975.0,4271822754.0,18533231.0
5844,2033-01-01,GW_storage_CA_PGE_CEN_GW1[AF],525609.0,4345538492.0,19058840.0
5845,2033-02-01,GW_storage_CA_PGE_CEN_GW1[AF],624828.0,4423218301.0,19683668.0
5846,2033-03-01,GW_storage_CA_PGE_CEN_GW1[AF],686924.0,4505470297.0,20370592.0
5847,2033-04-01,GW_storage_CA_PGE_CEN_GW1[AF],730547.0,4590681136.0,21101139.0
5848,2033-05-01,GW_storage_CA_PGE_CEN_GW1[AF],759870.0,4675360581.0,21861009.0
5849,2033-06-01,GW_storage_CA_PGE_CEN_GW1[AF],781267.0,4760708398.0,22642276.0
5850,2033-07-01,GW_storage_CA_PGE_CEN_GW1[AF],761892.0,4846138178.0,23404168.0
5851,2033-08-01,GW_storage_CA_PGE_CEN_GW1[AF],742997.0,4931118427.0,24147165.0
5852,2033-09-01,GW_storage_CA_PGE_CEN_GW1[AF],725165.0,5014914731.0,24872330.0
5853,2033-10-01,GW_storage_CA_PGE_CEN_GW1[AF],707184.0,5097508172.0,25579514.0
5854,2033-11-01,GW_storage_CA_PGE_CEN_GW1[AF],690212.0,5178663669.0,26269726.0
5855,2033-12-01,GW_storage_CA_PGE_CEN_GW1[AF],673097.0,5258443309.0,26942823.0
5856,2034-01-01,GW_storage_CA_PGE_CEN_GW1[AF],656401.0,5339163828.0,27599224.0
5857,2034-02-01,GW_storage_CA_PGE_CEN_GW1[AF],641698.0,5418722190.0,28240922.0
5858,2034-03-01,GW_storage_CA_PGE_CEN_GW1[AF],625783.0,5500220744.0,28866705.0
5859,2034-04-01,GW_storage_CA_PGE_CEN_GW1[AF],610766.0,5584032903.0,29477471.0
5860,2034-05-01,GW_storage_CA_PGE_CEN_GW1[AF],595619.0,5676873319.0,30073090.0
5861,2034-06-01,GW_storage_CA_PGE_CEN_GW1[AF],581324.0,5773341236.0,30654414.0
5862,2034-07-01,GW_storage_CA_PGE_CEN_GW1[AF],566907.0,5871231225.0,31221321.0
5863,2034-08-01,GW_storage_CA_PGE_CEN_GW1[AF],552847.0,5968392389.0,31774168.0
5864,2034-09-01,GW_storage_CA_PGE_CEN_GW1[AF],539578.0,6064112138.0,32313746.0
5865,2034-10-01,GW_storage_CA_PGE_CEN_GW1[AF],526198.0,6158273690.0,32839944.0
5866,2034-11-01,GW_storage_CA_PGE_CEN_GW1[AF],513570.0,6251013792.0,33353514.0
5867,2034-12-01,GW_storage_CA_PGE_CEN_GW1[AF],500833.0,6342469856.0,33854347.0
5868,2035-01-01,GW_storage_CA_PGE_CEN_GW1[AF],488481.0,6432436397.0,34342828.0
5869,2035-02-01,GW_storage_CA_PGE_CEN_GW1[AF],477539.0,6520973109.0,34820367.0
5870,2035-03-01,GW_storage_CA_PGE_CEN_GW1[AF],465696.0,6608114132.0,35286063.0
5871,2035-04-01,GW_storage_CA_PGE_CEN_GW1[AF],454519.0,6694040771.0,35740582.0
5872,2035-05-01,GW_storage_CA_PGE_CEN_GW1[AF],443247.0,6778544504.0,36183829.0
5873,2035-06-01,GW_storage_CA_PGE_CEN_GW1[AF],432610.0,6863239534.0,36616439.0
5874,2035-07-01,GW_storage_CA_PGE_CEN_GW1[AF],421881.0,6947511289.0,37038320.0
5875,2035-08-01,GW_storage_CA_PGE_CEN_GW1[AF],411419.0,7030376153.0,37449739.0
5876,2035-09-01,GW_storage_CA_PGE_CEN_GW1[AF],401931.0,7112119087.0,37851670.0
5877,2035-10-01,GW_storage_CA_PGE_CEN_GW1[AF],392831.0,7192574428.0,38244501.0
5878,2035-11-01,GW_storage_CA_PGE_CEN_GW1[AF],384619.0,7271865334.0,38629120.0
5879,2035-12-01,GW_storage_CA_PGE_CEN_GW1[AF],376569.0,7350179909.0,39005689.0
5880,2036-01-01,GW_storage_CA_PGE_CEN_GW1[AF],368867.0,7427195979.0,39374556.0
5881,2036-02-01,GW_storage_CA_PGE_CEN_GW1[AF],361943.0,7503024891.0,39736499.0
5882,2036-03-01,GW_storage_CA_PGE_CEN_GW1[AF],355016.0,7577632108.0,40091515.0
5883,2036-04-01,GW_storage_CA_PGE_CEN_GW1[AF],350015.0,7651185144.0,40441530.0
5884,2036-05-01,GW_storage_CA_PGE_CEN_GW1[AF],343917.0,7724300240.0,40785447.0
5885,2036-06-01,GW_storage_CA_PGE_CEN_GW1[AF],337918.0,7796353708.0,41123365.0
5886,2036-07-01,GW_storage_CA_PGE_CEN_GW1[AF],331951.0,7867314948.0,41455316.0
5887,2036-08-01,GW_storage_CA_PGE_CEN_GW1[AF],326440.0,7937241278.0,41781756.0
5888,2036-09-01,GW_storage_CA_PGE_CEN_GW1[AF],321643.0,8006295323.0,42103399.0
5889,2036-10-01,GW_storage_CA_PGE_CEN_GW1[AF],317245.0,8074305646.0,42420644.0
5890,2036-11-01,GW_storage_CA_PGE_CEN_GW1[AF],313425.0,8141376577.0,42734069.0
5891,2036-12-01,GW_storage_CA_PGE_CEN_GW1[AF],310219.0,8207644541.0,43044288.0
5892,2037-01-01,GW_storage_CA_PGE_CEN_GW1[AF],309061.0,8273161410.0,43353349.0
5893,2037-02-01,GW_storage_CA_PGE_CEN_GW1[AF],307486.0,8337733681.0,43660835.0
5894,2037-03-01,GW_storage_CA_PGE_CEN_GW1[AF],305090.0,8401237350.0,43965925.0
5895,2037-04-01,GW_storage_CA_PGE_CEN_GW1[AF],302720.0,8463716442.0,44268645.0
5896,2037-05-01,GW_storage_CA_PGE_CEN_GW1[AF],299708.0,8525229166.0,44568353.0
5897,2037-06-01,GW_storage_CA_PGE_CEN_GW1[AF],296742.0,8585780498.0,44865095.0
5898,2037-07-01,GW_storage_CA_PGE_CEN_GW1[AF],293918.0,8645518277.0,45159013.0
5899,2037-08-01,GW_storage_CA_PGE_CEN_GW1[AF],291514.0,8704580765.0,45450527.0
5900,2037-09-01,GW_storage_CA_PGE_CEN_GW1[AF],289445.0,8763159684.0,45739972.0
5901,2037-10-01,GW_storage_CA_PGE_CEN_GW1[AF],287568.0,8821181815.0,46027540.0
5902,2037-11-01,GW_storage_CA_PGE_CEN_GW1[AF],285282.0,8878677095.0,46312822.0
5903,2037-12-01,GW_storage_CA_PGE_CEN_GW1[AF],282932.0,8935618642.0,46595754.0
5904,2038-01-01,GW_storage_CA_PGE_CEN_GW1[AF],280594.0,8991690289.0,46876348.0
5905,2038-02-01,GW_storage_CA_PGE_CEN_GW1[AF],340320.0,9049081585.0,47216668.0
5906,2038-03-01,GW_storage_CA_PGE_CEN_GW1[AF],377575.0,9108044798.0,47594243.0
5907,2038-04-01,GW_storage_CA_PGE_CEN_GW1[AF],371786.0,9168794933.0,47966029.0
5908,2038-05-01,GW_storage_CA_PGE_CEN_GW1[AF],365382.0,9229969082.0,48331411.0
5909,2038-06-01,GW_storage_CA_PGE_CEN_GW1[AF],359272.0,9290494843.0,48690683.0
5910,2038-07-01,GW_storage_CA_PGE_CEN_GW1[AF],353345.0,9350294408.0,49044028.0
5911,2038-08-01,GW_storage_CA_PGE_CEN_GW1[AF],347958.0,9409318940.0,49391986.0
5912,2038-09-01,GW_storage_CA_PGE_CEN_GW1[AF],343309.0,9467673979.0,49735295.0
5913,2038-10-01,GW_storage_CA_PGE_CEN_GW1[AF],339059.0,9525253636.0,50074354.0
5914,2038-11-01,GW_storage_CA_PGE_CEN_GW1[AF],335427.0,9582098472.0,50409781.0
5915,2038-12-01,GW_storage_CA_PGE_CEN_GW1[AF],331900.0,9638248766.0,50741681.0
5916,2039-01-01,GW_storage_CA_PGE_CEN_GW1[AF],328407.0,9693650977.0,51070088.0
5917,2039-02-01,GW_storage_CA_PGE_CEN_GW1[AF],324656.0,9750458830.0,51394744.0
5918,2039-03-01,GW_storage_CA_PGE_CEN_GW1[AF],319566.0,9809156458.0,51714310.0
5919,2039-04-01,GW_storage_CA_PGE_CEN_GW1[AF],313929.0,9868559467.0,52028239.0
5920,2039-05-01,GW_storage_CA_PGE_CEN_GW1[AF],307798.0,9927385773.0,52336037.0
5921,2039-06-01,GW_storage_CA_PGE_CEN_GW1[AF],301999.0,9986965256.0,52638036.0
5922,2039-07-01,GW_storage_CA_PGE_CEN_GW1[AF],296424.0,10046475029.0,52934460.0
5923,2039-08-01,GW_storage_CA_PGE_CEN_GW1[AF],291403.0,10105238592.0,53225863.0
5924,2039-09-01,GW_storage_CA_PGE_CEN_GW1[AF],287110.0,10163363477.0,53512973.0
5925,2039-10-01,GW_storage_CA_PGE_CEN_GW1[AF],283159.0,10220781260.0,53796132.0
5926,2039-11-01,GW_storage_CA_PGE_CEN_GW1[AF],279761.0,10277373162.0,54075893.0
5927,2039-12-01,GW_storage_CA_PGE_CEN_GW1[AF],276552.0,10333185165.0,54352445.0
5928,2040-01-01,GW_storage_CA_PGE_CEN_GW1[AF],273586.0,10388289039.0,54626031.0
5929,2040-02-01,GW_storage_CA_PGE_CEN_GW1[AF],270861.0,10442633493.0,54896892.0
5930,2040-03-01,GW_storage_CA_PGE_CEN_GW1[AF],267833.0,10496196844.0,55164725.0
5931,2040-04-01,GW_storage_CA_PGE_CEN_GW1[AF],264572.0,10549040409.0,55429297.0
5932,2040-05-01,GW_storage_CA_PGE_CEN_GW1[AF],260981.0,10601395194.0,55690278.0
5933,2040-06-01,GW_storage_CA_PGE_CEN_GW1[AF],257620.0,10653107949.0,55947898.0
5934,2040-07-01,GW_storage_CA_PGE_CEN_GW1[AF],254509.0,10704171007.0,56202407.0
5935,2040-08-01,GW_storage_CA_PGE_CEN_GW1[AF],251851.0,10754605305.0,56454258.0
5936,2040-09-01,GW_storage_CA_PGE_CEN_GW1[AF],249736.0,10804445973.0,56703994.0
5937,2040-10-01,GW_storage_CA_PGE_CEN_GW1[AF],247672.0,10853648570.0,56951666.0
5938,2040-11-01,GW_storage_CA_PGE_CEN_GW1[AF],245693.0,10902484914.0,57197359.0
5939,2040-12-01,GW_storage_CA_PGE_CEN_GW1[AF],243662.0,10950730644.0,57441021.0
5940,2041-01-01,GW_storage_CA_PGE_CEN_GW1[AF],241650.0,10998281298.0,57682671.0
5941,2041-02-01,GW_storage_CA_PGE_CEN_GW1[AF],239581.0,11047818234.0,57922252.0
5942,2041-03-01,GW_storage_CA_PGE_CEN_GW1[AF],281275.0,11099139984.0,58203527.0
5943,2041-04-01,GW_storage_CA_PGE_CEN_GW1[AF],306079.0,11151170281.0,58509606.0
5944,2041-05-01,GW_storage_CA_PGE_CEN_GW1[AF],299608.0,11202540882.0,58809214.0
5945,2041-06-01,GW_storage_CA_PGE_CEN_GW1[AF],293441.0,11253584926.0,59102655.0
5946,2041-07-01,GW_storage_CA_PGE_CEN_GW1[AF],287472.0,11304087287.0,59390127.0
5947,2041-08-01,GW_storage_CA_PGE_CEN_GW1[AF],282061.0,11354085428.0,59672188.0
5948,2041-09-01,GW_storage_CA_PGE_CEN_GW1[AF],277395.0,11403615397.0,59949583.0
5949,2041-10-01,GW_storage_CA_PGE_CEN_GW1[AF],273149.0,11452671944.0,60222732.0
5950,2041-11-01,GW_storage_CA_PGE_CEN_GW1[AF],269520.0,11501212889.0,60492252.0
5951,2041-12-01,GW_storage_CA_PGE_CEN_GW1[AF],266068.0,11549056939.0,60758320.0
5952,2042-01-01,GW_storage_CA_PGE_CEN_GW1[AF],262723.0,11596204581.0,61021043.0
5953,2042-02-01,GW_storage_CA_PGE_CEN_GW1[AF],259138.0,11642935334.0,61280181.0
5954,2042-03-01,GW_storage_CA_PGE_CEN_GW1[AF],308212.0,11689092595.0,61588393.0
5955,2042-04-01,GW_storage_CA_PGE_CEN_GW1[AF],336870.0,11735022869.0,61925263.0
5956,2042-05-01,GW_storage_CA_PGE_CEN_GW1[AF],328515.0,11780876718.0,62253778.0
5957,2042-06-01,GW_storage_CA_PGE_CEN_GW1[AF],320631.0,11826092725.0,62574409.0
5958,2042-07-01,GW_storage_CA_PGE_CEN_GW1[AF],312679.0,11871546727.0,62887088.0
5959,2042-08-01,GW_storage_CA_PGE_CEN_GW1[AF],305057.0,11916431990.0,63192145.0
5960,2042-09-01,GW_storage_CA_PGE_CEN_GW1[AF],298295.0,11960791410.0,63490440.0
5961,2042-10-01,GW_storage_CA_PGE_CEN_GW1[AF],291938.0,12004660184.0,63782378.0
5962,2042-11-01,GW_storage_CA_PGE_CEN_GW1[AF],286325.0,12048130811.0,64068703.0
5963,2042-12-01,GW_storage_CA_PGE_CEN_GW1[AF],280879.0,12091062837.0,64349582.0
5964,2043-01-01,GW_storage_CA_PGE_CEN_GW1[AF],275542.0,12133444088.0,64625124.0
5965,2043-02-01,GW_storage_CA_PGE_CEN_GW1[AF],270748.0,12175363925.0,64895872.0
5966,2043-03-01,GW_storage_CA_PGE_CEN_GW1[AF],265358.0,12216725340.0,65161230.0
5967,2043-04-01,GW_storage_CA_PGE_CEN_GW1[AF],260154.0,12257666079.0,65421384.0
5968,2043-05-01,GW_storage_CA_PGE_CEN_GW1[AF],254976.0,12298078753.0,65676360.0
5969,2043-06-01,GW_storage_CA_PGE_CEN_GW1[AF],250341.0,12338040338.0,65926701.0
5970,2043-07-01,GW_storage_CA_PGE_CEN_GW1[AF],246052.0,12377535688.0,66172753.0
5971,2043-08-01,GW_storage_CA_PGE_CEN_GW1[AF],242318.0,12416568319.0,66415071.0
5972,2043-09-01,GW_storage_CA_PGE_CEN_GW1[AF],239251.0,12455234071.0,66654322.0
5973,2043-10-01,GW_storage_CA_PGE_CEN_GW1[AF],236618.0,12493493716.0,66890940.0
5974,2043-11-01,GW_storage_CA_PGE_CEN_GW1[AF],234442.0,12531340494.0,67125382.0
5975,2043-12-01,GW_storage_CA_PGE_CEN_GW1[AF],232275.0,12568703212.0,67357657.0
5976,2044-01-01,GW_storage_CA_PGE_CEN_GW1[AF],230111.0,12605614127.0,67587768.0
5977,2044-02-01,GW_storage_CA_PGE_CEN_GW1[AF],228150.0,12642100391.0,67815918.0
5978,2044-03-01,GW_storage_CA_PGE_CEN_GW1[AF],225801.0,12678094207.0,68041719.0
5979,2044-04-01,GW_storage_CA_PGE_CEN_GW1[AF],223243.0,12715489683.0,68264962.0
5980,2044-05-01,GW_storage_CA_PGE_CEN_GW1[AF],220448.0,12757376464.0,68485410.0
5981,2044-06-01,GW_storage_CA_PGE_CEN_GW1[AF],217869.0,12798680033.0,68703279.0
5982,2044-07-01,GW_storage_CA_PGE_CEN_GW1[AF],215567.0,12840178366.0,68918846.0
5983,2044-08-01,GW_storage_CA_PGE_CEN_GW1[AF],213740.0,12881238666.0,69132586.0
5984,2044-09-01,GW_storage_CA_PGE_CEN_GW1[AF],212024.0,12921922929.0,69344610.0
5985,2044-10-01,GW_storage_CA_PGE_CEN_GW1[AF],210272.0,12962137170.0,69554882.0
5986,2044-11-01,GW_storage_CA_PGE_CEN_GW1[AF],208593.0,13001917872.0,69763475.0
5987,2044-12-01,GW_storage_CA_PGE_CEN_GW1[AF],206872.0,13041192913.0,69970347.0
5988,2045-01-01,GW_storage_CA_PGE_CEN_GW1[AF],205160.0,13079996277.0,70175507.0
5989,2045-02-01,GW_storage_CA_PGE_CEN_GW1[AF],281656.0,13119222084.0,70457163.0
5990,2045-03-01,GW_storage_CA_PGE_CEN_GW1[AF],348106.0,13158364150.0,70805269.0
5991,2045-04-01,GW_storage_CA_PGE_CEN_GW1[AF],403111.0,13198157185.0,71208380.0
5992,2045-05-01,GW_storage_CA_PGE_CEN_GW1[AF],437199.0,13237869018.0,71645579.0
5993,2045-06-01,GW_storage_CA_PGE_CEN_GW1[AF],426706.0,13278774379.0,72072285.0
5994,2045-07-01,GW_storage_CA_PGE_CEN_GW1[AF],416124.0,13324244062.0,72488409.0
5995,2045-08-01,GW_storage_CA_PGE_CEN_GW1[AF],405805.0,13372386542.0,72894214.0
5996,2045-09-01,GW_storage_CA_PGE_CEN_GW1[AF],396061.0,13419876881.0,73290275.0
5997,2045-10-01,GW_storage_CA_PGE_CEN_GW1[AF],386238.0,13466818785.0,73676513.0
5998,2045-11-01,GW_storage_CA_PGE_CEN_GW1[AF],376992.0,13513160105.0,74053505.0
5999,2045-12-01,GW_storage_CA_PGE_CEN_GW1[AF],367747.0,13560745919.0,74421252.0
6000,2046-01-01,GW_storage_CA_PGE_CEN_GW1[AF],358631.0,13615290772.0,74779883.0
6001,2046-02-01,GW_storage_CA_PGE_CEN_GW1[AF],394604.0,13677811710.0,75174487.0
6002,2046-03-01,GW_storage_CA_PGE_CEN_GW1[AF],384820.0,13748607831.0,75559307.0
6003,2046-04-01,GW_storage_CA_PGE_CEN_GW1[AF],375585.0,13826873589.0,75934892.0
6004,2046-05-01,GW_storage_CA_PGE_CEN_GW1[AF],366269.0,13907944967.0,76301161.0
6005,2046-06-01,GW_storage_CA_PGE_CEN_GW1[AF],357479.0,13989979852.0,76658640.0
6006,2046-07-01,GW_storage_CA_PGE_CEN_GW1[AF],348614.0,14071604903.0,77007254.0
6007,2046-08-01,GW_storage_CA_PGE_CEN_GW1[AF],339967.0,14152131683.0,77347221.0
6008,2046-09-01,GW_storage_CA_PGE_CEN_GW1[AF],331809.0,14231617714.0,77679030.0
6009,2046-10-01,GW_storage_CA_PGE_CEN_GW1[AF],323580.0,14310005025.0,78002610.0
6010,2046-11-01,GW_storage_CA_PGE_CEN_GW1[AF],315815.0,14387273527.0,78318425.0
6011,2046-12-01,GW_storage_CA_PGE_CEN_GW1[AF],307983.0,14463437376.0,78626408.0
6012,2047-01-01,GW_storage_CA_PGE_CEN_GW1[AF],300346.0,14538457981.0,78926754.0
6013,2047-02-01,GW_storage_CA_PGE_CEN_GW1[AF],293617.0,14612508014.0,79220371.0
6014,2047-03-01,GW_storage_CA_PGE_CEN_GW1[AF],286334.0,14685452283.0,79506705.0
6015,2047-04-01,GW_storage_CA_PGE_CEN_GW1[AF],279462.0,14764472816.0,79786167.0
6016,2047-05-01,GW_storage_CA_PGE_CEN_GW1[AF],272531.0,14860897341.0,80058698.0
6017,2047-06-01,GW_storage_CA_PGE_CEN_GW1[AF],265989.0,14972506362.0,80324687.0
6018,2047-07-01,GW_storage_CA_PGE_CEN_GW1[AF],259393.0,15088231692.0,80584080.0
6019,2047-08-01,GW_storage_CA_PGE_CEN_GW1[AF],252959.0,15203332934.0,80837039.0
6020,2047-09-01,GW_storage_CA_PGE_CEN_GW1[AF],246888.0,15317492289.0,81083927.0
6021,2047-10-01,GW_storage_CA_PGE_CEN_GW1[AF],240786.0,15430042333.0,81324713.0
6022,2047-11-01,GW_storage_CA_PGE_CEN_GW1[AF],235429.0,15542831934.0,81560142.0
6023,2047-12-01,GW_storage_CA_PGE_CEN_GW1[AF],230371.0,15653870877.0,81790513.0
6024,2048-01-01,GW_storage_CA_PGE_CEN_GW1[AF],225298.0,15763169397.0,82015811.0
6025,2048-02-01,GW_storage_CA_PGE_CEN_GW1[AF],384132.0,15872138297.0,82399943.0
6026,2048-03-01,GW_storage_CA_PGE_CEN_GW1[AF],461641.0,15987897138.0,82861584.0
6027,2048-04-01,GW_storage_CA_PGE_CEN_GW1[AF],505175.0,16106751114.0,83366759.0
6028,2048-05-01,GW_storage_CA_PGE_CEN_GW1[AF],536775.0,16226738594.0,83903534.0
6029,2048-06-01,GW_storage_CA_PGE_CEN_GW1[AF],523892.0,16346930466.0,84427426.0
6030,2048-07-01,GW_storage_CA_PGE_CEN_GW1[AF],510899.0,16466203172.0,84938325.0
6031,2048-08-01,GW_storage_CA_PGE_CEN_GW1[AF],498229.0,16583670765.0,85436554.0
6032,2048-09-01,GW_storage_CA_PGE_CEN_GW1[AF],486272.0,16699553017.0,85922826.0
6033,2048-10-01,GW_storage_CA_PGE_CEN_GW1[AF],474213.0,16813788962.0,86397039.0
6034,2048-11-01,GW_storage_CA_PGE_CEN_GW1[AF],462831.0,16926416472.0,86859870.0
6035,2048-12-01,GW_storage_CA_PGE_CEN_GW1[AF],451351.0,17038918116.0,87311221.0
6036,2049-01-01,GW_storage_CA_PGE_CEN_GW1[AF],440156.0,17150214903.0,87751377.0
6037,2049-02-01,GW_storage_CA_PGE_CEN_GW1[AF],430297.0,17259849423.0,88181674.0
6038,2049-03-01,GW_storage_CA_PGE_CEN_GW1[AF],477572.0,17374140295.0,88659246.0
6039,2049-04-01,GW_storage_CA_PGE_CEN_GW1[AF],510508.0,17496980626.0,89169754.0
6040,2049-05-01,GW_storage_CA_PGE_CEN_GW1[AF],497847.0,17623520262.0,89667601.0
6041,2049-06-01,GW_storage_CA_PGE_CEN_GW1[AF],485899.0,17749882278.0,90153500.0
6042,2049-07-01,GW_storage_CA_PGE_CEN_GW1[AF],473849.0,17875311834.0,90627349.0
6043,2049-08-01,GW_storage_CA_PGE_CEN_GW1[AF],462097.0,17998950915.0,91089446.0
6044,2049-09-01,GW_storage_CA_PGE_CEN_GW1[AF],451007.0,18120987592.0,91540453.0
6045,2049-10-01,GW_storage_CA_PGE_CEN_GW1[AF],439822.0,18241422265.0,91980275.0
6046,2049-11-01,GW_storage_CA_PGE_CEN_GW1[AF],429266.0,18360102830.0,92409541.0
6047,2049-12-01,GW_storage_CA_PGE_CEN_GW1[AF],418620.0,18476910369.0,92828161.0
6048,2050-01-01,GW_storage_CA_PGE_CEN_GW1[AF],408239.0,18591916831.0,93236400.0
6049,2050-02-01,GW_storage_CA_PGE_CEN_GW1[AF],399094.0,18705272956.0,93635494.0
6050,2050-03-01,GW_storage_CA_PGE_CEN_GW1[AF],450501.0,18821028859.0,94085995.0
6051,2050-04-01,GW_storage_CA_PGE_CEN_GW1[AF],489669.0,18940506995.0,94575664.0
6052,2050-05-01,GW_storage_CA_PGE_CEN_GW1[AF],515051.0,19059600483.0,95090715.0
6053,2050-06-01,GW_storage_CA_PGE_CEN_GW1[AF],502689.0,19178428021.0,95593404.0
6054,2050-07-01,GW_storage_CA_PGE_CEN_GW1[AF],490223.0,19296435077.0,96083627.0
6055,2050-08-01,GW_storage_CA_PGE_CEN_GW1[AF],478066.0,19412834260.0,96561693.0
6056,2050-09-01,GW_storage_CA_PGE_CEN_GW1[AF],466592.0,19527808893.0,97028285.0
6057,2050-10-01,GW_storage_CA_PGE_CEN_GW1[AF],455020.0,19641173895.0,97483305.0
6058,2050-11-01,GW_storage_CA_PGE_CEN_GW1[AF],444100.0,19752769080.0,97927405.0
6059,2050-12-01,GW_storage_CA_PGE_CEN_GW1[AF],433086.0,19862611454.0,98360491.0
6060,2051-01-01,GW_storage_CA_PGE_CEN_GW1[AF],422345.0,19970764786.0,98782836.0
6061,2051-02-01,GW_storage_CA_PGE_CEN_GW1[AF],412886.0,20077395432.0,99195722.0
6062,2051-03-01,GW_storage_CA_PGE_CEN_GW1[AF],402647.0,20182370827.0,99598369.0
6063,2051-04-01,GW_storage_CA_PGE_CEN_GW1[AF],392982.0,20291580463.0,99991351.0
6064,2051-05-01,GW_storage_CA_PGE_CEN_GW1[AF],383236.0,20400038326.0,100374587.0
6065,2051-06-01,GW_storage_CA_PGE_CEN_GW1[AF],374038.0,20508257786.0,100748625.0
6066,2051-07-01,GW_storage_CA_PGE_CEN_GW1[AF],364762.0,20615875318.0,101113387.0
6067,2051-08-01,GW_storage_CA_PGE_CEN_GW1[AF],355716.0,20722198437.0,101469103.0
6068,2051-09-01,GW_storage_CA_PGE_CEN_GW1[AF],347180.0,20827038775.0,101816283.0
6069,2051-10-01,GW_storage_CA_PGE_CEN_GW1[AF],338570.0,20930437548.0,102154853.0
6070,2051-11-01,GW_storage_CA_PGE_CEN_GW1[AF],330445.0,21032468769.0,102485298.0
6071,2051-12-01,GW_storage_CA_PGE_CEN_GW1[AF],322250.0,21133705710.0,102807548.0
6072,2052-01-01,GW_storage_CA_PGE_CEN_GW1[AF],314170.0,21233433839.0,103121718.0
6073,2052-02-01,GW_storage_CA_PGE_CEN_GW1[AF],306882.0,21331717041.0,103428600.0
6074,2052-03-01,GW_storage_CA_PGE_CEN_GW1[AF],370360.0,21429607427.0,103798960.0
6075,2052-04-01,GW_storage_CA_PGE_CEN_GW1[AF],402400.0,21527851494.0,104201360.0
6076,2052-05-01,GW_storage_CA_PGE_CEN_GW1[AF],392420.0,21624977785.0,104593780.0
6077,2052-06-01,GW_storage_CA_PGE_CEN_GW1[AF],383002.0,21720857498.0,104976782.0
6078,2052-07-01,GW_storage_CA_PGE_CEN_GW1[AF],373504.0,21815421513.0,105350286.0
6079,2052-08-01,GW_storage_CA_PGE_CEN_GW1[AF],364241.0,21908765850.0,105714527.0
6080,2052-09-01,GW_storage_CA_PGE_CEN_GW1[AF],355500.0,22001026854.0,106070027.0
6081,2052-10-01,GW_storage_CA_PGE_CEN_GW1[AF],346682.0,22092179195.0,106416709.0
6082,2052-11-01,GW_storage_CA_PGE_CEN_GW1[AF],338363.0,22182158688.0,106755072.0
6083,2052-12-01,GW_storage_CA_PGE_CEN_GW1[AF],330145.0,22270990851.0,107085217.0
6084,2053-01-01,GW_storage_CA_PGE_CEN_GW1[AF],322817.0,22358572318.0,107408034.0
6085,2053-02-01,GW_storage_CA_PGE_CEN_GW1[AF],315760.0,22445234888.0,107723794.0
6086,2053-03-01,GW_storage_CA_PGE_CEN_GW1[AF],307941.0,22531338210.0,108031735.0
6087,2053-04-01,GW_storage_CA_PGE_CEN_GW1[AF],300557.0,22618197854.0,108332292.0
6088,2053-05-01,GW_storage_CA_PGE_CEN_GW1[AF],293107.0,22705000235.0,108625399.0
6089,2053-06-01,GW_storage_CA_PGE_CEN_GW1[AF],286075.0,22792005107.0,108911474.0
6090,2053-07-01,GW_storage_CA_PGE_CEN_GW1[AF],278982.0,22878611714.0,109190456.0
6091,2053-08-01,GW_storage_CA_PGE_CEN_GW1[AF],272064.0,22964123789.0,109462520.0
6092,2053-09-01,GW_storage_CA_PGE_CEN_GW1[AF],265535.0,23048536524.0,109728055.0
6093,2053-10-01,GW_storage_CA_PGE_CEN_GW1[AF],258952.0,23131866519.0,109987007.0
6094,2053-11-01,GW_storage_CA_PGE_CEN_GW1[AF],252765.0,23214276747.0,110239772.0
6095,2053-12-01,GW_storage_CA_PGE_CEN_GW1[AF],246825.0,23295578937.0,110486597.0
6096,2054-01-01,GW_storage_CA_PGE_CEN_GW1[AF],240820.0,23375761806.0,110727417.0
6097,2054-02-01,GW_storage_CA_PGE_CEN_GW1[AF],235419.0,23454991045.0,110962836.0
6098,2054-03-01,GW_storage_CA_PGE_CEN_GW1[AF],229579.0,23533194281.0,111192415.0
6099,2054-04-01,GW_storage_CA_PGE_CEN_GW1[AF],224074.0,23610840643.0,111416489.0
6100,2054-05-01,GW_storage_CA_PGE_CEN_GW1[AF],218519.0,23687968757.0,111635008.0
6101,2054-06-01,GW_storage_CA_PGE_CEN_GW1[AF],213275.0,23764134532.0,111848283.0
6102,2054-07-01,GW_storage_CA_PGE_CEN_GW1[AF],207988.0,23839346953.0,112056271.0
6103,2054-08-01,GW_storage_CA_PGE_CEN_GW1[AF],202830.0,23913680649.0,112259101.0
6104,2054-09-01,GW_storage_CA_PGE_CEN_GW1[AF],198388.0,23987275722.0,112457489.0
6105,2054-10-01,GW_storage_CA_PGE_CEN_GW1[AF],194237.0,24060063673.0,112651726.0
6106,2054-11-01,GW_storage_CA_PGE_CEN_GW1[AF],190673.0,24132040073.0,112842399.0
6107,2054-12-01,GW_storage_CA_PGE_CEN_GW1[AF],187310.0,24203075252.0,113029709.0
6108,2055-01-01,GW_storage_CA_PGE_CEN_GW1[AF],183999.0,24273232069.0,113213708.0
6109,2055-02-01,GW_storage_CA_PGE_CEN_GW1[AF],254289.0,24346983422.0,113467997.0
6110,2055-03-01,GW_storage_CA_PGE_CEN_GW1[AF],326007.0,24429418525.0,113794004.0
6111,2055-04-01,GW_storage_CA_PGE_CEN_GW1[AF],365399.0,24519974284.0,114159403.0
6112,2055-05-01,GW_storage_CA_PGE_CEN_GW1[AF],388947.0,24612887460.0,114548350.0
6113,2055-06-01,GW_storage_CA_PGE_CEN_GW1[AF],379602.0,24705731755.0,114927952.0
6114,2055-07-01,GW_storage_CA_PGE_CEN_GW1[AF],370182.0,24797561549.0,115298134.0
6115,2055-08-01,GW_storage_CA_PGE_CEN_GW1[AF],360999.0,24888417864.0,115659133.0
6116,2055-09-01,GW_storage_CA_PGE_CEN_GW1[AF],352334.0,24978247446.0,116011467.0
6117,2055-10-01,GW_storage_CA_PGE_CEN_GW1[AF],343595.0,25067037402.0,116355062.0
6118,2055-11-01,GW_storage_CA_PGE_CEN_GW1[AF],335348.0,25154620871.0,116690410.0
6119,2055-12-01,GW_storage_CA_PGE_CEN_GW1[AF],327031.0,25240958786.0,117017441.0
6120,2056-01-01,GW_storage_CA_PGE_CEN_GW1[AF],318919.0,25326085001.0,117336360.0
6121,2056-02-01,GW_storage_CA_PGE_CEN_GW1[AF],311518.0,25410115783.0,117647878.0
6122,2056-03-01,GW_storage_CA_PGE_CEN_GW1[AF],303791.0,25493046199.0,117951669.0
6123,2056-04-01,GW_storage_CA_PGE_CEN_GW1[AF],296499.0,25579867650.0,118248168.0
6124,2056-05-01,GW_storage_CA_PGE_CEN_GW1[AF],289146.0,25665994452.0,118537314.0
6125,2056-06-01,GW_storage_CA_PGE_CEN_GW1[AF],282204.0,25751014051.0,118819518.0
6126,2056-07-01,GW_storage_CA_PGE_CEN_GW1[AF],275205.0,25834999057.0,119094723.0
6127,2056-08-01,GW_storage_CA_PGE_CEN_GW1[AF],268380.0,25918012980.0,119363103.0
6128,2056-09-01,GW_storage_CA_PGE_CEN_GW1[AF],261939.0,26000006720.0,119625042.0
6129,2056-10-01,GW_storage_CA_PGE_CEN_GW1[AF],255504.0,26080893812.0,119880546.0
6130,2056-11-01,GW_storage_CA_PGE_CEN_GW1[AF],249817.0,26160908259.0,120130363.0
6131,2056-12-01,GW_storage_CA_PGE_CEN_GW1[AF],244149.0,26240212456.0,120374512.0
6132,2057-01-01,GW_storage_CA_PGE_CEN_GW1[AF],238636.0,26318587848.0,120613148.0
6133,2057-02-01,GW_storage_CA_PGE_CEN_GW1[AF],233480.0,26395985372.0,120846628.0
6134,2057-03-01,GW_storage_CA_PGE_CEN_GW1[AF],227694.0,26472734266.0,121074322.0
6135,2057-04-01,GW_storage_CA_PGE_CEN_GW1[AF],222235.0,26556295278.0,121296557.0
6136,2057-05-01,GW_storage_CA_PGE_CEN_GW1[AF],216727.0,26638790503.0,121513284.0
6137,2057-06-01,GW_storage_CA_PGE_CEN_GW1[AF],211530.0,26720263696.0,121724814.0
6138,2057-07-01,GW_storage_CA_PGE_CEN_GW1[AF],206285.0,26800720453.0,121931099.0
6139,2057-08-01,GW_storage_CA_PGE_CEN_GW1[AF],201169.0,26880212595.0,122132268.0
6140,2057-09-01,GW_storage_CA_PGE_CEN_GW1[AF],196341.0,26958875022.0,122328609.0
6141,2057-10-01,GW_storage_CA_PGE_CEN_GW1[AF],191805.0,27036568588.0,122520414.0
6142,2057-11-01,GW_storage_CA_PGE_CEN_GW1[AF],187960.0,27113396201.0,122708374.0
6143,2057-12-01,GW_storage_CA_PGE_CEN_GW1[AF],184442.0,27189264327.0,122892816.0
6144,2058-01-01,GW_storage_CA_PGE_CEN_GW1[AF],180859.0,27264124633.0,123073675.0
6145,2058-02-01,GW_storage_CA_PGE_CEN_GW1[AF],295039.0,27348265847.0,123368714.0
6146,2058-03-01,GW_storage_CA_PGE_CEN_GW1[AF],379291.0,27440889382.0,123748005.0
6147,2058-04-01,GW_storage_CA_PGE_CEN_GW1[AF],417976.0,27539133274.0,124165981.0
6148,2058-05-01,GW_storage_CA_PGE_CEN_GW1[AF],449020.0,27639449314.0,124615001.0
6149,2058-06-01,GW_storage_CA_PGE_CEN_GW1[AF],438243.0,27738779306.0,125053244.0
6150,2058-07-01,GW_storage_CA_PGE_CEN_GW1[AF],427374.0,27837531793.0,125480618.0
6151,2058-08-01,GW_storage_CA_PGE_CEN_GW1[AF],416775.0,27935280444.0,125897393.0
6152,2058-09-01,GW_storage_CA_PGE_CEN_GW1[AF],406772.0,28031862865.0,126304165.0
6153,2058-10-01,GW_storage_CA_PGE_CEN_GW1[AF],396684.0,28127260463.0,126700849.0
6154,2058-11-01,GW_storage_CA_PGE_CEN_GW1[AF],387164.0,28221366217.0,127088013.0
6155,2058-12-01,GW_storage_CA_PGE_CEN_GW1[AF],377564.0,28314157055.0,127465577.0
6156,2059-01-01,GW_storage_CA_PGE_CEN_GW1[AF],368200.0,28405540773.0,127833777.0
6157,2059-02-01,GW_storage_CA_PGE_CEN_GW1[AF],408295.0,28502067677.0,128242072.0
6158,2059-03-01,GW_storage_CA_PGE_CEN_GW1[AF],503272.0,28605457246.0,128745344.0
6159,2059-04-01,GW_storage_CA_PGE_CEN_GW1[AF],549527.0,28717814838.0,129294871.0
6160,2059-05-01,GW_storage_CA_PGE_CEN_GW1[AF],577992.0,28830913147.0,129872863.0
6161,2059-06-01,GW_storage_CA_PGE_CEN_GW1[AF],564120.0,28943770190.0,130436983.0
6162,2059-07-01,GW_storage_CA_PGE_CEN_GW1[AF],550130.0,29055182582.0,130987113.0
6163,2059-08-01,GW_storage_CA_PGE_CEN_GW1[AF],536487.0,29165160032.0,131523600.0
6164,2059-09-01,GW_storage_CA_PGE_CEN_GW1[AF],523611.0,29273920291.0,132047211.0
6165,2059-10-01,GW_storage_CA_PGE_CEN_GW1[AF],510626.0,29381402010.0,132557837.0
6166,2059-11-01,GW_storage_CA_PGE_CEN_GW1[AF],498372.0,29487451547.0,133056209.0
6167,2059-12-01,GW_storage_CA_PGE_CEN_GW1[AF],486011.0,29592083281.0,133542220.0
6168,2060-01-01,GW_storage_CA_PGE_CEN_GW1[AF],473958.0,29695071869.0,134016178.0
6169,2060-02-01,GW_storage_CA_PGE_CEN_GW1[AF],546743.0,29797999369.0,134562921.0
6170,2060-03-01,GW_storage_CA_PGE_CEN_GW1[AF],614724.0,29907235449.0,135177645.0
6171,2060-04-01,GW_storage_CA_PGE_CEN_GW1[AF],655116.0,30022282651.0,135832761.0
6172,2060-05-01,GW_storage_CA_PGE_CEN_GW1[AF],683134.0,30138204137.0,136515895.0
6173,2060-06-01,GW_storage_CA_PGE_CEN_GW1[AF],666738.0,30253989194.0,137182633.0
6174,2060-07-01,GW_storage_CA_PGE_CEN_GW1[AF],650202.0,30369445165.0,137832835.0
6175,2060-08-01,GW_storage_CA_PGE_CEN_GW1[AF],634078.0,30483354195.0,138466913.0
6176,2060-09-01,GW_storage_CA_PGE_CEN_GW1[AF],618860.0,30595912136.0,139085773.0
6177,2060-10-01,GW_storage_CA_PGE_CEN_GW1[AF],603511.0,30707058453.0,139689284.0
6178,2060-11-01,GW_storage_CA_PGE_CEN_GW1[AF],589028.0,30816686913.0,140278312.0
6179,2060-12-01,GW_storage_CA_PGE_CEN_GW1[AF],574420.0,30924630927.0,140852732.0
6180,2061-01-01,GW_storage_CA_PGE_CEN_GW1[AF],644546.0,31038058188.0,141497278.0
6181,2061-02-01,GW_storage_CA_PGE_CEN_GW1[AF],770400.0,31163247262.0,142267678.0
6182,2061-03-01,GW_storage_CA_PGE_CEN_GW1[AF],857419.0,31301926464.0,143125097.0
6183,2061-04-01,GW_storage_CA_PGE_CEN_GW1[AF],907608.0,31460043743.0,144032705.0
6184,2061-05-01,GW_storage_CA_PGE_CEN_GW1[AF],948832.0,31621719240.0,144981537.0
6185,2061-06-01,GW_storage_CA_PGE_CEN_GW1[AF],976861.0,31781944019.0,145958398.0
6186,2061-07-01,GW_storage_CA_PGE_CEN_GW1[AF],998852.0,31940594248.0,146957250.0
6187,2061-08-01,GW_storage_CA_PGE_CEN_GW1[AF],1017139.0,32097666692.0,147974389.0
6188,2061-09-01,GW_storage_CA_PGE_CEN_GW1[AF],992727.0,32253244922.0,148967116.0
6189,2061-10-01,GW_storage_CA_PGE_CEN_GW1[AF],968108.0,32407132898.0,149935224.0
6190,2061-11-01,GW_storage_CA_PGE_CEN_GW1[AF],944872.0,32559108380.0,150880096.0
6191,2061-12-01,GW_storage_CA_PGE_CEN_GW1[AF],921440.0,32709321481.0,151801536.0
6192,2062-01-01,GW_storage_CA_PGE_CEN_GW1[AF],1018717.0,32858735378.0,152820253.0
6193,2062-02-01,GW_storage_CA_PGE_CEN_GW1[AF],1417317.0,33022044851.0,154237570.0
6194,2062-03-01,GW_storage_CA_PGE_CEN_GW1[AF],1538956.0,33198837130.0,155776526.0
6195,2062-04-01,GW_storage_CA_PGE_CEN_GW1[AF],1612359.0,33390837210.0,157388885.0
6196,2062-05-01,GW_storage_CA_PGE_CEN_GW1[AF],1658238.0,33584259641.0,159047123.0
6197,2062-06-01,GW_storage_CA_PGE_CEN_GW1[AF],1691331.0,33776858517.0,160738454.0
6198,2062-07-01,GW_storage_CA_PGE_CEN_GW1[AF],1718730.0,33967635736.0,162457184.0
6199,2062-08-01,GW_storage_CA_PGE_CEN_GW1[AF],1742284.0,34156855847.0,164199468.0
6200,2062-09-01,GW_storage_CA_PGE_CEN_GW1[AF],1762957.0,34344548104.0,165962425.0
6201,2062-10-01,GW_storage_CA_PGE_CEN_GW1[AF],1782626.0,34530332137.0,167745051.0
6202,2062-11-01,GW_storage_CA_PGE_CEN_GW1[AF],1802301.0,34714073091.0,169547352.0
6203,2062-12-01,GW_storage_CA_PGE_CEN_GW1[AF],1828555.0,34895778448.0,171375907.0
6204,2063-01-01,GW_storage_CA_PGE_CEN_GW1[AF],2346809.0,35079072230.0,173722716.0
6205,2063-02-01,GW_storage_CA_PGE_CEN_GW1[AF],2555215.0,35269350335.0,176277931.0
6206,2063-03-01,GW_storage_CA_PGE_CEN_GW1[AF],2804651.0,35470064786.0,179082582.0
6207,2063-04-01,GW_storage_CA_PGE_CEN_GW1[AF],2955970.0,35683040547.0,182038552.0
6208,2063-05-01,GW_storage_CA_PGE_CEN_GW1[AF],3031300.0,35907121073.0,185069852.0
6209,2063-06-01,GW_storage_CA_PGE_CEN_GW1[AF],3080631.0,36134854310.0,188150483.0
6210,2063-07-01,GW_storage_CA_PGE_CEN_GW1[AF],3119366.0,36361472567.0,191269849.0
6211,2063-08-01,GW_storage_CA_PGE_CEN_GW1[AF],3152073.0,36586142514.0,194421922.0
6212,2063-09-01,GW_storage_CA_PGE_CEN_GW1[AF],3180533.0,36808934029.0,197602455.0
6213,2063-10-01,GW_storage_CA_PGE_CEN_GW1[AF],3208331.0,37029507927.0,200810786.0
6214,2063-11-01,GW_storage_CA_PGE_CEN_GW1[AF],3235789.0,37248012309.0,204046575.0
6215,2063-12-01,GW_storage_CA_PGE_CEN_GW1[AF],3277530.0,37465671472.0,207324105.0
6216,2064-01-01,GW_storage_CA_PGE_CEN_GW1[AF],3554650.0,37694815963.0,210878755.0
6217,2064-02-01,GW_storage_CA_PGE_CEN_GW1[AF],3856444.0,37945097639.0,214735199.0
6218,2064-03-01,GW_storage_CA_PGE_CEN_GW1[AF],3962233.0,38213638934.0,218697432.0
6219,2064-04-01,GW_storage_CA_PGE_CEN_GW1[AF],4036912.0,38493367090.0,222734344.0
6220,2064-05-01,GW_storage_CA_PGE_CEN_GW1[AF],4089745.0,38776738105.0,226824089.0
6221,2064-06-01,GW_storage_CA_PGE_CEN_GW1[AF],4130681.0,39060661713.0,230954770.0
6222,2064-07-01,GW_storage_CA_PGE_CEN_GW1[AF],4166194.0,39341932866.0,235120964.0
6223,2064-08-01,GW_storage_CA_PGE_CEN_GW1[AF],4197863.0,39620711220.0,239318827.0
6224,2064-09-01,GW_storage_CA_PGE_CEN_GW1[AF],4226539.0,39897002798.0,243545366.0
6225,2064-10-01,GW_storage_CA_PGE_CEN_GW1[AF],4254670.0,40170736712.0,247800036.0
6226,2064-11-01,GW_storage_CA_PGE_CEN_GW1[AF],4288469.0,40442044957.0,252088505.0
6227,2064-12-01,GW_storage_CA_PGE_CEN_GW1[AF],4335046.0,40711834451.0,256423551.0
6228,2065-01-01,GW_storage_CA_PGE_CEN_GW1[AF],4383204.0,40982757097.0,260806755.0
6229,2065-02-01,GW_storage_CA_PGE_CEN_GW1[AF],4442120.0,41255716076.0,265248875.0
6230,2065-03-01,GW_storage_CA_PGE_CEN_GW1[AF],4492376.0,41533378347.0,269741251.0
6231,2065-04-01,GW_storage_CA_PGE_CEN_GW1[AF],4531723.0,41819419395.0,274272974.0
6232,2065-05-01,GW_storage_CA_PGE_CEN_GW1[AF],4565470.0,42107659636.0,278838444.0
6233,2065-06-01,GW_storage_CA_PGE_CEN_GW1[AF],4593936.0,42393392346.0,283432380.0
6234,2065-07-01,GW_storage_CA_PGE_CEN_GW1[AF],4620135.0,42678359041.0,288052515.0
6235,2065-08-01,GW_storage_CA_PGE_CEN_GW1[AF],4644140.0,42960938762.0,292696655.0
6236,2065-09-01,GW_storage_CA_PGE_CEN_GW1[AF],4665857.0,43241061639.0,297362512.0
6237,2065-10-01,GW_storage_CA_PGE_CEN_GW1[AF],4686971.0,43518553408.0,302049483.0
6238,2065-11-01,GW_storage_CA_PGE_CEN_GW1[AF],4706579.0,43793351378.0,306756062.0
6239,2065-12-01,GW_storage_CA_PGE_CEN_GW1[AF],4727446.0,44065325818.0,311483508.0
6240,2066-01-01,GW_storage_CA_PGE_CEN_GW1[AF],4753358.0,44334625115.0,316236866.0
6241,2066-02-01,GW_storage_CA_PGE_CEN_GW1[AF],4779047.0,44601575728.0,321015913.0
6242,2066-03-01,GW_storage_CA_PGE_CEN_GW1[AF],4803191.0,44865977654.0,325819104.0
6243,2066-04-01,GW_storage_CA_PGE_CEN_GW1[AF],4824693.0,45130939542.0,330643797.0
6244,2066-05-01,GW_storage_CA_PGE_CEN_GW1[AF],4844206.0,45393925169.0,335488003.0
6245,2066-06-01,GW_storage_CA_PGE_CEN_GW1[AF],4861135.0,45654573916.0,340349138.0
6246,2066-07-01,GW_storage_CA_PGE_CEN_GW1[AF],4876844.0,45912927675.0,345225982.0
6247,2066-08-01,GW_storage_CA_PGE_CEN_GW1[AF],4891160.0,46169111465.0,350117142.0
6248,2066-09-01,GW_storage_CA_PGE_CEN_GW1[AF],4903953.0,46423600426.0,355021095.0
6249,2066-10-01,GW_storage_CA_PGE_CEN_GW1[AF],4916110.0,46676263355.0,359937205.0
6250,2066-11-01,GW_storage_CA_PGE_CEN_GW1[AF],4927248.0,46927228863.0,364864453.0
6251,2066-12-01,GW_storage_CA_PGE_CEN_GW1[AF],4939694.0,47176198480.0,369804147.0
6252,2067-01-01,GW_storage_CA_PGE_CEN_GW1[AF],4960493.0,47422896821.0,374764640.0
6253,2067-02-01,GW_storage_CA_PGE_CEN_GW1[AF],4986279.0,47667661431.0,379750919.0
6254,2067-03-01,GW_storage_CA_PGE_CEN_GW1[AF],5015031.0,47910308464.0,384765950.0
6255,2067-04-01,GW_storage_CA_PGE_CEN_GW1[AF],5035380.0,48151085524.0,389801330.0
6256,2067-05-01,GW_storage_CA_PGE_CEN_GW1[AF],5051398.0,48389950965.0,394852728.0
6257,2067-06-01,GW_storage_CA_PGE_CEN_GW1[AF],5064014.0,48627002221.0,399916742.0
6258,2067-07-01,GW_storage_CA_PGE_CEN_GW1[AF],5075380.0,48862124917.0,404992122.0
6259,2067-08-01,GW_storage_CA_PGE_CEN_GW1[AF],5085126.0,49095321876.0,410077248.0
6260,2067-09-01,GW_storage_CA_PGE_CEN_GW1[AF],5093613.0,49326841519.0,415170861.0
6261,2067-10-01,GW_storage_CA_PGE_CEN_GW1[AF],5101468.0,49556552267.0,420272329.0
6262,2067-11-01,GW_storage_CA_PGE_CEN_GW1[AF],5109180.0,49784868208.0,425381509.0
6263,2067-12-01,GW_storage_CA_PGE_CEN_GW1[AF],5154984.0,50011545293.0,430536493.0
6264,2068-01-01,GW_storage_CA_PGE_CEN_GW1[AF],5406700.0,50238331069.0,435943193.0
6265,2068-02-01,GW_storage_CA_PGE_CEN_GW1[AF],5926628.0,50478937732.0,441869821.0
6266,2068-03-01,GW_storage_CA_PGE_CEN_GW1[AF],6175360.0,50739381265.0,448045181.0
6267,2068-04-01,GW_storage_CA_PGE_CEN_GW1[AF],6250368.0,51011294375.0,454295549.0
6268,2068-05-01,GW_storage_CA_PGE_CEN_GW1[AF],6306255.0,51290774772.0,460601804.0
6269,2068-06-01,GW_storage_CA_PGE_CEN_GW1[AF],6342449.0,51571539123.0,466944253.0
6270,2068-07-01,GW_storage_CA_PGE_CEN_GW1[AF],6370030.0,51851333229.0,473314283.0
6271,2068-08-01,GW_storage_CA_PGE_CEN_GW1[AF],6392624.0,52129191774.0,479706907.0
6272,2068-09-01,GW_storage_CA_PGE_CEN_GW1[AF],6413817.0,52405096290.0,486120724.0
6273,2068-10-01,GW_storage_CA_PGE_CEN_GW1[AF],6434080.0,52678907664.0,492554804.0
6274,2068-11-01,GW_storage_CA_PGE_CEN_GW1[AF],6453306.0,52950483517.0,499008110.0
6275,2068-12-01,GW_storage_CA_PGE_CEN_GW1[AF],6474176.0,53219819895.0,505482286.0
6276,2069-01-01,GW_storage_CA_PGE_CEN_GW1[AF],6499147.0,53487155316.0,511981433.0
6277,2069-02-01,GW_storage_CA_PGE_CEN_GW1[AF],6533801.0,53760870931.0,518515234.0
6278,2069-03-01,GW_storage_CA_PGE_CEN_GW1[AF],6577461.0,54039428849.0,525092695.0
6279,2069-04-01,GW_storage_CA_PGE_CEN_GW1[AF],6611967.0,54324092180.0,531704662.0
6280,2069-05-01,GW_storage_CA_PGE_CEN_GW1[AF],6640419.0,54609436481.0,538345081.0
6281,2069-06-01,GW_storage_CA_PGE_CEN_GW1[AF],6661774.0,54894337917.0,545006855.0
6282,2069-07-01,GW_storage_CA_PGE_CEN_GW1[AF],6679593.0,55177218144.0,551686448.0
6283,2069-08-01,GW_storage_CA_PGE_CEN_GW1[AF],6695069.0,55458179949.0,558381517.0
6284,2069-09-01,GW_storage_CA_PGE_CEN_GW1[AF],6708557.0,55737226700.0,565090074.0
6285,2069-10-01,GW_storage_CA_PGE_CEN_GW1[AF],6721245.0,56014313112.0,571811319.0
6286,2069-11-01,GW_storage_CA_PGE_CEN_GW1[AF],6734902.0,56289244905.0,578546221.0
6287,2069-12-01,GW_storage_CA_PGE_CEN_GW1[AF],6751403.0,56561948550.0,585297624.0
6288,2070-01-01,GW_storage_CA_PGE_CEN_GW1[AF],6769389.0,56832455571.0,592067013.0
6289,2070-02-01,GW_storage_CA_PGE_CEN_GW1[AF],6788444.0,57101031869.0,598855457.0
6290,2070-03-01,GW_storage_CA_PGE_CEN_GW1[AF],6806518.0,57367456127.0,605661975.0
6291,2070-04-01,GW_storage_CA_PGE_CEN_GW1[AF],6822342.0,57631884127.0,612484317.0
6292,2070-05-01,GW_storage_CA_PGE_CEN_GW1[AF],6835737.0,57894580730.0,619320054.0
6293,2070-06-01,GW_storage_CA_PGE_CEN_GW1[AF],6846615.0,58156625113.0,626166669.0
6294,2070-07-01,GW_storage_CA_PGE_CEN_GW1[AF],6856364.0,58417720429.0,633023033.0
6295,2070-08-01,GW_storage_CA_PGE_CEN_GW1[AF],6864810.0,58677125935.0,639887843.0
6296,2070-09-01,GW_storage_CA_PGE_CEN_GW1[AF],6872020.0,58935122487.0,646759863.0
6297,2070-10-01,GW_storage_CA_PGE_CEN_GW1[AF],6878503.0,59191573450.0,653638366.0
6298,2070-11-01,GW_storage_CA_PGE_CEN_GW1[AF],6885099.0,59446278042.0,660523465.0
6299,2070-12-01,GW_storage_CA_PGE_CEN_GW1[AF],6896905.0,59699129256.0,667420370.0
6300,2022-05-01,GW_storage_CA_PGE_CEN_GW2[AF],2397.0,2522880.0,2397.0
6301,2022-06-01,GW_storage_CA_PGE_CEN_GW2[AF],2386.0,3551564.0,4783.0
6302,2022-07-01,GW_storage_CA_PGE_CEN_GW2[AF],2374.0,4562843.0,7157.0
6303,2022-08-01,GW_storage_CA_PGE_CEN_GW2[AF],2362.0,5557441.0,9519.0
6304,2022-09-01,GW_storage_CA_PGE_CEN_GW2[AF],2351.0,6536311.0,11870.0
6305,2022-10-01,GW_storage_CA_PGE_CEN_GW2[AF],2339.0,7499151.0,14209.0
6306,2022-11-01,GW_storage_CA_PGE_CEN_GW2[AF],2328.0,8445383.0,16537.0
6307,2022-12-01,GW_storage_CA_PGE_CEN_GW2[AF],1692.0,9374562.0,18229.0
6308,2023-01-01,GW_storage_CA_PGE_CEN_GW2[AF],-3834.0,10287031.0,14395.0
6309,2023-02-01,GW_storage_CA_PGE_CEN_GW2[AF],-3080.0,11192982.0,11315.0
6310,2023-03-01,GW_storage_CA_PGE_CEN_GW2[AF],-3184.0,12082492.0,8131.0
6311,2023-04-01,GW_storage_CA_PGE_CEN_GW2[AF],-3184.0,12955603.0,4947.0
6312,2023-05-01,GW_storage_CA_PGE_CEN_GW2[AF],-2885.0,13813215.0,2062.0
6313,2023-06-01,GW_storage_CA_PGE_CEN_GW2[AF],-2872.0,15164430.0,-810.0
6314,2023-07-01,GW_storage_CA_PGE_CEN_GW2[AF],-2857.0,17236845.0,-3667.0
6315,2023-08-01,GW_storage_CA_PGE_CEN_GW2[AF],-2843.0,19274971.0,-6510.0
6316,2023-09-01,GW_storage_CA_PGE_CEN_GW2[AF],-4908.0,21282260.0,-11418.0
6317,2023-10-01,GW_storage_CA_PGE_CEN_GW2[AF],-1970.0,23279746.0,-13388.0
6318,2023-11-01,GW_storage_CA_PGE_CEN_GW2[AF],2051.0,25247116.0,-11337.0
6319,2023-12-01,GW_storage_CA_PGE_CEN_GW2[AF],2020.0,27178503.0,-9317.0
6320,2024-01-01,GW_storage_CA_PGE_CEN_GW2[AF],2010.0,29079026.0,-7307.0
6321,2024-02-01,GW_storage_CA_PGE_CEN_GW2[AF],1991.0,30951693.0,-5316.0
6322,2024-03-01,GW_storage_CA_PGE_CEN_GW2[AF],1981.0,32794640.0,-3335.0
6323,2024-04-01,GW_storage_CA_PGE_CEN_GW2[AF],6676.0,34598451.0,3341.0
6324,2024-05-01,GW_storage_CA_PGE_CEN_GW2[AF],6643.0,36379549.0,9984.0
6325,2024-06-01,GW_storage_CA_PGE_CEN_GW2[AF],6611.0,38134426.0,16595.0
6326,2024-07-01,GW_storage_CA_PGE_CEN_GW2[AF],6579.0,39862715.0,23174.0
6327,2024-08-01,GW_storage_CA_PGE_CEN_GW2[AF],6546.0,41565221.0,29720.0
6328,2024-09-01,GW_storage_CA_PGE_CEN_GW2[AF],6514.0,43242727.0,36234.0
6329,2024-10-01,GW_storage_CA_PGE_CEN_GW2[AF],6514.0,44894530.0,42748.0
6330,2024-11-01,GW_storage_CA_PGE_CEN_GW2[AF],6455.0,46522142.0,49203.0
6331,2024-12-01,GW_storage_CA_PGE_CEN_GW2[AF],12896.0,48125394.0,62099.0
6332,2025-01-01,GW_storage_CA_PGE_CEN_GW2[AF],12590.0,49704625.0,74689.0
6333,2025-02-01,GW_storage_CA_PGE_CEN_GW2[AF],12319.0,51264049.0,87008.0
6334,2025-03-01,GW_storage_CA_PGE_CEN_GW2[AF],12024.0,52800150.0,99032.0
6335,2025-04-01,GW_storage_CA_PGE_CEN_GW2[AF],11904.0,54422403.0,110936.0
6336,2025-05-01,GW_storage_CA_PGE_CEN_GW2[AF],11843.0,56023530.0,122779.0
6337,2025-06-01,GW_storage_CA_PGE_CEN_GW2[AF],11783.0,57673121.0,134562.0
6338,2025-07-01,GW_storage_CA_PGE_CEN_GW2[AF],2513.0,59233291.0,137075.0
6339,2025-08-01,GW_storage_CA_PGE_CEN_GW2[AF],-10369.0,60752330.0,126706.0
6340,2025-09-01,GW_storage_CA_PGE_CEN_GW2[AF],-6439.0,63291561.0,120267.0
6341,2025-10-01,GW_storage_CA_PGE_CEN_GW2[AF],-4075.0,66117192.0,116192.0
6342,2025-11-01,GW_storage_CA_PGE_CEN_GW2[AF],-3379.0,69169207.0,112813.0
6343,2025-12-01,GW_storage_CA_PGE_CEN_GW2[AF],2029.0,72377661.0,114842.0
6344,2026-01-01,GW_storage_CA_PGE_CEN_GW2[AF],2104.0,75644729.0,116946.0
6345,2026-02-01,GW_storage_CA_PGE_CEN_GW2[AF],2176.0,83025589.0,119122.0
6346,2026-03-01,GW_storage_CA_PGE_CEN_GW2[AF],3340.0,93674924.0,122462.0
6347,2026-04-01,GW_storage_CA_PGE_CEN_GW2[AF],3302.0,112497734.0,125764.0
6348,2026-05-01,GW_storage_CA_PGE_CEN_GW2[AF],6991.0,136460613.0,132755.0
6349,2026-06-01,GW_storage_CA_PGE_CEN_GW2[AF],6927.0,160180041.0,139682.0
6350,2026-07-01,GW_storage_CA_PGE_CEN_GW2[AF],6853.0,184580314.0,146535.0
6351,2026-08-01,GW_storage_CA_PGE_CEN_GW2[AF],6775.0,208538131.0,153310.0
6352,2026-09-01,GW_storage_CA_PGE_CEN_GW2[AF],6779.0,232132273.0,160089.0
6353,2026-10-01,GW_storage_CA_PGE_CEN_GW2[AF],8530.0,255250646.0,168619.0
6354,2026-11-01,GW_storage_CA_PGE_CEN_GW2[AF],8400.0,277908394.0,177019.0
6355,2026-12-01,GW_storage_CA_PGE_CEN_GW2[AF],12129.0,300103214.0,189148.0
6356,2027-01-01,GW_storage_CA_PGE_CEN_GW2[AF],11829.0,321847786.0,200977.0
6357,2027-02-01,GW_storage_CA_PGE_CEN_GW2[AF],11564.0,343199646.0,212541.0
6358,2027-03-01,GW_storage_CA_PGE_CEN_GW2[AF],113888.0,369620421.0,326429.0
6359,2027-04-01,GW_storage_CA_PGE_CEN_GW2[AF],333338.0,409179141.0,659767.0
6360,2027-05-01,GW_storage_CA_PGE_CEN_GW2[AF],349045.0,455970259.0,1008812.0
6361,2027-06-01,GW_storage_CA_PGE_CEN_GW2[AF],340569.0,506103237.0,1349381.0
6362,2027-07-01,GW_storage_CA_PGE_CEN_GW2[AF],332123.0,558027240.0,1681504.0
6363,2027-08-01,GW_storage_CA_PGE_CEN_GW2[AF],324155.0,610747556.0,2005659.0
6364,2027-09-01,GW_storage_CA_PGE_CEN_GW2[AF],318179.0,662576568.0,2323838.0
6365,2027-10-01,GW_storage_CA_PGE_CEN_GW2[AF],314529.0,713531026.0,2638367.0
6366,2027-11-01,GW_storage_CA_PGE_CEN_GW2[AF],308136.0,763602436.0,2946503.0
6367,2027-12-01,GW_storage_CA_PGE_CEN_GW2[AF],300494.0,812846873.0,3246997.0
6368,2028-01-01,GW_storage_CA_PGE_CEN_GW2[AF],293042.0,861121911.0,3540039.0
6369,2028-02-01,GW_storage_CA_PGE_CEN_GW2[AF],286243.0,908650771.0,3826282.0
6370,2028-03-01,GW_storage_CA_PGE_CEN_GW2[AF],279145.0,959000163.0,4105427.0
6371,2028-04-01,GW_storage_CA_PGE_CEN_GW2[AF],272445.0,1012039411.0,4377872.0
6372,2028-05-01,GW_storage_CA_PGE_CEN_GW2[AF],265688.0,1068060916.0,4643560.0
6373,2028-06-01,GW_storage_CA_PGE_CEN_GW2[AF],259311.0,1125203670.0,4902871.0
6374,2028-07-01,GW_storage_CA_PGE_CEN_GW2[AF],252881.0,1183903968.0,5155752.0
6375,2028-08-01,GW_storage_CA_PGE_CEN_GW2[AF],246610.0,1241633200.0,5402362.0
6376,2028-09-01,GW_storage_CA_PGE_CEN_GW2[AF],240690.0,1298536546.0,5643052.0
6377,2028-10-01,GW_storage_CA_PGE_CEN_GW2[AF],236901.0,1354465802.0,5879953.0
6378,2028-11-01,GW_storage_CA_PGE_CEN_GW2[AF],232602.0,1409406877.0,6112555.0
6379,2028-12-01,GW_storage_CA_PGE_CEN_GW2[AF],226833.0,1463330743.0,6339388.0
6380,2029-01-01,GW_storage_CA_PGE_CEN_GW2[AF],221208.0,1516331973.0,6560596.0
6381,2029-02-01,GW_storage_CA_PGE_CEN_GW2[AF],216254.0,1568436361.0,6776850.0
6382,2029-03-01,GW_storage_CA_PGE_CEN_GW2[AF],210891.0,1622957905.0,6987741.0
6383,2029-04-01,GW_storage_CA_PGE_CEN_GW2[AF],206172.0,1679352962.0,7193913.0
6384,2029-05-01,GW_storage_CA_PGE_CEN_GW2[AF],203228.0,1742904338.0,7397141.0
6385,2029-06-01,GW_storage_CA_PGE_CEN_GW2[AF],200798.0,1807169538.0,7597939.0
6386,2029-07-01,GW_storage_CA_PGE_CEN_GW2[AF],200511.0,1872474684.0,7798450.0
6387,2029-08-01,GW_storage_CA_PGE_CEN_GW2[AF],200456.0,1936569687.0,7998906.0
6388,2029-09-01,GW_storage_CA_PGE_CEN_GW2[AF],200403.0,1999536921.0,8199309.0
6389,2029-10-01,GW_storage_CA_PGE_CEN_GW2[AF],200350.0,2061251234.0,8399659.0
6390,2029-11-01,GW_storage_CA_PGE_CEN_GW2[AF],200298.0,2121792309.0,8599957.0
6391,2029-12-01,GW_storage_CA_PGE_CEN_GW2[AF],200271.0,2181276298.0,8800228.0
6392,2030-01-01,GW_storage_CA_PGE_CEN_GW2[AF],195250.0,2239598911.0,8995478.0
6393,2030-02-01,GW_storage_CA_PGE_CEN_GW2[AF],190829.0,2296908282.0,9186307.0
6394,2030-03-01,GW_storage_CA_PGE_CEN_GW2[AF],186045.0,2353273149.0,9372352.0
6395,2030-04-01,GW_storage_CA_PGE_CEN_GW2[AF],181529.0,2408813513.0,9553881.0
6396,2030-05-01,GW_storage_CA_PGE_CEN_GW2[AF],177027.0,2463288321.0,9730908.0
6397,2030-06-01,GW_storage_CA_PGE_CEN_GW2[AF],173809.0,2519189259.0,9904717.0
6398,2030-07-01,GW_storage_CA_PGE_CEN_GW2[AF],173526.0,2574987711.0,10078243.0
6399,2030-08-01,GW_storage_CA_PGE_CEN_GW2[AF],173474.0,2629845780.0,10251717.0
6400,2030-09-01,GW_storage_CA_PGE_CEN_GW2[AF],173426.0,2683731630.0,10425143.0
6401,2030-10-01,GW_storage_CA_PGE_CEN_GW2[AF],173375.0,2736573135.0,10598518.0
6402,2030-11-01,GW_storage_CA_PGE_CEN_GW2[AF],173376.0,2788437015.0,10771894.0
6403,2030-12-01,GW_storage_CA_PGE_CEN_GW2[AF],173342.0,2839371858.0,10945236.0
6404,2031-01-01,GW_storage_CA_PGE_CEN_GW2[AF],174303.0,2889285425.0,11119539.0
6405,2031-02-01,GW_storage_CA_PGE_CEN_GW2[AF],170348.0,2938331300.0,11289887.0
6406,2031-03-01,GW_storage_CA_PGE_CEN_GW2[AF],166124.0,2986403207.0,11456011.0
6407,2031-04-01,GW_storage_CA_PGE_CEN_GW2[AF],190916.0,3034117058.0,11646927.0
6408,2031-05-01,GW_storage_CA_PGE_CEN_GW2[AF],206653.0,3081639947.0,11853580.0
6409,2031-06-01,GW_storage_CA_PGE_CEN_GW2[AF],201693.0,3128466639.0,12055273.0
6410,2031-07-01,GW_storage_CA_PGE_CEN_GW2[AF],196691.0,3175256040.0,12251964.0
6411,2031-08-01,GW_storage_CA_PGE_CEN_GW2[AF],191813.0,3221201089.0,12443777.0
6412,2031-09-01,GW_storage_CA_PGE_CEN_GW2[AF],187811.0,3266538806.0,12631588.0
6413,2031-10-01,GW_storage_CA_PGE_CEN_GW2[AF],185824.0,3311005126.0,12817412.0
6414,2031-11-01,GW_storage_CA_PGE_CEN_GW2[AF],181429.0,3354843436.0,12998841.0
6415,2031-12-01,GW_storage_CA_PGE_CEN_GW2[AF],176930.0,3397917039.0,13175771.0
6416,2032-01-01,GW_storage_CA_PGE_CEN_GW2[AF],172542.0,3440765830.0,13348313.0
6417,2032-02-01,GW_storage_CA_PGE_CEN_GW2[AF],404331.0,3500332884.0,13752644.0
6418,2032-03-01,GW_storage_CA_PGE_CEN_GW2[AF],490319.0,3570397039.0,14242963.0
6419,2032-04-01,GW_storage_CA_PGE_CEN_GW2[AF],540450.0,3645988541.0,14783413.0
6420,2032-05-01,GW_storage_CA_PGE_CEN_GW2[AF],568232.0,3723860841.0,15351645.0
6421,2032-06-01,GW_storage_CA_PGE_CEN_GW2[AF],591042.0,3803847465.0,15942687.0
6422,2032-07-01,GW_storage_CA_PGE_CEN_GW2[AF],576384.0,3884065220.0,16519071.0
6423,2032-08-01,GW_storage_CA_PGE_CEN_GW2[AF],589759.0,3963910669.0,17108830.0
6424,2032-09-01,GW_storage_CA_PGE_CEN_GW2[AF],602267.0,4042724779.0,17711097.0
6425,2032-10-01,GW_storage_CA_PGE_CEN_GW2[AF],587331.0,4120308321.0,18298428.0
6426,2032-11-01,GW_storage_CA_PGE_CEN_GW2[AF],597689.0,4196679403.0,18896117.0
6427,2032-12-01,GW_storage_CA_PGE_CEN_GW2[AF],606786.0,4271822754.0,19502903.0
6428,2033-01-01,GW_storage_CA_PGE_CEN_GW2[AF],591738.0,4345538492.0,20094641.0
6429,2033-02-01,GW_storage_CA_PGE_CEN_GW2[AF],753740.0,4423218301.0,20848381.0
6430,2033-03-01,GW_storage_CA_PGE_CEN_GW2[AF],845862.0,4505470297.0,21694243.0
6431,2033-04-01,GW_storage_CA_PGE_CEN_GW2[AF],896942.0,4590681136.0,22591185.0
6432,2033-05-01,GW_storage_CA_PGE_CEN_GW2[AF],924176.0,4675360581.0,23515361.0
6433,2033-06-01,GW_storage_CA_PGE_CEN_GW2[AF],946536.0,4760708398.0,24461897.0
6434,2033-07-01,GW_storage_CA_PGE_CEN_GW2[AF],964420.0,4846138178.0,25426317.0
6435,2033-08-01,GW_storage_CA_PGE_CEN_GW2[AF],940503.0,4931118427.0,26366820.0
6436,2033-09-01,GW_storage_CA_PGE_CEN_GW2[AF],917931.0,5014914731.0,27284751.0
6437,2033-10-01,GW_storage_CA_PGE_CEN_GW2[AF],895166.0,5097508172.0,28179917.0
6438,2033-11-01,GW_storage_CA_PGE_CEN_GW2[AF],873682.0,5178663669.0,29053599.0
6439,2033-12-01,GW_storage_CA_PGE_CEN_GW2[AF],852014.0,5258443309.0,29905613.0
6440,2034-01-01,GW_storage_CA_PGE_CEN_GW2[AF],830884.0,5339163828.0,30736497.0
6441,2034-02-01,GW_storage_CA_PGE_CEN_GW2[AF],812273.0,5418722190.0,31548770.0
6442,2034-03-01,GW_storage_CA_PGE_CEN_GW2[AF],792129.0,5500220744.0,32340899.0
6443,2034-04-01,GW_storage_CA_PGE_CEN_GW2[AF],773118.0,5584032903.0,33114017.0
6444,2034-05-01,GW_storage_CA_PGE_CEN_GW2[AF],753944.0,5676873319.0,33867961.0
6445,2034-06-01,GW_storage_CA_PGE_CEN_GW2[AF],735849.0,5773341236.0,34603810.0
6446,2034-07-01,GW_storage_CA_PGE_CEN_GW2[AF],717600.0,5871231225.0,35321410.0
6447,2034-08-01,GW_storage_CA_PGE_CEN_GW2[AF],699804.0,5968392389.0,36021214.0
6448,2034-09-01,GW_storage_CA_PGE_CEN_GW2[AF],683009.0,6064112138.0,36704223.0
6449,2034-10-01,GW_storage_CA_PGE_CEN_GW2[AF],667635.0,6158273690.0,37371858.0
6450,2034-11-01,GW_storage_CA_PGE_CEN_GW2[AF],653811.0,6251013792.0,38025669.0
6451,2034-12-01,GW_storage_CA_PGE_CEN_GW2[AF],641523.0,6342469856.0,38667192.0
6452,2035-01-01,GW_storage_CA_PGE_CEN_GW2[AF],627126.0,6432436397.0,39294318.0
6453,2035-02-01,GW_storage_CA_PGE_CEN_GW2[AF],614538.0,6520973109.0,39908856.0
6454,2035-03-01,GW_storage_CA_PGE_CEN_GW2[AF],600899.0,6608114132.0,40509755.0
6455,2035-04-01,GW_storage_CA_PGE_CEN_GW2[AF],586715.0,6694040771.0,41096470.0
6456,2035-05-01,GW_storage_CA_PGE_CEN_GW2[AF],572165.0,6778544504.0,41668635.0
6457,2035-06-01,GW_storage_CA_PGE_CEN_GW2[AF],558432.0,6863239534.0,42227067.0
6458,2035-07-01,GW_storage_CA_PGE_CEN_GW2[AF],545334.0,6947511289.0,42772401.0
6459,2035-08-01,GW_storage_CA_PGE_CEN_GW2[AF],534109.0,7030376153.0,43306510.0
6460,2035-09-01,GW_storage_CA_PGE_CEN_GW2[AF],524529.0,7112119087.0,43831039.0
6461,2035-10-01,GW_storage_CA_PGE_CEN_GW2[AF],517003.0,7192574428.0,44348042.0
6462,2035-11-01,GW_storage_CA_PGE_CEN_GW2[AF],506058.0,7271865334.0,44854100.0
6463,2035-12-01,GW_storage_CA_PGE_CEN_GW2[AF],496157.0,7350179909.0,45350257.0
6464,2036-01-01,GW_storage_CA_PGE_CEN_GW2[AF],490463.0,7427195979.0,45840720.0
6465,2036-02-01,GW_storage_CA_PGE_CEN_GW2[AF],481607.0,7503024891.0,46322327.0
6466,2036-03-01,GW_storage_CA_PGE_CEN_GW2[AF],472185.0,7577632108.0,46794512.0
6467,2036-04-01,GW_storage_CA_PGE_CEN_GW2[AF],463482.0,7651185144.0,47257994.0
6468,2036-05-01,GW_storage_CA_PGE_CEN_GW2[AF],456886.0,7724300240.0,47714880.0
6469,2036-06-01,GW_storage_CA_PGE_CEN_GW2[AF],451139.0,7796353708.0,48166019.0
6470,2036-07-01,GW_storage_CA_PGE_CEN_GW2[AF],447634.0,7867314948.0,48613653.0
6471,2036-08-01,GW_storage_CA_PGE_CEN_GW2[AF],445624.0,7937241278.0,49059277.0
6472,2036-09-01,GW_storage_CA_PGE_CEN_GW2[AF],444742.0,8006295323.0,49504019.0
6473,2036-10-01,GW_storage_CA_PGE_CEN_GW2[AF],440924.0,8074305646.0,49944943.0
6474,2036-11-01,GW_storage_CA_PGE_CEN_GW2[AF],442070.0,8141376577.0,50387013.0
6475,2036-12-01,GW_storage_CA_PGE_CEN_GW2[AF],440240.0,8207644541.0,50827253.0
6476,2037-01-01,GW_storage_CA_PGE_CEN_GW2[AF],441745.0,8273161410.0,51268998.0
6477,2037-02-01,GW_storage_CA_PGE_CEN_GW2[AF],440069.0,8337733681.0,51709067.0
6478,2037-03-01,GW_storage_CA_PGE_CEN_GW2[AF],439178.0,8401237350.0,52148245.0
6479,2037-04-01,GW_storage_CA_PGE_CEN_GW2[AF],436275.0,8463716442.0,52584520.0
6480,2037-05-01,GW_storage_CA_PGE_CEN_GW2[AF],435345.0,8525229166.0,53019865.0
6481,2037-06-01,GW_storage_CA_PGE_CEN_GW2[AF],435137.0,8585780498.0,53455002.0
6482,2037-07-01,GW_storage_CA_PGE_CEN_GW2[AF],436592.0,8645518277.0,53891594.0
6483,2037-08-01,GW_storage_CA_PGE_CEN_GW2[AF],438039.0,8704580765.0,54329633.0
6484,2037-09-01,GW_storage_CA_PGE_CEN_GW2[AF],439433.0,8763159684.0,54769066.0
6485,2037-10-01,GW_storage_CA_PGE_CEN_GW2[AF],440866.0,8821181815.0,55209932.0
6486,2037-11-01,GW_storage_CA_PGE_CEN_GW2[AF],440251.0,8878677095.0,55650183.0
6487,2037-12-01,GW_storage_CA_PGE_CEN_GW2[AF],440593.0,8935618642.0,56090776.0
6488,2038-01-01,GW_storage_CA_PGE_CEN_GW2[AF],432432.0,8991690289.0,56523208.0
6489,2038-02-01,GW_storage_CA_PGE_CEN_GW2[AF],422745.0,9049081585.0,56945953.0
6490,2038-03-01,GW_storage_CA_PGE_CEN_GW2[AF],451029.0,9108044798.0,57396982.0
6491,2038-04-01,GW_storage_CA_PGE_CEN_GW2[AF],441658.0,9168794933.0,57838640.0
6492,2038-05-01,GW_storage_CA_PGE_CEN_GW2[AF],433599.0,9229969082.0,58272239.0
6493,2038-06-01,GW_storage_CA_PGE_CEN_GW2[AF],424018.0,9290494843.0,58696257.0
6494,2038-07-01,GW_storage_CA_PGE_CEN_GW2[AF],421911.0,9350294408.0,59118168.0
6495,2038-08-01,GW_storage_CA_PGE_CEN_GW2[AF],421684.0,9409318940.0,59539852.0
6496,2038-09-01,GW_storage_CA_PGE_CEN_GW2[AF],422593.0,9467673979.0,59962445.0
6497,2038-10-01,GW_storage_CA_PGE_CEN_GW2[AF],424064.0,9525253636.0,60386509.0
6498,2038-11-01,GW_storage_CA_PGE_CEN_GW2[AF],426205.0,9582098472.0,60812714.0
6499,2038-12-01,GW_storage_CA_PGE_CEN_GW2[AF],429797.0,9638248766.0,61242511.0
6500,2039-01-01,GW_storage_CA_PGE_CEN_GW2[AF],419138.0,9693650977.0,61661649.0
6501,2039-02-01,GW_storage_CA_PGE_CEN_GW2[AF],409750.0,9750458830.0,62071399.0
6502,2039-03-01,GW_storage_CA_PGE_CEN_GW2[AF],399587.0,9809156458.0,62470986.0
6503,2039-04-01,GW_storage_CA_PGE_CEN_GW2[AF],391347.0,9868559467.0,62862333.0
6504,2039-05-01,GW_storage_CA_PGE_CEN_GW2[AF],384296.0,9927385773.0,63246629.0
6505,2039-06-01,GW_storage_CA_PGE_CEN_GW2[AF],379274.0,9986965256.0,63625903.0
6506,2039-07-01,GW_storage_CA_PGE_CEN_GW2[AF],377329.0,10046475029.0,64003232.0
6507,2039-08-01,GW_storage_CA_PGE_CEN_GW2[AF],377175.0,10105238592.0,64380407.0
6508,2039-09-01,GW_storage_CA_PGE_CEN_GW2[AF],377922.0,10163363477.0,64758329.0
6509,2039-10-01,GW_storage_CA_PGE_CEN_GW2[AF],379270.0,10220781260.0,65137599.0
6510,2039-11-01,GW_storage_CA_PGE_CEN_GW2[AF],377508.0,10277373162.0,65515107.0
6511,2039-12-01,GW_storage_CA_PGE_CEN_GW2[AF],378456.0,10333185165.0,65893563.0
6512,2040-01-01,GW_storage_CA_PGE_CEN_GW2[AF],382853.0,10388289039.0,66276416.0
6513,2040-02-01,GW_storage_CA_PGE_CEN_GW2[AF],382528.0,10442633493.0,66658944.0
6514,2040-03-01,GW_storage_CA_PGE_CEN_GW2[AF],373942.0,10496196844.0,67032886.0
6515,2040-04-01,GW_storage_CA_PGE_CEN_GW2[AF],370992.0,10549040409.0,67403878.0
6516,2040-05-01,GW_storage_CA_PGE_CEN_GW2[AF],371179.0,10601395194.0,67775057.0
6517,2040-06-01,GW_storage_CA_PGE_CEN_GW2[AF],372435.0,10653107949.0,68147492.0
6518,2040-07-01,GW_storage_CA_PGE_CEN_GW2[AF],373756.0,10704171007.0,68521248.0
6519,2040-08-01,GW_storage_CA_PGE_CEN_GW2[AF],375070.0,10754605305.0,68896318.0
6520,2040-09-01,GW_storage_CA_PGE_CEN_GW2[AF],376336.0,10804445973.0,69272654.0
6521,2040-10-01,GW_storage_CA_PGE_CEN_GW2[AF],377637.0,10853648570.0,69650291.0
6522,2040-11-01,GW_storage_CA_PGE_CEN_GW2[AF],376735.0,10902484914.0,70027026.0
6523,2040-12-01,GW_storage_CA_PGE_CEN_GW2[AF],375153.0,10950730644.0,70402179.0
6524,2041-01-01,GW_storage_CA_PGE_CEN_GW2[AF],367595.0,10998281298.0,70769774.0
6525,2041-02-01,GW_storage_CA_PGE_CEN_GW2[AF],359361.0,11047818234.0,71129135.0
6526,2041-03-01,GW_storage_CA_PGE_CEN_GW2[AF],371756.0,11099139984.0,71500891.0
6527,2041-04-01,GW_storage_CA_PGE_CEN_GW2[AF],364130.0,11151170281.0,71865021.0
6528,2041-05-01,GW_storage_CA_PGE_CEN_GW2[AF],357676.0,11202540882.0,72222697.0
6529,2041-06-01,GW_storage_CA_PGE_CEN_GW2[AF],353623.0,11253584926.0,72576320.0
6530,2041-07-01,GW_storage_CA_PGE_CEN_GW2[AF],352783.0,11304087287.0,72929103.0
6531,2041-08-01,GW_storage_CA_PGE_CEN_GW2[AF],353739.0,11354085428.0,73282842.0
6532,2041-09-01,GW_storage_CA_PGE_CEN_GW2[AF],350371.0,11403615397.0,73633213.0
6533,2041-10-01,GW_storage_CA_PGE_CEN_GW2[AF],351688.0,11452671944.0,73984901.0
6534,2041-11-01,GW_storage_CA_PGE_CEN_GW2[AF],356064.0,11501212889.0,74340965.0
6535,2041-12-01,GW_storage_CA_PGE_CEN_GW2[AF],357352.0,11549056939.0,74698317.0
6536,2042-01-01,GW_storage_CA_PGE_CEN_GW2[AF],348490.0,11596204581.0,75046807.0
6537,2042-02-01,GW_storage_CA_PGE_CEN_GW2[AF],390308.0,11642935334.0,75437115.0
6538,2042-03-01,GW_storage_CA_PGE_CEN_GW2[AF],441183.0,11689092595.0,75878298.0
6539,2042-04-01,GW_storage_CA_PGE_CEN_GW2[AF],450237.0,11735022869.0,76328535.0
6540,2042-05-01,GW_storage_CA_PGE_CEN_GW2[AF],440677.0,11780876718.0,76769212.0
6541,2042-06-01,GW_storage_CA_PGE_CEN_GW2[AF],430101.0,11826092725.0,77199313.0
6542,2042-07-01,GW_storage_CA_PGE_CEN_GW2[AF],421055.0,11871546727.0,77620368.0
6543,2042-08-01,GW_storage_CA_PGE_CEN_GW2[AF],414332.0,11916431990.0,78034700.0
6544,2042-09-01,GW_storage_CA_PGE_CEN_GW2[AF],409266.0,11960791410.0,78443966.0
6545,2042-10-01,GW_storage_CA_PGE_CEN_GW2[AF],406716.0,12004660184.0,78850682.0
6546,2042-11-01,GW_storage_CA_PGE_CEN_GW2[AF],404877.0,12048130811.0,79255559.0
6547,2042-12-01,GW_storage_CA_PGE_CEN_GW2[AF],402829.0,12091062837.0,79658388.0
6548,2043-01-01,GW_storage_CA_PGE_CEN_GW2[AF],400084.0,12133444088.0,80058472.0
6549,2043-02-01,GW_storage_CA_PGE_CEN_GW2[AF],391503.0,12175363925.0,80449975.0
6550,2043-03-01,GW_storage_CA_PGE_CEN_GW2[AF],384279.0,12216725340.0,80834254.0
6551,2043-04-01,GW_storage_CA_PGE_CEN_GW2[AF],381304.0,12257666079.0,81215558.0
6552,2043-05-01,GW_storage_CA_PGE_CEN_GW2[AF],380261.0,12298078753.0,81595819.0
6553,2043-06-01,GW_storage_CA_PGE_CEN_GW2[AF],379480.0,12338040338.0,81975299.0
6554,2043-07-01,GW_storage_CA_PGE_CEN_GW2[AF],380879.0,12377535688.0,82356178.0
6555,2043-08-01,GW_storage_CA_PGE_CEN_GW2[AF],382405.0,12416568319.0,82738583.0
6556,2043-09-01,GW_storage_CA_PGE_CEN_GW2[AF],383872.0,12455234071.0,83122455.0
6557,2043-10-01,GW_storage_CA_PGE_CEN_GW2[AF],385383.0,12493493716.0,83507838.0
6558,2043-11-01,GW_storage_CA_PGE_CEN_GW2[AF],386837.0,12531340494.0,83894675.0
6559,2043-12-01,GW_storage_CA_PGE_CEN_GW2[AF],392203.0,12568703212.0,84286878.0
6560,2044-01-01,GW_storage_CA_PGE_CEN_GW2[AF],393548.0,12605614127.0,84680426.0
6561,2044-02-01,GW_storage_CA_PGE_CEN_GW2[AF],389670.0,12642100391.0,85070096.0
6562,2044-03-01,GW_storage_CA_PGE_CEN_GW2[AF],389147.0,12678094207.0,85459243.0
6563,2044-04-01,GW_storage_CA_PGE_CEN_GW2[AF],387003.0,12715489683.0,85846246.0
6564,2044-05-01,GW_storage_CA_PGE_CEN_GW2[AF],387715.0,12757376464.0,86233961.0
6565,2044-06-01,GW_storage_CA_PGE_CEN_GW2[AF],389117.0,12798680033.0,86623078.0
6566,2044-07-01,GW_storage_CA_PGE_CEN_GW2[AF],390559.0,12840178366.0,87013637.0
6567,2044-08-01,GW_storage_CA_PGE_CEN_GW2[AF],391994.0,12881238666.0,87405631.0
6568,2044-09-01,GW_storage_CA_PGE_CEN_GW2[AF],393375.0,12921922929.0,87799006.0
6569,2044-10-01,GW_storage_CA_PGE_CEN_GW2[AF],394796.0,12962137170.0,88193802.0
6570,2044-11-01,GW_storage_CA_PGE_CEN_GW2[AF],394772.0,13001917872.0,88588574.0
6571,2044-12-01,GW_storage_CA_PGE_CEN_GW2[AF],388050.0,13041192913.0,88976624.0
6572,2045-01-01,GW_storage_CA_PGE_CEN_GW2[AF],378426.0,13079996277.0,89355050.0
6573,2045-02-01,GW_storage_CA_PGE_CEN_GW2[AF],503208.0,13119222084.0,89858258.0
6574,2045-03-01,GW_storage_CA_PGE_CEN_GW2[AF],564511.0,13158364150.0,90422769.0
6575,2045-04-01,GW_storage_CA_PGE_CEN_GW2[AF],585110.0,13198157185.0,91007879.0
6576,2045-05-01,GW_storage_CA_PGE_CEN_GW2[AF],581320.0,13237869018.0,91589199.0
6577,2045-06-01,GW_storage_CA_PGE_CEN_GW2[AF],569335.0,13278774379.0,92158534.0
6578,2045-07-01,GW_storage_CA_PGE_CEN_GW2[AF],555550.0,13324244062.0,92714084.0
6579,2045-08-01,GW_storage_CA_PGE_CEN_GW2[AF],542120.0,13372386542.0,93256204.0
6580,2045-09-01,GW_storage_CA_PGE_CEN_GW2[AF],530747.0,13419876881.0,93786951.0
6581,2045-10-01,GW_storage_CA_PGE_CEN_GW2[AF],518541.0,13466818785.0,94305492.0
6582,2045-11-01,GW_storage_CA_PGE_CEN_GW2[AF],508016.0,13513160105.0,94813508.0
6583,2045-12-01,GW_storage_CA_PGE_CEN_GW2[AF],497382.0,13560745919.0,95310890.0
6584,2046-01-01,GW_storage_CA_PGE_CEN_GW2[AF],485047.0,13615290772.0,95795937.0
6585,2046-02-01,GW_storage_CA_PGE_CEN_GW2[AF],474182.0,13677811710.0,96270119.0
6586,2046-03-01,GW_storage_CA_PGE_CEN_GW2[AF],464331.0,13748607831.0,96734450.0
6587,2046-04-01,GW_storage_CA_PGE_CEN_GW2[AF],455016.0,13826873589.0,97189466.0
6588,2046-05-01,GW_storage_CA_PGE_CEN_GW2[AF],443732.0,13907944967.0,97633198.0
6589,2046-06-01,GW_storage_CA_PGE_CEN_GW2[AF],433082.0,13989979852.0,98066280.0
6590,2046-07-01,GW_storage_CA_PGE_CEN_GW2[AF],422342.0,14071604903.0,98488622.0
6591,2046-08-01,GW_storage_CA_PGE_CEN_GW2[AF],413347.0,14152131683.0,98901969.0
6592,2046-09-01,GW_storage_CA_PGE_CEN_GW2[AF],405736.0,14231617714.0,99307705.0
6593,2046-10-01,GW_storage_CA_PGE_CEN_GW2[AF],400657.0,14310005025.0,99708362.0
6594,2046-11-01,GW_storage_CA_PGE_CEN_GW2[AF],391827.0,14387273527.0,100100189.0
6595,2046-12-01,GW_storage_CA_PGE_CEN_GW2[AF],382109.0,14463437376.0,100482298.0
6596,2047-01-01,GW_storage_CA_PGE_CEN_GW2[AF],380310.0,14538457981.0,100862608.0
6597,2047-02-01,GW_storage_CA_PGE_CEN_GW2[AF],394737.0,14612508014.0,101257345.0
6598,2047-03-01,GW_storage_CA_PGE_CEN_GW2[AF],386726.0,14685452283.0,101644071.0
6599,2047-04-01,GW_storage_CA_PGE_CEN_GW2[AF],379148.0,14764472816.0,102023219.0
6600,2047-05-01,GW_storage_CA_PGE_CEN_GW2[AF],369746.0,14860897341.0,102392965.0
6601,2047-06-01,GW_storage_CA_PGE_CEN_GW2[AF],360872.0,14972506362.0,102753837.0
6602,2047-07-01,GW_storage_CA_PGE_CEN_GW2[AF],352333.0,15088231692.0,103106170.0
6603,2047-08-01,GW_storage_CA_PGE_CEN_GW2[AF],345673.0,15203332934.0,103451843.0
6604,2047-09-01,GW_storage_CA_PGE_CEN_GW2[AF],340451.0,15317492289.0,103792294.0
6605,2047-10-01,GW_storage_CA_PGE_CEN_GW2[AF],337603.0,15430042333.0,104129897.0
6606,2047-11-01,GW_storage_CA_PGE_CEN_GW2[AF],335510.0,15542831934.0,104465407.0
6607,2047-12-01,GW_storage_CA_PGE_CEN_GW2[AF],332683.0,15653870877.0,104798090.0
6608,2048-01-01,GW_storage_CA_PGE_CEN_GW2[AF],324431.0,15763169397.0,105122521.0
6609,2048-02-01,GW_storage_CA_PGE_CEN_GW2[AF],648610.0,15872138297.0,105771131.0
6610,2048-03-01,GW_storage_CA_PGE_CEN_GW2[AF],772866.0,15987897138.0,106543997.0
6611,2048-04-01,GW_storage_CA_PGE_CEN_GW2[AF],830261.0,16106751114.0,107374258.0
6612,2048-05-01,GW_storage_CA_PGE_CEN_GW2[AF],852413.0,16226738594.0,108226671.0
6613,2048-06-01,GW_storage_CA_PGE_CEN_GW2[AF],869721.0,16346930466.0,109096392.0
6614,2048-07-01,GW_storage_CA_PGE_CEN_GW2[AF],848152.0,16466203172.0,109944544.0
6615,2048-08-01,GW_storage_CA_PGE_CEN_GW2[AF],827118.0,16583670765.0,110771662.0
6616,2048-09-01,GW_storage_CA_PGE_CEN_GW2[AF],807267.0,16699553017.0,111578929.0
6617,2048-10-01,GW_storage_CA_PGE_CEN_GW2[AF],787247.0,16813788962.0,112366176.0
6618,2048-11-01,GW_storage_CA_PGE_CEN_GW2[AF],769846.0,16926416472.0,113136022.0
6619,2048-12-01,GW_storage_CA_PGE_CEN_GW2[AF],751295.0,17038918116.0,113887317.0
6620,2049-01-01,GW_storage_CA_PGE_CEN_GW2[AF],732662.0,17150214903.0,114619979.0
6621,2049-02-01,GW_storage_CA_PGE_CEN_GW2[AF],716251.0,17259849423.0,115336230.0
6622,2049-03-01,GW_storage_CA_PGE_CEN_GW2[AF],742414.0,17374140295.0,116078644.0
6623,2049-04-01,GW_storage_CA_PGE_CEN_GW2[AF],726076.0,17496980626.0,116804720.0
6624,2049-05-01,GW_storage_CA_PGE_CEN_GW2[AF],708706.0,17623520262.0,117513426.0
6625,2049-06-01,GW_storage_CA_PGE_CEN_GW2[AF],691697.0,17749882278.0,118205123.0
6626,2049-07-01,GW_storage_CA_PGE_CEN_GW2[AF],674543.0,17875311834.0,118879666.0
6627,2049-08-01,GW_storage_CA_PGE_CEN_GW2[AF],657814.0,17998950915.0,119537480.0
6628,2049-09-01,GW_storage_CA_PGE_CEN_GW2[AF],642043.0,18120987592.0,120179523.0
6629,2049-10-01,GW_storage_CA_PGE_CEN_GW2[AF],626120.0,18241422265.0,120805643.0
6630,2049-11-01,GW_storage_CA_PGE_CEN_GW2[AF],611093.0,18360102830.0,121416736.0
6631,2049-12-01,GW_storage_CA_PGE_CEN_GW2[AF],595938.0,18476910369.0,122012674.0
6632,2050-01-01,GW_storage_CA_PGE_CEN_GW2[AF],581158.0,18591916831.0,122593832.0
6633,2050-02-01,GW_storage_CA_PGE_CEN_GW2[AF],568141.0,18705272956.0,123161973.0
6634,2050-03-01,GW_storage_CA_PGE_CEN_GW2[AF],621832.0,18821028859.0,123783805.0
6635,2050-04-01,GW_storage_CA_PGE_CEN_GW2[AF],665367.0,18940506995.0,124449172.0
6636,2050-05-01,GW_storage_CA_PGE_CEN_GW2[AF],688170.0,19059600483.0,125137342.0
6637,2050-06-01,GW_storage_CA_PGE_CEN_GW2[AF],671789.0,19178428021.0,125809131.0
6638,2050-07-01,GW_storage_CA_PGE_CEN_GW2[AF],655129.0,19296435077.0,126464260.0
6639,2050-08-01,GW_storage_CA_PGE_CEN_GW2[AF],638882.0,19412834260.0,127103142.0
6640,2050-09-01,GW_storage_CA_PGE_CEN_GW2[AF],623549.0,19527808893.0,127726691.0
6641,2050-10-01,GW_storage_CA_PGE_CEN_GW2[AF],608085.0,19641173895.0,128334776.0
6642,2050-11-01,GW_storage_CA_PGE_CEN_GW2[AF],593491.0,19752769080.0,128928267.0
6643,2050-12-01,GW_storage_CA_PGE_CEN_GW2[AF],604631.0,19862611454.0,129532898.0
6644,2051-01-01,GW_storage_CA_PGE_CEN_GW2[AF],615310.0,19970764786.0,130148208.0
6645,2051-02-01,GW_storage_CA_PGE_CEN_GW2[AF],618284.0,20077395432.0,130766492.0
6646,2051-03-01,GW_storage_CA_PGE_CEN_GW2[AF],602951.0,20182370827.0,131369443.0
6647,2051-04-01,GW_storage_CA_PGE_CEN_GW2[AF],588480.0,20291580463.0,131957923.0
6648,2051-05-01,GW_storage_CA_PGE_CEN_GW2[AF],573885.0,20400038326.0,132531808.0
6649,2051-06-01,GW_storage_CA_PGE_CEN_GW2[AF],560112.0,20508257786.0,133091920.0
6650,2051-07-01,GW_storage_CA_PGE_CEN_GW2[AF],546222.0,20615875318.0,133638142.0
6651,2051-08-01,GW_storage_CA_PGE_CEN_GW2[AF],532675.0,20722198437.0,134170817.0
6652,2051-09-01,GW_storage_CA_PGE_CEN_GW2[AF],519890.0,20827038775.0,134690707.0
6653,2051-10-01,GW_storage_CA_PGE_CEN_GW2[AF],506997.0,20930437548.0,135197704.0
6654,2051-11-01,GW_storage_CA_PGE_CEN_GW2[AF],495235.0,21032468769.0,135692939.0
6655,2051-12-01,GW_storage_CA_PGE_CEN_GW2[AF],484290.0,21133705710.0,136177229.0
6656,2052-01-01,GW_storage_CA_PGE_CEN_GW2[AF],475355.0,21233433839.0,136652584.0
6657,2052-02-01,GW_storage_CA_PGE_CEN_GW2[AF],464328.0,21331717041.0,137116912.0
6658,2052-03-01,GW_storage_CA_PGE_CEN_GW2[AF],514139.0,21429607427.0,137631051.0
6659,2052-04-01,GW_storage_CA_PGE_CEN_GW2[AF],530141.0,21527851494.0,138161192.0
6660,2052-05-01,GW_storage_CA_PGE_CEN_GW2[AF],518245.0,21624977785.0,138679437.0
6661,2052-06-01,GW_storage_CA_PGE_CEN_GW2[AF],505807.0,21720857498.0,139185244.0
6662,2052-07-01,GW_storage_CA_PGE_CEN_GW2[AF],493263.0,21815421513.0,139678507.0
6663,2052-08-01,GW_storage_CA_PGE_CEN_GW2[AF],481030.0,21908765850.0,140159537.0
6664,2052-09-01,GW_storage_CA_PGE_CEN_GW2[AF],469485.0,22001026854.0,140629022.0
6665,2052-10-01,GW_storage_CA_PGE_CEN_GW2[AF],457842.0,22092179195.0,141086864.0
6666,2052-11-01,GW_storage_CA_PGE_CEN_GW2[AF],446854.0,22182158688.0,141533718.0
6667,2052-12-01,GW_storage_CA_PGE_CEN_GW2[AF],435772.0,22270990851.0,141969490.0
6668,2053-01-01,GW_storage_CA_PGE_CEN_GW2[AF],426121.0,22358572318.0,142395611.0
6669,2053-02-01,GW_storage_CA_PGE_CEN_GW2[AF],416576.0,22445234888.0,142812187.0
6670,2053-03-01,GW_storage_CA_PGE_CEN_GW2[AF],407036.0,22531338210.0,143219223.0
6671,2053-04-01,GW_storage_CA_PGE_CEN_GW2[AF],397268.0,22618197854.0,143616491.0
6672,2053-05-01,GW_storage_CA_PGE_CEN_GW2[AF],387415.0,22705000235.0,144003906.0
6673,2053-06-01,GW_storage_CA_PGE_CEN_GW2[AF],378117.0,22792005107.0,144382023.0
6674,2053-07-01,GW_storage_CA_PGE_CEN_GW2[AF],368952.0,22878611714.0,144750975.0
6675,2053-08-01,GW_storage_CA_PGE_CEN_GW2[AF],361515.0,22964123789.0,145112490.0
6676,2053-09-01,GW_storage_CA_PGE_CEN_GW2[AF],355469.0,23048536524.0,145467959.0
6677,2053-10-01,GW_storage_CA_PGE_CEN_GW2[AF],351596.0,23131866519.0,145819555.0
6678,2053-11-01,GW_storage_CA_PGE_CEN_GW2[AF],348252.0,23214276747.0,146167807.0
6679,2053-12-01,GW_storage_CA_PGE_CEN_GW2[AF],344216.0,23295578937.0,146512023.0
6680,2054-01-01,GW_storage_CA_PGE_CEN_GW2[AF],335680.0,23375761806.0,146847703.0
6681,2054-02-01,GW_storage_CA_PGE_CEN_GW2[AF],328752.0,23454991045.0,147176455.0
6682,2054-03-01,GW_storage_CA_PGE_CEN_GW2[AF],320598.0,23533194281.0,147497053.0
6683,2054-04-01,GW_storage_CA_PGE_CEN_GW2[AF],312904.0,23610840643.0,147809957.0
6684,2054-05-01,GW_storage_CA_PGE_CEN_GW2[AF],305145.0,23687968757.0,148115102.0
6685,2054-06-01,GW_storage_CA_PGE_CEN_GW2[AF],298430.0,23764134532.0,148413532.0
6686,2054-07-01,GW_storage_CA_PGE_CEN_GW2[AF],294351.0,23839346953.0,148707883.0
6687,2054-08-01,GW_storage_CA_PGE_CEN_GW2[AF],291860.0,23913680649.0,148999743.0
6688,2054-09-01,GW_storage_CA_PGE_CEN_GW2[AF],290301.0,23987275722.0,149290044.0
6689,2054-10-01,GW_storage_CA_PGE_CEN_GW2[AF],291087.0,24060063673.0,149581131.0
6690,2054-11-01,GW_storage_CA_PGE_CEN_GW2[AF],287213.0,24132040073.0,149868344.0
6691,2054-12-01,GW_storage_CA_PGE_CEN_GW2[AF],287626.0,24203075252.0,150155970.0
6692,2055-01-01,GW_storage_CA_PGE_CEN_GW2[AF],280493.0,24273232069.0,150436463.0
6693,2055-02-01,GW_storage_CA_PGE_CEN_GW2[AF],333572.0,24346983422.0,150770035.0
6694,2055-03-01,GW_storage_CA_PGE_CEN_GW2[AF],379077.0,24429418525.0,151149112.0
6695,2055-04-01,GW_storage_CA_PGE_CEN_GW2[AF],397533.0,24519974284.0,151546645.0
6696,2055-05-01,GW_storage_CA_PGE_CEN_GW2[AF],389099.0,24612887460.0,151935744.0
6697,2055-06-01,GW_storage_CA_PGE_CEN_GW2[AF],379760.0,24705731755.0,152315504.0
6698,2055-07-01,GW_storage_CA_PGE_CEN_GW2[AF],370343.0,24797561549.0,152685847.0
6699,2055-08-01,GW_storage_CA_PGE_CEN_GW2[AF],361163.0,24888417864.0,153047010.0
6700,2055-09-01,GW_storage_CA_PGE_CEN_GW2[AF],353628.0,24978247446.0,153400638.0
6701,2055-10-01,GW_storage_CA_PGE_CEN_GW2[AF],348666.0,25067037402.0,153749304.0
6702,2055-11-01,GW_storage_CA_PGE_CEN_GW2[AF],344214.0,25154620871.0,154093518.0
6703,2055-12-01,GW_storage_CA_PGE_CEN_GW2[AF],339503.0,25240958786.0,154433021.0
6704,2056-01-01,GW_storage_CA_PGE_CEN_GW2[AF],333215.0,25326085001.0,154766236.0
6705,2056-02-01,GW_storage_CA_PGE_CEN_GW2[AF],326752.0,25410115783.0,155092988.0
6706,2056-03-01,GW_storage_CA_PGE_CEN_GW2[AF],332743.0,25493046199.0,155425731.0
6707,2056-04-01,GW_storage_CA_PGE_CEN_GW2[AF],326045.0,25579867650.0,155751776.0
6708,2056-05-01,GW_storage_CA_PGE_CEN_GW2[AF],317959.0,25665994452.0,156069735.0
6709,2056-06-01,GW_storage_CA_PGE_CEN_GW2[AF],310328.0,25751014051.0,156380063.0
6710,2056-07-01,GW_storage_CA_PGE_CEN_GW2[AF],303360.0,25834999057.0,156683423.0
6711,2056-08-01,GW_storage_CA_PGE_CEN_GW2[AF],298270.0,25918012980.0,156981693.0
6712,2056-09-01,GW_storage_CA_PGE_CEN_GW2[AF],294323.0,26000006720.0,157276016.0
6713,2056-10-01,GW_storage_CA_PGE_CEN_GW2[AF],292835.0,26080893812.0,157568851.0
6714,2056-11-01,GW_storage_CA_PGE_CEN_GW2[AF],288555.0,26160908259.0,157857406.0
6715,2056-12-01,GW_storage_CA_PGE_CEN_GW2[AF],282785.0,26240212456.0,158140191.0
6716,2057-01-01,GW_storage_CA_PGE_CEN_GW2[AF],277030.0,26318587848.0,158417221.0
6717,2057-02-01,GW_storage_CA_PGE_CEN_GW2[AF],270824.0,26395985372.0,158688045.0
6718,2057-03-01,GW_storage_CA_PGE_CEN_GW2[AF],264107.0,26472734266.0,158952152.0
6719,2057-04-01,GW_storage_CA_PGE_CEN_GW2[AF],258580.0,26556295278.0,159210732.0
6720,2057-05-01,GW_storage_CA_PGE_CEN_GW2[AF],252167.0,26638790503.0,159462899.0
6721,2057-06-01,GW_storage_CA_PGE_CEN_GW2[AF],246116.0,26720263696.0,159709015.0
6722,2057-07-01,GW_storage_CA_PGE_CEN_GW2[AF],240012.0,26800720453.0,159949027.0
6723,2057-08-01,GW_storage_CA_PGE_CEN_GW2[AF],235408.0,26880212595.0,160184435.0
6724,2057-09-01,GW_storage_CA_PGE_CEN_GW2[AF],232154.0,26958875022.0,160416589.0
6725,2057-10-01,GW_storage_CA_PGE_CEN_GW2[AF],231566.0,27036568588.0,160648155.0
6726,2057-11-01,GW_storage_CA_PGE_CEN_GW2[AF],231712.0,27113396201.0,160879867.0
6727,2057-12-01,GW_storage_CA_PGE_CEN_GW2[AF],227808.0,27189264327.0,161107675.0
6728,2058-01-01,GW_storage_CA_PGE_CEN_GW2[AF],222158.0,27264124633.0,161329833.0
6729,2058-02-01,GW_storage_CA_PGE_CEN_GW2[AF],345461.0,27348265847.0,161675294.0
6730,2058-03-01,GW_storage_CA_PGE_CEN_GW2[AF],440450.0,27440889382.0,162115744.0
6731,2058-04-01,GW_storage_CA_PGE_CEN_GW2[AF],475205.0,27539133274.0,162590949.0
6732,2058-05-01,GW_storage_CA_PGE_CEN_GW2[AF],500353.0,27639449314.0,163091302.0
6733,2058-06-01,GW_storage_CA_PGE_CEN_GW2[AF],520707.0,27738779306.0,163612009.0
6734,2058-07-01,GW_storage_CA_PGE_CEN_GW2[AF],508448.0,27837531793.0,164120457.0
6735,2058-08-01,GW_storage_CA_PGE_CEN_GW2[AF],517111.0,27935280444.0,164637568.0
6736,2058-09-01,GW_storage_CA_PGE_CEN_GW2[AF],504700.0,28031862865.0,165142268.0
6737,2058-10-01,GW_storage_CA_PGE_CEN_GW2[AF],492183.0,28127260463.0,165634451.0
6738,2058-11-01,GW_storage_CA_PGE_CEN_GW2[AF],480371.0,28221366217.0,166114822.0
6739,2058-12-01,GW_storage_CA_PGE_CEN_GW2[AF],468458.0,28314157055.0,166583280.0
6740,2059-01-01,GW_storage_CA_PGE_CEN_GW2[AF],456840.0,28405540773.0,167040120.0
6741,2059-02-01,GW_storage_CA_PGE_CEN_GW2[AF],495256.0,28502067677.0,167535376.0
6742,2059-03-01,GW_storage_CA_PGE_CEN_GW2[AF],614042.0,28605457246.0,168149418.0
6743,2059-04-01,GW_storage_CA_PGE_CEN_GW2[AF],644365.0,28717814838.0,168793783.0
6744,2059-05-01,GW_storage_CA_PGE_CEN_GW2[AF],667245.0,28830913147.0,169461028.0
6745,2059-06-01,GW_storage_CA_PGE_CEN_GW2[AF],651231.0,28943770190.0,170112259.0
6746,2059-07-01,GW_storage_CA_PGE_CEN_GW2[AF],635081.0,29055182582.0,170747340.0
6747,2059-08-01,GW_storage_CA_PGE_CEN_GW2[AF],619331.0,29165160032.0,171366671.0
6748,2059-09-01,GW_storage_CA_PGE_CEN_GW2[AF],604488.0,29273920291.0,171971159.0
6749,2059-10-01,GW_storage_CA_PGE_CEN_GW2[AF],589495.0,29381402010.0,172560654.0
6750,2059-11-01,GW_storage_CA_PGE_CEN_GW2[AF],575348.0,29487451547.0,173136002.0
6751,2059-12-01,GW_storage_CA_PGE_CEN_GW2[AF],561079.0,29592083281.0,173697081.0
6752,2060-01-01,GW_storage_CA_PGE_CEN_GW2[AF],547164.0,29695071869.0,174244245.0
6753,2060-02-01,GW_storage_CA_PGE_CEN_GW2[AF],685203.0,29797999369.0,174929448.0
6754,2060-03-01,GW_storage_CA_PGE_CEN_GW2[AF],807623.0,29907235449.0,175737071.0
6755,2060-04-01,GW_storage_CA_PGE_CEN_GW2[AF],833939.0,30022282651.0,176571010.0
6756,2060-05-01,GW_storage_CA_PGE_CEN_GW2[AF],860428.0,30138204137.0,177431438.0
6757,2060-06-01,GW_storage_CA_PGE_CEN_GW2[AF],882217.0,30253989194.0,178313655.0
6758,2060-07-01,GW_storage_CA_PGE_CEN_GW2[AF],860337.0,30369445165.0,179173992.0
6759,2060-08-01,GW_storage_CA_PGE_CEN_GW2[AF],839001.0,30483354195.0,180012993.0
6760,2060-09-01,GW_storage_CA_PGE_CEN_GW2[AF],818865.0,30595912136.0,180831858.0
6761,2060-10-01,GW_storage_CA_PGE_CEN_GW2[AF],798558.0,30707058453.0,181630416.0
6762,2060-11-01,GW_storage_CA_PGE_CEN_GW2[AF],779819.0,30816686913.0,182410235.0
6763,2060-12-01,GW_storage_CA_PGE_CEN_GW2[AF],760480.0,30924630927.0,183170715.0
6764,2061-01-01,GW_storage_CA_PGE_CEN_GW2[AF],820961.0,31038058188.0,183991676.0
6765,2061-02-01,GW_storage_CA_PGE_CEN_GW2[AF],994526.0,31163247262.0,184986202.0
6766,2061-03-01,GW_storage_CA_PGE_CEN_GW2[AF],1132321.0,31301926464.0,186118523.0
6767,2061-04-01,GW_storage_CA_PGE_CEN_GW2[AF],1188306.0,31460043743.0,187306829.0
6768,2061-05-01,GW_storage_CA_PGE_CEN_GW2[AF],1224840.0,31621719240.0,188531669.0
6769,2061-06-01,GW_storage_CA_PGE_CEN_GW2[AF],1255616.0,31781944019.0,189787285.0
6770,2061-07-01,GW_storage_CA_PGE_CEN_GW2[AF],1316827.0,31940594248.0,191104112.0
6771,2061-08-01,GW_storage_CA_PGE_CEN_GW2[AF],1338669.0,32097666692.0,192442781.0
6772,2061-09-01,GW_storage_CA_PGE_CEN_GW2[AF],1393098.0,32253244922.0,193835879.0
6773,2061-10-01,GW_storage_CA_PGE_CEN_GW2[AF],1409838.0,32407132898.0,195245717.0
6774,2061-11-01,GW_storage_CA_PGE_CEN_GW2[AF],1431598.0,32559108380.0,196677315.0
6775,2061-12-01,GW_storage_CA_PGE_CEN_GW2[AF],1464729.0,32709321481.0,198142044.0
6776,2062-01-01,GW_storage_CA_PGE_CEN_GW2[AF],1624434.0,32858735378.0,199766478.0
6777,2062-02-01,GW_storage_CA_PGE_CEN_GW2[AF],2517761.0,33022044851.0,202284239.0
6778,2062-03-01,GW_storage_CA_PGE_CEN_GW2[AF],2710509.0,33198837130.0,204994748.0
6779,2062-04-01,GW_storage_CA_PGE_CEN_GW2[AF],2841546.0,33390837210.0,207836294.0
6780,2062-05-01,GW_storage_CA_PGE_CEN_GW2[AF],2888394.0,33584259641.0,210724688.0
6781,2062-06-01,GW_storage_CA_PGE_CEN_GW2[AF],2928146.0,33776858517.0,213652834.0
6782,2062-07-01,GW_storage_CA_PGE_CEN_GW2[AF],3000251.0,33967635736.0,216653085.0
6783,2062-08-01,GW_storage_CA_PGE_CEN_GW2[AF],3067744.0,34156855847.0,219720829.0
6784,2062-09-01,GW_storage_CA_PGE_CEN_GW2[AF],3131073.0,34344548104.0,222851902.0
6785,2062-10-01,GW_storage_CA_PGE_CEN_GW2[AF],3156377.0,34530332137.0,226008279.0
6786,2062-11-01,GW_storage_CA_PGE_CEN_GW2[AF],3180997.0,34714073091.0,229189276.0
6787,2062-12-01,GW_storage_CA_PGE_CEN_GW2[AF],3210167.0,34895778448.0,232399443.0
6788,2063-01-01,GW_storage_CA_PGE_CEN_GW2[AF],4021067.0,35079072230.0,236420510.0
6789,2063-02-01,GW_storage_CA_PGE_CEN_GW2[AF],4496364.0,35269350335.0,240916874.0
6790,2063-03-01,GW_storage_CA_PGE_CEN_GW2[AF],5135065.0,35470064786.0,246051939.0
6791,2063-04-01,GW_storage_CA_PGE_CEN_GW2[AF],5588476.0,35683040547.0,251640415.0
6792,2063-05-01,GW_storage_CA_PGE_CEN_GW2[AF],5647043.0,35907121073.0,257287458.0
6793,2063-06-01,GW_storage_CA_PGE_CEN_GW2[AF],5704442.0,36134854310.0,262991900.0
6794,2063-07-01,GW_storage_CA_PGE_CEN_GW2[AF],5754846.0,36361472567.0,268746746.0
6795,2063-08-01,GW_storage_CA_PGE_CEN_GW2[AF],5802385.0,36586142514.0,274549131.0
6796,2063-09-01,GW_storage_CA_PGE_CEN_GW2[AF],5844401.0,36808934029.0,280393532.0
6797,2063-10-01,GW_storage_CA_PGE_CEN_GW2[AF],5883938.0,37029507927.0,286277470.0
6798,2063-11-01,GW_storage_CA_PGE_CEN_GW2[AF],5921844.0,37248012309.0,292199314.0
6799,2063-12-01,GW_storage_CA_PGE_CEN_GW2[AF],5981548.0,37465671472.0,298180862.0
6800,2064-01-01,GW_storage_CA_PGE_CEN_GW2[AF],6567281.0,37694815963.0,304748143.0
6801,2064-02-01,GW_storage_CA_PGE_CEN_GW2[AF],7263757.0,37945097639.0,312011900.0
6802,2064-03-01,GW_storage_CA_PGE_CEN_GW2[AF],7418507.0,38213638934.0,319430407.0
6803,2064-04-01,GW_storage_CA_PGE_CEN_GW2[AF],7538034.0,38493367090.0,326968441.0
6804,2064-05-01,GW_storage_CA_PGE_CEN_GW2[AF],7600324.0,38776738105.0,334568765.0
6805,2064-06-01,GW_storage_CA_PGE_CEN_GW2[AF],7655729.0,39060661713.0,342224494.0
6806,2064-07-01,GW_storage_CA_PGE_CEN_GW2[AF],7744767.0,39341932866.0,349969261.0
6807,2064-08-01,GW_storage_CA_PGE_CEN_GW2[AF],7830324.0,39620711220.0,357799585.0
6808,2064-09-01,GW_storage_CA_PGE_CEN_GW2[AF],7910542.0,39897002798.0,365710127.0
6809,2064-10-01,GW_storage_CA_PGE_CEN_GW2[AF],7952214.0,40170736712.0,373662341.0
6810,2064-11-01,GW_storage_CA_PGE_CEN_GW2[AF],8007704.0,40442044957.0,381670045.0
6811,2064-12-01,GW_storage_CA_PGE_CEN_GW2[AF],8069094.0,40711834451.0,389739139.0
6812,2065-01-01,GW_storage_CA_PGE_CEN_GW2[AF],8125622.0,40982757097.0,397864761.0
6813,2065-02-01,GW_storage_CA_PGE_CEN_GW2[AF],8219815.0,41255716076.0,406084576.0
6814,2065-03-01,GW_storage_CA_PGE_CEN_GW2[AF],8271526.0,41533378347.0,414356102.0
6815,2065-04-01,GW_storage_CA_PGE_CEN_GW2[AF],8320825.0,41819419395.0,422676927.0
6816,2065-05-01,GW_storage_CA_PGE_CEN_GW2[AF],8367165.0,42107659636.0,431044092.0
6817,2065-06-01,GW_storage_CA_PGE_CEN_GW2[AF],8410366.0,42393392346.0,439454458.0
6818,2065-07-01,GW_storage_CA_PGE_CEN_GW2[AF],8450826.0,42678359041.0,447905284.0
6819,2065-08-01,GW_storage_CA_PGE_CEN_GW2[AF],8488370.0,42960938762.0,456393654.0
6820,2065-09-01,GW_storage_CA_PGE_CEN_GW2[AF],8522567.0,43241061639.0,464916221.0
6821,2065-10-01,GW_storage_CA_PGE_CEN_GW2[AF],8554087.0,43518553408.0,473470308.0
6822,2065-11-01,GW_storage_CA_PGE_CEN_GW2[AF],8583092.0,43793351378.0,482053400.0
6823,2065-12-01,GW_storage_CA_PGE_CEN_GW2[AF],8610758.0,44065325818.0,490664158.0
6824,2066-01-01,GW_storage_CA_PGE_CEN_GW2[AF],8640657.0,44334625115.0,499304815.0
6825,2066-02-01,GW_storage_CA_PGE_CEN_GW2[AF],8671900.0,44601575728.0,507976715.0
6826,2066-03-01,GW_storage_CA_PGE_CEN_GW2[AF],8701191.0,44865977654.0,516677906.0
6827,2066-04-01,GW_storage_CA_PGE_CEN_GW2[AF],8729053.0,45130939542.0,525406959.0
6828,2066-05-01,GW_storage_CA_PGE_CEN_GW2[AF],8755034.0,45393925169.0,534161993.0
6829,2066-06-01,GW_storage_CA_PGE_CEN_GW2[AF],8779520.0,45654573916.0,542941513.0
6830,2066-07-01,GW_storage_CA_PGE_CEN_GW2[AF],8801748.0,45912927675.0,551743261.0
6831,2066-08-01,GW_storage_CA_PGE_CEN_GW2[AF],8822094.0,46169111465.0,560565355.0
6832,2066-09-01,GW_storage_CA_PGE_CEN_GW2[AF],8840416.0,46423600426.0,569405771.0
6833,2066-10-01,GW_storage_CA_PGE_CEN_GW2[AF],8856181.0,46676263355.0,578261952.0
6834,2066-11-01,GW_storage_CA_PGE_CEN_GW2[AF],8870445.0,46927228863.0,587132397.0
6835,2066-12-01,GW_storage_CA_PGE_CEN_GW2[AF],8883747.0,47176198480.0,596016144.0
6836,2067-01-01,GW_storage_CA_PGE_CEN_GW2[AF],8902628.0,47422896821.0,604918772.0
6837,2067-02-01,GW_storage_CA_PGE_CEN_GW2[AF],8927660.0,47667661431.0,613846432.0
6838,2067-03-01,GW_storage_CA_PGE_CEN_GW2[AF],8953261.0,47910308464.0,622799693.0
6839,2067-04-01,GW_storage_CA_PGE_CEN_GW2[AF],8975138.0,48151085524.0,631774831.0
6840,2067-05-01,GW_storage_CA_PGE_CEN_GW2[AF],8992821.0,48389950965.0,640767652.0
6841,2067-06-01,GW_storage_CA_PGE_CEN_GW2[AF],9009080.0,48627002221.0,649776732.0
6842,2067-07-01,GW_storage_CA_PGE_CEN_GW2[AF],9022784.0,48862124917.0,658799516.0
6843,2067-08-01,GW_storage_CA_PGE_CEN_GW2[AF],9034661.0,49095321876.0,667834177.0
6844,2067-09-01,GW_storage_CA_PGE_CEN_GW2[AF],9044972.0,49326841519.0,676879149.0
6845,2067-10-01,GW_storage_CA_PGE_CEN_GW2[AF],9052682.0,49556552267.0,685931831.0
6846,2067-11-01,GW_storage_CA_PGE_CEN_GW2[AF],9059756.0,49784868208.0,694991587.0
6847,2067-12-01,GW_storage_CA_PGE_CEN_GW2[AF],9118609.0,50011545293.0,704110196.0
6848,2068-01-01,GW_storage_CA_PGE_CEN_GW2[AF],9622323.0,50238331069.0,713732519.0
6849,2068-02-01,GW_storage_CA_PGE_CEN_GW2[AF],11090727.0,50478937732.0,724823246.0
6850,2068-03-01,GW_storage_CA_PGE_CEN_GW2[AF],11682935.0,50739381265.0,736506181.0
6851,2068-04-01,GW_storage_CA_PGE_CEN_GW2[AF],11785825.0,51011294375.0,748292006.0
6852,2068-05-01,GW_storage_CA_PGE_CEN_GW2[AF],11861575.0,51290774772.0,760153581.0
6853,2068-06-01,GW_storage_CA_PGE_CEN_GW2[AF],11907131.0,51571539123.0,772060712.0
6854,2068-07-01,GW_storage_CA_PGE_CEN_GW2[AF],11981876.0,51851333229.0,784042588.0
6855,2068-08-01,GW_storage_CA_PGE_CEN_GW2[AF],12052784.0,52129191774.0,796095372.0
6856,2068-09-01,GW_storage_CA_PGE_CEN_GW2[AF],12119527.0,52405096290.0,808214899.0
6857,2068-10-01,GW_storage_CA_PGE_CEN_GW2[AF],12174819.0,52678907664.0,820389718.0
6858,2068-11-01,GW_storage_CA_PGE_CEN_GW2[AF],12171839.0,52950483517.0,832561557.0
6859,2068-12-01,GW_storage_CA_PGE_CEN_GW2[AF],12196567.0,53219819895.0,844758124.0
6860,2069-01-01,GW_storage_CA_PGE_CEN_GW2[AF],12223445.0,53487155316.0,856981569.0
6861,2069-02-01,GW_storage_CA_PGE_CEN_GW2[AF],12263029.0,53760870931.0,869244598.0
6862,2069-03-01,GW_storage_CA_PGE_CEN_GW2[AF],12319735.0,54039428849.0,881564333.0
6863,2069-04-01,GW_storage_CA_PGE_CEN_GW2[AF],12355184.0,54324092180.0,893919517.0
6864,2069-05-01,GW_storage_CA_PGE_CEN_GW2[AF],12387802.0,54609436481.0,906307319.0
6865,2069-06-01,GW_storage_CA_PGE_CEN_GW2[AF],12417079.0,54894337917.0,918724398.0
6866,2069-07-01,GW_storage_CA_PGE_CEN_GW2[AF],12442649.0,55177218144.0,931167047.0
6867,2069-08-01,GW_storage_CA_PGE_CEN_GW2[AF],12465659.0,55458179949.0,943632706.0
6868,2069-09-01,GW_storage_CA_PGE_CEN_GW2[AF],12486351.0,55737226700.0,956119057.0
6869,2069-10-01,GW_storage_CA_PGE_CEN_GW2[AF],12504362.0,56014313112.0,968623419.0
6870,2069-11-01,GW_storage_CA_PGE_CEN_GW2[AF],12521801.0,56289244905.0,981145220.0
6871,2069-12-01,GW_storage_CA_PGE_CEN_GW2[AF],12538584.0,56561948550.0,993683804.0
6872,2070-01-01,GW_storage_CA_PGE_CEN_GW2[AF],12557110.0,56832455571.0,1006240914.0
6873,2070-02-01,GW_storage_CA_PGE_CEN_GW2[AF],12578311.0,57101031869.0,1018819225.0
6874,2070-03-01,GW_storage_CA_PGE_CEN_GW2[AF],12597784.0,57367456127.0,1031417009.0
6875,2070-04-01,GW_storage_CA_PGE_CEN_GW2[AF],12615944.0,57631884127.0,1044032953.0
6876,2070-05-01,GW_storage_CA_PGE_CEN_GW2[AF],12632055.0,57894580730.0,1056665008.0
6877,2070-06-01,GW_storage_CA_PGE_CEN_GW2[AF],12647272.0,58156625113.0,1069312280.0
6878,2070-07-01,GW_storage_CA_PGE_CEN_GW2[AF],12660233.0,58417720429.0,1081972513.0
6879,2070-08-01,GW_storage_CA_PGE_CEN_GW2[AF],12671578.0,58677125935.0,1094644091.0
6880,2070-09-01,GW_storage_CA_PGE_CEN_GW2[AF],12681358.0,58935122487.0,1107325449.0
6881,2070-10-01,GW_storage_CA_PGE_CEN_GW2[AF],12688417.0,59191573450.0,1120013866.0
6882,2070-11-01,GW_storage_CA_PGE_CEN_GW2[AF],12694815.0,59446278042.0,1132708681.0
6883,2070-12-01,GW_storage_CA_PGE_CEN_GW2[AF],12700843.0,59699129256.0,1145409524.0
6884,2021-08-01,GW_storage_CA_PGE_N_GW[AF],-7.0,833341.0,-7.0
6885,2021-09-01,GW_storage_CA_PGE_N_GW[AF],-10.0,1034591.0,-17.0
6886,2021-10-01,GW_storage_CA_PGE_N_GW[AF],-13.0,1228184.0,-30.0
6887,2021-11-01,GW_storage_CA_PGE_N_GW[AF],-33.0,1408873.0,-63.0
6888,2021-12-01,GW_storage_CA_PGE_N_GW[AF],-33.0,1583705.0,-96.0
6889,2022-01-01,GW_storage_CA_PGE_N_GW[AF],-32.0,1753848.0,-128.0
6890,2022-02-01,GW_storage_CA_PGE_N_GW[AF],-31.0,1920342.0,-159.0
6891,2022-03-01,GW_storage_CA_PGE_N_GW[AF],-30.0,2083476.0,-189.0
6892,2022-04-01,GW_storage_CA_PGE_N_GW[AF],-29.0,2243387.0,-218.0
6893,2022-05-01,GW_storage_CA_PGE_N_GW[AF],-29.0,2522880.0,-247.0
6894,2022-06-01,GW_storage_CA_PGE_N_GW[AF],-27.0,3551564.0,-274.0
6895,2022-07-01,GW_storage_CA_PGE_N_GW[AF],-59.0,4562843.0,-333.0
6896,2022-08-01,GW_storage_CA_PGE_N_GW[AF],-94.0,5557441.0,-427.0
6897,2022-09-01,GW_storage_CA_PGE_N_GW[AF],-96.0,6536311.0,-523.0
6898,2022-10-01,GW_storage_CA_PGE_N_GW[AF],-97.0,7499151.0,-620.0
6899,2022-11-01,GW_storage_CA_PGE_N_GW[AF],-98.0,8445383.0,-718.0
6900,2022-12-01,GW_storage_CA_PGE_N_GW[AF],-97.0,9374562.0,-815.0
6901,2023-01-01,GW_storage_CA_PGE_N_GW[AF],-96.0,10287031.0,-911.0
6902,2023-02-01,GW_storage_CA_PGE_N_GW[AF],-94.0,11192982.0,-1005.0
6903,2023-03-01,GW_storage_CA_PGE_N_GW[AF],-92.0,12082492.0,-1097.0
6904,2023-04-01,GW_storage_CA_PGE_N_GW[AF],-90.0,12955603.0,-1187.0
6905,2023-05-01,GW_storage_CA_PGE_N_GW[AF],-64.0,13813215.0,-1251.0
6906,2023-06-01,GW_storage_CA_PGE_N_GW[AF],-63.0,15164430.0,-1314.0
6907,2023-07-01,GW_storage_CA_PGE_N_GW[AF],-63.0,17236845.0,-1377.0
6908,2023-08-01,GW_storage_CA_PGE_N_GW[AF],-28.0,19274971.0,-1405.0
6909,2023-09-01,GW_storage_CA_PGE_N_GW[AF],-26.0,21282260.0,-1431.0
6910,2023-10-01,GW_storage_CA_PGE_N_GW[AF],-23.0,23279746.0,-1454.0
6911,2023-11-01,GW_storage_CA_PGE_N_GW[AF],-24.0,25247116.0,-1478.0
6912,2023-12-01,GW_storage_CA_PGE_N_GW[AF],-23.0,27178503.0,-1501.0
6913,2024-01-01,GW_storage_CA_PGE_N_GW[AF],-22.0,29079026.0,-1523.0
6914,2024-02-01,GW_storage_CA_PGE_N_GW[AF],-22.0,30951693.0,-1545.0
6915,2024-03-01,GW_storage_CA_PGE_N_GW[AF],-22.0,32794640.0,-1567.0
6916,2024-04-01,GW_storage_CA_PGE_N_GW[AF],-18.0,34598451.0,-1585.0
6917,2024-05-01,GW_storage_CA_PGE_N_GW[AF],-17.0,36379549.0,-1602.0
6918,2024-06-01,GW_storage_CA_PGE_N_GW[AF],-17.0,38134426.0,-1619.0
6919,2024-07-01,GW_storage_CA_PGE_N_GW[AF],-16.0,39862715.0,-1635.0
6920,2024-08-01,GW_storage_CA_PGE_N_GW[AF],-14.0,41565221.0,-1649.0
6921,2024-09-01,GW_storage_CA_PGE_N_GW[AF],-23.0,43242727.0,-1672.0
6922,2024-10-01,GW_storage_CA_PGE_N_GW[AF],-18.0,44894530.0,-1690.0
6923,2024-11-01,GW_storage_CA_PGE_N_GW[AF],-15.0,46522142.0,-1705.0
6924,2024-12-01,GW_storage_CA_PGE_N_GW[AF],-10.0,48125394.0,-1715.0
6925,2025-01-01,GW_storage_CA_PGE_N_GW[AF],-10.0,49704625.0,-1725.0
6926,2025-02-01,GW_storage_CA_PGE_N_GW[AF],-9.0,51264049.0,-1734.0
6927,2025-03-01,GW_storage_CA_PGE_N_GW[AF],-9.0,52800150.0,-1743.0
6928,2025-04-01,GW_storage_CA_PGE_N_GW[AF],-8.0,54422403.0,-1751.0
6929,2025-05-01,GW_storage_CA_PGE_N_GW[AF],-9.0,56023530.0,-1760.0
6930,2025-06-01,GW_storage_CA_PGE_N_GW[AF],7.0,57673121.0,-1753.0
6931,2025-07-01,GW_storage_CA_PGE_N_GW[AF],-3005.0,59233291.0,-4758.0
6932,2025-08-01,GW_storage_CA_PGE_N_GW[AF],-245393.0,60752330.0,-250151.0
6933,2025-09-01,GW_storage_CA_PGE_N_GW[AF],-202155.0,63291561.0,-452306.0
6934,2025-10-01,GW_storage_CA_PGE_N_GW[AF],-165325.0,66117192.0,-617631.0
6935,2025-11-01,GW_storage_CA_PGE_N_GW[AF],-117472.0,69169207.0,-735103.0
6936,2025-12-01,GW_storage_CA_PGE_N_GW[AF],-47546.0,72377661.0,-782649.0
6937,2026-01-01,GW_storage_CA_PGE_N_GW[AF],-43363.0,75644729.0,-826012.0
6938,2026-02-01,GW_storage_CA_PGE_N_GW[AF],-40442.0,83025589.0,-866454.0
6939,2026-03-01,GW_storage_CA_PGE_N_GW[AF],-38257.0,93674924.0,-904711.0
6940,2026-04-01,GW_storage_CA_PGE_N_GW[AF],2555406.0,112497734.0,1650695.0
6941,2026-05-01,GW_storage_CA_PGE_N_GW[AF],2776827.0,136460613.0,4427522.0
6942,2026-06-01,GW_storage_CA_PGE_N_GW[AF],2719411.0,160180041.0,7146933.0
6943,2026-07-01,GW_storage_CA_PGE_N_GW[AF],2669234.0,184580314.0,9816167.0
6944,2026-08-01,GW_storage_CA_PGE_N_GW[AF],2625563.0,208538131.0,12441730.0
6945,2026-09-01,GW_storage_CA_PGE_N_GW[AF],2655715.0,232132273.0,15097445.0
6946,2026-10-01,GW_storage_CA_PGE_N_GW[AF],2598333.0,255250646.0,17695778.0
6947,2026-11-01,GW_storage_CA_PGE_N_GW[AF],2542546.0,277908394.0,20238324.0
6948,2026-12-01,GW_storage_CA_PGE_N_GW[AF],2486060.0,300103214.0,22724384.0
6949,2027-01-01,GW_storage_CA_PGE_N_GW[AF],2430766.0,321847786.0,25155150.0
6950,2027-02-01,GW_storage_CA_PGE_N_GW[AF],2381907.0,343199646.0,27537057.0
6951,2027-03-01,GW_storage_CA_PGE_N_GW[AF],6536828.0,369620421.0,34073885.0
6952,2027-04-01,GW_storage_CA_PGE_N_GW[AF],10083837.0,409179141.0,44157722.0
6953,2027-05-01,GW_storage_CA_PGE_N_GW[AF],11347844.0,455970259.0,55505566.0
6954,2027-06-01,GW_storage_CA_PGE_N_GW[AF],11102734.0,506103237.0,66608300.0
6955,2027-07-01,GW_storage_CA_PGE_N_GW[AF],10945752.0,558027240.0,77554052.0
6956,2027-08-01,GW_storage_CA_PGE_N_GW[AF],10749327.0,610747556.0,88303379.0
6957,2027-09-01,GW_storage_CA_PGE_N_GW[AF],10605891.0,662576568.0,98909270.0
6958,2027-10-01,GW_storage_CA_PGE_N_GW[AF],10489920.0,713531026.0,109399190.0
6959,2027-11-01,GW_storage_CA_PGE_N_GW[AF],10269145.0,763602436.0,119668335.0
6960,2027-12-01,GW_storage_CA_PGE_N_GW[AF],10044484.0,812846873.0,129712819.0
6961,2028-01-01,GW_storage_CA_PGE_N_GW[AF],9823539.0,861121911.0,139536358.0
6962,2028-02-01,GW_storage_CA_PGE_N_GW[AF],9620715.0,908650771.0,149157073.0
6963,2028-03-01,GW_storage_CA_PGE_N_GW[AF],9406994.0,959000163.0,158564067.0
6964,2028-04-01,GW_storage_CA_PGE_N_GW[AF],9203927.0,1012039411.0,167767994.0
6965,2028-05-01,GW_storage_CA_PGE_N_GW[AF],8998512.0,1068060916.0,176766506.0
6966,2028-06-01,GW_storage_CA_PGE_N_GW[AF],8804146.0,1125203670.0,185570652.0
6967,2028-07-01,GW_storage_CA_PGE_N_GW[AF],8707262.0,1183903968.0,194277914.0
6968,2028-08-01,GW_storage_CA_PGE_N_GW[AF],8521889.0,1241633200.0,202799803.0
6969,2028-09-01,GW_storage_CA_PGE_N_GW[AF],8358894.0,1298536546.0,211158697.0
6970,2028-10-01,GW_storage_CA_PGE_N_GW[AF],8304300.0,1354465802.0,219462997.0
6971,2028-11-01,GW_storage_CA_PGE_N_GW[AF],8136173.0,1409406877.0,227599170.0
6972,2028-12-01,GW_storage_CA_PGE_N_GW[AF],7955761.0,1463330743.0,235554931.0
6973,2029-01-01,GW_storage_CA_PGE_N_GW[AF],7778312.0,1516331973.0,243333243.0
6974,2029-02-01,GW_storage_CA_PGE_N_GW[AF],7621516.0,1568436361.0,250954759.0
6975,2029-03-01,GW_storage_CA_PGE_N_GW[AF],7465472.0,1622957905.0,258420231.0
6976,2029-04-01,GW_storage_CA_PGE_N_GW[AF],7381581.0,1679352962.0,265801812.0
6977,2029-05-01,GW_storage_CA_PGE_N_GW[AF],7232053.0,1742904338.0,273033865.0
6978,2029-06-01,GW_storage_CA_PGE_N_GW[AF],7090842.0,1807169538.0,280124707.0
6979,2029-07-01,GW_storage_CA_PGE_N_GW[AF],6955213.0,1872474684.0,287079920.0
6980,2029-08-01,GW_storage_CA_PGE_N_GW[AF],6825911.0,1936569687.0,293905831.0
6981,2029-09-01,GW_storage_CA_PGE_N_GW[AF],6734219.0,1999536921.0,300640050.0
6982,2029-10-01,GW_storage_CA_PGE_N_GW[AF],6620595.0,2061251234.0,307260645.0
6983,2029-11-01,GW_storage_CA_PGE_N_GW[AF],6522973.0,2121792309.0,313783618.0
6984,2029-12-01,GW_storage_CA_PGE_N_GW[AF],6539185.0,2181276298.0,320322803.0
6985,2030-01-01,GW_storage_CA_PGE_N_GW[AF],6447082.0,2239598911.0,326769885.0
6986,2030-02-01,GW_storage_CA_PGE_N_GW[AF],6347338.0,2296908282.0,333117223.0
6987,2030-03-01,GW_storage_CA_PGE_N_GW[AF],6213061.0,2353273149.0,339330284.0
6988,2030-04-01,GW_storage_CA_PGE_N_GW[AF],6079669.0,2408813513.0,345409953.0
6989,2030-05-01,GW_storage_CA_PGE_N_GW[AF],5973212.0,2463288321.0,351383165.0
6990,2030-06-01,GW_storage_CA_PGE_N_GW[AF],5856822.0,2519189259.0,357239987.0
6991,2030-07-01,GW_storage_CA_PGE_N_GW[AF],5746424.0,2574987711.0,362986411.0
6992,2030-08-01,GW_storage_CA_PGE_N_GW[AF],5638907.0,2629845780.0,368625318.0
6993,2030-09-01,GW_storage_CA_PGE_N_GW[AF],5586557.0,2683731630.0,374211875.0
6994,2030-10-01,GW_storage_CA_PGE_N_GW[AF],5480232.0,2736573135.0,379692107.0
6995,2030-11-01,GW_storage_CA_PGE_N_GW[AF],5387795.0,2788437015.0,385079902.0
6996,2030-12-01,GW_storage_CA_PGE_N_GW[AF],5375050.0,2839371858.0,390454952.0
6997,2031-01-01,GW_storage_CA_PGE_N_GW[AF],5258272.0,2889285425.0,395713224.0
6998,2031-02-01,GW_storage_CA_PGE_N_GW[AF],5154784.0,2938331300.0,400868008.0
6999,2031-03-01,GW_storage_CA_PGE_N_GW[AF],5041580.0,2986403207.0,405909588.0
7000,2031-04-01,GW_storage_CA_PGE_N_GW[AF],4933474.0,3034117058.0,410843062.0
7001,2031-05-01,GW_storage_CA_PGE_N_GW[AF],4823462.0,3081639947.0,415666524.0
7002,2031-06-01,GW_storage_CA_PGE_N_GW[AF],4777753.0,3128466639.0,420444277.0
7003,2031-07-01,GW_storage_CA_PGE_N_GW[AF],4675049.0,3175256040.0,425119326.0
7004,2031-08-01,GW_storage_CA_PGE_N_GW[AF],4581872.0,3221201089.0,429701198.0
7005,2031-09-01,GW_storage_CA_PGE_N_GW[AF],4598877.0,3266538806.0,434300075.0
7006,2031-10-01,GW_storage_CA_PGE_N_GW[AF],4500372.0,3311005126.0,438800447.0
7007,2031-11-01,GW_storage_CA_PGE_N_GW[AF],4403986.0,3354843436.0,443204433.0
7008,2031-12-01,GW_storage_CA_PGE_N_GW[AF],4306323.0,3397917039.0,447510756.0
7009,2032-01-01,GW_storage_CA_PGE_N_GW[AF],4210651.0,3440765830.0,451721407.0
7010,2032-02-01,GW_storage_CA_PGE_N_GW[AF],11169274.0,3500332884.0,462890681.0
7011,2032-03-01,GW_storage_CA_PGE_N_GW[AF],14967311.0,3570397039.0,477857992.0
7012,2032-04-01,GW_storage_CA_PGE_N_GW[AF],17003058.0,3645988541.0,494861050.0
7013,2032-05-01,GW_storage_CA_PGE_N_GW[AF],17337144.0,3723860841.0,512198194.0
7014,2032-06-01,GW_storage_CA_PGE_N_GW[AF],16962663.0,3803847465.0,529160857.0
7015,2032-07-01,GW_storage_CA_PGE_N_GW[AF],16584057.0,3884065220.0,545744914.0
7016,2032-08-01,GW_storage_CA_PGE_N_GW[AF],16317715.0,3963910669.0,562062629.0
7017,2032-09-01,GW_storage_CA_PGE_N_GW[AF],16138402.0,4042724779.0,578201031.0
7018,2032-10-01,GW_storage_CA_PGE_N_GW[AF],15892237.0,4120308321.0,594093268.0
7019,2032-11-01,GW_storage_CA_PGE_N_GW[AF],15556184.0,4196679403.0,609649452.0
7020,2032-12-01,GW_storage_CA_PGE_N_GW[AF],15301275.0,4271822754.0,624950727.0
7021,2033-01-01,GW_storage_CA_PGE_N_GW[AF],14959752.0,4345538492.0,639910479.0
7022,2033-02-01,GW_storage_CA_PGE_N_GW[AF],17977713.0,4423218301.0,657888192.0
7023,2033-03-01,GW_storage_CA_PGE_N_GW[AF],20751156.0,4505470297.0,678639348.0
7024,2033-04-01,GW_storage_CA_PGE_N_GW[AF],22174219.0,4590681136.0,700813567.0
7025,2033-05-01,GW_storage_CA_PGE_N_GW[AF],21679286.0,4675360581.0,722492853.0
7026,2033-06-01,GW_storage_CA_PGE_N_GW[AF],21277670.0,4760708398.0,743770523.0
7027,2033-07-01,GW_storage_CA_PGE_N_GW[AF],21012730.0,4846138178.0,764783253.0
7028,2033-08-01,GW_storage_CA_PGE_N_GW[AF],20661272.0,4931118427.0,785444525.0
7029,2033-09-01,GW_storage_CA_PGE_N_GW[AF],20398491.0,5014914731.0,805843016.0
7030,2033-10-01,GW_storage_CA_PGE_N_GW[AF],20166023.0,5097508172.0,826009039.0
7031,2033-11-01,GW_storage_CA_PGE_N_GW[AF],19732007.0,5178663669.0,845741046.0
7032,2033-12-01,GW_storage_CA_PGE_N_GW[AF],19379285.0,5258443309.0,865120331.0
7033,2034-01-01,GW_storage_CA_PGE_N_GW[AF],18946758.0,5339163828.0,884067089.0
7034,2034-02-01,GW_storage_CA_PGE_N_GW[AF],18605220.0,5418722190.0,902672309.0
7035,2034-03-01,GW_storage_CA_PGE_N_GW[AF],18288109.0,5500220744.0,920960418.0
7036,2034-04-01,GW_storage_CA_PGE_N_GW[AF],17893088.0,5584032903.0,938853506.0
7037,2034-05-01,GW_storage_CA_PGE_N_GW[AF],17613286.0,5676873319.0,956466792.0
7038,2034-06-01,GW_storage_CA_PGE_N_GW[AF],17246224.0,5773341236.0,973713016.0
7039,2034-07-01,GW_storage_CA_PGE_N_GW[AF],16947808.0,5871231225.0,990660824.0
7040,2034-08-01,GW_storage_CA_PGE_N_GW[AF],16692688.0,5968392389.0,1007353512.0
7041,2034-09-01,GW_storage_CA_PGE_N_GW[AF],16487359.0,6064112138.0,1023840871.0
7042,2034-10-01,GW_storage_CA_PGE_N_GW[AF],16215082.0,6158273690.0,1040055953.0
7043,2034-11-01,GW_storage_CA_PGE_N_GW[AF],16003406.0,6251013792.0,1056059359.0
7044,2034-12-01,GW_storage_CA_PGE_N_GW[AF],15947028.0,6342469856.0,1072006387.0
7045,2035-01-01,GW_storage_CA_PGE_N_GW[AF],15727589.0,6432436397.0,1087733976.0
7046,2035-02-01,GW_storage_CA_PGE_N_GW[AF],15415263.0,6520973109.0,1103149239.0
7047,2035-03-01,GW_storage_CA_PGE_N_GW[AF],15071732.0,6608114132.0,1118220971.0
7048,2035-04-01,GW_storage_CA_PGE_N_GW[AF],14846146.0,6694040771.0,1133067117.0
7049,2035-05-01,GW_storage_CA_PGE_N_GW[AF],14534509.0,6778544504.0,1147601626.0
7050,2035-06-01,GW_storage_CA_PGE_N_GW[AF],14258195.0,6863239534.0,1161859821.0
7051,2035-07-01,GW_storage_CA_PGE_N_GW[AF],13988125.0,6947511289.0,1175847946.0
7052,2035-08-01,GW_storage_CA_PGE_N_GW[AF],13734365.0,7030376153.0,1189582311.0
7053,2035-09-01,GW_storage_CA_PGE_N_GW[AF],13607182.0,7112119087.0,1203189493.0
7054,2035-10-01,GW_storage_CA_PGE_N_GW[AF],13378974.0,7192574428.0,1216568467.0
7055,2035-11-01,GW_storage_CA_PGE_N_GW[AF],13187844.0,7271865334.0,1229756311.0
7056,2035-12-01,GW_storage_CA_PGE_N_GW[AF],13186748.0,7350179909.0,1242943059.0
7057,2036-01-01,GW_storage_CA_PGE_N_GW[AF],12945328.0,7427195979.0,1255888387.0
7058,2036-02-01,GW_storage_CA_PGE_N_GW[AF],12699319.0,7503024891.0,1268587706.0
7059,2036-03-01,GW_storage_CA_PGE_N_GW[AF],12423273.0,7577632108.0,1281010979.0
7060,2036-04-01,GW_storage_CA_PGE_N_GW[AF],12236590.0,7651185144.0,1293247569.0
7061,2036-05-01,GW_storage_CA_PGE_N_GW[AF],12044727.0,7724300240.0,1305292296.0
7062,2036-06-01,GW_storage_CA_PGE_N_GW[AF],11804941.0,7796353708.0,1317097237.0
7063,2036-07-01,GW_storage_CA_PGE_N_GW[AF],11576361.0,7867314948.0,1328673598.0
7064,2036-08-01,GW_storage_CA_PGE_N_GW[AF],11358703.0,7937241278.0,1340032301.0
7065,2036-09-01,GW_storage_CA_PGE_N_GW[AF],11229938.0,8006295323.0,1351262239.0
7066,2036-10-01,GW_storage_CA_PGE_N_GW[AF],11022577.0,8074305646.0,1362284816.0
7067,2036-11-01,GW_storage_CA_PGE_N_GW[AF],10838822.0,8141376577.0,1373123638.0
7068,2036-12-01,GW_storage_CA_PGE_N_GW[AF],10701780.0,8207644541.0,1383825418.0
7069,2037-01-01,GW_storage_CA_PGE_N_GW[AF],10628133.0,8273161410.0,1394453551.0
7070,2037-02-01,GW_storage_CA_PGE_N_GW[AF],10421789.0,8337733681.0,1404875340.0
7071,2037-03-01,GW_storage_CA_PGE_N_GW[AF],10192777.0,8401237350.0,1415068117.0
7072,2037-04-01,GW_storage_CA_PGE_N_GW[AF],9973041.0,8463716442.0,1425041158.0
7073,2037-05-01,GW_storage_CA_PGE_N_GW[AF],9845827.0,8525229166.0,1434886985.0
7074,2037-06-01,GW_storage_CA_PGE_N_GW[AF],9642729.0,8585780498.0,1444529714.0
7075,2037-07-01,GW_storage_CA_PGE_N_GW[AF],9454010.0,8645518277.0,1453983724.0
7076,2037-08-01,GW_storage_CA_PGE_N_GW[AF],9279006.0,8704580765.0,1463262730.0
7077,2037-09-01,GW_storage_CA_PGE_N_GW[AF],9209111.0,8763159684.0,1472471841.0
7078,2037-10-01,GW_storage_CA_PGE_N_GW[AF],9042234.0,8821181815.0,1481514075.0
7079,2037-11-01,GW_storage_CA_PGE_N_GW[AF],8892473.0,8878677095.0,1490406548.0
7080,2037-12-01,GW_storage_CA_PGE_N_GW[AF],8754615.0,8935618642.0,1499161163.0
7081,2038-01-01,GW_storage_CA_PGE_N_GW[AF],8635091.0,8991690289.0,1507796254.0
7082,2038-02-01,GW_storage_CA_PGE_N_GW[AF],10606993.0,9049081585.0,1518403247.0
7083,2038-03-01,GW_storage_CA_PGE_N_GW[AF],12663420.0,9108044798.0,1531066667.0
7084,2038-04-01,GW_storage_CA_PGE_N_GW[AF],14282460.0,9168794933.0,1545349127.0
7085,2038-05-01,GW_storage_CA_PGE_N_GW[AF],14427948.0,9229969082.0,1559777075.0
7086,2038-06-01,GW_storage_CA_PGE_N_GW[AF],14280974.0,9290494843.0,1574058049.0
7087,2038-07-01,GW_storage_CA_PGE_N_GW[AF],14045723.0,9350294408.0,1588103772.0
7088,2038-08-01,GW_storage_CA_PGE_N_GW[AF],13843248.0,9409318940.0,1601947020.0
7089,2038-09-01,GW_storage_CA_PGE_N_GW[AF],13594005.0,9467673979.0,1615541025.0
7090,2038-10-01,GW_storage_CA_PGE_N_GW[AF],13355484.0,9525253636.0,1628896509.0
7091,2038-11-01,GW_storage_CA_PGE_N_GW[AF],13140249.0,9582098472.0,1642036758.0
7092,2038-12-01,GW_storage_CA_PGE_N_GW[AF],12906324.0,9638248766.0,1654943082.0
7093,2039-01-01,GW_storage_CA_PGE_N_GW[AF],12661668.0,9693650977.0,1667604750.0
7094,2039-02-01,GW_storage_CA_PGE_N_GW[AF],14435362.0,9750458830.0,1682040112.0
7095,2039-03-01,GW_storage_CA_PGE_N_GW[AF],16730626.0,9809156458.0,1698770738.0
7096,2039-04-01,GW_storage_CA_PGE_N_GW[AF],17889537.0,9868559467.0,1716660275.0
7097,2039-05-01,GW_storage_CA_PGE_N_GW[AF],17491097.0,9927385773.0,1734151372.0
7098,2039-06-01,GW_storage_CA_PGE_N_GW[AF],17309069.0,9986965256.0,1751460441.0
7099,2039-07-01,GW_storage_CA_PGE_N_GW[AF],17014041.0,10046475029.0,1768474482.0
7100,2039-08-01,GW_storage_CA_PGE_N_GW[AF],16748081.0,10105238592.0,1785222563.0
7101,2039-09-01,GW_storage_CA_PGE_N_GW[AF],16519211.0,10163363477.0,1801741774.0
7102,2039-10-01,GW_storage_CA_PGE_N_GW[AF],16258117.0,10220781260.0,1817999891.0
7103,2039-11-01,GW_storage_CA_PGE_N_GW[AF],15907278.0,10277373162.0,1833907169.0
7104,2039-12-01,GW_storage_CA_PGE_N_GW[AF],15570346.0,10333185165.0,1849477515.0
7105,2040-01-01,GW_storage_CA_PGE_N_GW[AF],15222826.0,10388289039.0,1864700341.0
7106,2040-02-01,GW_storage_CA_PGE_N_GW[AF],14904976.0,10442633493.0,1879605317.0
7107,2040-03-01,GW_storage_CA_PGE_N_GW[AF],14572302.0,10496196844.0,1894177619.0
7108,2040-04-01,GW_storage_CA_PGE_N_GW[AF],14257541.0,10549040409.0,1908435160.0
7109,2040-05-01,GW_storage_CA_PGE_N_GW[AF],13961817.0,10601395194.0,1922396977.0
7110,2040-06-01,GW_storage_CA_PGE_N_GW[AF],13747018.0,10653107949.0,1936143995.0
7111,2040-07-01,GW_storage_CA_PGE_N_GW[AF],13504177.0,10704171007.0,1949648172.0
7112,2040-08-01,GW_storage_CA_PGE_N_GW[AF],13257378.0,10754605305.0,1962905550.0
7113,2040-09-01,GW_storage_CA_PGE_N_GW[AF],13037938.0,10804445973.0,1975943488.0
7114,2040-10-01,GW_storage_CA_PGE_N_GW[AF],12810468.0,10853648570.0,1988753956.0
7115,2040-11-01,GW_storage_CA_PGE_N_GW[AF],12804356.0,10902484914.0,2001558312.0
7116,2040-12-01,GW_storage_CA_PGE_N_GW[AF],12576069.0,10950730644.0,2014134381.0
7117,2041-01-01,GW_storage_CA_PGE_N_GW[AF],12336434.0,10998281298.0,2026470815.0
7118,2041-02-01,GW_storage_CA_PGE_N_GW[AF],12114812.0,11047818234.0,2038585627.0
7119,2041-03-01,GW_storage_CA_PGE_N_GW[AF],14146444.0,11099139984.0,2052732071.0
7120,2041-04-01,GW_storage_CA_PGE_N_GW[AF],15123457.0,11151170281.0,2067855528.0
7121,2041-05-01,GW_storage_CA_PGE_N_GW[AF],14786661.0,11202540882.0,2082642189.0
7122,2041-06-01,GW_storage_CA_PGE_N_GW[AF],14623124.0,11253584926.0,2097265313.0
7123,2041-07-01,GW_storage_CA_PGE_N_GW[AF],14384492.0,11304087287.0,2111649805.0
7124,2041-08-01,GW_storage_CA_PGE_N_GW[AF],14157362.0,11354085428.0,2125807167.0
7125,2041-09-01,GW_storage_CA_PGE_N_GW[AF],13917000.0,11403615397.0,2139724167.0
7126,2041-10-01,GW_storage_CA_PGE_N_GW[AF],13798647.0,11452671944.0,2153522814.0
7127,2041-11-01,GW_storage_CA_PGE_N_GW[AF],13625201.0,11501212889.0,2167148015.0
7128,2041-12-01,GW_storage_CA_PGE_N_GW[AF],13323460.0,11549056939.0,2180471475.0
7129,2042-01-01,GW_storage_CA_PGE_N_GW[AF],13026523.0,11596204581.0,2193497998.0
7130,2042-02-01,GW_storage_CA_PGE_N_GW[AF],12764242.0,11642935334.0,2206262240.0
7131,2042-03-01,GW_storage_CA_PGE_N_GW[AF],12479569.0,11689092595.0,2218741809.0
7132,2042-04-01,GW_storage_CA_PGE_N_GW[AF],12210107.0,11735022869.0,2230951916.0
7133,2042-05-01,GW_storage_CA_PGE_N_GW[AF],11937590.0,11780876718.0,2242889506.0
7134,2042-06-01,GW_storage_CA_PGE_N_GW[AF],11679741.0,11826092725.0,2254569247.0
7135,2042-07-01,GW_storage_CA_PGE_N_GW[AF],11553131.0,11871546727.0,2266122378.0
7136,2042-08-01,GW_storage_CA_PGE_N_GW[AF],11304643.0,11916431990.0,2277427021.0
7137,2042-09-01,GW_storage_CA_PGE_N_GW[AF],11085869.0,11960791410.0,2288512890.0
7138,2042-10-01,GW_storage_CA_PGE_N_GW[AF],10914754.0,12004660184.0,2299427644.0
7139,2042-11-01,GW_storage_CA_PGE_N_GW[AF],10806508.0,12048130811.0,2310234152.0
7140,2042-12-01,GW_storage_CA_PGE_N_GW[AF],10569552.0,12091062837.0,2320803704.0
7141,2043-01-01,GW_storage_CA_PGE_N_GW[AF],10335586.0,12133444088.0,2331139290.0
7142,2043-02-01,GW_storage_CA_PGE_N_GW[AF],10174567.0,12175363925.0,2341313857.0
7143,2043-03-01,GW_storage_CA_PGE_N_GW[AF],9947494.0,12216725340.0,2351261351.0
7144,2043-04-01,GW_storage_CA_PGE_N_GW[AF],9841782.0,12257666079.0,2361103133.0
7145,2043-05-01,GW_storage_CA_PGE_N_GW[AF],9631419.0,12298078753.0,2370734552.0
7146,2043-06-01,GW_storage_CA_PGE_N_GW[AF],9447144.0,12338040338.0,2380181696.0
7147,2043-07-01,GW_storage_CA_PGE_N_GW[AF],9267869.0,12377535688.0,2389449565.0
7148,2043-08-01,GW_storage_CA_PGE_N_GW[AF],9094972.0,12416568319.0,2398544537.0
7149,2043-09-01,GW_storage_CA_PGE_N_GW[AF],9007627.0,12455234071.0,2407552164.0
7150,2043-10-01,GW_storage_CA_PGE_N_GW[AF],8848094.0,12493493716.0,2416400258.0
7151,2043-11-01,GW_storage_CA_PGE_N_GW[AF],8713987.0,12531340494.0,2425114245.0
7152,2043-12-01,GW_storage_CA_PGE_N_GW[AF],8524384.0,12568703212.0,2433638629.0
7153,2044-01-01,GW_storage_CA_PGE_N_GW[AF],8334527.0,12605614127.0,2441973156.0
7154,2044-02-01,GW_storage_CA_PGE_N_GW[AF],8160602.0,12642100391.0,2450133758.0
7155,2044-03-01,GW_storage_CA_PGE_N_GW[AF],7978517.0,12678094207.0,2458112275.0
7156,2044-04-01,GW_storage_CA_PGE_N_GW[AF],7806206.0,12715489683.0,2465918481.0
7157,2044-05-01,GW_storage_CA_PGE_N_GW[AF],7700291.0,12757376464.0,2473618772.0
7158,2044-06-01,GW_storage_CA_PGE_N_GW[AF],7539351.0,12798680033.0,2481158123.0
7159,2044-07-01,GW_storage_CA_PGE_N_GW[AF],7416614.0,12840178366.0,2488574737.0
7160,2044-08-01,GW_storage_CA_PGE_N_GW[AF],7312751.0,12881238666.0,2495887488.0
7161,2044-09-01,GW_storage_CA_PGE_N_GW[AF],7184032.0,12921922929.0,2503071520.0
7162,2044-10-01,GW_storage_CA_PGE_N_GW[AF],7059347.0,12962137170.0,2510130867.0
7163,2044-11-01,GW_storage_CA_PGE_N_GW[AF],6951562.0,13001917872.0,2517082429.0
7164,2044-12-01,GW_storage_CA_PGE_N_GW[AF],6836312.0,13041192913.0,2523918741.0
7165,2045-01-01,GW_storage_CA_PGE_N_GW[AF],6708758.0,13079996277.0,2530627499.0
7166,2045-02-01,GW_storage_CA_PGE_N_GW[AF],6585066.0,13119222084.0,2537212565.0
7167,2045-03-01,GW_storage_CA_PGE_N_GW[AF],6440379.0,13158364150.0,2543652944.0
7168,2045-04-01,GW_storage_CA_PGE_N_GW[AF],6302323.0,13198157185.0,2549955267.0
7169,2045-05-01,GW_storage_CA_PGE_N_GW[AF],6161784.0,13237869018.0,2556117051.0
7170,2045-06-01,GW_storage_CA_PGE_N_GW[AF],6071610.0,13278774379.0,2562188661.0
7171,2045-07-01,GW_storage_CA_PGE_N_GW[AF],5945254.0,13324244062.0,2568133915.0
7172,2045-08-01,GW_storage_CA_PGE_N_GW[AF],5828653.0,13372386542.0,2573962568.0
7173,2045-09-01,GW_storage_CA_PGE_N_GW[AF],5723660.0,13419876881.0,2579686228.0
7174,2045-10-01,GW_storage_CA_PGE_N_GW[AF],5727037.0,13466818785.0,2585413265.0
7175,2045-11-01,GW_storage_CA_PGE_N_GW[AF],5624017.0,13513160105.0,2591037282.0
7176,2045-12-01,GW_storage_CA_PGE_N_GW[AF],5514094.0,13560745919.0,2596551376.0
7177,2046-01-01,GW_storage_CA_PGE_N_GW[AF],5401467.0,13615290772.0,2601952843.0
7178,2046-02-01,GW_storage_CA_PGE_N_GW[AF],8140402.0,13677811710.0,2610093245.0
7179,2046-03-01,GW_storage_CA_PGE_N_GW[AF],9976508.0,13748607831.0,2620069753.0
7180,2046-04-01,GW_storage_CA_PGE_N_GW[AF],11177700.0,13826873589.0,2631247453.0
7181,2046-05-01,GW_storage_CA_PGE_N_GW[AF],10932253.0,13907944967.0,2642179706.0
7182,2046-06-01,GW_storage_CA_PGE_N_GW[AF],10815111.0,13989979852.0,2652994817.0
7183,2046-07-01,GW_storage_CA_PGE_N_GW[AF],10643299.0,14071604903.0,2663638116.0
7184,2046-08-01,GW_storage_CA_PGE_N_GW[AF],10515118.0,14152131683.0,2674153234.0
7185,2046-09-01,GW_storage_CA_PGE_N_GW[AF],10329666.0,14231617714.0,2684482900.0
7186,2046-10-01,GW_storage_CA_PGE_N_GW[AF],10230343.0,14310005025.0,2694713243.0
7187,2046-11-01,GW_storage_CA_PGE_N_GW[AF],10064558.0,14387273527.0,2704777801.0
7188,2046-12-01,GW_storage_CA_PGE_N_GW[AF],9882631.0,14463437376.0,2714660432.0
7189,2047-01-01,GW_storage_CA_PGE_N_GW[AF],9693422.0,14538457981.0,2724353854.0
7190,2047-02-01,GW_storage_CA_PGE_N_GW[AF],9511998.0,14612508014.0,2733865852.0
7191,2047-03-01,GW_storage_CA_PGE_N_GW[AF],9301148.0,14685452283.0,2743167000.0
7192,2047-04-01,GW_storage_CA_PGE_N_GW[AF],9100426.0,14764472816.0,2752267426.0
7193,2047-05-01,GW_storage_CA_PGE_N_GW[AF],8897331.0,14860897341.0,2761164757.0
7194,2047-06-01,GW_storage_CA_PGE_N_GW[AF],8705156.0,14972506362.0,2769869913.0
7195,2047-07-01,GW_storage_CA_PGE_N_GW[AF],8584685.0,15088231692.0,2778454598.0
7196,2047-08-01,GW_storage_CA_PGE_N_GW[AF],8401559.0,15203332934.0,2786856157.0
7197,2047-09-01,GW_storage_CA_PGE_N_GW[AF],8241381.0,15317492289.0,2795097538.0
7198,2047-10-01,GW_storage_CA_PGE_N_GW[AF],8185712.0,15430042333.0,2803283250.0
7199,2047-11-01,GW_storage_CA_PGE_N_GW[AF],8239868.0,15542831934.0,2811523118.0
7200,2047-12-01,GW_storage_CA_PGE_N_GW[AF],8060499.0,15653870877.0,2819583617.0
7201,2048-01-01,GW_storage_CA_PGE_N_GW[AF],7883928.0,15763169397.0,2827467545.0
7202,2048-02-01,GW_storage_CA_PGE_N_GW[AF],7721371.0,15872138297.0,2835188916.0
7203,2048-03-01,GW_storage_CA_PGE_N_GW[AF],10260482.0,15987897138.0,2845449398.0
7204,2048-04-01,GW_storage_CA_PGE_N_GW[AF],11440709.0,16106751114.0,2856890107.0
7205,2048-05-01,GW_storage_CA_PGE_N_GW[AF],11185409.0,16226738594.0,2868075516.0
7206,2048-06-01,GW_storage_CA_PGE_N_GW[AF],10957494.0,16346930466.0,2879033010.0
7207,2048-07-01,GW_storage_CA_PGE_N_GW[AF],10720958.0,16466203172.0,2889753968.0
7208,2048-08-01,GW_storage_CA_PGE_N_GW[AF],10503639.0,16583670765.0,2900257607.0
7209,2048-09-01,GW_storage_CA_PGE_N_GW[AF],10309916.0,16699553017.0,2910567523.0
7210,2048-10-01,GW_storage_CA_PGE_N_GW[AF],10254705.0,16813788962.0,2920822228.0
7211,2048-11-01,GW_storage_CA_PGE_N_GW[AF],10058304.0,16926416472.0,2930880532.0
7212,2048-12-01,GW_storage_CA_PGE_N_GW[AF],9845469.0,17038918116.0,2940726001.0
7213,2049-01-01,GW_storage_CA_PGE_N_GW[AF],9627847.0,17150214903.0,2950353848.0
7214,2049-02-01,GW_storage_CA_PGE_N_GW[AF],9435229.0,17259849423.0,2959789077.0
7215,2049-03-01,GW_storage_CA_PGE_N_GW[AF],12916992.0,17374140295.0,2972706069.0
7216,2049-04-01,GW_storage_CA_PGE_N_GW[AF],15295957.0,17496980626.0,2988002026.0
7217,2049-05-01,GW_storage_CA_PGE_N_GW[AF],15676904.0,17623520262.0,3003678930.0
7218,2049-06-01,GW_storage_CA_PGE_N_GW[AF],15338852.0,17749882278.0,3019017782.0
7219,2049-07-01,GW_storage_CA_PGE_N_GW[AF],15109193.0,17875311834.0,3034126975.0
7220,2049-08-01,GW_storage_CA_PGE_N_GW[AF],14804145.0,17998950915.0,3048931120.0
7221,2049-09-01,GW_storage_CA_PGE_N_GW[AF],14551482.0,18120987592.0,3063482602.0
7222,2049-10-01,GW_storage_CA_PGE_N_GW[AF],14474839.0,18241422265.0,3077957441.0
7223,2049-11-01,GW_storage_CA_PGE_N_GW[AF],14197254.0,18360102830.0,3092154695.0
7224,2049-12-01,GW_storage_CA_PGE_N_GW[AF],13938738.0,18476910369.0,3106093433.0
7225,2050-01-01,GW_storage_CA_PGE_N_GW[AF],13627728.0,18591916831.0,3119721161.0
7226,2050-02-01,GW_storage_CA_PGE_N_GW[AF],13353065.0,18705272956.0,3133074226.0
7227,2050-03-01,GW_storage_CA_PGE_N_GW[AF],15245555.0,18821028859.0,3148319781.0
7228,2050-04-01,GW_storage_CA_PGE_N_GW[AF],16669335.0,18940506995.0,3164989116.0
7229,2050-05-01,GW_storage_CA_PGE_N_GW[AF],16297276.0,19059600483.0,3181286392.0
7230,2050-06-01,GW_storage_CA_PGE_N_GW[AF],16067245.0,19178428021.0,3197353637.0
7231,2050-07-01,GW_storage_CA_PGE_N_GW[AF],15758477.0,19296435077.0,3213112114.0
7232,2050-08-01,GW_storage_CA_PGE_N_GW[AF],15433692.0,19412834260.0,3228545806.0
7233,2050-09-01,GW_storage_CA_PGE_N_GW[AF],15216734.0,19527808893.0,3243762540.0
7234,2050-10-01,GW_storage_CA_PGE_N_GW[AF],15015466.0,19641173895.0,3258778006.0
7235,2050-11-01,GW_storage_CA_PGE_N_GW[AF],14695434.0,19752769080.0,3273473440.0
7236,2050-12-01,GW_storage_CA_PGE_N_GW[AF],14369445.0,19862611454.0,3287842885.0
7237,2051-01-01,GW_storage_CA_PGE_N_GW[AF],14048965.0,19970764786.0,3301891850.0
7238,2051-02-01,GW_storage_CA_PGE_N_GW[AF],13765767.0,20077395432.0,3315657617.0
7239,2051-03-01,GW_storage_CA_PGE_N_GW[AF],13458521.0,20182370827.0,3329116138.0
7240,2051-04-01,GW_storage_CA_PGE_N_GW[AF],13167823.0,20291580463.0,3342283961.0
7241,2051-05-01,GW_storage_CA_PGE_N_GW[AF],12873918.0,20400038326.0,3355157879.0
7242,2051-06-01,GW_storage_CA_PGE_N_GW[AF],12731237.0,20508257786.0,3367889116.0
7243,2051-07-01,GW_storage_CA_PGE_N_GW[AF],12518901.0,20615875318.0,3380408017.0
7244,2051-08-01,GW_storage_CA_PGE_N_GW[AF],12388168.0,20722198437.0,3392796185.0
7245,2051-09-01,GW_storage_CA_PGE_N_GW[AF],12180303.0,20827038775.0,3404976488.0
7246,2051-10-01,GW_storage_CA_PGE_N_GW[AF],12036001.0,20930437548.0,3417012489.0
7247,2051-11-01,GW_storage_CA_PGE_N_GW[AF],11910461.0,21032468769.0,3428922950.0
7248,2051-12-01,GW_storage_CA_PGE_N_GW[AF],11648662.0,21133705710.0,3440571612.0
7249,2052-01-01,GW_storage_CA_PGE_N_GW[AF],11391683.0,21233433839.0,3451963295.0
7250,2052-02-01,GW_storage_CA_PGE_N_GW[AF],11155998.0,21331717041.0,3463119293.0
7251,2052-03-01,GW_storage_CA_PGE_N_GW[AF],10908441.0,21429607427.0,3474027734.0
7252,2052-04-01,GW_storage_CA_PGE_N_GW[AF],11730210.0,21527851494.0,3485757944.0
7253,2052-05-01,GW_storage_CA_PGE_N_GW[AF],11468455.0,21624977785.0,3497226399.0
7254,2052-06-01,GW_storage_CA_PGE_N_GW[AF],11317028.0,21720857498.0,3508543427.0
7255,2052-07-01,GW_storage_CA_PGE_N_GW[AF],11139938.0,21815421513.0,3519683365.0
7256,2052-08-01,GW_storage_CA_PGE_N_GW[AF],11005938.0,21908765850.0,3530689303.0
7257,2052-09-01,GW_storage_CA_PGE_N_GW[AF],10805252.0,22001026854.0,3541494555.0
7258,2052-10-01,GW_storage_CA_PGE_N_GW[AF],10613362.0,22092179195.0,3552107917.0
7259,2052-11-01,GW_storage_CA_PGE_N_GW[AF],10416821.0,22182158688.0,3562524738.0
7260,2052-12-01,GW_storage_CA_PGE_N_GW[AF],10188331.0,22270990851.0,3572713069.0
7261,2053-01-01,GW_storage_CA_PGE_N_GW[AF],9961822.0,22358572318.0,3582674891.0
7262,2053-02-01,GW_storage_CA_PGE_N_GW[AF],9761639.0,22445234888.0,3592436530.0
7263,2053-03-01,GW_storage_CA_PGE_N_GW[AF],9544195.0,22531338210.0,3601980725.0
7264,2053-04-01,GW_storage_CA_PGE_N_GW[AF],10679271.0,22618197854.0,3612659996.0
7265,2053-05-01,GW_storage_CA_PGE_N_GW[AF],10440934.0,22705000235.0,3623100930.0
7266,2053-06-01,GW_storage_CA_PGE_N_GW[AF],10319935.0,22792005107.0,3633420865.0
7267,2053-07-01,GW_storage_CA_PGE_N_GW[AF],10155786.0,22878611714.0,3643576651.0
7268,2053-08-01,GW_storage_CA_PGE_N_GW[AF],10018778.0,22964123789.0,3653595429.0
7269,2053-09-01,GW_storage_CA_PGE_N_GW[AF],9836386.0,23048536524.0,3663431815.0
7270,2053-10-01,GW_storage_CA_PGE_N_GW[AF],9763499.0,23131866519.0,3673195314.0
7271,2053-11-01,GW_storage_CA_PGE_N_GW[AF],9713097.0,23214276747.0,3682908411.0
7272,2053-12-01,GW_storage_CA_PGE_N_GW[AF],9499765.0,23295578937.0,3692408176.0
7273,2054-01-01,GW_storage_CA_PGE_N_GW[AF],9290334.0,23375761806.0,3701698510.0
7274,2054-02-01,GW_storage_CA_PGE_N_GW[AF],9104923.0,23454991045.0,3710803433.0
7275,2054-03-01,GW_storage_CA_PGE_N_GW[AF],8902525.0,23533194281.0,3719705958.0
7276,2054-04-01,GW_storage_CA_PGE_N_GW[AF],8710321.0,23610840643.0,3728416279.0
7277,2054-05-01,GW_storage_CA_PGE_N_GW[AF],8633882.0,23687968757.0,3737050161.0
7278,2054-06-01,GW_storage_CA_PGE_N_GW[AF],8454087.0,23764134532.0,3745504248.0
7279,2054-07-01,GW_storage_CA_PGE_N_GW[AF],8294517.0,23839346953.0,3753798765.0
7280,2054-08-01,GW_storage_CA_PGE_N_GW[AF],8138500.0,23913680649.0,3761937265.0
7281,2054-09-01,GW_storage_CA_PGE_N_GW[AF],7999633.0,23987275722.0,3769936898.0
7282,2054-10-01,GW_storage_CA_PGE_N_GW[AF],7964142.0,24060063673.0,3777901040.0
7283,2054-11-01,GW_storage_CA_PGE_N_GW[AF],7815316.0,24132040073.0,3785716356.0
7284,2054-12-01,GW_storage_CA_PGE_N_GW[AF],7645744.0,24203075252.0,3793362100.0
7285,2055-01-01,GW_storage_CA_PGE_N_GW[AF],7478890.0,24273232069.0,3800840990.0
7286,2055-02-01,GW_storage_CA_PGE_N_GW[AF],10949071.0,24346983422.0,3811790061.0
7287,2055-03-01,GW_storage_CA_PGE_N_GW[AF],15017972.0,24429418525.0,3826808033.0
7288,2055-04-01,GW_storage_CA_PGE_N_GW[AF],17296045.0,24519974284.0,3844104078.0
7289,2055-05-01,GW_storage_CA_PGE_N_GW[AF],17917001.0,24612887460.0,3862021079.0
7290,2055-06-01,GW_storage_CA_PGE_N_GW[AF],17530002.0,24705731755.0,3879551081.0
7291,2055-07-01,GW_storage_CA_PGE_N_GW[AF],17269307.0,24797561549.0,3896820388.0
7292,2055-08-01,GW_storage_CA_PGE_N_GW[AF],16998510.0,24888417864.0,3913818898.0
7293,2055-09-01,GW_storage_CA_PGE_N_GW[AF],16763196.0,24978247446.0,3930582094.0
7294,2055-10-01,GW_storage_CA_PGE_N_GW[AF],16512355.0,25067037402.0,3947094449.0
7295,2055-11-01,GW_storage_CA_PGE_N_GW[AF],16155758.0,25154620871.0,3963250207.0
7296,2055-12-01,GW_storage_CA_PGE_N_GW[AF],15795169.0,25240958786.0,3979045376.0
7297,2056-01-01,GW_storage_CA_PGE_N_GW[AF],15442625.0,25326085001.0,3994488001.0
7298,2056-02-01,GW_storage_CA_PGE_N_GW[AF],15120186.0,25410115783.0,4009608187.0
7299,2056-03-01,GW_storage_CA_PGE_N_GW[AF],14782706.0,25493046199.0,4024390893.0
7300,2056-04-01,GW_storage_CA_PGE_N_GW[AF],14463399.0,25579867650.0,4038854292.0
7301,2056-05-01,GW_storage_CA_PGE_N_GW[AF],14141888.0,25665994452.0,4052996180.0
7302,2056-06-01,GW_storage_CA_PGE_N_GW[AF],13858751.0,25751014051.0,4066854931.0
7303,2056-07-01,GW_storage_CA_PGE_N_GW[AF],13687211.0,25834999057.0,4080542142.0
7304,2056-08-01,GW_storage_CA_PGE_N_GW[AF],13524153.0,25918012980.0,4094066295.0
7305,2056-09-01,GW_storage_CA_PGE_N_GW[AF],13285499.0,26000006720.0,4107351794.0
7306,2056-10-01,GW_storage_CA_PGE_N_GW[AF],13053938.0,26080893812.0,4120405732.0
7307,2056-11-01,GW_storage_CA_PGE_N_GW[AF],12985283.0,26160908259.0,4133391015.0
7308,2056-12-01,GW_storage_CA_PGE_N_GW[AF],12974461.0,26240212456.0,4146365476.0
7309,2057-01-01,GW_storage_CA_PGE_N_GW[AF],12720379.0,26318587848.0,4159085855.0
7310,2057-02-01,GW_storage_CA_PGE_N_GW[AF],12488740.0,26395985372.0,4171574595.0
7311,2057-03-01,GW_storage_CA_PGE_N_GW[AF],12225435.0,26472734266.0,4183800030.0
7312,2057-04-01,GW_storage_CA_PGE_N_GW[AF],11967519.0,26556295278.0,4195767549.0
7313,2057-05-01,GW_storage_CA_PGE_N_GW[AF],11709169.0,26638790503.0,4207476718.0
7314,2057-06-01,GW_storage_CA_PGE_N_GW[AF],11464735.0,26720263696.0,4218941453.0
7315,2057-07-01,GW_storage_CA_PGE_N_GW[AF],11328595.0,26800720453.0,4230270048.0
7316,2057-08-01,GW_storage_CA_PGE_N_GW[AF],11197241.0,26880212595.0,4241467289.0
7317,2057-09-01,GW_storage_CA_PGE_N_GW[AF],11001109.0,26958875022.0,4252468398.0
7318,2057-10-01,GW_storage_CA_PGE_N_GW[AF],10809949.0,27036568588.0,4263278347.0
7319,2057-11-01,GW_storage_CA_PGE_N_GW[AF],10644083.0,27113396201.0,4273922430.0
7320,2057-12-01,GW_storage_CA_PGE_N_GW[AF],10483905.0,27189264327.0,4284406335.0
7321,2058-01-01,GW_storage_CA_PGE_N_GW[AF],10307468.0,27264124633.0,4294713803.0
7322,2058-02-01,GW_storage_CA_PGE_N_GW[AF],15567095.0,27348265847.0,4310280898.0
7323,2058-03-01,GW_storage_CA_PGE_N_GW[AF],19796365.0,27440889382.0,4330077263.0
7324,2058-04-01,GW_storage_CA_PGE_N_GW[AF],21548233.0,27539133274.0,4351625496.0
7325,2058-05-01,GW_storage_CA_PGE_N_GW[AF],22280748.0,27639449314.0,4373906244.0
7326,2058-06-01,GW_storage_CA_PGE_N_GW[AF],21799555.0,27738779306.0,4395705799.0
7327,2058-07-01,GW_storage_CA_PGE_N_GW[AF],21312999.0,27837531793.0,4417018798.0
7328,2058-08-01,GW_storage_CA_PGE_N_GW[AF],21073563.0,27935280444.0,4438092361.0
7329,2058-09-01,GW_storage_CA_PGE_N_GW[AF],20748018.0,28031862865.0,4458840379.0
7330,2058-10-01,GW_storage_CA_PGE_N_GW[AF],20410884.0,28127260463.0,4479251263.0
7331,2058-11-01,GW_storage_CA_PGE_N_GW[AF],19970012.0,28221366217.0,4499221275.0
7332,2058-12-01,GW_storage_CA_PGE_N_GW[AF],19524284.0,28314157055.0,4518745559.0
7333,2059-01-01,GW_storage_CA_PGE_N_GW[AF],19088503.0,28405540773.0,4537834062.0
7334,2059-02-01,GW_storage_CA_PGE_N_GW[AF],21034450.0,28502067677.0,4558868512.0
7335,2059-03-01,GW_storage_CA_PGE_N_GW[AF],24015922.0,28605457246.0,4582884434.0
7336,2059-04-01,GW_storage_CA_PGE_N_GW[AF],25799086.0,28717814838.0,4608683520.0
7337,2059-05-01,GW_storage_CA_PGE_N_GW[AF],26045587.0,28830913147.0,4634729107.0
7338,2059-06-01,GW_storage_CA_PGE_N_GW[AF],25617350.0,28943770190.0,4660346457.0
7339,2059-07-01,GW_storage_CA_PGE_N_GW[AF],25208889.0,29055182582.0,4685555346.0
7340,2059-08-01,GW_storage_CA_PGE_N_GW[AF],24692282.0,29165160032.0,4710247628.0
7341,2059-09-01,GW_storage_CA_PGE_N_GW[AF],24361541.0,29273920291.0,4734609169.0
7342,2059-10-01,GW_storage_CA_PGE_N_GW[AF],24104442.0,29381402010.0,4758713611.0
7343,2059-11-01,GW_storage_CA_PGE_N_GW[AF],23629796.0,29487451547.0,4782343407.0
7344,2059-12-01,GW_storage_CA_PGE_N_GW[AF],23138654.0,29592083281.0,4805482061.0
7345,2060-01-01,GW_storage_CA_PGE_N_GW[AF],22648213.0,29695071869.0,4828130274.0
7346,2060-02-01,GW_storage_CA_PGE_N_GW[AF],22193271.0,29797999369.0,4850323545.0
7347,2060-03-01,GW_storage_CA_PGE_N_GW[AF],21709847.0,29907235449.0,4872033392.0
7348,2060-04-01,GW_storage_CA_PGE_N_GW[AF],22866387.0,30022282651.0,4894899779.0
7349,2060-05-01,GW_storage_CA_PGE_N_GW[AF],22356555.0,30138204137.0,4917256334.0
7350,2060-06-01,GW_storage_CA_PGE_N_GW[AF],21873712.0,30253989194.0,4939130046.0
7351,2060-07-01,GW_storage_CA_PGE_N_GW[AF],21631188.0,30369445165.0,4960761234.0
7352,2060-08-01,GW_storage_CA_PGE_N_GW[AF],21227656.0,30483354195.0,4981988890.0
7353,2060-09-01,GW_storage_CA_PGE_N_GW[AF],20958940.0,30595912136.0,5002947830.0
7354,2060-10-01,GW_storage_CA_PGE_N_GW[AF],20755400.0,30707058453.0,5023703230.0
7355,2060-11-01,GW_storage_CA_PGE_N_GW[AF],20330830.0,30816686913.0,5044034060.0
7356,2060-12-01,GW_storage_CA_PGE_N_GW[AF],19893086.0,30924630927.0,5063927146.0
7357,2061-01-01,GW_storage_CA_PGE_N_GW[AF],24314237.0,31038058188.0,5088241383.0
7358,2061-02-01,GW_storage_CA_PGE_N_GW[AF],28132890.0,31163247262.0,5116374273.0
7359,2061-03-01,GW_storage_CA_PGE_N_GW[AF],31164636.0,31301926464.0,5147538909.0
7360,2061-04-01,GW_storage_CA_PGE_N_GW[AF],32393623.0,31460043743.0,5179932532.0
7361,2061-05-01,GW_storage_CA_PGE_N_GW[AF],33076186.0,31621719240.0,5213008718.0
7362,2061-06-01,GW_storage_CA_PGE_N_GW[AF],32361749.0,31781944019.0,5245370467.0
7363,2061-07-01,GW_storage_CA_PGE_N_GW[AF],31845682.0,31940594248.0,5277216149.0
7364,2061-08-01,GW_storage_CA_PGE_N_GW[AF],31367581.0,32097666692.0,5308583730.0
7365,2061-09-01,GW_storage_CA_PGE_N_GW[AF],30953225.0,32253244922.0,5339536955.0
7366,2061-10-01,GW_storage_CA_PGE_N_GW[AF],30521445.0,32407132898.0,5370058400.0
7367,2061-11-01,GW_storage_CA_PGE_N_GW[AF],29874613.0,32559108380.0,5399933013.0
7368,2061-12-01,GW_storage_CA_PGE_N_GW[AF],29217326.0,32709321481.0,5429150339.0
7369,2062-01-01,GW_storage_CA_PGE_N_GW[AF],28572225.0,32858735378.0,5457722564.0
7370,2062-02-01,GW_storage_CA_PGE_N_GW[AF],35876734.0,33022044851.0,5493599298.0
7371,2062-03-01,GW_storage_CA_PGE_N_GW[AF],40723105.0,33198837130.0,5534322403.0
7372,2062-04-01,GW_storage_CA_PGE_N_GW[AF],43339911.0,33390837210.0,5577662314.0
7373,2062-05-01,GW_storage_CA_PGE_N_GW[AF],43678489.0,33584259641.0,5621340803.0
7374,2062-06-01,GW_storage_CA_PGE_N_GW[AF],42735069.0,33776858517.0,5664075872.0
7375,2062-07-01,GW_storage_CA_PGE_N_GW[AF],41976492.0,33967635736.0,5706052364.0
7376,2062-08-01,GW_storage_CA_PGE_N_GW[AF],41291625.0,34156855847.0,5747343989.0
7377,2062-09-01,GW_storage_CA_PGE_N_GW[AF],40647783.0,34344548104.0,5787991772.0
7378,2062-10-01,GW_storage_CA_PGE_N_GW[AF],39903725.0,34530332137.0,5827895497.0
7379,2062-11-01,GW_storage_CA_PGE_N_GW[AF],39042172.0,34714073091.0,5866937669.0
7380,2062-12-01,GW_storage_CA_PGE_N_GW[AF],38170821.0,34895778448.0,5905108490.0
7381,2063-01-01,GW_storage_CA_PGE_N_GW[AF],37318900.0,35079072230.0,5942427390.0
7382,2063-02-01,GW_storage_CA_PGE_N_GW[AF],39690903.0,35269350335.0,5982118293.0
7383,2063-03-01,GW_storage_CA_PGE_N_GW[AF],42646592.0,35470064786.0,6024764885.0
7384,2063-04-01,GW_storage_CA_PGE_N_GW[AF],44982336.0,35683040547.0,6069747221.0
7385,2063-05-01,GW_storage_CA_PGE_N_GW[AF],46247579.0,35907121073.0,6115994800.0
7386,2063-06-01,GW_storage_CA_PGE_N_GW[AF],46426143.0,36134854310.0,6162420943.0
7387,2063-07-01,GW_storage_CA_PGE_N_GW[AF],45410069.0,36361472567.0,6207831012.0
7388,2063-08-01,GW_storage_CA_PGE_N_GW[AF],44646969.0,36586142514.0,6252477981.0
7389,2063-09-01,GW_storage_CA_PGE_N_GW[AF],43929232.0,36808934029.0,6296407213.0
7390,2063-10-01,GW_storage_CA_PGE_N_GW[AF],43042679.0,37029507927.0,6339449892.0
7391,2063-11-01,GW_storage_CA_PGE_N_GW[AF],42113594.0,37248012309.0,6381563486.0
7392,2063-12-01,GW_storage_CA_PGE_N_GW[AF],41174118.0,37465671472.0,6422737604.0
7393,2064-01-01,GW_storage_CA_PGE_N_GW[AF],49198626.0,37694815963.0,6471936230.0
7394,2064-02-01,GW_storage_CA_PGE_N_GW[AF],57915168.0,37945097639.0,6529851398.0
7395,2064-03-01,GW_storage_CA_PGE_N_GW[AF],62143611.0,38213638934.0,6591995009.0
7396,2064-04-01,GW_storage_CA_PGE_N_GW[AF],64668535.0,38493367090.0,6656663544.0
7397,2064-05-01,GW_storage_CA_PGE_N_GW[AF],65266846.0,38776738105.0,6721930390.0
7398,2064-06-01,GW_storage_CA_PGE_N_GW[AF],65264851.0,39060661713.0,6787195241.0
7399,2064-07-01,GW_storage_CA_PGE_N_GW[AF],63886913.0,39341932866.0,6851082154.0
7400,2064-08-01,GW_storage_CA_PGE_N_GW[AF],62713843.0,39620711220.0,6913795997.0
7401,2064-09-01,GW_storage_CA_PGE_N_GW[AF],61528541.0,39897002798.0,6975324538.0
7402,2064-10-01,GW_storage_CA_PGE_N_GW[AF],60289409.0,40170736712.0,7035613947.0
7403,2064-11-01,GW_storage_CA_PGE_N_GW[AF],58987201.0,40442044957.0,7094601148.0
7404,2064-12-01,GW_storage_CA_PGE_N_GW[AF],57670642.0,40711834451.0,7152271790.0
7405,2065-01-01,GW_storage_CA_PGE_N_GW[AF],58766169.0,40982757097.0,7211037959.0
7406,2065-02-01,GW_storage_CA_PGE_N_GW[AF],60450344.0,41255716076.0,7271488303.0
7407,2065-03-01,GW_storage_CA_PGE_N_GW[AF],62173232.0,41533378347.0,7333661535.0
7408,2065-04-01,GW_storage_CA_PGE_N_GW[AF],62661241.0,41819419395.0,7396322776.0
7409,2065-05-01,GW_storage_CA_PGE_N_GW[AF],62730611.0,42107659636.0,7459053387.0
7410,2065-06-01,GW_storage_CA_PGE_N_GW[AF],61411977.0,42393392346.0,7520465364.0
7411,2065-07-01,GW_storage_CA_PGE_N_GW[AF],60295403.0,42678359041.0,7580760767.0
7412,2065-08-01,GW_storage_CA_PGE_N_GW[AF],59213618.0,42960938762.0,7639974385.0
7413,2065-09-01,GW_storage_CA_PGE_N_GW[AF],58203514.0,43241061639.0,7698177899.0
7414,2065-10-01,GW_storage_CA_PGE_N_GW[AF],57165794.0,43518553408.0,7755343693.0
7415,2065-11-01,GW_storage_CA_PGE_N_GW[AF],55935039.0,43793351378.0,7811278732.0
7416,2065-12-01,GW_storage_CA_PGE_N_GW[AF],54686970.0,44065325818.0,7865965702.0
7417,2066-01-01,GW_storage_CA_PGE_N_GW[AF],53466401.0,44334625115.0,7919432103.0
7418,2066-02-01,GW_storage_CA_PGE_N_GW[AF],52388527.0,44601575728.0,7971820630.0
7419,2066-03-01,GW_storage_CA_PGE_N_GW[AF],51258151.0,44865977654.0,8023078781.0
7420,2066-04-01,GW_storage_CA_PGE_N_GW[AF],50287331.0,45130939542.0,8073366112.0
7421,2066-05-01,GW_storage_CA_PGE_N_GW[AF],49430638.0,45393925169.0,8122796750.0
7422,2066-06-01,GW_storage_CA_PGE_N_GW[AF],48442074.0,45654573916.0,8171238824.0
7423,2066-07-01,GW_storage_CA_PGE_N_GW[AF],47488511.0,45912927675.0,8218727335.0
7424,2066-08-01,GW_storage_CA_PGE_N_GW[AF],46567036.0,46169111465.0,8265294371.0
7425,2066-09-01,GW_storage_CA_PGE_N_GW[AF],45931929.0,46423600426.0,8311226300.0
7426,2066-10-01,GW_storage_CA_PGE_N_GW[AF],45311527.0,46676263355.0,8356537827.0
7427,2066-11-01,GW_storage_CA_PGE_N_GW[AF],44721447.0,46927228863.0,8401259274.0
7428,2066-12-01,GW_storage_CA_PGE_N_GW[AF],44077431.0,47176198480.0,8445336705.0
7429,2067-01-01,GW_storage_CA_PGE_N_GW[AF],43155370.0,47422896821.0,8488492075.0
7430,2067-02-01,GW_storage_CA_PGE_N_GW[AF],42301872.0,47667661431.0,8530793947.0
7431,2067-03-01,GW_storage_CA_PGE_N_GW[AF],41359648.0,47910308464.0,8572153595.0
7432,2067-04-01,GW_storage_CA_PGE_N_GW[AF],40699818.0,48151085524.0,8612853413.0
7433,2067-05-01,GW_storage_CA_PGE_N_GW[AF],40045401.0,48389950965.0,8652898814.0
7434,2067-06-01,GW_storage_CA_PGE_N_GW[AF],39339685.0,48627002221.0,8692238499.0
7435,2067-07-01,GW_storage_CA_PGE_N_GW[AF],38572977.0,48862124917.0,8730811476.0
7436,2067-08-01,GW_storage_CA_PGE_N_GW[AF],37842142.0,49095321876.0,8768653618.0
7437,2067-09-01,GW_storage_CA_PGE_N_GW[AF],37193425.0,49326841519.0,8805847043.0
7438,2067-10-01,GW_storage_CA_PGE_N_GW[AF],36648763.0,49556552267.0,8842495806.0
7439,2067-11-01,GW_storage_CA_PGE_N_GW[AF],36236219.0,49784868208.0,8878732025.0
7440,2067-12-01,GW_storage_CA_PGE_N_GW[AF],35561553.0,50011545293.0,8914293578.0
7441,2068-01-01,GW_storage_CA_PGE_N_GW[AF],34862633.0,50238331069.0,8949156211.0
7442,2068-02-01,GW_storage_CA_PGE_N_GW[AF],40208939.0,50478937732.0,8989365150.0
7443,2068-03-01,GW_storage_CA_PGE_N_GW[AF],47775264.0,50739381265.0,9037140414.0
7444,2068-04-01,GW_storage_CA_PGE_N_GW[AF],50584982.0,51011294375.0,9087725396.0
7445,2068-05-01,GW_storage_CA_PGE_N_GW[AF],52003709.0,51290774772.0,9139729105.0
7446,2068-06-01,GW_storage_CA_PGE_N_GW[AF],51872872.0,51571539123.0,9191601977.0
7447,2068-07-01,GW_storage_CA_PGE_N_GW[AF],50862268.0,51851333229.0,9242464245.0
7448,2068-08-01,GW_storage_CA_PGE_N_GW[AF],49984657.0,52129191774.0,9292448902.0
7449,2068-09-01,GW_storage_CA_PGE_N_GW[AF],48984356.0,52405096290.0,9341433258.0
7450,2068-10-01,GW_storage_CA_PGE_N_GW[AF],48029858.0,52678907664.0,9389463116.0
7451,2068-11-01,GW_storage_CA_PGE_N_GW[AF],46992441.0,52950483517.0,9436455557.0
7452,2068-12-01,GW_storage_CA_PGE_N_GW[AF],45943575.0,53219819895.0,9482399132.0
7453,2069-01-01,GW_storage_CA_PGE_N_GW[AF],44918118.0,53487155316.0,9527317250.0
7454,2069-02-01,GW_storage_CA_PGE_N_GW[AF],46730116.0,53760870931.0,9574047366.0
7455,2069-03-01,GW_storage_CA_PGE_N_GW[AF],48394802.0,54039428849.0,9622442168.0
7456,2069-04-01,GW_storage_CA_PGE_N_GW[AF],48980877.0,54324092180.0,9671423045.0
7457,2069-05-01,GW_storage_CA_PGE_N_GW[AF],47887627.0,54609436481.0,9719310672.0
7458,2069-06-01,GW_storage_CA_PGE_N_GW[AF],47002206.0,54894337917.0,9766312878.0
7459,2069-07-01,GW_storage_CA_PGE_N_GW[AF],46222000.0,55177218144.0,9812534878.0
7460,2069-08-01,GW_storage_CA_PGE_N_GW[AF],45484334.0,55458179949.0,9858019212.0
7461,2069-09-01,GW_storage_CA_PGE_N_GW[AF],44811006.0,55737226700.0,9902830218.0
7462,2069-10-01,GW_storage_CA_PGE_N_GW[AF],44127236.0,56014313112.0,9946957454.0
7463,2069-11-01,GW_storage_CA_PGE_N_GW[AF],43244414.0,56289244905.0,9990201868.0
7464,2069-12-01,GW_storage_CA_PGE_N_GW[AF],42283747.0,56561948550.0,10032485615.0
7465,2070-01-01,GW_storage_CA_PGE_N_GW[AF],41397478.0,56832455571.0,10073883093.0
7466,2070-02-01,GW_storage_CA_PGE_N_GW[AF],40562960.0,57101031869.0,10114446053.0
7467,2070-03-01,GW_storage_CA_PGE_N_GW[AF],39657611.0,57367456127.0,10154103664.0
7468,2070-04-01,GW_storage_CA_PGE_N_GW[AF],38801015.0,57631884127.0,10192904679.0
7469,2070-05-01,GW_storage_CA_PGE_N_GW[AF],38193527.0,57894580730.0,10231098206.0
7470,2070-06-01,GW_storage_CA_PGE_N_GW[AF],37404173.0,58156625113.0,10268502379.0
7471,2070-07-01,GW_storage_CA_PGE_N_GW[AF],36758672.0,58417720429.0,10305261051.0
7472,2070-08-01,GW_storage_CA_PGE_N_GW[AF],36155909.0,58677125935.0,10341416960.0
7473,2070-09-01,GW_storage_CA_PGE_N_GW[AF],35740988.0,58935122487.0,10377157948.0
7474,2070-10-01,GW_storage_CA_PGE_N_GW[AF],35305263.0,59191573450.0,10412463211.0
7475,2070-11-01,GW_storage_CA_PGE_N_GW[AF],34741888.0,59446278042.0,10447205099.0
7476,2070-12-01,GW_storage_CA_PGE_N_GW[AF],33979235.0,59699129256.0,10481184334.0
7477,2022-05-01,GW_storage_CA_PGE_S_GW2[AF],-2397.0,2522880.0,-2397.0
7478,2022-06-01,GW_storage_CA_PGE_S_GW2[AF],-2386.0,3551564.0,-4783.0
7479,2022-07-01,GW_storage_CA_PGE_S_GW2[AF],-2373.0,4562843.0,-7156.0
7480,2022-08-01,GW_storage_CA_PGE_S_GW2[AF],-2362.0,5557441.0,-9518.0
7481,2022-09-01,GW_storage_CA_PGE_S_GW2[AF],-2351.0,6536311.0,-11869.0
7482,2022-10-01,GW_storage_CA_PGE_S_GW2[AF],-2339.0,7499151.0,-14208.0
7483,2022-11-01,GW_storage_CA_PGE_S_GW2[AF],-2327.0,8445383.0,-16535.0
7484,2022-12-01,GW_storage_CA_PGE_S_GW2[AF],-1692.0,9374562.0,-18227.0
7485,2023-01-01,GW_storage_CA_PGE_S_GW2[AF],3834.0,10287031.0,-14393.0
7486,2023-02-01,GW_storage_CA_PGE_S_GW2[AF],3079.0,11192982.0,-11314.0
7487,2023-03-01,GW_storage_CA_PGE_S_GW2[AF],3183.0,12082492.0,-8131.0
7488,2023-04-01,GW_storage_CA_PGE_S_GW2[AF],3183.0,12955603.0,-4948.0
7489,2023-05-01,GW_storage_CA_PGE_S_GW2[AF],2886.0,13813215.0,-2062.0
7490,2023-06-01,GW_storage_CA_PGE_S_GW2[AF],2872.0,15164430.0,810.0
7491,2023-07-01,GW_storage_CA_PGE_S_GW2[AF],2857.0,17236845.0,3667.0
7492,2023-08-01,GW_storage_CA_PGE_S_GW2[AF],2844.0,19274971.0,6511.0
7493,2023-09-01,GW_storage_CA_PGE_S_GW2[AF],4907.0,21282260.0,11418.0
7494,2023-10-01,GW_storage_CA_PGE_S_GW2[AF],1970.0,23279746.0,13388.0
7495,2023-11-01,GW_storage_CA_PGE_S_GW2[AF],-2052.0,25247116.0,11336.0
7496,2023-12-01,GW_storage_CA_PGE_S_GW2[AF],-2020.0,27178503.0,9316.0
7497,2024-01-01,GW_storage_CA_PGE_S_GW2[AF],-2010.0,29079026.0,7306.0
7498,2024-02-01,GW_storage_CA_PGE_S_GW2[AF],-1992.0,30951693.0,5314.0
7499,2024-03-01,GW_storage_CA_PGE_S_GW2[AF],-1982.0,32794640.0,3332.0
7500,2024-04-01,GW_storage_CA_PGE_S_GW2[AF],-6676.0,34598451.0,-3344.0
7501,2024-05-01,GW_storage_CA_PGE_S_GW2[AF],-6643.0,36379549.0,-9987.0
7502,2024-06-01,GW_storage_CA_PGE_S_GW2[AF],-6611.0,38134426.0,-16598.0
7503,2024-07-01,GW_storage_CA_PGE_S_GW2[AF],-6578.0,39862715.0,-23176.0
7504,2024-08-01,GW_storage_CA_PGE_S_GW2[AF],-6545.0,41565221.0,-29721.0
7505,2024-09-01,GW_storage_CA_PGE_S_GW2[AF],-6515.0,43242727.0,-36236.0
7506,2024-10-01,GW_storage_CA_PGE_S_GW2[AF],-6515.0,44894530.0,-42751.0
7507,2024-11-01,GW_storage_CA_PGE_S_GW2[AF],-6455.0,46522142.0,-49206.0
7508,2024-12-01,GW_storage_CA_PGE_S_GW2[AF],-12896.0,48125394.0,-62102.0
7509,2025-01-01,GW_storage_CA_PGE_S_GW2[AF],-12768.0,49704625.0,-74870.0
7510,2025-02-01,GW_storage_CA_PGE_S_GW2[AF],-12654.0,51264049.0,-87524.0
7511,2025-03-01,GW_storage_CA_PGE_S_GW2[AF],-12528.0,52800150.0,-100052.0
7512,2025-04-01,GW_storage_CA_PGE_S_GW2[AF],-12409.0,54422403.0,-112461.0
7513,2025-05-01,GW_storage_CA_PGE_S_GW2[AF],-12346.0,56023530.0,-124807.0
7514,2025-06-01,GW_storage_CA_PGE_S_GW2[AF],-12288.0,57673121.0,-137095.0
7515,2025-07-01,GW_storage_CA_PGE_S_GW2[AF],-5052.0,59233291.0,-142147.0
7516,2025-08-01,GW_storage_CA_PGE_S_GW2[AF],-12083.0,60752330.0,-154230.0
7517,2025-09-01,GW_storage_CA_PGE_S_GW2[AF],-10127.0,63291561.0,-164357.0
7518,2025-10-01,GW_storage_CA_PGE_S_GW2[AF],-9929.0,66117192.0,-174286.0
7519,2025-11-01,GW_storage_CA_PGE_S_GW2[AF],-9034.0,69169207.0,-183320.0
7520,2025-12-01,GW_storage_CA_PGE_S_GW2[AF],-13366.0,72377661.0,-196686.0
7521,2026-01-01,GW_storage_CA_PGE_S_GW2[AF],-13233.0,75644729.0,-209919.0
7522,2026-02-01,GW_storage_CA_PGE_S_GW2[AF],-13114.0,83025589.0,-223033.0
7523,2026-03-01,GW_storage_CA_PGE_S_GW2[AF],-12985.0,93674924.0,-236018.0
7524,2026-04-01,GW_storage_CA_PGE_S_GW2[AF],-12902.0,112497734.0,-248920.0
7525,2026-05-01,GW_storage_CA_PGE_S_GW2[AF],-16565.0,136460613.0,-265485.0
7526,2026-06-01,GW_storage_CA_PGE_S_GW2[AF],-16486.0,160180041.0,-281971.0
7527,2026-07-01,GW_storage_CA_PGE_S_GW2[AF],-16404.0,184580314.0,-298375.0
7528,2026-08-01,GW_storage_CA_PGE_S_GW2[AF],-16322.0,208538131.0,-314697.0
7529,2026-09-01,GW_storage_CA_PGE_S_GW2[AF],-16322.0,232132273.0,-331019.0
7530,2026-10-01,GW_storage_CA_PGE_S_GW2[AF],-18072.0,255250646.0,-349091.0
7531,2026-11-01,GW_storage_CA_PGE_S_GW2[AF],-17941.0,277908394.0,-367032.0
7532,2026-12-01,GW_storage_CA_PGE_S_GW2[AF],-21670.0,300103214.0,-388702.0
7533,2027-01-01,GW_storage_CA_PGE_S_GW2[AF],-21455.0,321847786.0,-410157.0
7534,2027-02-01,GW_storage_CA_PGE_S_GW2[AF],-21263.0,343199646.0,-431420.0
7535,2027-03-01,GW_storage_CA_PGE_S_GW2[AF],-21052.0,369620421.0,-452472.0
7536,2027-04-01,GW_storage_CA_PGE_S_GW2[AF],-20850.0,409179141.0,-473322.0
7537,2027-05-01,GW_storage_CA_PGE_S_GW2[AF],-20643.0,455970259.0,-493965.0
7538,2027-06-01,GW_storage_CA_PGE_S_GW2[AF],-20445.0,506103237.0,-514410.0
7539,2027-07-01,GW_storage_CA_PGE_S_GW2[AF],-20343.0,558027240.0,-534753.0
7540,2027-08-01,GW_storage_CA_PGE_S_GW2[AF],-20242.0,610747556.0,-554995.0
7541,2027-09-01,GW_storage_CA_PGE_S_GW2[AF],-20145.0,662576568.0,-575140.0
7542,2027-10-01,GW_storage_CA_PGE_S_GW2[AF],-20045.0,713531026.0,-595185.0
7543,2027-11-01,GW_storage_CA_PGE_S_GW2[AF],-17489.0,763602436.0,-612674.0
7544,2027-12-01,GW_storage_CA_PGE_S_GW2[AF],-17315.0,812846873.0,-629989.0
7545,2028-01-01,GW_storage_CA_PGE_S_GW2[AF],-17144.0,861121911.0,-647133.0
7546,2028-02-01,GW_storage_CA_PGE_S_GW2[AF],-16984.0,908650771.0,-664117.0
7547,2028-03-01,GW_storage_CA_PGE_S_GW2[AF],-16816.0,959000163.0,-680933.0
7548,2028-04-01,GW_storage_CA_PGE_S_GW2[AF],-16736.0,1012039411.0,-697669.0
7549,2028-05-01,GW_storage_CA_PGE_S_GW2[AF],-16653.0,1068060916.0,-714322.0
7550,2028-06-01,GW_storage_CA_PGE_S_GW2[AF],-16572.0,1125203670.0,-730894.0
7551,2028-07-01,GW_storage_CA_PGE_S_GW2[AF],-16491.0,1183903968.0,-747385.0
7552,2028-08-01,GW_storage_CA_PGE_S_GW2[AF],-16408.0,1241633200.0,-763793.0
7553,2028-09-01,GW_storage_CA_PGE_S_GW2[AF],-16329.0,1298536546.0,-780122.0
7554,2028-10-01,GW_storage_CA_PGE_S_GW2[AF],-16249.0,1354465802.0,-796371.0
7555,2028-11-01,GW_storage_CA_PGE_S_GW2[AF],-15115.0,1409406877.0,-811486.0
7556,2028-12-01,GW_storage_CA_PGE_S_GW2[AF],-12545.0,1463330743.0,-824031.0
7557,2029-01-01,GW_storage_CA_PGE_S_GW2[AF],-11458.0,1516331973.0,-835489.0
7558,2029-02-01,GW_storage_CA_PGE_S_GW2[AF],-11407.0,1568436361.0,-846896.0
7559,2029-03-01,GW_storage_CA_PGE_S_GW2[AF],-11200.0,1622957905.0,-858096.0
7560,2029-04-01,GW_storage_CA_PGE_S_GW2[AF],-11146.0,1679352962.0,-869242.0
7561,2029-05-01,GW_storage_CA_PGE_S_GW2[AF],-11090.0,1742904338.0,-880332.0
7562,2029-06-01,GW_storage_CA_PGE_S_GW2[AF],-11037.0,1807169538.0,-891369.0
7563,2029-07-01,GW_storage_CA_PGE_S_GW2[AF],-10982.0,1872474684.0,-902351.0
7564,2029-08-01,GW_storage_CA_PGE_S_GW2[AF],-10929.0,1936569687.0,-913280.0
7565,2029-09-01,GW_storage_CA_PGE_S_GW2[AF],-10876.0,1999536921.0,-924156.0
7566,2029-10-01,GW_storage_CA_PGE_S_GW2[AF],-10822.0,2061251234.0,-934978.0
7567,2029-11-01,GW_storage_CA_PGE_S_GW2[AF],-10770.0,2121792309.0,-945748.0
7568,2029-12-01,GW_storage_CA_PGE_S_GW2[AF],-10743.0,2181276298.0,-956491.0
7569,2030-01-01,GW_storage_CA_PGE_S_GW2[AF],-10637.0,2239598911.0,-967128.0
7570,2030-02-01,GW_storage_CA_PGE_S_GW2[AF],-10542.0,2296908282.0,-977670.0
7571,2030-03-01,GW_storage_CA_PGE_S_GW2[AF],-10437.0,2353273149.0,-988107.0
7572,2030-04-01,GW_storage_CA_PGE_S_GW2[AF],-10337.0,2408813513.0,-998444.0
7573,2030-05-01,GW_storage_CA_PGE_S_GW2[AF],-10285.0,2463288321.0,-1008729.0
7574,2030-06-01,GW_storage_CA_PGE_S_GW2[AF],-10236.0,2519189259.0,-1018965.0
7575,2030-07-01,GW_storage_CA_PGE_S_GW2[AF],-10185.0,2574987711.0,-1029150.0
7576,2030-08-01,GW_storage_CA_PGE_S_GW2[AF],-10134.0,2629845780.0,-1039284.0
7577,2030-09-01,GW_storage_CA_PGE_S_GW2[AF],-10086.0,2683731630.0,-1049370.0
7578,2030-10-01,GW_storage_CA_PGE_S_GW2[AF],-10036.0,2736573135.0,-1059406.0
7579,2030-11-01,GW_storage_CA_PGE_S_GW2[AF],-10036.0,2788437015.0,-1069442.0
7580,2030-12-01,GW_storage_CA_PGE_S_GW2[AF],-10003.0,2839371858.0,-1079445.0
7581,2031-01-01,GW_storage_CA_PGE_S_GW2[AF],-10962.0,2889285425.0,-1090407.0
7582,2031-02-01,GW_storage_CA_PGE_S_GW2[AF],-10864.0,2938331300.0,-1101271.0
7583,2031-03-01,GW_storage_CA_PGE_S_GW2[AF],-10757.0,2986403207.0,-1112028.0
7584,2031-04-01,GW_storage_CA_PGE_S_GW2[AF],14027.0,3034117058.0,-1098001.0
7585,2031-05-01,GW_storage_CA_PGE_S_GW2[AF],13887.0,3081639947.0,-1084114.0
7586,2031-06-01,GW_storage_CA_PGE_S_GW2[AF],13821.0,3128466639.0,-1070293.0
7587,2031-07-01,GW_storage_CA_PGE_S_GW2[AF],13752.0,3175256040.0,-1056541.0
7588,2031-08-01,GW_storage_CA_PGE_S_GW2[AF],13684.0,3221201089.0,-1042857.0
7589,2031-09-01,GW_storage_CA_PGE_S_GW2[AF],13619.0,3266538806.0,-1029238.0
7590,2031-10-01,GW_storage_CA_PGE_S_GW2[AF],13550.0,3311005126.0,-1015688.0
7591,2031-11-01,GW_storage_CA_PGE_S_GW2[AF],13420.0,3354843436.0,-1002268.0
7592,2031-12-01,GW_storage_CA_PGE_S_GW2[AF],13287.0,3397917039.0,-988981.0
7593,2032-01-01,GW_storage_CA_PGE_S_GW2[AF],13155.0,3440765830.0,-975826.0
7594,2032-02-01,GW_storage_CA_PGE_S_GW2[AF],340150.0,3500332884.0,-635676.0
7595,2032-03-01,GW_storage_CA_PGE_S_GW2[AF],388279.0,3570397039.0,-247397.0
7596,2032-04-01,GW_storage_CA_PGE_S_GW2[AF],397719.0,3645988541.0,150322.0
7597,2032-05-01,GW_storage_CA_PGE_S_GW2[AF],393773.0,3723860841.0,544095.0
7598,2032-06-01,GW_storage_CA_PGE_S_GW2[AF],389993.0,3803847465.0,934088.0
7599,2032-07-01,GW_storage_CA_PGE_S_GW2[AF],387970.0,3884065220.0,1322058.0
7600,2032-08-01,GW_storage_CA_PGE_S_GW2[AF],386045.0,3963910669.0,1708103.0
7601,2032-09-01,GW_storage_CA_PGE_S_GW2[AF],384192.0,4042724779.0,2092295.0
7602,2032-10-01,GW_storage_CA_PGE_S_GW2[AF],382286.0,4120308321.0,2474581.0
7603,2032-11-01,GW_storage_CA_PGE_S_GW2[AF],380452.0,4196679403.0,2855033.0
7604,2032-12-01,GW_storage_CA_PGE_S_GW2[AF],378564.0,4271822754.0,3233597.0
7605,2033-01-01,GW_storage_CA_PGE_S_GW2[AF],374808.0,4345538492.0,3608405.0
7606,2033-02-01,GW_storage_CA_PGE_S_GW2[AF],371451.0,4423218301.0,3979856.0
7607,2033-03-01,GW_storage_CA_PGE_S_GW2[AF],367766.0,4505470297.0,4347622.0
7608,2033-04-01,GW_storage_CA_PGE_S_GW2[AF],364235.0,4590681136.0,4711857.0
7609,2033-05-01,GW_storage_CA_PGE_S_GW2[AF],360622.0,4675360581.0,5072479.0
7610,2033-06-01,GW_storage_CA_PGE_S_GW2[AF],357754.0,4760708398.0,5430233.0
7611,2033-07-01,GW_storage_CA_PGE_S_GW2[AF],355979.0,4846138178.0,5786212.0
7612,2033-08-01,GW_storage_CA_PGE_S_GW2[AF],354213.0,4931118427.0,6140425.0
7613,2033-09-01,GW_storage_CA_PGE_S_GW2[AF],352514.0,5014914731.0,6492939.0
7614,2033-10-01,GW_storage_CA_PGE_S_GW2[AF],350765.0,5097508172.0,6843704.0
7615,2033-11-01,GW_storage_CA_PGE_S_GW2[AF],349082.0,5178663669.0,7192786.0
7616,2033-12-01,GW_storage_CA_PGE_S_GW2[AF],347350.0,5258443309.0,7540136.0
7617,2034-01-01,GW_storage_CA_PGE_S_GW2[AF],345627.0,5339163828.0,7885763.0
7618,2034-02-01,GW_storage_CA_PGE_S_GW2[AF],344079.0,5418722190.0,8229842.0
7619,2034-03-01,GW_storage_CA_PGE_S_GW2[AF],342372.0,5500220744.0,8572214.0
7620,2034-04-01,GW_storage_CA_PGE_S_GW2[AF],340729.0,5584032903.0,8912943.0
7621,2034-05-01,GW_storage_CA_PGE_S_GW2[AF],339039.0,5676873319.0,9251982.0
7622,2034-06-01,GW_storage_CA_PGE_S_GW2[AF],337411.0,5773341236.0,9589393.0
7623,2034-07-01,GW_storage_CA_PGE_S_GW2[AF],335737.0,5871231225.0,9925130.0
7624,2034-08-01,GW_storage_CA_PGE_S_GW2[AF],334072.0,5968392389.0,10259202.0
7625,2034-09-01,GW_storage_CA_PGE_S_GW2[AF],332469.0,6064112138.0,10591671.0
7626,2034-10-01,GW_storage_CA_PGE_S_GW2[AF],330820.0,6158273690.0,10922491.0
7627,2034-11-01,GW_storage_CA_PGE_S_GW2[AF],329232.0,6251013792.0,11251723.0
7628,2034-12-01,GW_storage_CA_PGE_S_GW2[AF],327599.0,6342469856.0,11579322.0
7629,2035-01-01,GW_storage_CA_PGE_S_GW2[AF],325973.0,6432436397.0,11905295.0
7630,2035-02-01,GW_storage_CA_PGE_S_GW2[AF],323053.0,6520973109.0,12228348.0
7631,2035-03-01,GW_storage_CA_PGE_S_GW2[AF],319849.0,6608114132.0,12548197.0
7632,2035-04-01,GW_storage_CA_PGE_S_GW2[AF],318076.0,6694040771.0,12866273.0
7633,2035-05-01,GW_storage_CA_PGE_S_GW2[AF],316499.0,6778544504.0,13182772.0
7634,2035-06-01,GW_storage_CA_PGE_S_GW2[AF],314979.0,6863239534.0,13497751.0
7635,2035-07-01,GW_storage_CA_PGE_S_GW2[AF],313417.0,6947511289.0,13811168.0
7636,2035-08-01,GW_storage_CA_PGE_S_GW2[AF],311862.0,7030376153.0,14123030.0
7637,2035-09-01,GW_storage_CA_PGE_S_GW2[AF],310366.0,7112119087.0,14433396.0
7638,2035-10-01,GW_storage_CA_PGE_S_GW2[AF],308827.0,7192574428.0,14742223.0
7639,2035-11-01,GW_storage_CA_PGE_S_GW2[AF],311258.0,7271865334.0,15053481.0
7640,2035-12-01,GW_storage_CA_PGE_S_GW2[AF],313855.0,7350179909.0,15367336.0
7641,2036-01-01,GW_storage_CA_PGE_S_GW2[AF],312423.0,7427195979.0,15679759.0
7642,2036-02-01,GW_storage_CA_PGE_S_GW2[AF],310379.0,7503024891.0,15990138.0
7643,2036-03-01,GW_storage_CA_PGE_S_GW2[AF],308839.0,7577632108.0,16298977.0
7644,2036-04-01,GW_storage_CA_PGE_S_GW2[AF],307357.0,7651185144.0,16606334.0
7645,2036-05-01,GW_storage_CA_PGE_S_GW2[AF],305833.0,7724300240.0,16912167.0
7646,2036-06-01,GW_storage_CA_PGE_S_GW2[AF],304364.0,7796353708.0,17216531.0
7647,2036-07-01,GW_storage_CA_PGE_S_GW2[AF],302855.0,7867314948.0,17519386.0
7648,2036-08-01,GW_storage_CA_PGE_S_GW2[AF],301352.0,7937241278.0,17820738.0
7649,2036-09-01,GW_storage_CA_PGE_S_GW2[AF],299906.0,8006295323.0,18120644.0
7650,2036-10-01,GW_storage_CA_PGE_S_GW2[AF],303285.0,8074305646.0,18423929.0
7651,2036-11-01,GW_storage_CA_PGE_S_GW2[AF],301830.0,8141376577.0,18725759.0
7652,2036-12-01,GW_storage_CA_PGE_S_GW2[AF],303660.0,8207644541.0,19029419.0
7653,2037-01-01,GW_storage_CA_PGE_S_GW2[AF],302154.0,8273161410.0,19331573.0
7654,2037-02-01,GW_storage_CA_PGE_S_GW2[AF],300641.0,8337733681.0,19632214.0
7655,2037-03-01,GW_storage_CA_PGE_S_GW2[AF],297871.0,8401237350.0,19930085.0
7656,2037-04-01,GW_storage_CA_PGE_S_GW2[AF],296214.0,8463716442.0,20226299.0
7657,2037-05-01,GW_storage_CA_PGE_S_GW2[AF],294745.0,8525229166.0,20521044.0
7658,2037-06-01,GW_storage_CA_PGE_S_GW2[AF],293330.0,8585780498.0,20814374.0
7659,2037-07-01,GW_storage_CA_PGE_S_GW2[AF],291875.0,8645518277.0,21106249.0
7660,2037-08-01,GW_storage_CA_PGE_S_GW2[AF],290428.0,8704580765.0,21396677.0
7661,2037-09-01,GW_storage_CA_PGE_S_GW2[AF],289034.0,8763159684.0,21685711.0
7662,2037-10-01,GW_storage_CA_PGE_S_GW2[AF],287600.0,8821181815.0,21973311.0
7663,2037-11-01,GW_storage_CA_PGE_S_GW2[AF],288216.0,8878677095.0,22261527.0
7664,2037-12-01,GW_storage_CA_PGE_S_GW2[AF],287873.0,8935618642.0,22549400.0
7665,2038-01-01,GW_storage_CA_PGE_S_GW2[AF],285018.0,8991690289.0,22834418.0
7666,2038-02-01,GW_storage_CA_PGE_S_GW2[AF],282464.0,9049081585.0,23116882.0
7667,2038-03-01,GW_storage_CA_PGE_S_GW2[AF],302740.0,9108044798.0,23419622.0
7668,2038-04-01,GW_storage_CA_PGE_S_GW2[AF],299834.0,9168794933.0,23719456.0
7669,2038-05-01,GW_storage_CA_PGE_S_GW2[AF],298346.0,9229969082.0,24017802.0
7670,2038-06-01,GW_storage_CA_PGE_S_GW2[AF],301116.0,9290494843.0,24318918.0
7671,2038-07-01,GW_storage_CA_PGE_S_GW2[AF],299622.0,9350294408.0,24618540.0
7672,2038-08-01,GW_storage_CA_PGE_S_GW2[AF],298136.0,9409318940.0,24916676.0
7673,2038-09-01,GW_storage_CA_PGE_S_GW2[AF],296705.0,9467673979.0,25213381.0
7674,2038-10-01,GW_storage_CA_PGE_S_GW2[AF],295233.0,9525253636.0,25508614.0
7675,2038-11-01,GW_storage_CA_PGE_S_GW2[AF],293091.0,9582098472.0,25801705.0
7676,2038-12-01,GW_storage_CA_PGE_S_GW2[AF],289501.0,9638248766.0,26091206.0
7677,2039-01-01,GW_storage_CA_PGE_S_GW2[AF],286629.0,9693650977.0,26377835.0
7678,2039-02-01,GW_storage_CA_PGE_S_GW2[AF],284060.0,9750458830.0,26661895.0
7679,2039-03-01,GW_storage_CA_PGE_S_GW2[AF],281242.0,9809156458.0,26943137.0
7680,2039-04-01,GW_storage_CA_PGE_S_GW2[AF],278542.0,9868559467.0,27221679.0
7681,2039-05-01,GW_storage_CA_PGE_S_GW2[AF],277161.0,9927385773.0,27498840.0
7682,2039-06-01,GW_storage_CA_PGE_S_GW2[AF],275831.0,9986965256.0,27774671.0
7683,2039-07-01,GW_storage_CA_PGE_S_GW2[AF],274463.0,10046475029.0,28049134.0
7684,2039-08-01,GW_storage_CA_PGE_S_GW2[AF],273101.0,10105238592.0,28322235.0
7685,2039-09-01,GW_storage_CA_PGE_S_GW2[AF],271790.0,10163363477.0,28594025.0
7686,2039-10-01,GW_storage_CA_PGE_S_GW2[AF],270442.0,10220781260.0,28864467.0
7687,2039-11-01,GW_storage_CA_PGE_S_GW2[AF],272205.0,10277373162.0,29136672.0
7688,2039-12-01,GW_storage_CA_PGE_S_GW2[AF],271256.0,10333185165.0,29407928.0
7689,2040-01-01,GW_storage_CA_PGE_S_GW2[AF],266859.0,10388289039.0,29674787.0
7690,2040-02-01,GW_storage_CA_PGE_S_GW2[AF],265621.0,10442633493.0,29940408.0
7691,2040-03-01,GW_storage_CA_PGE_S_GW2[AF],270230.0,10496196844.0,30210638.0
7692,2040-04-01,GW_storage_CA_PGE_S_GW2[AF],268933.0,10549040409.0,30479571.0
7693,2040-05-01,GW_storage_CA_PGE_S_GW2[AF],267598.0,10601395194.0,30747169.0
7694,2040-06-01,GW_storage_CA_PGE_S_GW2[AF],266314.0,10653107949.0,31013483.0
7695,2040-07-01,GW_storage_CA_PGE_S_GW2[AF],264993.0,10704171007.0,31278476.0
7696,2040-08-01,GW_storage_CA_PGE_S_GW2[AF],263679.0,10754605305.0,31542155.0
7697,2040-09-01,GW_storage_CA_PGE_S_GW2[AF],262413.0,10804445973.0,31804568.0
7698,2040-10-01,GW_storage_CA_PGE_S_GW2[AF],261111.0,10853648570.0,32065679.0
7699,2040-11-01,GW_storage_CA_PGE_S_GW2[AF],262014.0,10902484914.0,32327693.0
7700,2040-12-01,GW_storage_CA_PGE_S_GW2[AF],260013.0,10950730644.0,32587706.0
7701,2041-01-01,GW_storage_CA_PGE_S_GW2[AF],257433.0,10998281298.0,32845139.0
7702,2041-02-01,GW_storage_CA_PGE_S_GW2[AF],255127.0,11047818234.0,33100266.0
7703,2041-03-01,GW_storage_CA_PGE_S_GW2[AF],270071.0,11099139984.0,33370337.0
7704,2041-04-01,GW_storage_CA_PGE_S_GW2[AF],267478.0,11151170281.0,33637815.0
7705,2041-05-01,GW_storage_CA_PGE_S_GW2[AF],266151.0,11202540882.0,33903966.0
7706,2041-06-01,GW_storage_CA_PGE_S_GW2[AF],264874.0,11253584926.0,34168840.0
7707,2041-07-01,GW_storage_CA_PGE_S_GW2[AF],263560.0,11304087287.0,34432400.0
7708,2041-08-01,GW_storage_CA_PGE_S_GW2[AF],262253.0,11354085428.0,34694653.0
7709,2041-09-01,GW_storage_CA_PGE_S_GW2[AF],265622.0,11403615397.0,34960275.0
7710,2041-10-01,GW_storage_CA_PGE_S_GW2[AF],264304.0,11452671944.0,35224579.0
7711,2041-11-01,GW_storage_CA_PGE_S_GW2[AF],259928.0,11501212889.0,35484507.0
7712,2041-12-01,GW_storage_CA_PGE_S_GW2[AF],258639.0,11549056939.0,35743146.0
7713,2042-01-01,GW_storage_CA_PGE_S_GW2[AF],256073.0,11596204581.0,35999219.0
7714,2042-02-01,GW_storage_CA_PGE_S_GW2[AF],281062.0,11642935334.0,36280281.0
7715,2042-03-01,GW_storage_CA_PGE_S_GW2[AF],319981.0,11689092595.0,36600262.0
7716,2042-04-01,GW_storage_CA_PGE_S_GW2[AF],323658.0,11735022869.0,36923920.0
7717,2042-05-01,GW_storage_CA_PGE_S_GW2[AF],320447.0,11780876718.0,37244367.0
7718,2042-06-01,GW_storage_CA_PGE_S_GW2[AF],318909.0,11826092725.0,37563276.0
7719,2042-07-01,GW_storage_CA_PGE_S_GW2[AF],317327.0,11871546727.0,37880603.0
7720,2042-08-01,GW_storage_CA_PGE_S_GW2[AF],315754.0,11916431990.0,38196357.0
7721,2042-09-01,GW_storage_CA_PGE_S_GW2[AF],314238.0,11960791410.0,38510595.0
7722,2042-10-01,GW_storage_CA_PGE_S_GW2[AF],312679.0,12004660184.0,38823274.0
7723,2042-11-01,GW_storage_CA_PGE_S_GW2[AF],311178.0,12048130811.0,39134452.0
7724,2042-12-01,GW_storage_CA_PGE_S_GW2[AF],309635.0,12091062837.0,39444087.0
7725,2043-01-01,GW_storage_CA_PGE_S_GW2[AF],308099.0,12133444088.0,39752186.0
7726,2043-02-01,GW_storage_CA_PGE_S_GW2[AF],310732.0,12175363925.0,40062918.0
7727,2043-03-01,GW_storage_CA_PGE_S_GW2[AF],313572.0,12216725340.0,40376490.0
7728,2043-04-01,GW_storage_CA_PGE_S_GW2[AF],312067.0,12257666079.0,40688557.0
7729,2043-05-01,GW_storage_CA_PGE_S_GW2[AF],310519.0,12298078753.0,40999076.0
7730,2043-06-01,GW_storage_CA_PGE_S_GW2[AF],309028.0,12338040338.0,41308104.0
7731,2043-07-01,GW_storage_CA_PGE_S_GW2[AF],307496.0,12377535688.0,41615600.0
7732,2043-08-01,GW_storage_CA_PGE_S_GW2[AF],305971.0,12416568319.0,41921571.0
7733,2043-09-01,GW_storage_CA_PGE_S_GW2[AF],304502.0,12455234071.0,42226073.0
7734,2043-10-01,GW_storage_CA_PGE_S_GW2[AF],302992.0,12493493716.0,42529065.0
7735,2043-11-01,GW_storage_CA_PGE_S_GW2[AF],301537.0,12531340494.0,42830602.0
7736,2043-12-01,GW_storage_CA_PGE_S_GW2[AF],296171.0,12568703212.0,43126773.0
7737,2044-01-01,GW_storage_CA_PGE_S_GW2[AF],294827.0,12605614127.0,43421600.0
7738,2044-02-01,GW_storage_CA_PGE_S_GW2[AF],296472.0,12642100391.0,43718072.0
7739,2044-03-01,GW_storage_CA_PGE_S_GW2[AF],295002.0,12678094207.0,44013074.0
7740,2044-04-01,GW_storage_CA_PGE_S_GW2[AF],293586.0,12715489683.0,44306660.0
7741,2044-05-01,GW_storage_CA_PGE_S_GW2[AF],292130.0,12757376464.0,44598790.0
7742,2044-06-01,GW_storage_CA_PGE_S_GW2[AF],290727.0,12798680033.0,44889517.0
7743,2044-07-01,GW_storage_CA_PGE_S_GW2[AF],289285.0,12840178366.0,45178802.0
7744,2044-08-01,GW_storage_CA_PGE_S_GW2[AF],287851.0,12881238666.0,45466653.0
7745,2044-09-01,GW_storage_CA_PGE_S_GW2[AF],286469.0,12921922929.0,45753122.0
7746,2044-10-01,GW_storage_CA_PGE_S_GW2[AF],285048.0,12962137170.0,46038170.0
7747,2044-11-01,GW_storage_CA_PGE_S_GW2[AF],285072.0,13001917872.0,46323242.0
7748,2044-12-01,GW_storage_CA_PGE_S_GW2[AF],282244.0,13041192913.0,46605486.0
7749,2045-01-01,GW_storage_CA_PGE_S_GW2[AF],279444.0,13079996277.0,46884930.0
7750,2045-02-01,GW_storage_CA_PGE_S_GW2[AF],276941.0,13119222084.0,47161871.0
7751,2045-03-01,GW_storage_CA_PGE_S_GW2[AF],338224.0,13158364150.0,47500095.0
7752,2045-04-01,GW_storage_CA_PGE_S_GW2[AF],391768.0,13198157185.0,47891863.0
7753,2045-05-01,GW_storage_CA_PGE_S_GW2[AF],409572.0,13237869018.0,48301435.0
7754,2045-06-01,GW_storage_CA_PGE_S_GW2[AF],405640.0,13278774379.0,48707075.0
7755,2045-07-01,GW_storage_CA_PGE_S_GW2[AF],403293.0,13324244062.0,49110368.0
7756,2045-08-01,GW_storage_CA_PGE_S_GW2[AF],401292.0,13372386542.0,49511660.0
7757,2045-09-01,GW_storage_CA_PGE_S_GW2[AF],399366.0,13419876881.0,49911026.0
7758,2045-10-01,GW_storage_CA_PGE_S_GW2[AF],400043.0,13466818785.0,50311069.0
7759,2045-11-01,GW_storage_CA_PGE_S_GW2[AF],396203.0,13513160105.0,50707272.0
7760,2045-12-01,GW_storage_CA_PGE_S_GW2[AF],392273.0,13560745919.0,51099545.0
7761,2046-01-01,GW_storage_CA_PGE_S_GW2[AF],388381.0,13615290772.0,51487926.0
7762,2046-02-01,GW_storage_CA_PGE_S_GW2[AF],384901.0,13677811710.0,51872827.0
7763,2046-03-01,GW_storage_CA_PGE_S_GW2[AF],381083.0,13748607831.0,52253910.0
7764,2046-04-01,GW_storage_CA_PGE_S_GW2[AF],377425.0,13826873589.0,52631335.0
7765,2046-05-01,GW_storage_CA_PGE_S_GW2[AF],375553.0,13907944967.0,53006888.0
7766,2046-06-01,GW_storage_CA_PGE_S_GW2[AF],373750.0,13989979852.0,53380638.0
7767,2046-07-01,GW_storage_CA_PGE_S_GW2[AF],371896.0,14071604903.0,53752534.0
7768,2046-08-01,GW_storage_CA_PGE_S_GW2[AF],370051.0,14152131683.0,54122585.0
7769,2046-09-01,GW_storage_CA_PGE_S_GW2[AF],368410.0,14231617714.0,54490995.0
7770,2046-10-01,GW_storage_CA_PGE_S_GW2[AF],366582.0,14310005025.0,54857577.0
7771,2046-11-01,GW_storage_CA_PGE_S_GW2[AF],369145.0,14387273527.0,55226722.0
7772,2046-12-01,GW_storage_CA_PGE_S_GW2[AF],365482.0,14463437376.0,55592204.0
7773,2047-01-01,GW_storage_CA_PGE_S_GW2[AF],361857.0,14538457981.0,55954061.0
7774,2047-02-01,GW_storage_CA_PGE_S_GW2[AF],358614.0,14612508014.0,56312675.0
7775,2047-03-01,GW_storage_CA_PGE_S_GW2[AF],355057.0,14685452283.0,56667732.0
7776,2047-04-01,GW_storage_CA_PGE_S_GW2[AF],351649.0,14764472816.0,57019381.0
7777,2047-05-01,GW_storage_CA_PGE_S_GW2[AF],349904.0,14860897341.0,57369285.0
7778,2047-06-01,GW_storage_CA_PGE_S_GW2[AF],348225.0,14972506362.0,57717510.0
7779,2047-07-01,GW_storage_CA_PGE_S_GW2[AF],346498.0,15088231692.0,58064008.0
7780,2047-08-01,GW_storage_CA_PGE_S_GW2[AF],344779.0,15203332934.0,58408787.0
7781,2047-09-01,GW_storage_CA_PGE_S_GW2[AF],343124.0,15317492289.0,58751911.0
7782,2047-10-01,GW_storage_CA_PGE_S_GW2[AF],341423.0,15430042333.0,59093334.0
7783,2047-11-01,GW_storage_CA_PGE_S_GW2[AF],339783.0,15542831934.0,59433117.0
7784,2047-12-01,GW_storage_CA_PGE_S_GW2[AF],336412.0,15653870877.0,59769529.0
7785,2048-01-01,GW_storage_CA_PGE_S_GW2[AF],333076.0,15763169397.0,60102605.0
7786,2048-02-01,GW_storage_CA_PGE_S_GW2[AF],329985.0,15872138297.0,60432590.0
7787,2048-03-01,GW_storage_CA_PGE_S_GW2[AF],326711.0,15987897138.0,60759301.0
7788,2048-04-01,GW_storage_CA_PGE_S_GW2[AF],323574.0,16106751114.0,61082875.0
7789,2048-05-01,GW_storage_CA_PGE_S_GW2[AF],320365.0,16226738594.0,61403240.0
7790,2048-06-01,GW_storage_CA_PGE_S_GW2[AF],317316.0,16346930466.0,61720556.0
7791,2048-07-01,GW_storage_CA_PGE_S_GW2[AF],315743.0,16466203172.0,62036299.0
7792,2048-08-01,GW_storage_CA_PGE_S_GW2[AF],314177.0,16583670765.0,62350476.0
7793,2048-09-01,GW_storage_CA_PGE_S_GW2[AF],312669.0,16699553017.0,62663145.0
7794,2048-10-01,GW_storage_CA_PGE_S_GW2[AF],311118.0,16813788962.0,62974263.0
7795,2048-11-01,GW_storage_CA_PGE_S_GW2[AF],308131.0,16926416472.0,63282394.0
7796,2048-12-01,GW_storage_CA_PGE_S_GW2[AF],306062.0,17038918116.0,63588456.0
7797,2049-01-01,GW_storage_CA_PGE_S_GW2[AF],303026.0,17150214903.0,63891482.0
7798,2049-02-01,GW_storage_CA_PGE_S_GW2[AF],300311.0,17259849423.0,64191793.0
7799,2049-03-01,GW_storage_CA_PGE_S_GW2[AF],308140.0,17374140295.0,64499933.0
7800,2049-04-01,GW_storage_CA_PGE_S_GW2[AF],305183.0,17496980626.0,64805116.0
7801,2049-05-01,GW_storage_CA_PGE_S_GW2[AF],303032.0,17623520262.0,65108148.0
7802,2049-06-01,GW_storage_CA_PGE_S_GW2[AF],301577.0,17749882278.0,65409725.0
7803,2049-07-01,GW_storage_CA_PGE_S_GW2[AF],300082.0,17875311834.0,65709807.0
7804,2049-08-01,GW_storage_CA_PGE_S_GW2[AF],298593.0,17998950915.0,66008400.0
7805,2049-09-01,GW_storage_CA_PGE_S_GW2[AF],297160.0,18120987592.0,66305560.0
7806,2049-10-01,GW_storage_CA_PGE_S_GW2[AF],295686.0,18241422265.0,66601246.0
7807,2049-11-01,GW_storage_CA_PGE_S_GW2[AF],294267.0,18360102830.0,66895513.0
7808,2049-12-01,GW_storage_CA_PGE_S_GW2[AF],292807.0,18476910369.0,67188320.0
7809,2050-01-01,GW_storage_CA_PGE_S_GW2[AF],289902.0,18591916831.0,67478222.0
7810,2050-02-01,GW_storage_CA_PGE_S_GW2[AF],287305.0,18705272956.0,67765527.0
7811,2050-03-01,GW_storage_CA_PGE_S_GW2[AF],298178.0,18821028859.0,68063705.0
7812,2050-04-01,GW_storage_CA_PGE_S_GW2[AF],295316.0,18940506995.0,68359021.0
7813,2050-05-01,GW_storage_CA_PGE_S_GW2[AF],292386.0,19059600483.0,68651407.0
7814,2050-06-01,GW_storage_CA_PGE_S_GW2[AF],290847.0,19178428021.0,68942254.0
7815,2050-07-01,GW_storage_CA_PGE_S_GW2[AF],289405.0,19296435077.0,69231659.0
7816,2050-08-01,GW_storage_CA_PGE_S_GW2[AF],287969.0,19412834260.0,69519628.0
7817,2050-09-01,GW_storage_CA_PGE_S_GW2[AF],286587.0,19527808893.0,69806215.0
7818,2050-10-01,GW_storage_CA_PGE_S_GW2[AF],285165.0,19641173895.0,70091380.0
7819,2050-11-01,GW_storage_CA_PGE_S_GW2[AF],283797.0,19752769080.0,70375177.0
7820,2050-12-01,GW_storage_CA_PGE_S_GW2[AF],282389.0,19862611454.0,70657566.0
7821,2051-01-01,GW_storage_CA_PGE_S_GW2[AF],280989.0,19970764786.0,70938555.0
7822,2051-02-01,GW_storage_CA_PGE_S_GW2[AF],278622.0,20077395432.0,71217177.0
7823,2051-03-01,GW_storage_CA_PGE_S_GW2[AF],277239.0,20182370827.0,71494416.0
7824,2051-04-01,GW_storage_CA_PGE_S_GW2[AF],275908.0,20291580463.0,71770324.0
7825,2051-05-01,GW_storage_CA_PGE_S_GW2[AF],274540.0,20400038326.0,72044864.0
7826,2051-06-01,GW_storage_CA_PGE_S_GW2[AF],273222.0,20508257786.0,72318086.0
7827,2051-07-01,GW_storage_CA_PGE_S_GW2[AF],271867.0,20615875318.0,72589953.0
7828,2051-08-01,GW_storage_CA_PGE_S_GW2[AF],270519.0,20722198437.0,72860472.0
7829,2051-09-01,GW_storage_CA_PGE_S_GW2[AF],269220.0,20827038775.0,73129692.0
7830,2051-10-01,GW_storage_CA_PGE_S_GW2[AF],269726.0,20930437548.0,73399418.0
7831,2051-11-01,GW_storage_CA_PGE_S_GW2[AF],269619.0,21032468769.0,73669037.0
7832,2051-12-01,GW_storage_CA_PGE_S_GW2[AF],266944.0,21133705710.0,73935981.0
7833,2052-01-01,GW_storage_CA_PGE_S_GW2[AF],264296.0,21233433839.0,74200277.0
7834,2052-02-01,GW_storage_CA_PGE_S_GW2[AF],261843.0,21331717041.0,74462120.0
7835,2052-03-01,GW_storage_CA_PGE_S_GW2[AF],290627.0,21429607427.0,74752747.0
7836,2052-04-01,GW_storage_CA_PGE_S_GW2[AF],292707.0,21527851494.0,75045454.0
7837,2052-05-01,GW_storage_CA_PGE_S_GW2[AF],290003.0,21624977785.0,75335457.0
7838,2052-06-01,GW_storage_CA_PGE_S_GW2[AF],288610.0,21720857498.0,75624067.0
7839,2052-07-01,GW_storage_CA_PGE_S_GW2[AF],287179.0,21815421513.0,75911246.0
7840,2052-08-01,GW_storage_CA_PGE_S_GW2[AF],285755.0,21908765850.0,76197001.0
7841,2052-09-01,GW_storage_CA_PGE_S_GW2[AF],284383.0,22001026854.0,76481384.0
7842,2052-10-01,GW_storage_CA_PGE_S_GW2[AF],282972.0,22092179195.0,76764356.0
7843,2052-11-01,GW_storage_CA_PGE_S_GW2[AF],281615.0,22182158688.0,77045971.0
7844,2052-12-01,GW_storage_CA_PGE_S_GW2[AF],280768.0,22270990851.0,77326739.0
7845,2053-01-01,GW_storage_CA_PGE_S_GW2[AF],278218.0,22358572318.0,77604957.0
7846,2053-02-01,GW_storage_CA_PGE_S_GW2[AF],275726.0,22445234888.0,77880683.0
7847,2053-03-01,GW_storage_CA_PGE_S_GW2[AF],273566.0,22531338210.0,78154249.0
7848,2053-04-01,GW_storage_CA_PGE_S_GW2[AF],272253.0,22618197854.0,78426502.0
7849,2053-05-01,GW_storage_CA_PGE_S_GW2[AF],270903.0,22705000235.0,78697405.0
7850,2053-06-01,GW_storage_CA_PGE_S_GW2[AF],269603.0,22792005107.0,78967008.0
7851,2053-07-01,GW_storage_CA_PGE_S_GW2[AF],268266.0,22878611714.0,79235274.0
7852,2053-08-01,GW_storage_CA_PGE_S_GW2[AF],266935.0,22964123789.0,79502209.0
7853,2053-09-01,GW_storage_CA_PGE_S_GW2[AF],265654.0,23048536524.0,79767863.0
7854,2053-10-01,GW_storage_CA_PGE_S_GW2[AF],264336.0,23131866519.0,80032199.0
7855,2053-11-01,GW_storage_CA_PGE_S_GW2[AF],263068.0,23214276747.0,80295267.0
7856,2053-12-01,GW_storage_CA_PGE_S_GW2[AF],261762.0,23295578937.0,80557029.0
7857,2054-01-01,GW_storage_CA_PGE_S_GW2[AF],259166.0,23375761806.0,80816195.0
7858,2054-02-01,GW_storage_CA_PGE_S_GW2[AF],257413.0,23454991045.0,81073608.0
7859,2054-03-01,GW_storage_CA_PGE_S_GW2[AF],256136.0,23533194281.0,81329744.0
7860,2054-04-01,GW_storage_CA_PGE_S_GW2[AF],254907.0,23610840643.0,81584651.0
7861,2054-05-01,GW_storage_CA_PGE_S_GW2[AF],253643.0,23687968757.0,81838294.0
7862,2054-06-01,GW_storage_CA_PGE_S_GW2[AF],252426.0,23764134532.0,82090720.0
7863,2054-07-01,GW_storage_CA_PGE_S_GW2[AF],251173.0,23839346953.0,82341893.0
7864,2054-08-01,GW_storage_CA_PGE_S_GW2[AF],249927.0,23913680649.0,82591820.0
7865,2054-09-01,GW_storage_CA_PGE_S_GW2[AF],248727.0,23987275722.0,82840547.0
7866,2054-10-01,GW_storage_CA_PGE_S_GW2[AF],247494.0,24060063673.0,83088041.0
7867,2054-11-01,GW_storage_CA_PGE_S_GW2[AF],250966.0,24132040073.0,83339007.0
7868,2054-12-01,GW_storage_CA_PGE_S_GW2[AF],249721.0,24203075252.0,83588728.0
7869,2055-01-01,GW_storage_CA_PGE_S_GW2[AF],247244.0,24273232069.0,83835972.0
7870,2055-02-01,GW_storage_CA_PGE_S_GW2[AF],272115.0,24346983422.0,84108087.0
7871,2055-03-01,GW_storage_CA_PGE_S_GW2[AF],290092.0,24429418525.0,84398179.0
7872,2055-04-01,GW_storage_CA_PGE_S_GW2[AF],287308.0,24519974284.0,84685487.0
7873,2055-05-01,GW_storage_CA_PGE_S_GW2[AF],284458.0,24612887460.0,84969945.0
7874,2055-06-01,GW_storage_CA_PGE_S_GW2[AF],283092.0,24705731755.0,85253037.0
7875,2055-07-01,GW_storage_CA_PGE_S_GW2[AF],281688.0,24797561549.0,85534725.0
7876,2055-08-01,GW_storage_CA_PGE_S_GW2[AF],280291.0,24888417864.0,85815016.0
7877,2055-09-01,GW_storage_CA_PGE_S_GW2[AF],278945.0,24978247446.0,86093961.0
7878,2055-10-01,GW_storage_CA_PGE_S_GW2[AF],277562.0,25067037402.0,86371523.0
7879,2055-11-01,GW_storage_CA_PGE_S_GW2[AF],276230.0,25154620871.0,86647753.0
7880,2055-12-01,GW_storage_CA_PGE_S_GW2[AF],274777.0,25240958786.0,86922530.0
7881,2056-01-01,GW_storage_CA_PGE_S_GW2[AF],273414.0,25326085001.0,87195944.0
7882,2056-02-01,GW_storage_CA_PGE_S_GW2[AF],270877.0,25410115783.0,87466821.0
7883,2056-03-01,GW_storage_CA_PGE_S_GW2[AF],268190.0,25493046199.0,87735011.0
7884,2056-04-01,GW_storage_CA_PGE_S_GW2[AF],265615.0,25579867650.0,88000626.0
7885,2056-05-01,GW_storage_CA_PGE_S_GW2[AF],264298.0,25665994452.0,88264924.0
7886,2056-06-01,GW_storage_CA_PGE_S_GW2[AF],263029.0,25751014051.0,88527953.0
7887,2056-07-01,GW_storage_CA_PGE_S_GW2[AF],261724.0,25834999057.0,88789677.0
7888,2056-08-01,GW_storage_CA_PGE_S_GW2[AF],260426.0,25918012980.0,89050103.0
7889,2056-09-01,GW_storage_CA_PGE_S_GW2[AF],259176.0,26000006720.0,89309279.0
7890,2056-10-01,GW_storage_CA_PGE_S_GW2[AF],257891.0,26080893812.0,89567170.0
7891,2056-11-01,GW_storage_CA_PGE_S_GW2[AF],255415.0,26160908259.0,89822585.0
7892,2056-12-01,GW_storage_CA_PGE_S_GW2[AF],253552.0,26240212456.0,90076137.0
7893,2057-01-01,GW_storage_CA_PGE_S_GW2[AF],251037.0,26318587848.0,90327174.0
7894,2057-02-01,GW_storage_CA_PGE_S_GW2[AF],248787.0,26395985372.0,90575961.0
7895,2057-03-01,GW_storage_CA_PGE_S_GW2[AF],246320.0,26472734266.0,90822281.0
7896,2057-04-01,GW_storage_CA_PGE_S_GW2[AF],244326.0,26556295278.0,91066607.0
7897,2057-05-01,GW_storage_CA_PGE_S_GW2[AF],243114.0,26638790503.0,91309721.0
7898,2057-06-01,GW_storage_CA_PGE_S_GW2[AF],241948.0,26720263696.0,91551669.0
7899,2057-07-01,GW_storage_CA_PGE_S_GW2[AF],240747.0,26800720453.0,91792416.0
7900,2057-08-01,GW_storage_CA_PGE_S_GW2[AF],239553.0,26880212595.0,92031969.0
7901,2057-09-01,GW_storage_CA_PGE_S_GW2[AF],238404.0,26958875022.0,92270373.0
7902,2057-10-01,GW_storage_CA_PGE_S_GW2[AF],237221.0,27036568588.0,92507594.0
7903,2057-11-01,GW_storage_CA_PGE_S_GW2[AF],236082.0,27113396201.0,92743676.0
7904,2057-12-01,GW_storage_CA_PGE_S_GW2[AF],237235.0,27189264327.0,92980911.0
7905,2058-01-01,GW_storage_CA_PGE_S_GW2[AF],234881.0,27264124633.0,93215792.0
7906,2058-02-01,GW_storage_CA_PGE_S_GW2[AF],301811.0,27348265847.0,93517603.0
7907,2058-03-01,GW_storage_CA_PGE_S_GW2[AF],388509.0,27440889382.0,93906112.0
7908,2058-04-01,GW_storage_CA_PGE_S_GW2[AF],390957.0,27539133274.0,94297069.0
7909,2058-05-01,GW_storage_CA_PGE_S_GW2[AF],387078.0,27639449314.0,94684147.0
7910,2058-06-01,GW_storage_CA_PGE_S_GW2[AF],383362.0,27738779306.0,95067509.0
7911,2058-07-01,GW_storage_CA_PGE_S_GW2[AF],380806.0,27837531793.0,95448315.0
7912,2058-08-01,GW_storage_CA_PGE_S_GW2[AF],378918.0,27935280444.0,95827233.0
7913,2058-09-01,GW_storage_CA_PGE_S_GW2[AF],377099.0,28031862865.0,96204332.0
7914,2058-10-01,GW_storage_CA_PGE_S_GW2[AF],375229.0,28127260463.0,96579561.0
7915,2058-11-01,GW_storage_CA_PGE_S_GW2[AF],373427.0,28221366217.0,96952988.0
7916,2058-12-01,GW_storage_CA_PGE_S_GW2[AF],371576.0,28314157055.0,97324564.0
7917,2059-01-01,GW_storage_CA_PGE_S_GW2[AF],367889.0,28405540773.0,97692453.0
7918,2059-02-01,GW_storage_CA_PGE_S_GW2[AF],373046.0,28502067677.0,98065499.0
7919,2059-03-01,GW_storage_CA_PGE_S_GW2[AF],369345.0,28605457246.0,98434844.0
7920,2059-04-01,GW_storage_CA_PGE_S_GW2[AF],365799.0,28717814838.0,98800643.0
7921,2059-05-01,GW_storage_CA_PGE_S_GW2[AF],362170.0,28830913147.0,99162813.0
7922,2059-06-01,GW_storage_CA_PGE_S_GW2[AF],360433.0,28943770190.0,99523246.0
7923,2059-07-01,GW_storage_CA_PGE_S_GW2[AF],358644.0,29055182582.0,99881890.0
7924,2059-08-01,GW_storage_CA_PGE_S_GW2[AF],356866.0,29165160032.0,100238756.0
7925,2059-09-01,GW_storage_CA_PGE_S_GW2[AF],355153.0,29273920291.0,100593909.0
7926,2059-10-01,GW_storage_CA_PGE_S_GW2[AF],353391.0,29381402010.0,100947300.0
7927,2059-11-01,GW_storage_CA_PGE_S_GW2[AF],351695.0,29487451547.0,101298995.0
7928,2059-12-01,GW_storage_CA_PGE_S_GW2[AF],348206.0,29592083281.0,101647201.0
7929,2060-01-01,GW_storage_CA_PGE_S_GW2[AF],344752.0,29695071869.0,101991953.0
7930,2060-02-01,GW_storage_CA_PGE_S_GW2[AF],341553.0,29797999369.0,102333506.0
7931,2060-03-01,GW_storage_CA_PGE_S_GW2[AF],338165.0,29907235449.0,102671671.0
7932,2060-04-01,GW_storage_CA_PGE_S_GW2[AF],342056.0,30022282651.0,103013727.0
7933,2060-05-01,GW_storage_CA_PGE_S_GW2[AF],338664.0,30138204137.0,103352391.0
7934,2060-06-01,GW_storage_CA_PGE_S_GW2[AF],336195.0,30253989194.0,103688586.0
7935,2060-07-01,GW_storage_CA_PGE_S_GW2[AF],334527.0,30369445165.0,104023113.0
7936,2060-08-01,GW_storage_CA_PGE_S_GW2[AF],332869.0,30483354195.0,104355982.0
7937,2060-09-01,GW_storage_CA_PGE_S_GW2[AF],331271.0,30595912136.0,104687253.0
7938,2060-10-01,GW_storage_CA_PGE_S_GW2[AF],329628.0,30707058453.0,105016881.0
7939,2060-11-01,GW_storage_CA_PGE_S_GW2[AF],327618.0,30816686913.0,105344499.0
7940,2060-12-01,GW_storage_CA_PGE_S_GW2[AF],324368.0,30924630927.0,105668867.0
7941,2061-01-01,GW_storage_CA_PGE_S_GW2[AF],334496.0,31038058188.0,106003363.0
7942,2061-02-01,GW_storage_CA_PGE_S_GW2[AF],331499.0,31163247262.0,106334862.0
7943,2061-03-01,GW_storage_CA_PGE_S_GW2[AF],328210.0,31301926464.0,106663072.0
7944,2061-04-01,GW_storage_CA_PGE_S_GW2[AF],325059.0,31460043743.0,106988131.0
7945,2061-05-01,GW_storage_CA_PGE_S_GW2[AF],321835.0,31621719240.0,107309966.0
7946,2061-06-01,GW_storage_CA_PGE_S_GW2[AF],318745.0,31781944019.0,107628711.0
7947,2061-07-01,GW_storage_CA_PGE_S_GW2[AF],317164.0,31940594248.0,107945875.0
7948,2061-08-01,GW_storage_CA_PGE_S_GW2[AF],315591.0,32097666692.0,108261466.0
7949,2061-09-01,GW_storage_CA_PGE_S_GW2[AF],314076.0,32253244922.0,108575542.0
7950,2061-10-01,GW_storage_CA_PGE_S_GW2[AF],312519.0,32407132898.0,108888061.0
7951,2061-11-01,GW_storage_CA_PGE_S_GW2[AF],309518.0,32559108380.0,109197579.0
7952,2061-12-01,GW_storage_CA_PGE_S_GW2[AF],306448.0,32709321481.0,109504027.0
7953,2062-01-01,GW_storage_CA_PGE_S_GW2[AF],303408.0,32858735378.0,109807435.0
7954,2062-02-01,GW_storage_CA_PGE_S_GW2[AF],300689.0,33022044851.0,110108124.0
7955,2062-03-01,GW_storage_CA_PGE_S_GW2[AF],297706.0,33198837130.0,110405830.0
7956,2062-04-01,GW_storage_CA_PGE_S_GW2[AF],294848.0,33390837210.0,110700678.0
7957,2062-05-01,GW_storage_CA_PGE_S_GW2[AF],291923.0,33584259641.0,110992601.0
7958,2062-06-01,GW_storage_CA_PGE_S_GW2[AF],289121.0,33776858517.0,111281722.0
7959,2062-07-01,GW_storage_CA_PGE_S_GW2[AF],286253.0,33967635736.0,111567975.0
7960,2062-08-01,GW_storage_CA_PGE_S_GW2[AF],284833.0,34156855847.0,111852808.0
7961,2062-09-01,GW_storage_CA_PGE_S_GW2[AF],283466.0,34344548104.0,112136274.0
7962,2062-10-01,GW_storage_CA_PGE_S_GW2[AF],282060.0,34530332137.0,112418334.0
7963,2062-11-01,GW_storage_CA_PGE_S_GW2[AF],280045.0,34714073091.0,112698379.0
7964,2062-12-01,GW_storage_CA_PGE_S_GW2[AF],277267.0,34895778448.0,112975646.0
7965,2063-01-01,GW_storage_CA_PGE_S_GW2[AF],274516.0,35079072230.0,113250162.0
7966,2063-02-01,GW_storage_CA_PGE_S_GW2[AF],272056.0,35269350335.0,113522218.0
7967,2063-03-01,GW_storage_CA_PGE_S_GW2[AF],269357.0,35470064786.0,113791575.0
7968,2063-04-01,GW_storage_CA_PGE_S_GW2[AF],266772.0,35683040547.0,114058347.0
7969,2063-05-01,GW_storage_CA_PGE_S_GW2[AF],297070.0,35907121073.0,114355417.0
7970,2063-06-01,GW_storage_CA_PGE_S_GW2[AF],294184.0,36134854310.0,114649601.0
7971,2063-07-01,GW_storage_CA_PGE_S_GW2[AF],291133.0,36361472567.0,114940734.0
7972,2063-08-01,GW_storage_CA_PGE_S_GW2[AF],288057.0,36586142514.0,115228791.0
7973,2063-09-01,GW_storage_CA_PGE_S_GW2[AF],285530.0,36808934029.0,115514321.0
7974,2063-10-01,GW_storage_CA_PGE_S_GW2[AF],283024.0,37029507927.0,115797345.0
7975,2063-11-01,GW_storage_CA_PGE_S_GW2[AF],280224.0,37248012309.0,116077569.0
7976,2063-12-01,GW_storage_CA_PGE_S_GW2[AF],277343.0,37465671472.0,116354912.0
7977,2064-01-01,GW_storage_CA_PGE_S_GW2[AF],274462.0,37694815963.0,116629374.0
7978,2064-02-01,GW_storage_CA_PGE_S_GW2[AF],271707.0,37945097639.0,116901081.0
7979,2064-03-01,GW_storage_CA_PGE_S_GW2[AF],268622.0,38213638934.0,117169703.0
7980,2064-04-01,GW_storage_CA_PGE_S_GW2[AF],265513.0,38493367090.0,117435216.0
7981,2064-05-01,GW_storage_CA_PGE_S_GW2[AF],262212.0,38776738105.0,117697428.0
7982,2064-06-01,GW_storage_CA_PGE_S_GW2[AF],258977.0,39060661713.0,117956405.0
7983,2064-07-01,GW_storage_CA_PGE_S_GW2[AF],255622.0,39341932866.0,118212027.0
7984,2064-08-01,GW_storage_CA_PGE_S_GW2[AF],252297.0,39620711220.0,118464324.0
7985,2064-09-01,GW_storage_CA_PGE_S_GW2[AF],249327.0,39897002798.0,118713651.0
7986,2064-10-01,GW_storage_CA_PGE_S_GW2[AF],246509.0,40170736712.0,118960160.0
7987,2064-11-01,GW_storage_CA_PGE_S_GW2[AF],243661.0,40442044957.0,119203821.0
7988,2064-12-01,GW_storage_CA_PGE_S_GW2[AF],240733.0,40711834451.0,119444554.0
7989,2065-01-01,GW_storage_CA_PGE_S_GW2[AF],237802.0,40982757097.0,119682356.0
7990,2065-02-01,GW_storage_CA_PGE_S_GW2[AF],235152.0,41255716076.0,119917508.0
7991,2065-03-01,GW_storage_CA_PGE_S_GW2[AF],242021.0,41533378347.0,120159529.0
7992,2065-04-01,GW_storage_CA_PGE_S_GW2[AF],239009.0,41819419395.0,120398538.0
7993,2065-05-01,GW_storage_CA_PGE_S_GW2[AF],235897.0,42107659636.0,120634435.0
7994,2065-06-01,GW_storage_CA_PGE_S_GW2[AF],232903.0,42393392346.0,120867338.0
7995,2065-07-01,GW_storage_CA_PGE_S_GW2[AF],230101.0,42678359041.0,121097439.0
7996,2065-08-01,GW_storage_CA_PGE_S_GW2[AF],227732.0,42960938762.0,121325171.0
7997,2065-09-01,GW_storage_CA_PGE_S_GW2[AF],225789.0,43241061639.0,121550960.0
7998,2065-10-01,GW_storage_CA_PGE_S_GW2[AF],224067.0,43518553408.0,121775027.0
7999,2065-11-01,GW_storage_CA_PGE_S_GW2[AF],222598.0,43793351378.0,121997625.0
8000,2065-12-01,GW_storage_CA_PGE_S_GW2[AF],220912.0,44065325818.0,122218537.0
8001,2066-01-01,GW_storage_CA_PGE_S_GW2[AF],218626.0,44334625115.0,122437163.0
8002,2066-02-01,GW_storage_CA_PGE_S_GW2[AF],216575.0,44601575728.0,122653738.0
8003,2066-03-01,GW_storage_CA_PGE_S_GW2[AF],214987.0,44865977654.0,122868725.0
8004,2066-04-01,GW_storage_CA_PGE_S_GW2[AF],213477.0,45130939542.0,123082202.0
8005,2066-05-01,GW_storage_CA_PGE_S_GW2[AF],212176.0,45393925169.0,123294378.0
8006,2066-06-01,GW_storage_CA_PGE_S_GW2[AF],211095.0,45654573916.0,123505473.0
8007,2066-07-01,GW_storage_CA_PGE_S_GW2[AF],210048.0,45912927675.0,123715521.0
8008,2066-08-01,GW_storage_CA_PGE_S_GW2[AF],209006.0,46169111465.0,123924527.0
8009,2066-09-01,GW_storage_CA_PGE_S_GW2[AF],208003.0,46423600426.0,124132530.0
8010,2066-10-01,GW_storage_CA_PGE_S_GW2[AF],206971.0,46676263355.0,124339501.0
8011,2066-11-01,GW_storage_CA_PGE_S_GW2[AF],205978.0,46927228863.0,124545479.0
8012,2066-12-01,GW_storage_CA_PGE_S_GW2[AF],204868.0,47176198480.0,124750347.0
8013,2067-01-01,GW_storage_CA_PGE_S_GW2[AF],202836.0,47422896821.0,124953183.0
8014,2067-02-01,GW_storage_CA_PGE_S_GW2[AF],201018.0,47667661431.0,125154201.0
8015,2067-03-01,GW_storage_CA_PGE_S_GW2[AF],199024.0,47910308464.0,125353225.0
8016,2067-04-01,GW_storage_CA_PGE_S_GW2[AF],197114.0,48151085524.0,125550339.0
8017,2067-05-01,GW_storage_CA_PGE_S_GW2[AF],196136.0,48389950965.0,125746475.0
8018,2067-06-01,GW_storage_CA_PGE_S_GW2[AF],195194.0,48627002221.0,125941669.0
8019,2067-07-01,GW_storage_CA_PGE_S_GW2[AF],194226.0,48862124917.0,126135895.0
8020,2067-08-01,GW_storage_CA_PGE_S_GW2[AF],193263.0,49095321876.0,126329158.0
8021,2067-09-01,GW_storage_CA_PGE_S_GW2[AF],192335.0,49326841519.0,126521493.0
8022,2067-10-01,GW_storage_CA_PGE_S_GW2[AF],191381.0,49556552267.0,126712874.0
8023,2067-11-01,GW_storage_CA_PGE_S_GW2[AF],190462.0,49784868208.0,126903336.0
8024,2067-12-01,GW_storage_CA_PGE_S_GW2[AF],188573.0,50011545293.0,127091909.0
8025,2068-01-01,GW_storage_CA_PGE_S_GW2[AF],186702.0,50238331069.0,127278611.0
8026,2068-02-01,GW_storage_CA_PGE_S_GW2[AF],184970.0,50478937732.0,127463581.0
8027,2068-03-01,GW_storage_CA_PGE_S_GW2[AF],183135.0,50739381265.0,127646716.0
8028,2068-04-01,GW_storage_CA_PGE_S_GW2[AF],181377.0,51011294375.0,127828093.0
8029,2068-05-01,GW_storage_CA_PGE_S_GW2[AF],179578.0,51290774772.0,128007671.0
8030,2068-06-01,GW_storage_CA_PGE_S_GW2[AF],177853.0,51571539123.0,128185524.0
8031,2068-07-01,GW_storage_CA_PGE_S_GW2[AF],176089.0,51851333229.0,128361613.0
8032,2068-08-01,GW_storage_CA_PGE_S_GW2[AF],174439.0,52129191774.0,128536052.0
8033,2068-09-01,GW_storage_CA_PGE_S_GW2[AF],172764.0,52405096290.0,128708816.0
8034,2068-10-01,GW_storage_CA_PGE_S_GW2[AF],171473.0,52678907664.0,128880289.0
8035,2068-11-01,GW_storage_CA_PGE_S_GW2[AF],170319.0,52950483517.0,129050608.0
8036,2068-12-01,GW_storage_CA_PGE_S_GW2[AF],168628.0,53219819895.0,129219236.0
8037,2069-01-01,GW_storage_CA_PGE_S_GW2[AF],166956.0,53487155316.0,129386192.0
8038,2069-02-01,GW_storage_CA_PGE_S_GW2[AF],165460.0,53760870931.0,129551652.0
8039,2069-03-01,GW_storage_CA_PGE_S_GW2[AF],163818.0,54039428849.0,129715470.0
8040,2069-04-01,GW_storage_CA_PGE_S_GW2[AF],162246.0,54324092180.0,129877716.0
8041,2069-05-01,GW_storage_CA_PGE_S_GW2[AF],160636.0,54609436481.0,130038352.0
8042,2069-06-01,GW_storage_CA_PGE_S_GW2[AF],159336.0,54894337917.0,130197688.0
8043,2069-07-01,GW_storage_CA_PGE_S_GW2[AF],158373.0,55177218144.0,130356061.0
8044,2069-08-01,GW_storage_CA_PGE_S_GW2[AF],157587.0,55458179949.0,130513648.0
8045,2069-09-01,GW_storage_CA_PGE_S_GW2[AF],156832.0,55737226700.0,130670480.0
8046,2069-10-01,GW_storage_CA_PGE_S_GW2[AF],156053.0,56014313112.0,130826533.0
8047,2069-11-01,GW_storage_CA_PGE_S_GW2[AF],155113.0,56289244905.0,130981646.0
8048,2069-12-01,GW_storage_CA_PGE_S_GW2[AF],154063.0,56561948550.0,131135709.0
8049,2070-01-01,GW_storage_CA_PGE_S_GW2[AF],152535.0,56832455571.0,131288244.0
8050,2070-02-01,GW_storage_CA_PGE_S_GW2[AF],151168.0,57101031869.0,131439412.0
8051,2070-03-01,GW_storage_CA_PGE_S_GW2[AF],149669.0,57367456127.0,131589081.0
8052,2070-04-01,GW_storage_CA_PGE_S_GW2[AF],148849.0,57631884127.0,131737930.0
8053,2070-05-01,GW_storage_CA_PGE_S_GW2[AF],148111.0,57894580730.0,131886041.0
8054,2070-06-01,GW_storage_CA_PGE_S_GW2[AF],147400.0,58156625113.0,132033441.0
8055,2070-07-01,GW_storage_CA_PGE_S_GW2[AF],146669.0,58417720429.0,132180110.0
8056,2070-08-01,GW_storage_CA_PGE_S_GW2[AF],145942.0,58677125935.0,132326052.0
8057,2070-09-01,GW_storage_CA_PGE_S_GW2[AF],145241.0,58935122487.0,132471293.0
8058,2070-10-01,GW_storage_CA_PGE_S_GW2[AF],144521.0,59191573450.0,132615814.0
8059,2070-11-01,GW_storage_CA_PGE_S_GW2[AF],143826.0,59446278042.0,132759640.0
8060,2070-12-01,GW_storage_CA_PGE_S_GW2[AF],143114.0,59699129256.0,132902754.0
8061,2021-07-01,GW_storage_CA_SCE_CEN_GW[AF],3.0,628985.0,3.0
8062,2021-08-01,GW_storage_CA_SCE_CEN_GW[AF],20.0,833341.0,23.0
8063,2021-09-01,GW_storage_CA_SCE_CEN_GW[AF],10.0,1034591.0,33.0
8064,2021-10-01,GW_storage_CA_SCE_CEN_GW[AF],17.0,1228184.0,50.0
8065,2021-11-01,GW_storage_CA_SCE_CEN_GW[AF],196.0,1408873.0,246.0
8066,2021-12-01,GW_storage_CA_SCE_CEN_GW[AF],213.0,1583705.0,459.0
8067,2022-01-01,GW_storage_CA_SCE_CEN_GW[AF],249.0,1753848.0,708.0
8068,2022-02-01,GW_storage_CA_SCE_CEN_GW[AF],247.0,1920342.0,955.0
8069,2022-03-01,GW_storage_CA_SCE_CEN_GW[AF],241.0,2083476.0,1196.0
8070,2022-04-01,GW_storage_CA_SCE_CEN_GW[AF],234.0,2243387.0,1430.0
8071,2022-05-01,GW_storage_CA_SCE_CEN_GW[AF],227.0,2522880.0,1657.0
8072,2022-06-01,GW_storage_CA_SCE_CEN_GW[AF],218.0,3551564.0,1875.0
8073,2022-07-01,GW_storage_CA_SCE_CEN_GW[AF],209.0,4562843.0,2084.0
8074,2022-08-01,GW_storage_CA_SCE_CEN_GW[AF],204.0,5557441.0,2288.0
8075,2022-09-01,GW_storage_CA_SCE_CEN_GW[AF],201.0,6536311.0,2489.0
8076,2022-10-01,GW_storage_CA_SCE_CEN_GW[AF],197.0,7499151.0,2686.0
8077,2022-11-01,GW_storage_CA_SCE_CEN_GW[AF],192.0,8445383.0,2878.0
8078,2022-12-01,GW_storage_CA_SCE_CEN_GW[AF],197.0,9374562.0,3075.0
8079,2023-01-01,GW_storage_CA_SCE_CEN_GW[AF],191.0,10287031.0,3266.0
8080,2023-02-01,GW_storage_CA_SCE_CEN_GW[AF],194.0,11192982.0,3460.0
8081,2023-03-01,GW_storage_CA_SCE_CEN_GW[AF],191.0,12082492.0,3651.0
8082,2023-04-01,GW_storage_CA_SCE_CEN_GW[AF],186.0,12955603.0,3837.0
8083,2023-05-01,GW_storage_CA_SCE_CEN_GW[AF],181.0,13813215.0,4018.0
8084,2023-06-01,GW_storage_CA_SCE_CEN_GW[AF],176.0,15164430.0,4194.0
8085,2023-07-01,GW_storage_CA_SCE_CEN_GW[AF],160.0,17236845.0,4354.0
8086,2023-08-01,GW_storage_CA_SCE_CEN_GW[AF],158.0,19274971.0,4512.0
8087,2023-09-01,GW_storage_CA_SCE_CEN_GW[AF],142.0,21282260.0,4654.0
8088,2023-10-01,GW_storage_CA_SCE_CEN_GW[AF],193.0,23279746.0,4847.0
8089,2023-11-01,GW_storage_CA_SCE_CEN_GW[AF],196.0,25247116.0,5043.0
8090,2023-12-01,GW_storage_CA_SCE_CEN_GW[AF],165.0,27178503.0,5208.0
8091,2024-01-01,GW_storage_CA_SCE_CEN_GW[AF],162.0,29079026.0,5370.0
8092,2024-02-01,GW_storage_CA_SCE_CEN_GW[AF],4322.0,30951693.0,9692.0
8093,2024-03-01,GW_storage_CA_SCE_CEN_GW[AF],4199.0,32794640.0,13891.0
8094,2024-04-01,GW_storage_CA_SCE_CEN_GW[AF],4084.0,34598451.0,17975.0
8095,2024-05-01,GW_storage_CA_SCE_CEN_GW[AF],3963.0,36379549.0,21938.0
8096,2024-06-01,GW_storage_CA_SCE_CEN_GW[AF],3854.0,38134426.0,25792.0
8097,2024-07-01,GW_storage_CA_SCE_CEN_GW[AF],3742.0,39862715.0,29534.0
8098,2024-08-01,GW_storage_CA_SCE_CEN_GW[AF],3659.0,41565221.0,33193.0
8099,2024-09-01,GW_storage_CA_SCE_CEN_GW[AF],3596.0,43242727.0,36789.0
8100,2024-10-01,GW_storage_CA_SCE_CEN_GW[AF],3549.0,44894530.0,40338.0
8101,2024-11-01,GW_storage_CA_SCE_CEN_GW[AF],3500.0,46522142.0,43838.0
8102,2024-12-01,GW_storage_CA_SCE_CEN_GW[AF],3493.0,48125394.0,47331.0
8103,2025-01-01,GW_storage_CA_SCE_CEN_GW[AF],3401.0,49704625.0,50732.0
8104,2025-02-01,GW_storage_CA_SCE_CEN_GW[AF],3318.0,51264049.0,54050.0
8105,2025-03-01,GW_storage_CA_SCE_CEN_GW[AF],3209.0,52800150.0,57259.0
8106,2025-04-01,GW_storage_CA_SCE_CEN_GW[AF],58815.0,54422403.0,116074.0
8107,2025-05-01,GW_storage_CA_SCE_CEN_GW[AF],56481.0,56023530.0,172555.0
8108,2025-06-01,GW_storage_CA_SCE_CEN_GW[AF],54435.0,57673121.0,226990.0
8109,2025-07-01,GW_storage_CA_SCE_CEN_GW[AF],50760.0,59233291.0,277750.0
8110,2025-08-01,GW_storage_CA_SCE_CEN_GW[AF],34081.0,60752330.0,311831.0
8111,2025-09-01,GW_storage_CA_SCE_CEN_GW[AF],37316.0,63291561.0,349147.0
8112,2025-10-01,GW_storage_CA_SCE_CEN_GW[AF],38693.0,66117192.0,387840.0
8113,2025-11-01,GW_storage_CA_SCE_CEN_GW[AF],39088.0,69169207.0,426928.0
8114,2025-12-01,GW_storage_CA_SCE_CEN_GW[AF],36552.0,72377661.0,463480.0
8115,2026-01-01,GW_storage_CA_SCE_CEN_GW[AF],35257.0,75644729.0,498737.0
8116,2026-02-01,GW_storage_CA_SCE_CEN_GW[AF],33996.0,83025589.0,532733.0
8117,2026-03-01,GW_storage_CA_SCE_CEN_GW[AF],32648.0,93674924.0,565381.0
8118,2026-04-01,GW_storage_CA_SCE_CEN_GW[AF],31753.0,112497734.0,597134.0
8119,2026-05-01,GW_storage_CA_SCE_CEN_GW[AF],30613.0,136460613.0,627747.0
8120,2026-06-01,GW_storage_CA_SCE_CEN_GW[AF],29489.0,160180041.0,657236.0
8121,2026-07-01,GW_storage_CA_SCE_CEN_GW[AF],28365.0,184580314.0,685601.0
8122,2026-08-01,GW_storage_CA_SCE_CEN_GW[AF],27544.0,208538131.0,713145.0
8123,2026-09-01,GW_storage_CA_SCE_CEN_GW[AF],26677.0,232132273.0,739822.0
8124,2026-10-01,GW_storage_CA_SCE_CEN_GW[AF],25783.0,255250646.0,765605.0
8125,2026-11-01,GW_storage_CA_SCE_CEN_GW[AF],25410.0,277908394.0,791015.0
8126,2026-12-01,GW_storage_CA_SCE_CEN_GW[AF],24402.0,300103214.0,815417.0
8127,2027-01-01,GW_storage_CA_SCE_CEN_GW[AF],23434.0,321847786.0,838851.0
8128,2027-02-01,GW_storage_CA_SCE_CEN_GW[AF],22594.0,343199646.0,861445.0
8129,2027-03-01,GW_storage_CA_SCE_CEN_GW[AF],538890.0,369620421.0,1400335.0
8130,2027-04-01,GW_storage_CA_SCE_CEN_GW[AF],1102221.0,409179141.0,2502556.0
8131,2027-05-01,GW_storage_CA_SCE_CEN_GW[AF],1268995.0,455970259.0,3771551.0
8132,2027-06-01,GW_storage_CA_SCE_CEN_GW[AF],1317863.0,506103237.0,5089414.0
8133,2027-07-01,GW_storage_CA_SCE_CEN_GW[AF],1280512.0,558027240.0,6369926.0
8134,2027-08-01,GW_storage_CA_SCE_CEN_GW[AF],1240637.0,610747556.0,7610563.0
8135,2027-09-01,GW_storage_CA_SCE_CEN_GW[AF],1191547.0,662576568.0,8802110.0
8136,2027-10-01,GW_storage_CA_SCE_CEN_GW[AF],1144267.0,713531026.0,9946377.0
8137,2027-11-01,GW_storage_CA_SCE_CEN_GW[AF],1100327.0,763602436.0,11046704.0
8138,2027-12-01,GW_storage_CA_SCE_CEN_GW[AF],1056667.0,812846873.0,12103371.0
8139,2028-01-01,GW_storage_CA_SCE_CEN_GW[AF],1014738.0,861121911.0,13118109.0
8140,2028-02-01,GW_storage_CA_SCE_CEN_GW[AF],977071.0,908650771.0,14095180.0
8141,2028-03-01,GW_storage_CA_SCE_CEN_GW[AF],938301.0,959000163.0,15033481.0
8142,2028-04-01,GW_storage_CA_SCE_CEN_GW[AF],913247.0,1012039411.0,15946728.0
8143,2028-05-01,GW_storage_CA_SCE_CEN_GW[AF],878331.0,1068060916.0,16825059.0
8144,2028-06-01,GW_storage_CA_SCE_CEN_GW[AF],851736.0,1125203670.0,17676795.0
8145,2028-07-01,GW_storage_CA_SCE_CEN_GW[AF],822532.0,1183903968.0,18499327.0
8146,2028-08-01,GW_storage_CA_SCE_CEN_GW[AF],798845.0,1241633200.0,19298172.0
8147,2028-09-01,GW_storage_CA_SCE_CEN_GW[AF],774057.0,1298536546.0,20072229.0
8148,2028-10-01,GW_storage_CA_SCE_CEN_GW[AF],749234.0,1354465802.0,20821463.0
8149,2028-11-01,GW_storage_CA_SCE_CEN_GW[AF],722662.0,1409406877.0,21544125.0
8150,2028-12-01,GW_storage_CA_SCE_CEN_GW[AF],709187.0,1463330743.0,22253312.0
8151,2029-01-01,GW_storage_CA_SCE_CEN_GW[AF],690410.0,1516331973.0,22943722.0
8152,2029-02-01,GW_storage_CA_SCE_CEN_GW[AF],665666.0,1568436361.0,23609388.0
8153,2029-03-01,GW_storage_CA_SCE_CEN_GW[AF],639252.0,1622957905.0,24248640.0
8154,2029-04-01,GW_storage_CA_SCE_CEN_GW[AF],615064.0,1679352962.0,24863704.0
8155,2029-05-01,GW_storage_CA_SCE_CEN_GW[AF],592092.0,1742904338.0,25455796.0
8156,2029-06-01,GW_storage_CA_SCE_CEN_GW[AF],570817.0,1807169538.0,26026613.0
8157,2029-07-01,GW_storage_CA_SCE_CEN_GW[AF],548590.0,1872474684.0,26575203.0
8158,2029-08-01,GW_storage_CA_SCE_CEN_GW[AF],526880.0,1936569687.0,27102083.0
8159,2029-09-01,GW_storage_CA_SCE_CEN_GW[AF],506750.0,1999536921.0,27608833.0
8160,2029-10-01,GW_storage_CA_SCE_CEN_GW[AF],486970.0,2061251234.0,28095803.0
8161,2029-11-01,GW_storage_CA_SCE_CEN_GW[AF],468827.0,2121792309.0,28564630.0
8162,2029-12-01,GW_storage_CA_SCE_CEN_GW[AF],451114.0,2181276298.0,29015744.0
8163,2030-01-01,GW_storage_CA_SCE_CEN_GW[AF],434756.0,2239598911.0,29450500.0
8164,2030-02-01,GW_storage_CA_SCE_CEN_GW[AF],420244.0,2296908282.0,29870744.0
8165,2030-03-01,GW_storage_CA_SCE_CEN_GW[AF],553615.0,2353273149.0,30424359.0
8166,2030-04-01,GW_storage_CA_SCE_CEN_GW[AF],594059.0,2408813513.0,31018418.0
8167,2030-05-01,GW_storage_CA_SCE_CEN_GW[AF],571127.0,2463288321.0,31589545.0
8168,2030-06-01,GW_storage_CA_SCE_CEN_GW[AF],552075.0,2519189259.0,32141620.0
8169,2030-07-01,GW_storage_CA_SCE_CEN_GW[AF],535419.0,2574987711.0,32677039.0
8170,2030-08-01,GW_storage_CA_SCE_CEN_GW[AF],516661.0,2629845780.0,33193700.0
8171,2030-09-01,GW_storage_CA_SCE_CEN_GW[AF],498418.0,2683731630.0,33692118.0
8172,2030-10-01,GW_storage_CA_SCE_CEN_GW[AF],479809.0,2736573135.0,34171927.0
8173,2030-11-01,GW_storage_CA_SCE_CEN_GW[AF],462019.0,2788437015.0,34633946.0
8174,2030-12-01,GW_storage_CA_SCE_CEN_GW[AF],442252.0,2839371858.0,35076198.0
8175,2031-01-01,GW_storage_CA_SCE_CEN_GW[AF],424372.0,2889285425.0,35500570.0
8176,2031-02-01,GW_storage_CA_SCE_CEN_GW[AF],409143.0,2938331300.0,35909713.0
8177,2031-03-01,GW_storage_CA_SCE_CEN_GW[AF],392890.0,2986403207.0,36302603.0
8178,2031-04-01,GW_storage_CA_SCE_CEN_GW[AF],476943.0,3034117058.0,36779546.0
8179,2031-05-01,GW_storage_CA_SCE_CEN_GW[AF],540501.0,3081639947.0,37320047.0
8180,2031-06-01,GW_storage_CA_SCE_CEN_GW[AF],526340.0,3128466639.0,37846387.0
8181,2031-07-01,GW_storage_CA_SCE_CEN_GW[AF],507402.0,3175256040.0,38353789.0
8182,2031-08-01,GW_storage_CA_SCE_CEN_GW[AF],491391.0,3221201089.0,38845180.0
8183,2031-09-01,GW_storage_CA_SCE_CEN_GW[AF],475439.0,3266538806.0,39320619.0
8184,2031-10-01,GW_storage_CA_SCE_CEN_GW[AF],457245.0,3311005126.0,39777864.0
8185,2031-11-01,GW_storage_CA_SCE_CEN_GW[AF],440889.0,3354843436.0,40218753.0
8186,2031-12-01,GW_storage_CA_SCE_CEN_GW[AF],424268.0,3397917039.0,40643021.0
8187,2032-01-01,GW_storage_CA_SCE_CEN_GW[AF],408036.0,3440765830.0,41051057.0
8188,2032-02-01,GW_storage_CA_SCE_CEN_GW[AF],1223562.0,3500332884.0,42274619.0
8189,2032-03-01,GW_storage_CA_SCE_CEN_GW[AF],1586627.0,3570397039.0,43861246.0
8190,2032-04-01,GW_storage_CA_SCE_CEN_GW[AF],1799671.0,3645988541.0,45660917.0
8191,2032-05-01,GW_storage_CA_SCE_CEN_GW[AF],1807784.0,3723860841.0,47468701.0
8192,2032-06-01,GW_storage_CA_SCE_CEN_GW[AF],1761539.0,3803847465.0,49230240.0
8193,2032-07-01,GW_storage_CA_SCE_CEN_GW[AF],1702498.0,3884065220.0,50932738.0
8194,2032-08-01,GW_storage_CA_SCE_CEN_GW[AF],1655867.0,3963910669.0,52588605.0
8195,2032-09-01,GW_storage_CA_SCE_CEN_GW[AF],1593936.0,4042724779.0,54182541.0
8196,2032-10-01,GW_storage_CA_SCE_CEN_GW[AF],1545889.0,4120308321.0,55728430.0
8197,2032-11-01,GW_storage_CA_SCE_CEN_GW[AF],1501256.0,4196679403.0,57229686.0
8198,2032-12-01,GW_storage_CA_SCE_CEN_GW[AF],1433576.0,4271822754.0,58663262.0
8199,2033-01-01,GW_storage_CA_SCE_CEN_GW[AF],1376691.0,4345538492.0,60039953.0
8200,2033-02-01,GW_storage_CA_SCE_CEN_GW[AF],1327352.0,4423218301.0,61367305.0
8201,2033-03-01,GW_storage_CA_SCE_CEN_GW[AF],1601529.0,4505470297.0,62968834.0
8202,2033-04-01,GW_storage_CA_SCE_CEN_GW[AF],1663957.0,4590681136.0,64632791.0
8203,2033-05-01,GW_storage_CA_SCE_CEN_GW[AF],1620005.0,4675360581.0,66252796.0
8204,2033-06-01,GW_storage_CA_SCE_CEN_GW[AF],1573226.0,4760708398.0,67826022.0
8205,2033-07-01,GW_storage_CA_SCE_CEN_GW[AF],1523693.0,4846138178.0,69349715.0
8206,2033-08-01,GW_storage_CA_SCE_CEN_GW[AF],1472587.0,4931118427.0,70822302.0
8207,2033-09-01,GW_storage_CA_SCE_CEN_GW[AF],1423361.0,5014914731.0,72245663.0
8208,2033-10-01,GW_storage_CA_SCE_CEN_GW[AF],1370785.0,5097508172.0,73616448.0
8209,2033-11-01,GW_storage_CA_SCE_CEN_GW[AF],1318147.0,5178663669.0,74934595.0
8210,2033-12-01,GW_storage_CA_SCE_CEN_GW[AF],1281044.0,5258443309.0,76215639.0
8211,2034-01-01,GW_storage_CA_SCE_CEN_GW[AF],1235559.0,5339163828.0,77451198.0
8212,2034-02-01,GW_storage_CA_SCE_CEN_GW[AF],1191277.0,5418722190.0,78642475.0
8213,2034-03-01,GW_storage_CA_SCE_CEN_GW[AF],1144007.0,5500220744.0,79786482.0
8214,2034-04-01,GW_storage_CA_SCE_CEN_GW[AF],1110195.0,5584032903.0,80896677.0
8215,2034-05-01,GW_storage_CA_SCE_CEN_GW[AF],1069840.0,5676873319.0,81966517.0
8216,2034-06-01,GW_storage_CA_SCE_CEN_GW[AF],1035300.0,5773341236.0,83001817.0
8217,2034-07-01,GW_storage_CA_SCE_CEN_GW[AF],997673.0,5871231225.0,83999490.0
8218,2034-08-01,GW_storage_CA_SCE_CEN_GW[AF],959193.0,5968392389.0,84958683.0
8219,2034-09-01,GW_storage_CA_SCE_CEN_GW[AF],923202.0,6064112138.0,85881885.0
8220,2034-10-01,GW_storage_CA_SCE_CEN_GW[AF],887781.0,6158273690.0,86769666.0
8221,2034-11-01,GW_storage_CA_SCE_CEN_GW[AF],854752.0,6251013792.0,87624418.0
8222,2034-12-01,GW_storage_CA_SCE_CEN_GW[AF],821778.0,6342469856.0,88446196.0
8223,2035-01-01,GW_storage_CA_SCE_CEN_GW[AF],803114.0,6432436397.0,89249310.0
8224,2035-02-01,GW_storage_CA_SCE_CEN_GW[AF],774531.0,6520973109.0,90023841.0
8225,2035-03-01,GW_storage_CA_SCE_CEN_GW[AF],857311.0,6608114132.0,90881152.0
8226,2035-04-01,GW_storage_CA_SCE_CEN_GW[AF],866257.0,6694040771.0,91747409.0
8227,2035-05-01,GW_storage_CA_SCE_CEN_GW[AF],836321.0,6778544504.0,92583730.0
8228,2035-06-01,GW_storage_CA_SCE_CEN_GW[AF],808634.0,6863239534.0,93392364.0
8229,2035-07-01,GW_storage_CA_SCE_CEN_GW[AF],781360.0,6947511289.0,94173724.0
8230,2035-08-01,GW_storage_CA_SCE_CEN_GW[AF],752810.0,7030376153.0,94926534.0
8231,2035-09-01,GW_storage_CA_SCE_CEN_GW[AF],725932.0,7112119087.0,95652466.0
8232,2035-10-01,GW_storage_CA_SCE_CEN_GW[AF],699609.0,7192574428.0,96352075.0
8233,2035-11-01,GW_storage_CA_SCE_CEN_GW[AF],673068.0,7271865334.0,97025143.0
8234,2035-12-01,GW_storage_CA_SCE_CEN_GW[AF],646377.0,7350179909.0,97671520.0
8235,2036-01-01,GW_storage_CA_SCE_CEN_GW[AF],618776.0,7427195979.0,98290296.0
8236,2036-02-01,GW_storage_CA_SCE_CEN_GW[AF],595250.0,7503024891.0,98885546.0
8237,2036-03-01,GW_storage_CA_SCE_CEN_GW[AF],576617.0,7577632108.0,99462163.0
8238,2036-04-01,GW_storage_CA_SCE_CEN_GW[AF],556241.0,7651185144.0,100018404.0
8239,2036-05-01,GW_storage_CA_SCE_CEN_GW[AF],535501.0,7724300240.0,100553905.0
8240,2036-06-01,GW_storage_CA_SCE_CEN_GW[AF],516211.0,7796353708.0,101070116.0
8241,2036-07-01,GW_storage_CA_SCE_CEN_GW[AF],496033.0,7867314948.0,101566149.0
8242,2036-08-01,GW_storage_CA_SCE_CEN_GW[AF],476492.0,7937241278.0,102042641.0
8243,2036-09-01,GW_storage_CA_SCE_CEN_GW[AF],458318.0,8006295323.0,102500959.0
8244,2036-10-01,GW_storage_CA_SCE_CEN_GW[AF],440352.0,8074305646.0,102941311.0
8245,2036-11-01,GW_storage_CA_SCE_CEN_GW[AF],424034.0,8141376577.0,103365345.0
8246,2036-12-01,GW_storage_CA_SCE_CEN_GW[AF],408531.0,8207644541.0,103773876.0
8247,2037-01-01,GW_storage_CA_SCE_CEN_GW[AF],399054.0,8273161410.0,104172930.0
8248,2037-02-01,GW_storage_CA_SCE_CEN_GW[AF],387524.0,8337733681.0,104560454.0
8249,2037-03-01,GW_storage_CA_SCE_CEN_GW[AF],379028.0,8401237350.0,104939482.0
8250,2037-04-01,GW_storage_CA_SCE_CEN_GW[AF],369968.0,8463716442.0,105309450.0
8251,2037-05-01,GW_storage_CA_SCE_CEN_GW[AF],357894.0,8525229166.0,105667344.0
8252,2037-06-01,GW_storage_CA_SCE_CEN_GW[AF],345382.0,8585780498.0,106012726.0
8253,2037-07-01,GW_storage_CA_SCE_CEN_GW[AF],332246.0,8645518277.0,106344972.0
8254,2037-08-01,GW_storage_CA_SCE_CEN_GW[AF],319419.0,8704580765.0,106664391.0
8255,2037-09-01,GW_storage_CA_SCE_CEN_GW[AF],306518.0,8763159684.0,106970909.0
8256,2037-10-01,GW_storage_CA_SCE_CEN_GW[AF],295374.0,8821181815.0,107266283.0
8257,2037-11-01,GW_storage_CA_SCE_CEN_GW[AF],285340.0,8878677095.0,107551623.0
8258,2037-12-01,GW_storage_CA_SCE_CEN_GW[AF],275227.0,8935618642.0,107826850.0
8259,2038-01-01,GW_storage_CA_SCE_CEN_GW[AF],265399.0,8991690289.0,108092249.0
8260,2038-02-01,GW_storage_CA_SCE_CEN_GW[AF],256522.0,9049081585.0,108348771.0
8261,2038-03-01,GW_storage_CA_SCE_CEN_GW[AF],246481.0,9108044798.0,108595252.0
8262,2038-04-01,GW_storage_CA_SCE_CEN_GW[AF],245377.0,9168794933.0,108840629.0
8263,2038-05-01,GW_storage_CA_SCE_CEN_GW[AF],235995.0,9229969082.0,109076624.0
8264,2038-06-01,GW_storage_CA_SCE_CEN_GW[AF],228844.0,9290494843.0,109305468.0
8265,2038-07-01,GW_storage_CA_SCE_CEN_GW[AF],220642.0,9350294408.0,109526110.0
8266,2038-08-01,GW_storage_CA_SCE_CEN_GW[AF],212756.0,9409318940.0,109738866.0
8267,2038-09-01,GW_storage_CA_SCE_CEN_GW[AF],205574.0,9467673979.0,109944440.0
8268,2038-10-01,GW_storage_CA_SCE_CEN_GW[AF],197629.0,9525253636.0,110142069.0
8269,2038-11-01,GW_storage_CA_SCE_CEN_GW[AF],190138.0,9582098472.0,110332207.0
8270,2038-12-01,GW_storage_CA_SCE_CEN_GW[AF],183093.0,9638248766.0,110515300.0
8271,2039-01-01,GW_storage_CA_SCE_CEN_GW[AF],175828.0,9693650977.0,110691128.0
8272,2039-02-01,GW_storage_CA_SCE_CEN_GW[AF],169527.0,9750458830.0,110860655.0
8273,2039-03-01,GW_storage_CA_SCE_CEN_GW[AF],162800.0,9809156458.0,111023455.0
8274,2039-04-01,GW_storage_CA_SCE_CEN_GW[AF],156560.0,9868559467.0,111180015.0
8275,2039-05-01,GW_storage_CA_SCE_CEN_GW[AF],150676.0,9927385773.0,111330691.0
8276,2039-06-01,GW_storage_CA_SCE_CEN_GW[AF],145110.0,9986965256.0,111475801.0
8277,2039-07-01,GW_storage_CA_SCE_CEN_GW[AF],139495.0,10046475029.0,111615296.0
8278,2039-08-01,GW_storage_CA_SCE_CEN_GW[AF],134537.0,10105238592.0,111749833.0
8279,2039-09-01,GW_storage_CA_SCE_CEN_GW[AF],130162.0,10163363477.0,111879995.0
8280,2039-10-01,GW_storage_CA_SCE_CEN_GW[AF],126121.0,10220781260.0,112006116.0
8281,2039-11-01,GW_storage_CA_SCE_CEN_GW[AF],123298.0,10277373162.0,112129414.0
8282,2039-12-01,GW_storage_CA_SCE_CEN_GW[AF],119191.0,10333185165.0,112248605.0
8283,2040-01-01,GW_storage_CA_SCE_CEN_GW[AF],114463.0,10388289039.0,112363068.0
8284,2040-02-01,GW_storage_CA_SCE_CEN_GW[AF],110214.0,10442633493.0,112473282.0
8285,2040-03-01,GW_storage_CA_SCE_CEN_GW[AF],105841.0,10496196844.0,112579123.0
8286,2040-04-01,GW_storage_CA_SCE_CEN_GW[AF],105238.0,10549040409.0,112684361.0
8287,2040-05-01,GW_storage_CA_SCE_CEN_GW[AF],101223.0,10601395194.0,112785584.0
8288,2040-06-01,GW_storage_CA_SCE_CEN_GW[AF],97332.0,10653107949.0,112882916.0
8289,2040-07-01,GW_storage_CA_SCE_CEN_GW[AF],93507.0,10704171007.0,112976423.0
8290,2040-08-01,GW_storage_CA_SCE_CEN_GW[AF],90084.0,10754605305.0,113066507.0
8291,2040-09-01,GW_storage_CA_SCE_CEN_GW[AF],87082.0,10804445973.0,113153589.0
8292,2040-10-01,GW_storage_CA_SCE_CEN_GW[AF],84376.0,10853648570.0,113237965.0
8293,2040-11-01,GW_storage_CA_SCE_CEN_GW[AF],81682.0,10902484914.0,113319647.0
8294,2040-12-01,GW_storage_CA_SCE_CEN_GW[AF],77252.0,10950730644.0,113396899.0
8295,2041-01-01,GW_storage_CA_SCE_CEN_GW[AF],74428.0,10998281298.0,113471327.0
8296,2041-02-01,GW_storage_CA_SCE_CEN_GW[AF],71894.0,11047818234.0,113543221.0
8297,2041-03-01,GW_storage_CA_SCE_CEN_GW[AF],69048.0,11099139984.0,113612269.0
8298,2041-04-01,GW_storage_CA_SCE_CEN_GW[AF],67398.0,11151170281.0,113679667.0
8299,2041-05-01,GW_storage_CA_SCE_CEN_GW[AF],64913.0,11202540882.0,113744580.0
8300,2041-06-01,GW_storage_CA_SCE_CEN_GW[AF],62464.0,11253584926.0,113807044.0
8301,2041-07-01,GW_storage_CA_SCE_CEN_GW[AF],59991.0,11304087287.0,113867035.0
8302,2041-08-01,GW_storage_CA_SCE_CEN_GW[AF],57865.0,11354085428.0,113924900.0
8303,2041-09-01,GW_storage_CA_SCE_CEN_GW[AF],56015.0,11403615397.0,113980915.0
8304,2041-10-01,GW_storage_CA_SCE_CEN_GW[AF],54697.0,11452671944.0,114035612.0
8305,2041-11-01,GW_storage_CA_SCE_CEN_GW[AF],54970.0,11501212889.0,114090582.0
8306,2041-12-01,GW_storage_CA_SCE_CEN_GW[AF],54200.0,11549056939.0,114144782.0
8307,2042-01-01,GW_storage_CA_SCE_CEN_GW[AF],52105.0,11596204581.0,114196887.0
8308,2042-02-01,GW_storage_CA_SCE_CEN_GW[AF],50262.0,11642935334.0,114247149.0
8309,2042-03-01,GW_storage_CA_SCE_CEN_GW[AF],48282.0,11689092595.0,114295431.0
8310,2042-04-01,GW_storage_CA_SCE_CEN_GW[AF],88921.0,11735022869.0,114384352.0
8311,2042-05-01,GW_storage_CA_SCE_CEN_GW[AF],85939.0,11780876718.0,114470291.0
8312,2042-06-01,GW_storage_CA_SCE_CEN_GW[AF],83182.0,11826092725.0,114553473.0
8313,2042-07-01,GW_storage_CA_SCE_CEN_GW[AF],80155.0,11871546727.0,114633628.0
8314,2042-08-01,GW_storage_CA_SCE_CEN_GW[AF],77381.0,11916431990.0,114711009.0
8315,2042-09-01,GW_storage_CA_SCE_CEN_GW[AF],74919.0,11960791410.0,114785928.0
8316,2042-10-01,GW_storage_CA_SCE_CEN_GW[AF],71964.0,12004660184.0,114857892.0
8317,2042-11-01,GW_storage_CA_SCE_CEN_GW[AF],67160.0,12048130811.0,114925052.0
8318,2042-12-01,GW_storage_CA_SCE_CEN_GW[AF],56576.0,12091062837.0,114981628.0
8319,2043-01-01,GW_storage_CA_SCE_CEN_GW[AF],53315.0,12133444088.0,115034943.0
8320,2043-02-01,GW_storage_CA_SCE_CEN_GW[AF],51231.0,12175363925.0,115086174.0
8321,2043-03-01,GW_storage_CA_SCE_CEN_GW[AF],49149.0,12216725340.0,115135323.0
8322,2043-04-01,GW_storage_CA_SCE_CEN_GW[AF],47246.0,12257666079.0,115182569.0
8323,2043-05-01,GW_storage_CA_SCE_CEN_GW[AF],44628.0,12298078753.0,115227197.0
8324,2043-06-01,GW_storage_CA_SCE_CEN_GW[AF],42799.0,12338040338.0,115269996.0
8325,2043-07-01,GW_storage_CA_SCE_CEN_GW[AF],40804.0,12377535688.0,115310800.0
8326,2043-08-01,GW_storage_CA_SCE_CEN_GW[AF],39220.0,12416568319.0,115350020.0
8327,2043-09-01,GW_storage_CA_SCE_CEN_GW[AF],37980.0,12455234071.0,115388000.0
8328,2043-10-01,GW_storage_CA_SCE_CEN_GW[AF],36979.0,12493493716.0,115424979.0
8329,2043-11-01,GW_storage_CA_SCE_CEN_GW[AF],36456.0,12531340494.0,115461435.0
8330,2043-12-01,GW_storage_CA_SCE_CEN_GW[AF],35573.0,12568703212.0,115497008.0
8331,2044-01-01,GW_storage_CA_SCE_CEN_GW[AF],34469.0,12605614127.0,115531477.0
8332,2044-02-01,GW_storage_CA_SCE_CEN_GW[AF],33271.0,12642100391.0,115564748.0
8333,2044-03-01,GW_storage_CA_SCE_CEN_GW[AF],32234.0,12678094207.0,115596982.0
8334,2044-04-01,GW_storage_CA_SCE_CEN_GW[AF],31403.0,12715489683.0,115628385.0
8335,2044-05-01,GW_storage_CA_SCE_CEN_GW[AF],30766.0,12757376464.0,115659151.0
8336,2044-06-01,GW_storage_CA_SCE_CEN_GW[AF],29218.0,12798680033.0,115688369.0
8337,2044-07-01,GW_storage_CA_SCE_CEN_GW[AF],28641.0,12840178366.0,115717010.0
8338,2044-08-01,GW_storage_CA_SCE_CEN_GW[AF],28051.0,12881238666.0,115745061.0
8339,2044-09-01,GW_storage_CA_SCE_CEN_GW[AF],27772.0,12921922929.0,115772833.0
8340,2044-10-01,GW_storage_CA_SCE_CEN_GW[AF],27211.0,12962137170.0,115800044.0
8341,2044-11-01,GW_storage_CA_SCE_CEN_GW[AF],26912.0,13001917872.0,115826956.0
8342,2044-12-01,GW_storage_CA_SCE_CEN_GW[AF],26212.0,13041192913.0,115853168.0
8343,2045-01-01,GW_storage_CA_SCE_CEN_GW[AF],25349.0,13079996277.0,115878517.0
8344,2045-02-01,GW_storage_CA_SCE_CEN_GW[AF],374700.0,13119222084.0,116253217.0
8345,2045-03-01,GW_storage_CA_SCE_CEN_GW[AF],570987.0,13158364150.0,116824204.0
8346,2045-04-01,GW_storage_CA_SCE_CEN_GW[AF],604191.0,13198157185.0,117428395.0
8347,2045-05-01,GW_storage_CA_SCE_CEN_GW[AF],581662.0,13237869018.0,118010057.0
8348,2045-06-01,GW_storage_CA_SCE_CEN_GW[AF],561872.0,13278774379.0,118571929.0
8349,2045-07-01,GW_storage_CA_SCE_CEN_GW[AF],544388.0,13324244062.0,119116317.0
8350,2045-08-01,GW_storage_CA_SCE_CEN_GW[AF],525187.0,13372386542.0,119641504.0
8351,2045-09-01,GW_storage_CA_SCE_CEN_GW[AF],506354.0,13419876881.0,120147858.0
8352,2045-10-01,GW_storage_CA_SCE_CEN_GW[AF],487107.0,13466818785.0,120634965.0
8353,2045-11-01,GW_storage_CA_SCE_CEN_GW[AF],469320.0,13513160105.0,121104285.0
8354,2045-12-01,GW_storage_CA_SCE_CEN_GW[AF],455515.0,13560745919.0,121559800.0
8355,2046-01-01,GW_storage_CA_SCE_CEN_GW[AF],440381.0,13615290772.0,122000181.0
8356,2046-02-01,GW_storage_CA_SCE_CEN_GW[AF],424623.0,13677811710.0,122424804.0
8357,2046-03-01,GW_storage_CA_SCE_CEN_GW[AF],411291.0,13748607831.0,122836095.0
8358,2046-04-01,GW_storage_CA_SCE_CEN_GW[AF],395499.0,13826873589.0,123231594.0
8359,2046-05-01,GW_storage_CA_SCE_CEN_GW[AF],380008.0,13907944967.0,123611602.0
8360,2046-06-01,GW_storage_CA_SCE_CEN_GW[AF],365654.0,13989979852.0,123977256.0
8361,2046-07-01,GW_storage_CA_SCE_CEN_GW[AF],351399.0,14071604903.0,124328655.0
8362,2046-08-01,GW_storage_CA_SCE_CEN_GW[AF],338200.0,14152131683.0,124666855.0
8363,2046-09-01,GW_storage_CA_SCE_CEN_GW[AF],327182.0,14231617714.0,124994037.0
8364,2046-10-01,GW_storage_CA_SCE_CEN_GW[AF],316894.0,14310005025.0,125310931.0
8365,2046-11-01,GW_storage_CA_SCE_CEN_GW[AF],306146.0,14387273527.0,125617077.0
8366,2046-12-01,GW_storage_CA_SCE_CEN_GW[AF],300103.0,14463437376.0,125917180.0
8367,2047-01-01,GW_storage_CA_SCE_CEN_GW[AF],288382.0,14538457981.0,126205562.0
8368,2047-02-01,GW_storage_CA_SCE_CEN_GW[AF],278067.0,14612508014.0,126483629.0
8369,2047-03-01,GW_storage_CA_SCE_CEN_GW[AF],270189.0,14685452283.0,126753818.0
8370,2047-04-01,GW_storage_CA_SCE_CEN_GW[AF],260027.0,14764472816.0,127013845.0
8371,2047-05-01,GW_storage_CA_SCE_CEN_GW[AF],250319.0,14860897341.0,127264164.0
8372,2047-06-01,GW_storage_CA_SCE_CEN_GW[AF],240849.0,14972506362.0,127505013.0
8373,2047-07-01,GW_storage_CA_SCE_CEN_GW[AF],231437.0,15088231692.0,127736450.0
8374,2047-08-01,GW_storage_CA_SCE_CEN_GW[AF],222416.0,15203332934.0,127958866.0
8375,2047-09-01,GW_storage_CA_SCE_CEN_GW[AF],214522.0,15317492289.0,128173388.0
8376,2047-10-01,GW_storage_CA_SCE_CEN_GW[AF],206086.0,15430042333.0,128379474.0
8377,2047-11-01,GW_storage_CA_SCE_CEN_GW[AF],197346.0,15542831934.0,128576820.0
8378,2047-12-01,GW_storage_CA_SCE_CEN_GW[AF],189652.0,15653870877.0,128766472.0
8379,2048-01-01,GW_storage_CA_SCE_CEN_GW[AF],182097.0,15763169397.0,128948569.0
8380,2048-02-01,GW_storage_CA_SCE_CEN_GW[AF],812658.0,15872138297.0,129761227.0
8381,2048-03-01,GW_storage_CA_SCE_CEN_GW[AF],1142629.0,15987897138.0,130903856.0
8382,2048-04-01,GW_storage_CA_SCE_CEN_GW[AF],1221593.0,16106751114.0,132125449.0
8383,2048-05-01,GW_storage_CA_SCE_CEN_GW[AF],1205414.0,16226738594.0,133330863.0
8384,2048-06-01,GW_storage_CA_SCE_CEN_GW[AF],1170166.0,16346930466.0,134501029.0
8385,2048-07-01,GW_storage_CA_SCE_CEN_GW[AF],1129705.0,16466203172.0,135630734.0
8386,2048-08-01,GW_storage_CA_SCE_CEN_GW[AF],1095349.0,16583670765.0,136726083.0
8387,2048-09-01,GW_storage_CA_SCE_CEN_GW[AF],1062479.0,16699553017.0,137788562.0
8388,2048-10-01,GW_storage_CA_SCE_CEN_GW[AF],1029543.0,16813788962.0,138818105.0
8389,2048-11-01,GW_storage_CA_SCE_CEN_GW[AF],1001128.0,16926416472.0,139819233.0
8390,2048-12-01,GW_storage_CA_SCE_CEN_GW[AF],961967.0,17038918116.0,140781200.0
8391,2049-01-01,GW_storage_CA_SCE_CEN_GW[AF],923856.0,17150214903.0,141705056.0
8392,2049-02-01,GW_storage_CA_SCE_CEN_GW[AF],890751.0,17259849423.0,142595807.0
8393,2049-03-01,GW_storage_CA_SCE_CEN_GW[AF],855409.0,17374140295.0,143451216.0
8394,2049-04-01,GW_storage_CA_SCE_CEN_GW[AF],822561.0,17496980626.0,144273777.0
8395,2049-05-01,GW_storage_CA_SCE_CEN_GW[AF],791014.0,17623520262.0,145064791.0
8396,2049-06-01,GW_storage_CA_SCE_CEN_GW[AF],765299.0,17749882278.0,145830090.0
8397,2049-07-01,GW_storage_CA_SCE_CEN_GW[AF],737056.0,17875311834.0,146567146.0
8398,2049-08-01,GW_storage_CA_SCE_CEN_GW[AF],711345.0,17998950915.0,147278491.0
8399,2049-09-01,GW_storage_CA_SCE_CEN_GW[AF],688339.0,18120987592.0,147966830.0
8400,2049-10-01,GW_storage_CA_SCE_CEN_GW[AF],666609.0,18241422265.0,148633439.0
8401,2049-11-01,GW_storage_CA_SCE_CEN_GW[AF],649971.0,18360102830.0,149283410.0
8402,2049-12-01,GW_storage_CA_SCE_CEN_GW[AF],626989.0,18476910369.0,149910399.0
8403,2050-01-01,GW_storage_CA_SCE_CEN_GW[AF],602277.0,18591916831.0,150512676.0
8404,2050-02-01,GW_storage_CA_SCE_CEN_GW[AF],580811.0,18705272956.0,151093487.0
8405,2050-03-01,GW_storage_CA_SCE_CEN_GW[AF],902587.0,18821028859.0,151996074.0
8406,2050-04-01,GW_storage_CA_SCE_CEN_GW[AF],1004214.0,18940506995.0,153000288.0
8407,2050-05-01,GW_storage_CA_SCE_CEN_GW[AF],981049.0,19059600483.0,153981337.0
8408,2050-06-01,GW_storage_CA_SCE_CEN_GW[AF],944854.0,19178428021.0,154926191.0
8409,2050-07-01,GW_storage_CA_SCE_CEN_GW[AF],913000.0,19296435077.0,155839191.0
8410,2050-08-01,GW_storage_CA_SCE_CEN_GW[AF],881760.0,19412834260.0,156720951.0
8411,2050-09-01,GW_storage_CA_SCE_CEN_GW[AF],854950.0,19527808893.0,157575901.0
8412,2050-10-01,GW_storage_CA_SCE_CEN_GW[AF],828970.0,19641173895.0,158404871.0
8413,2050-11-01,GW_storage_CA_SCE_CEN_GW[AF],801182.0,19752769080.0,159206053.0
8414,2050-12-01,GW_storage_CA_SCE_CEN_GW[AF],776467.0,19862611454.0,159982520.0
8415,2051-01-01,GW_storage_CA_SCE_CEN_GW[AF],745659.0,19970764786.0,160728179.0
8416,2051-02-01,GW_storage_CA_SCE_CEN_GW[AF],718935.0,20077395432.0,161447114.0
8417,2051-03-01,GW_storage_CA_SCE_CEN_GW[AF],701078.0,20182370827.0,162148192.0
8418,2051-04-01,GW_storage_CA_SCE_CEN_GW[AF],675067.0,20291580463.0,162823259.0
8419,2051-05-01,GW_storage_CA_SCE_CEN_GW[AF],649967.0,20400038326.0,163473226.0
8420,2051-06-01,GW_storage_CA_SCE_CEN_GW[AF],625663.0,20508257786.0,164098889.0
8421,2051-07-01,GW_storage_CA_SCE_CEN_GW[AF],601348.0,20615875318.0,164700237.0
8422,2051-08-01,GW_storage_CA_SCE_CEN_GW[AF],578126.0,20722198437.0,165278363.0
8423,2051-09-01,GW_storage_CA_SCE_CEN_GW[AF],558342.0,20827038775.0,165836705.0
8424,2051-10-01,GW_storage_CA_SCE_CEN_GW[AF],537484.0,20930437548.0,166374189.0
8425,2051-11-01,GW_storage_CA_SCE_CEN_GW[AF],518064.0,21032468769.0,166892253.0
8426,2051-12-01,GW_storage_CA_SCE_CEN_GW[AF],499073.0,21133705710.0,167391326.0
8427,2052-01-01,GW_storage_CA_SCE_CEN_GW[AF],479297.0,21233433839.0,167870623.0
8428,2052-02-01,GW_storage_CA_SCE_CEN_GW[AF],461528.0,21331717041.0,168332151.0
8429,2052-03-01,GW_storage_CA_SCE_CEN_GW[AF],614063.0,21429607427.0,168946214.0
8430,2052-04-01,GW_storage_CA_SCE_CEN_GW[AF],602625.0,21527851494.0,169548839.0
8431,2052-05-01,GW_storage_CA_SCE_CEN_GW[AF],583313.0,21624977785.0,170132152.0
8432,2052-06-01,GW_storage_CA_SCE_CEN_GW[AF],565297.0,21720857498.0,170697449.0
8433,2052-07-01,GW_storage_CA_SCE_CEN_GW[AF],544615.0,21815421513.0,171242064.0
8434,2052-08-01,GW_storage_CA_SCE_CEN_GW[AF],524206.0,21908765850.0,171766270.0
8435,2052-09-01,GW_storage_CA_SCE_CEN_GW[AF],506873.0,22001026854.0,172273143.0
8436,2052-10-01,GW_storage_CA_SCE_CEN_GW[AF],488331.0,22092179195.0,172761474.0
8437,2052-11-01,GW_storage_CA_SCE_CEN_GW[AF],470532.0,22182158688.0,173232006.0
8438,2052-12-01,GW_storage_CA_SCE_CEN_GW[AF],454893.0,22270990851.0,173686899.0
8439,2053-01-01,GW_storage_CA_SCE_CEN_GW[AF],437216.0,22358572318.0,174124115.0
8440,2053-02-01,GW_storage_CA_SCE_CEN_GW[AF],424490.0,22445234888.0,174548605.0
8441,2053-03-01,GW_storage_CA_SCE_CEN_GW[AF],407647.0,22531338210.0,174956252.0
8442,2053-04-01,GW_storage_CA_SCE_CEN_GW[AF],392218.0,22618197854.0,175348470.0
8443,2053-05-01,GW_storage_CA_SCE_CEN_GW[AF],377202.0,22705000235.0,175725672.0
8444,2053-06-01,GW_storage_CA_SCE_CEN_GW[AF],363104.0,22792005107.0,176088776.0
8445,2053-07-01,GW_storage_CA_SCE_CEN_GW[AF],349017.0,22878611714.0,176437793.0
8446,2053-08-01,GW_storage_CA_SCE_CEN_GW[AF],335647.0,22964123789.0,176773440.0
8447,2053-09-01,GW_storage_CA_SCE_CEN_GW[AF],323095.0,23048536524.0,177096535.0
8448,2053-10-01,GW_storage_CA_SCE_CEN_GW[AF],310016.0,23131866519.0,177406551.0
8449,2053-11-01,GW_storage_CA_SCE_CEN_GW[AF],298464.0,23214276747.0,177705015.0
8450,2053-12-01,GW_storage_CA_SCE_CEN_GW[AF],287805.0,23295578937.0,177992820.0
8451,2054-01-01,GW_storage_CA_SCE_CEN_GW[AF],290352.0,23375761806.0,178283172.0
8452,2054-02-01,GW_storage_CA_SCE_CEN_GW[AF],283025.0,23454991045.0,178566197.0
8453,2054-03-01,GW_storage_CA_SCE_CEN_GW[AF],271796.0,23533194281.0,178837993.0
8454,2054-04-01,GW_storage_CA_SCE_CEN_GW[AF],261511.0,23610840643.0,179099504.0
8455,2054-05-01,GW_storage_CA_SCE_CEN_GW[AF],251664.0,23687968757.0,179351168.0
8456,2054-06-01,GW_storage_CA_SCE_CEN_GW[AF],242292.0,23764134532.0,179593460.0
8457,2054-07-01,GW_storage_CA_SCE_CEN_GW[AF],232848.0,23839346953.0,179826308.0
8458,2054-08-01,GW_storage_CA_SCE_CEN_GW[AF],224136.0,23913680649.0,180050444.0
8459,2054-09-01,GW_storage_CA_SCE_CEN_GW[AF],216551.0,23987275722.0,180266995.0
8460,2054-10-01,GW_storage_CA_SCE_CEN_GW[AF],208895.0,24060063673.0,180475890.0
8461,2054-11-01,GW_storage_CA_SCE_CEN_GW[AF],200373.0,24132040073.0,180676263.0
8462,2054-12-01,GW_storage_CA_SCE_CEN_GW[AF],193686.0,24203075252.0,180869949.0
8463,2055-01-01,GW_storage_CA_SCE_CEN_GW[AF],191808.0,24273232069.0,181061757.0
8464,2055-02-01,GW_storage_CA_SCE_CEN_GW[AF],185691.0,24346983422.0,181247448.0
8465,2055-03-01,GW_storage_CA_SCE_CEN_GW[AF],178678.0,24429418525.0,181426126.0
8466,2055-04-01,GW_storage_CA_SCE_CEN_GW[AF],171821.0,24519974284.0,181597947.0
8467,2055-05-01,GW_storage_CA_SCE_CEN_GW[AF],165039.0,24612887460.0,181762986.0
8468,2055-06-01,GW_storage_CA_SCE_CEN_GW[AF],158771.0,24705731755.0,181921757.0
8469,2055-07-01,GW_storage_CA_SCE_CEN_GW[AF],152552.0,24797561549.0,182074309.0
8470,2055-08-01,GW_storage_CA_SCE_CEN_GW[AF],146725.0,24888417864.0,182221034.0
8471,2055-09-01,GW_storage_CA_SCE_CEN_GW[AF],141619.0,24978247446.0,182362653.0
8472,2055-10-01,GW_storage_CA_SCE_CEN_GW[AF],136941.0,25067037402.0,182499594.0
8473,2055-11-01,GW_storage_CA_SCE_CEN_GW[AF],133673.0,25154620871.0,182633267.0
8474,2055-12-01,GW_storage_CA_SCE_CEN_GW[AF],130023.0,25240958786.0,182763290.0
8475,2056-01-01,GW_storage_CA_SCE_CEN_GW[AF],126539.0,25326085001.0,182889829.0
8476,2056-02-01,GW_storage_CA_SCE_CEN_GW[AF],122979.0,25410115783.0,183012808.0
8477,2056-03-01,GW_storage_CA_SCE_CEN_GW[AF],121218.0,25493046199.0,183134026.0
8478,2056-04-01,GW_storage_CA_SCE_CEN_GW[AF],116979.0,25579867650.0,183251005.0
8479,2056-05-01,GW_storage_CA_SCE_CEN_GW[AF],112659.0,25665994452.0,183363664.0
8480,2056-06-01,GW_storage_CA_SCE_CEN_GW[AF],108741.0,25751014051.0,183472405.0
8481,2056-07-01,GW_storage_CA_SCE_CEN_GW[AF],105009.0,25834999057.0,183577414.0
8482,2056-08-01,GW_storage_CA_SCE_CEN_GW[AF],101759.0,25918012980.0,183679173.0
8483,2056-09-01,GW_storage_CA_SCE_CEN_GW[AF],98287.0,26000006720.0,183777460.0
8484,2056-10-01,GW_storage_CA_SCE_CEN_GW[AF],95416.0,26080893812.0,183872876.0
8485,2056-11-01,GW_storage_CA_SCE_CEN_GW[AF],92533.0,26160908259.0,183965409.0
8486,2056-12-01,GW_storage_CA_SCE_CEN_GW[AF],89741.0,26240212456.0,184055150.0
8487,2057-01-01,GW_storage_CA_SCE_CEN_GW[AF],86436.0,26318587848.0,184141586.0
8488,2057-02-01,GW_storage_CA_SCE_CEN_GW[AF],83492.0,26395985372.0,184225078.0
8489,2057-03-01,GW_storage_CA_SCE_CEN_GW[AF],80017.0,26472734266.0,184305095.0
8490,2057-04-01,GW_storage_CA_SCE_CEN_GW[AF],77058.0,26556295278.0,184382153.0
8491,2057-05-01,GW_storage_CA_SCE_CEN_GW[AF],75264.0,26638790503.0,184457417.0
8492,2057-06-01,GW_storage_CA_SCE_CEN_GW[AF],72925.0,26720263696.0,184530342.0
8493,2057-07-01,GW_storage_CA_SCE_CEN_GW[AF],70285.0,26800720453.0,184600627.0
8494,2057-08-01,GW_storage_CA_SCE_CEN_GW[AF],67494.0,26880212595.0,184668121.0
8495,2057-09-01,GW_storage_CA_SCE_CEN_GW[AF],64024.0,26958875022.0,184732145.0
8496,2057-10-01,GW_storage_CA_SCE_CEN_GW[AF],61122.0,27036568588.0,184793267.0
8497,2057-11-01,GW_storage_CA_SCE_CEN_GW[AF],58530.0,27113396201.0,184851797.0
8498,2057-12-01,GW_storage_CA_SCE_CEN_GW[AF],56952.0,27189264327.0,184908749.0
8499,2058-01-01,GW_storage_CA_SCE_CEN_GW[AF],54926.0,27264124633.0,184963675.0
8500,2058-02-01,GW_storage_CA_SCE_CEN_GW[AF],287987.0,27348265847.0,185251662.0
8501,2058-03-01,GW_storage_CA_SCE_CEN_GW[AF],457030.0,27440889382.0,185708692.0
8502,2058-04-01,GW_storage_CA_SCE_CEN_GW[AF],447496.0,27539133274.0,186156188.0
8503,2058-05-01,GW_storage_CA_SCE_CEN_GW[AF],430543.0,27639449314.0,186586731.0
8504,2058-06-01,GW_storage_CA_SCE_CEN_GW[AF],417389.0,27738779306.0,187004120.0
8505,2058-07-01,GW_storage_CA_SCE_CEN_GW[AF],402443.0,27837531793.0,187406563.0
8506,2058-08-01,GW_storage_CA_SCE_CEN_GW[AF],387491.0,27935280444.0,187794054.0
8507,2058-09-01,GW_storage_CA_SCE_CEN_GW[AF],374336.0,28031862865.0,188168390.0
8508,2058-10-01,GW_storage_CA_SCE_CEN_GW[AF],360741.0,28127260463.0,188529131.0
8509,2058-11-01,GW_storage_CA_SCE_CEN_GW[AF],351082.0,28221366217.0,188880213.0
8510,2058-12-01,GW_storage_CA_SCE_CEN_GW[AF],342367.0,28314157055.0,189222580.0
8511,2059-01-01,GW_storage_CA_SCE_CEN_GW[AF],328912.0,28405540773.0,189551492.0
8512,2059-02-01,GW_storage_CA_SCE_CEN_GW[AF],317217.0,28502067677.0,189868709.0
8513,2059-03-01,GW_storage_CA_SCE_CEN_GW[AF],304692.0,28605457246.0,190173401.0
8514,2059-04-01,GW_storage_CA_SCE_CEN_GW[AF],293487.0,28717814838.0,190466888.0
8515,2059-05-01,GW_storage_CA_SCE_CEN_GW[AF],282001.0,28830913147.0,190748889.0
8516,2059-06-01,GW_storage_CA_SCE_CEN_GW[AF],271315.0,28943770190.0,191020204.0
8517,2059-07-01,GW_storage_CA_SCE_CEN_GW[AF],260698.0,29055182582.0,191280902.0
8518,2059-08-01,GW_storage_CA_SCE_CEN_GW[AF],250505.0,29165160032.0,191531407.0
8519,2059-09-01,GW_storage_CA_SCE_CEN_GW[AF],241042.0,29273920291.0,191772449.0
8520,2059-10-01,GW_storage_CA_SCE_CEN_GW[AF],231624.0,29381402010.0,192004073.0
8521,2059-11-01,GW_storage_CA_SCE_CEN_GW[AF],222870.0,29487451547.0,192226943.0
8522,2059-12-01,GW_storage_CA_SCE_CEN_GW[AF],214033.0,29592083281.0,192440976.0
8523,2060-01-01,GW_storage_CA_SCE_CEN_GW[AF],205546.0,29695071869.0,192646522.0
8524,2060-02-01,GW_storage_CA_SCE_CEN_GW[AF],197920.0,29797999369.0,192844442.0
8525,2060-03-01,GW_storage_CA_SCE_CEN_GW[AF],640580.0,29907235449.0,193485022.0
8526,2060-04-01,GW_storage_CA_SCE_CEN_GW[AF],707234.0,30022282651.0,194192256.0
8527,2060-05-01,GW_storage_CA_SCE_CEN_GW[AF],688444.0,30138204137.0,194880700.0
8528,2060-06-01,GW_storage_CA_SCE_CEN_GW[AF],665603.0,30253989194.0,195546303.0
8529,2060-07-01,GW_storage_CA_SCE_CEN_GW[AF],643059.0,30369445165.0,196189362.0
8530,2060-08-01,GW_storage_CA_SCE_CEN_GW[AF],619473.0,30483354195.0,196808835.0
8531,2060-09-01,GW_storage_CA_SCE_CEN_GW[AF],598781.0,30595912136.0,197407616.0
8532,2060-10-01,GW_storage_CA_SCE_CEN_GW[AF],576763.0,30707058453.0,197984379.0
8533,2060-11-01,GW_storage_CA_SCE_CEN_GW[AF],555700.0,30816686913.0,198540079.0
8534,2060-12-01,GW_storage_CA_SCE_CEN_GW[AF],533731.0,30924630927.0,199073810.0
8535,2061-01-01,GW_storage_CA_SCE_CEN_GW[AF],512578.0,31038058188.0,199586388.0
8536,2061-02-01,GW_storage_CA_SCE_CEN_GW[AF],494225.0,31163247262.0,200080613.0
8537,2061-03-01,GW_storage_CA_SCE_CEN_GW[AF],727364.0,31301926464.0,200807977.0
8538,2061-04-01,GW_storage_CA_SCE_CEN_GW[AF],767366.0,31460043743.0,201575343.0
8539,2061-05-01,GW_storage_CA_SCE_CEN_GW[AF],755939.0,31621719240.0,202331282.0
8540,2061-06-01,GW_storage_CA_SCE_CEN_GW[AF],727417.0,31781944019.0,203058699.0
8541,2061-07-01,GW_storage_CA_SCE_CEN_GW[AF],701537.0,31940594248.0,203760236.0
8542,2061-08-01,GW_storage_CA_SCE_CEN_GW[AF],677207.0,32097666692.0,204437443.0
8543,2061-09-01,GW_storage_CA_SCE_CEN_GW[AF],655365.0,32253244922.0,205092808.0
8544,2061-10-01,GW_storage_CA_SCE_CEN_GW[AF],634050.0,32407132898.0,205726858.0
8545,2061-11-01,GW_storage_CA_SCE_CEN_GW[AF],613546.0,32559108380.0,206340404.0
8546,2061-12-01,GW_storage_CA_SCE_CEN_GW[AF],593334.0,32709321481.0,206933738.0
8547,2062-01-01,GW_storage_CA_SCE_CEN_GW[AF],570291.0,32858735378.0,207504029.0
8548,2062-02-01,GW_storage_CA_SCE_CEN_GW[AF],550184.0,33022044851.0,208054213.0
8549,2062-03-01,GW_storage_CA_SCE_CEN_GW[AF],863884.0,33198837130.0,208918097.0
8550,2062-04-01,GW_storage_CA_SCE_CEN_GW[AF],1126565.0,33390837210.0,210044662.0
8551,2062-05-01,GW_storage_CA_SCE_CEN_GW[AF],1109639.0,33584259641.0,211154301.0
8552,2062-06-01,GW_storage_CA_SCE_CEN_GW[AF],1076917.0,33776858517.0,212231218.0
8553,2062-07-01,GW_storage_CA_SCE_CEN_GW[AF],1039496.0,33967635736.0,213270714.0
8554,2062-08-01,GW_storage_CA_SCE_CEN_GW[AF],1003509.0,34156855847.0,214274223.0
8555,2062-09-01,GW_storage_CA_SCE_CEN_GW[AF],971133.0,34344548104.0,215245356.0
8556,2062-10-01,GW_storage_CA_SCE_CEN_GW[AF],946156.0,34530332137.0,216191512.0
8557,2062-11-01,GW_storage_CA_SCE_CEN_GW[AF],916115.0,34714073091.0,217107627.0
8558,2062-12-01,GW_storage_CA_SCE_CEN_GW[AF],873037.0,34895778448.0,217980664.0
8559,2063-01-01,GW_storage_CA_SCE_CEN_GW[AF],838173.0,35079072230.0,218818837.0
8560,2063-02-01,GW_storage_CA_SCE_CEN_GW[AF],1514385.0,35269350335.0,220333222.0
8561,2063-03-01,GW_storage_CA_SCE_CEN_GW[AF],2177828.0,35470064786.0,222511050.0
8562,2063-04-01,GW_storage_CA_SCE_CEN_GW[AF],2478490.0,35683040547.0,224989540.0
8563,2063-05-01,GW_storage_CA_SCE_CEN_GW[AF],2525999.0,35907121073.0,227515539.0
8564,2063-06-01,GW_storage_CA_SCE_CEN_GW[AF],2469629.0,36134854310.0,229985168.0
8565,2063-07-01,GW_storage_CA_SCE_CEN_GW[AF],2403247.0,36361472567.0,232388415.0
8566,2063-08-01,GW_storage_CA_SCE_CEN_GW[AF],2320470.0,36586142514.0,234708885.0
8567,2063-09-01,GW_storage_CA_SCE_CEN_GW[AF],2245847.0,36808934029.0,236954732.0
8568,2063-10-01,GW_storage_CA_SCE_CEN_GW[AF],2179444.0,37029507927.0,239134176.0
8569,2063-11-01,GW_storage_CA_SCE_CEN_GW[AF],2111822.0,37248012309.0,241245998.0
8570,2063-12-01,GW_storage_CA_SCE_CEN_GW[AF],2028072.0,37465671472.0,243274070.0
8571,2064-01-01,GW_storage_CA_SCE_CEN_GW[AF],1947633.0,37694815963.0,245221703.0
8572,2064-02-01,GW_storage_CA_SCE_CEN_GW[AF],2711471.0,37945097639.0,247933174.0
8573,2064-03-01,GW_storage_CA_SCE_CEN_GW[AF],2970742.0,38213638934.0,250903916.0
8574,2064-04-01,GW_storage_CA_SCE_CEN_GW[AF],2998929.0,38493367090.0,253902845.0
8575,2064-05-01,GW_storage_CA_SCE_CEN_GW[AF],2942247.0,38776738105.0,256845092.0
8576,2064-06-01,GW_storage_CA_SCE_CEN_GW[AF],2865728.0,39060661713.0,259710820.0
8577,2064-07-01,GW_storage_CA_SCE_CEN_GW[AF],2781202.0,39341932866.0,262492022.0
8578,2064-08-01,GW_storage_CA_SCE_CEN_GW[AF],2693153.0,39620711220.0,265185175.0
8579,2064-09-01,GW_storage_CA_SCE_CEN_GW[AF],2612817.0,39897002798.0,267797992.0
8580,2064-10-01,GW_storage_CA_SCE_CEN_GW[AF],2540968.0,40170736712.0,270338960.0
8581,2064-11-01,GW_storage_CA_SCE_CEN_GW[AF],2446440.0,40442044957.0,272785400.0
8582,2064-12-01,GW_storage_CA_SCE_CEN_GW[AF],2349552.0,40711834451.0,275134952.0
8583,2065-01-01,GW_storage_CA_SCE_CEN_GW[AF],2256364.0,40982757097.0,277391316.0
8584,2065-02-01,GW_storage_CA_SCE_CEN_GW[AF],2175501.0,41255716076.0,279566817.0
8585,2065-03-01,GW_storage_CA_SCE_CEN_GW[AF],2089177.0,41533378347.0,281655994.0
8586,2065-04-01,GW_storage_CA_SCE_CEN_GW[AF],2028165.0,41819419395.0,283684159.0
8587,2065-05-01,GW_storage_CA_SCE_CEN_GW[AF],1955997.0,42107659636.0,285640156.0
8588,2065-06-01,GW_storage_CA_SCE_CEN_GW[AF],1895272.0,42393392346.0,287535428.0
8589,2065-07-01,GW_storage_CA_SCE_CEN_GW[AF],1830009.0,42678359041.0,289365437.0
8590,2065-08-01,GW_storage_CA_SCE_CEN_GW[AF],1764663.0,42960938762.0,291130100.0
8591,2065-09-01,GW_storage_CA_SCE_CEN_GW[AF],1704592.0,43241061639.0,292834692.0
8592,2065-10-01,GW_storage_CA_SCE_CEN_GW[AF],1644583.0,43518553408.0,294479275.0
8593,2065-11-01,GW_storage_CA_SCE_CEN_GW[AF],1588483.0,43793351378.0,296067758.0
8594,2065-12-01,GW_storage_CA_SCE_CEN_GW[AF],1530867.0,44065325818.0,297598625.0
8595,2066-01-01,GW_storage_CA_SCE_CEN_GW[AF],1481455.0,44334625115.0,299080080.0
8596,2066-02-01,GW_storage_CA_SCE_CEN_GW[AF],1428838.0,44601575728.0,300508918.0
8597,2066-03-01,GW_storage_CA_SCE_CEN_GW[AF],1373632.0,44865977654.0,301882550.0
8598,2066-04-01,GW_storage_CA_SCE_CEN_GW[AF],1326763.0,45130939542.0,303209313.0
8599,2066-05-01,GW_storage_CA_SCE_CEN_GW[AF],1278674.0,45393925169.0,304487987.0
8600,2066-06-01,GW_storage_CA_SCE_CEN_GW[AF],1233391.0,45654573916.0,305721378.0
8601,2066-07-01,GW_storage_CA_SCE_CEN_GW[AF],1186464.0,45912927675.0,306907842.0
8602,2066-08-01,GW_storage_CA_SCE_CEN_GW[AF],1140516.0,46169111465.0,308048358.0
8603,2066-09-01,GW_storage_CA_SCE_CEN_GW[AF],1098164.0,46423600426.0,309146522.0
8604,2066-10-01,GW_storage_CA_SCE_CEN_GW[AF],1056760.0,46676263355.0,310203282.0
8605,2066-11-01,GW_storage_CA_SCE_CEN_GW[AF],1018375.0,46927228863.0,311221657.0
8606,2066-12-01,GW_storage_CA_SCE_CEN_GW[AF],980210.0,47176198480.0,312201867.0
8607,2067-01-01,GW_storage_CA_SCE_CEN_GW[AF],956760.0,47422896821.0,313158627.0
8608,2067-02-01,GW_storage_CA_SCE_CEN_GW[AF],923197.0,47667661431.0,314081824.0
8609,2067-03-01,GW_storage_CA_SCE_CEN_GW[AF],902788.0,47910308464.0,314984612.0
8610,2067-04-01,GW_storage_CA_SCE_CEN_GW[AF],870427.0,48151085524.0,315855039.0
8611,2067-05-01,GW_storage_CA_SCE_CEN_GW[AF],839729.0,48389950965.0,316694768.0
8612,2067-06-01,GW_storage_CA_SCE_CEN_GW[AF],810303.0,48627002221.0,317505071.0
8613,2067-07-01,GW_storage_CA_SCE_CEN_GW[AF],779964.0,48862124917.0,318285035.0
8614,2067-08-01,GW_storage_CA_SCE_CEN_GW[AF],749995.0,49095321876.0,319035030.0
8615,2067-09-01,GW_storage_CA_SCE_CEN_GW[AF],722198.0,49326841519.0,319757228.0
8616,2067-10-01,GW_storage_CA_SCE_CEN_GW[AF],695622.0,49556552267.0,320452850.0
8617,2067-11-01,GW_storage_CA_SCE_CEN_GW[AF],670354.0,49784868208.0,321123204.0
8618,2067-12-01,GW_storage_CA_SCE_CEN_GW[AF],644130.0,50011545293.0,321767334.0
8619,2068-01-01,GW_storage_CA_SCE_CEN_GW[AF],618927.0,50238331069.0,322386261.0
8620,2068-02-01,GW_storage_CA_SCE_CEN_GW[AF],1981879.0,50478937732.0,324368140.0
8621,2068-03-01,GW_storage_CA_SCE_CEN_GW[AF],2801431.0,50739381265.0,327169571.0
8622,2068-04-01,GW_storage_CA_SCE_CEN_GW[AF],2998641.0,51011294375.0,330168212.0
8623,2068-05-01,GW_storage_CA_SCE_CEN_GW[AF],2970457.0,51290774772.0,333138669.0
8624,2068-06-01,GW_storage_CA_SCE_CEN_GW[AF],2899854.0,51571539123.0,336038523.0
8625,2068-07-01,GW_storage_CA_SCE_CEN_GW[AF],2809865.0,51851333229.0,338848388.0
8626,2068-08-01,GW_storage_CA_SCE_CEN_GW[AF],2710405.0,52129191774.0,341558793.0
8627,2068-09-01,GW_storage_CA_SCE_CEN_GW[AF],2623854.0,52405096290.0,344182647.0
8628,2068-10-01,GW_storage_CA_SCE_CEN_GW[AF],2544903.0,52678907664.0,346727550.0
8629,2068-11-01,GW_storage_CA_SCE_CEN_GW[AF],2464511.0,52950483517.0,349192061.0
8630,2068-12-01,GW_storage_CA_SCE_CEN_GW[AF],2389784.0,53219819895.0,351581845.0
8631,2069-01-01,GW_storage_CA_SCE_CEN_GW[AF],2311543.0,53487155316.0,353893388.0
8632,2069-02-01,GW_storage_CA_SCE_CEN_GW[AF],2242515.0,53760870931.0,356135903.0
8633,2069-03-01,GW_storage_CA_SCE_CEN_GW[AF],2153549.0,54039428849.0,358289452.0
8634,2069-04-01,GW_storage_CA_SCE_CEN_GW[AF],2085282.0,54324092180.0,360374734.0
8635,2069-05-01,GW_storage_CA_SCE_CEN_GW[AF],2019323.0,54609436481.0,362394057.0
8636,2069-06-01,GW_storage_CA_SCE_CEN_GW[AF],1952779.0,54894337917.0,364346836.0
8637,2069-07-01,GW_storage_CA_SCE_CEN_GW[AF],1882520.0,55177218144.0,366229356.0
8638,2069-08-01,GW_storage_CA_SCE_CEN_GW[AF],1811709.0,55458179949.0,368041065.0
8639,2069-09-01,GW_storage_CA_SCE_CEN_GW[AF],1746003.0,55737226700.0,369787068.0
8640,2069-10-01,GW_storage_CA_SCE_CEN_GW[AF],1679427.0,56014313112.0,371466495.0
8641,2069-11-01,GW_storage_CA_SCE_CEN_GW[AF],1616766.0,56289244905.0,373083261.0
8642,2069-12-01,GW_storage_CA_SCE_CEN_GW[AF],1559066.0,56561948550.0,374642327.0
8643,2070-01-01,GW_storage_CA_SCE_CEN_GW[AF],1507101.0,56832455571.0,376149428.0
8644,2070-02-01,GW_storage_CA_SCE_CEN_GW[AF],1453120.0,57101031869.0,377602548.0
8645,2070-03-01,GW_storage_CA_SCE_CEN_GW[AF],1396903.0,57367456127.0,378999451.0
8646,2070-04-01,GW_storage_CA_SCE_CEN_GW[AF],1347557.0,57631884127.0,380347008.0
8647,2070-05-01,GW_storage_CA_SCE_CEN_GW[AF],1298525.0,57894580730.0,381645533.0
8648,2070-06-01,GW_storage_CA_SCE_CEN_GW[AF],1252406.0,58156625113.0,382897939.0
8649,2070-07-01,GW_storage_CA_SCE_CEN_GW[AF],1204497.0,58417720429.0,384102436.0
8650,2070-08-01,GW_storage_CA_SCE_CEN_GW[AF],1157990.0,58677125935.0,385260426.0
8651,2070-09-01,GW_storage_CA_SCE_CEN_GW[AF],1114743.0,58935122487.0,386375169.0
8652,2070-10-01,GW_storage_CA_SCE_CEN_GW[AF],1072269.0,59191573450.0,387447438.0
8653,2070-11-01,GW_storage_CA_SCE_CEN_GW[AF],1032396.0,59446278042.0,388479834.0
8654,2070-12-01,GW_storage_CA_SCE_CEN_GW[AF],992532.0,59699129256.0,389472366.0
9248,2025-07-01,GW_storage_CA_SCE_SE_GW[AF],114.0,59233291.0,114.0
9249,2025-08-01,GW_storage_CA_SCE_SE_GW[AF],-9611.0,60752330.0,-9497.0
9250,2025-09-01,GW_storage_CA_SCE_SE_GW[AF],-9111.0,63291561.0,-18608.0
9251,2025-10-01,GW_storage_CA_SCE_SE_GW[AF],-8732.0,66117192.0,-27340.0
9252,2025-11-01,GW_storage_CA_SCE_SE_GW[AF],-8406.0,69169207.0,-35746.0
9253,2025-12-01,GW_storage_CA_SCE_SE_GW[AF],-8087.0,72377661.0,-43833.0
9254,2026-01-01,GW_storage_CA_SCE_SE_GW[AF],-7775.0,75644729.0,-51608.0
9255,2026-02-01,GW_storage_CA_SCE_SE_GW[AF],-7493.0,83025589.0,-59101.0
9256,2026-03-01,GW_storage_CA_SCE_SE_GW[AF],-7253.0,93674924.0,-66354.0
9257,2026-04-01,GW_storage_CA_SCE_SE_GW[AF],-7072.0,112497734.0,-73426.0
9258,2026-05-01,GW_storage_CA_SCE_SE_GW[AF],-6930.0,136460613.0,-80356.0
9259,2026-06-01,GW_storage_CA_SCE_SE_GW[AF],-6819.0,160180041.0,-87175.0
9260,2026-07-01,GW_storage_CA_SCE_SE_GW[AF],-6722.0,184580314.0,-93897.0
9261,2026-08-01,GW_storage_CA_SCE_SE_GW[AF],-6630.0,208538131.0,-100527.0
9262,2026-09-01,GW_storage_CA_SCE_SE_GW[AF],-6546.0,232132273.0,-107073.0
9263,2026-10-01,GW_storage_CA_SCE_SE_GW[AF],-6462.0,255250646.0,-113535.0
9264,2026-11-01,GW_storage_CA_SCE_SE_GW[AF],-6382.0,277908394.0,-119917.0
9265,2026-12-01,GW_storage_CA_SCE_SE_GW[AF],-6299.0,300103214.0,-126216.0
9266,2027-01-01,GW_storage_CA_SCE_SE_GW[AF],-6218.0,321847786.0,-132434.0
9267,2027-02-01,GW_storage_CA_SCE_SE_GW[AF],-6104.0,343199646.0,-138538.0
9268,2027-03-01,GW_storage_CA_SCE_SE_GW[AF],-6027.0,369620421.0,-144565.0
9269,2027-04-01,GW_storage_CA_SCE_SE_GW[AF],-5954.0,409179141.0,-150519.0
9270,2027-05-01,GW_storage_CA_SCE_SE_GW[AF],-5879.0,455970259.0,-156398.0
9271,2027-06-01,GW_storage_CA_SCE_SE_GW[AF],-5808.0,506103237.0,-162206.0
9272,2027-07-01,GW_storage_CA_SCE_SE_GW[AF],-5736.0,558027240.0,-167942.0
9273,2027-08-01,GW_storage_CA_SCE_SE_GW[AF],-5665.0,610747556.0,-173607.0
9274,2027-09-01,GW_storage_CA_SCE_SE_GW[AF],-5597.0,662576568.0,-179204.0
9275,2027-10-01,GW_storage_CA_SCE_SE_GW[AF],-5527.0,713531026.0,-184731.0
9276,2027-11-01,GW_storage_CA_SCE_SE_GW[AF],-5461.0,763602436.0,-190192.0
9277,2027-12-01,GW_storage_CA_SCE_SE_GW[AF],-5394.0,812846873.0,-195586.0
9278,2028-01-01,GW_storage_CA_SCE_SE_GW[AF],-5327.0,861121911.0,-200913.0
9279,2028-02-01,GW_storage_CA_SCE_SE_GW[AF],-5265.0,908650771.0,-206178.0
9280,2028-03-01,GW_storage_CA_SCE_SE_GW[AF],-5200.0,959000163.0,-211378.0
9281,2028-04-01,GW_storage_CA_SCE_SE_GW[AF],-5136.0,1012039411.0,-216514.0
9282,2028-05-01,GW_storage_CA_SCE_SE_GW[AF],-5073.0,1068060916.0,-221587.0
9283,2028-06-01,GW_storage_CA_SCE_SE_GW[AF],-5012.0,1125203670.0,-226599.0
9284,2028-07-01,GW_storage_CA_SCE_SE_GW[AF],-4950.0,1183903968.0,-231549.0
9285,2028-08-01,GW_storage_CA_SCE_SE_GW[AF],-4889.0,1241633200.0,-236438.0
9286,2028-09-01,GW_storage_CA_SCE_SE_GW[AF],-4830.0,1298536546.0,-241268.0
9287,2028-10-01,GW_storage_CA_SCE_SE_GW[AF],-4770.0,1354465802.0,-246038.0
9288,2028-11-01,GW_storage_CA_SCE_SE_GW[AF],-4713.0,1409406877.0,-250751.0
9289,2028-12-01,GW_storage_CA_SCE_SE_GW[AF],-4655.0,1463330743.0,-255406.0
9290,2029-01-01,GW_storage_CA_SCE_SE_GW[AF],-4597.0,1516331973.0,-260003.0
9291,2029-02-01,GW_storage_CA_SCE_SE_GW[AF],-4546.0,1568436361.0,-264549.0
9292,2029-03-01,GW_storage_CA_SCE_SE_GW[AF],-4489.0,1622957905.0,-269038.0
9293,2029-04-01,GW_storage_CA_SCE_SE_GW[AF],-4435.0,1679352962.0,-273473.0
9294,2029-05-01,GW_storage_CA_SCE_SE_GW[AF],-4380.0,1742904338.0,-277853.0
9295,2029-06-01,GW_storage_CA_SCE_SE_GW[AF],-4327.0,1807169538.0,-282180.0
9296,2029-07-01,GW_storage_CA_SCE_SE_GW[AF],-4274.0,1872474684.0,-286454.0
9297,2029-08-01,GW_storage_CA_SCE_SE_GW[AF],-4221.0,1936569687.0,-290675.0
9298,2029-09-01,GW_storage_CA_SCE_SE_GW[AF],-4170.0,1999536921.0,-294845.0
9299,2029-10-01,GW_storage_CA_SCE_SE_GW[AF],-4119.0,2061251234.0,-298964.0
9300,2029-11-01,GW_storage_CA_SCE_SE_GW[AF],-4069.0,2121792309.0,-303033.0
9301,2029-12-01,GW_storage_CA_SCE_SE_GW[AF],-4018.0,2181276298.0,-307051.0
9302,2030-01-01,GW_storage_CA_SCE_SE_GW[AF],-3968.0,2239598911.0,-311019.0
9303,2030-02-01,GW_storage_CA_SCE_SE_GW[AF],-3925.0,2296908282.0,-314944.0
9304,2030-03-01,GW_storage_CA_SCE_SE_GW[AF],-3876.0,2353273149.0,-318820.0
9305,2030-04-01,GW_storage_CA_SCE_SE_GW[AF],-3829.0,2408813513.0,-322649.0
9306,2030-05-01,GW_storage_CA_SCE_SE_GW[AF],-3781.0,2463288321.0,-326430.0
9307,2030-06-01,GW_storage_CA_SCE_SE_GW[AF],-3736.0,2519189259.0,-330166.0
9308,2030-07-01,GW_storage_CA_SCE_SE_GW[AF],-3690.0,2574987711.0,-333856.0
9309,2030-08-01,GW_storage_CA_SCE_SE_GW[AF],-3644.0,2629845780.0,-337500.0
9310,2030-09-01,GW_storage_CA_SCE_SE_GW[AF],-3600.0,2683731630.0,-341100.0
9311,2030-10-01,GW_storage_CA_SCE_SE_GW[AF],-3555.0,2736573135.0,-344655.0
9312,2030-11-01,GW_storage_CA_SCE_SE_GW[AF],-3513.0,2788437015.0,-348168.0
9313,2030-12-01,GW_storage_CA_SCE_SE_GW[AF],-3469.0,2839371858.0,-351637.0
9314,2031-01-01,GW_storage_CA_SCE_SE_GW[AF],-3426.0,2889285425.0,-355063.0
9315,2031-02-01,GW_storage_CA_SCE_SE_GW[AF],-3388.0,2938331300.0,-358451.0
9316,2031-03-01,GW_storage_CA_SCE_SE_GW[AF],-3346.0,2986403207.0,-361797.0
9317,2031-04-01,GW_storage_CA_SCE_SE_GW[AF],-3306.0,3034117058.0,-365103.0
9318,2031-05-01,GW_storage_CA_SCE_SE_GW[AF],-3265.0,3081639947.0,-368368.0
9319,2031-06-01,GW_storage_CA_SCE_SE_GW[AF],-3226.0,3128466639.0,-371594.0
9320,2031-07-01,GW_storage_CA_SCE_SE_GW[AF],-3186.0,3175256040.0,-374780.0
9321,2031-08-01,GW_storage_CA_SCE_SE_GW[AF],-3147.0,3221201089.0,-377927.0
9322,2031-09-01,GW_storage_CA_SCE_SE_GW[AF],-3109.0,3266538806.0,-381036.0
9323,2031-10-01,GW_storage_CA_SCE_SE_GW[AF],-3070.0,3311005126.0,-384106.0
9324,2031-11-01,GW_storage_CA_SCE_SE_GW[AF],-3033.0,3354843436.0,-387139.0
9325,2031-12-01,GW_storage_CA_SCE_SE_GW[AF],-2996.0,3397917039.0,-390135.0
9326,2032-01-01,GW_storage_CA_SCE_SE_GW[AF],-2556.0,3440765830.0,-392691.0
9327,2032-02-01,GW_storage_CA_SCE_SE_GW[AF],-2124.0,3500332884.0,-394815.0
9328,2032-03-01,GW_storage_CA_SCE_SE_GW[AF],-1698.0,3570397039.0,-396513.0
9329,2032-04-01,GW_storage_CA_SCE_SE_GW[AF],-1270.0,3645988541.0,-397783.0
9330,2032-05-01,GW_storage_CA_SCE_SE_GW[AF],-1254.0,3723860841.0,-399037.0
9331,2032-06-01,GW_storage_CA_SCE_SE_GW[AF],-1240.0,3803847465.0,-400277.0
9332,2032-07-01,GW_storage_CA_SCE_SE_GW[AF],-1224.0,3884065220.0,-401501.0
9333,2032-08-01,GW_storage_CA_SCE_SE_GW[AF],-1209.0,3963910669.0,-402710.0
9334,2032-09-01,GW_storage_CA_SCE_SE_GW[AF],-1195.0,4042724779.0,-403905.0
9335,2032-10-01,GW_storage_CA_SCE_SE_GW[AF],-1180.0,4120308321.0,-405085.0
9336,2032-11-01,GW_storage_CA_SCE_SE_GW[AF],-1166.0,4196679403.0,-406251.0
9337,2032-12-01,GW_storage_CA_SCE_SE_GW[AF],-1151.0,4271822754.0,-407402.0
9338,2033-01-01,GW_storage_CA_SCE_SE_GW[AF],-1136.0,4345538492.0,-408538.0
9339,2033-02-01,GW_storage_CA_SCE_SE_GW[AF],-1124.0,4423218301.0,-409662.0
9340,2033-03-01,GW_storage_CA_SCE_SE_GW[AF],-1110.0,4505470297.0,-410772.0
9341,2033-04-01,GW_storage_CA_SCE_SE_GW[AF],-1097.0,4590681136.0,-411869.0
9342,2033-05-01,GW_storage_CA_SCE_SE_GW[AF],-1083.0,4675360581.0,-412952.0
9343,2033-06-01,GW_storage_CA_SCE_SE_GW[AF],-1071.0,4760708398.0,-414023.0
9344,2033-07-01,GW_storage_CA_SCE_SE_GW[AF],-1057.0,4846138178.0,-415080.0
9345,2033-08-01,GW_storage_CA_SCE_SE_GW[AF],-1044.0,4931118427.0,-416124.0
9346,2033-09-01,GW_storage_CA_SCE_SE_GW[AF],-1032.0,5014914731.0,-417156.0
9347,2033-10-01,GW_storage_CA_SCE_SE_GW[AF],-1018.0,5097508172.0,-418174.0
9348,2033-11-01,GW_storage_CA_SCE_SE_GW[AF],-1007.0,5178663669.0,-419181.0
9349,2033-12-01,GW_storage_CA_SCE_SE_GW[AF],-994.0,5258443309.0,-420175.0
9350,2034-01-01,GW_storage_CA_SCE_SE_GW[AF],-981.0,5339163828.0,-421156.0
9351,2034-02-01,GW_storage_CA_SCE_SE_GW[AF],-970.0,5418722190.0,-422126.0
9352,2034-03-01,GW_storage_CA_SCE_SE_GW[AF],-958.0,5500220744.0,-423084.0
9353,2034-04-01,GW_storage_CA_SCE_SE_GW[AF],-947.0,5584032903.0,-424031.0
9354,2034-05-01,GW_storage_CA_SCE_SE_GW[AF],-935.0,5676873319.0,-424966.0
9355,2034-06-01,GW_storage_CA_SCE_SE_GW[AF],-925.0,5773341236.0,-425891.0
9356,2034-07-01,GW_storage_CA_SCE_SE_GW[AF],-913.0,5871231225.0,-426804.0
9357,2034-08-01,GW_storage_CA_SCE_SE_GW[AF],-901.0,5968392389.0,-427705.0
9358,2034-09-01,GW_storage_CA_SCE_SE_GW[AF],-891.0,6064112138.0,-428596.0
9359,2034-10-01,GW_storage_CA_SCE_SE_GW[AF],-880.0,6158273690.0,-429476.0
9360,2034-11-01,GW_storage_CA_SCE_SE_GW[AF],-869.0,6251013792.0,-430345.0
9361,2034-12-01,GW_storage_CA_SCE_SE_GW[AF],-858.0,6342469856.0,-431203.0
9362,2035-01-01,GW_storage_CA_SCE_SE_GW[AF],-1247.0,6432436397.0,-432450.0
9363,2035-02-01,GW_storage_CA_SCE_SE_GW[AF],-1655.0,6520973109.0,-434105.0
9364,2035-03-01,GW_storage_CA_SCE_SE_GW[AF],-2062.0,6608114132.0,-436167.0
9365,2035-04-01,GW_storage_CA_SCE_SE_GW[AF],-2036.0,6694040771.0,-438203.0
9366,2035-05-01,GW_storage_CA_SCE_SE_GW[AF],-2011.0,6778544504.0,-440214.0
9367,2035-06-01,GW_storage_CA_SCE_SE_GW[AF],-1987.0,6863239534.0,-442201.0
9368,2035-07-01,GW_storage_CA_SCE_SE_GW[AF],-1962.0,6947511289.0,-444163.0
9369,2035-08-01,GW_storage_CA_SCE_SE_GW[AF],-1938.0,7030376153.0,-446101.0
9370,2035-09-01,GW_storage_CA_SCE_SE_GW[AF],-1915.0,7112119087.0,-448016.0
9371,2035-10-01,GW_storage_CA_SCE_SE_GW[AF],-1891.0,7192574428.0,-449907.0
9372,2035-11-01,GW_storage_CA_SCE_SE_GW[AF],-1868.0,7271865334.0,-451775.0
9373,2035-12-01,GW_storage_CA_SCE_SE_GW[AF],-1845.0,7350179909.0,-453620.0
9374,2036-01-01,GW_storage_CA_SCE_SE_GW[AF],-1822.0,7427195979.0,-455442.0
9375,2036-02-01,GW_storage_CA_SCE_SE_GW[AF],-1801.0,7503024891.0,-457243.0
9376,2036-03-01,GW_storage_CA_SCE_SE_GW[AF],-1779.0,7577632108.0,-459022.0
9377,2036-04-01,GW_storage_CA_SCE_SE_GW[AF],-1758.0,7651185144.0,-460780.0
9378,2036-05-01,GW_storage_CA_SCE_SE_GW[AF],-1735.0,7724300240.0,-462515.0
9379,2036-06-01,GW_storage_CA_SCE_SE_GW[AF],-1715.0,7796353708.0,-464230.0
9380,2036-07-01,GW_storage_CA_SCE_SE_GW[AF],-1694.0,7867314948.0,-465924.0
9381,2036-08-01,GW_storage_CA_SCE_SE_GW[AF],-1672.0,7937241278.0,-467596.0
9382,2036-09-01,GW_storage_CA_SCE_SE_GW[AF],-1653.0,8006295323.0,-469249.0
9383,2036-10-01,GW_storage_CA_SCE_SE_GW[AF],-1631.0,8074305646.0,-470880.0
9384,2036-11-01,GW_storage_CA_SCE_SE_GW[AF],-1612.0,8141376577.0,-472492.0
9385,2036-12-01,GW_storage_CA_SCE_SE_GW[AF],-1592.0,8207644541.0,-474084.0
9386,2037-01-01,GW_storage_CA_SCE_SE_GW[AF],-1573.0,8273161410.0,-475657.0
9387,2037-02-01,GW_storage_CA_SCE_SE_GW[AF],-1555.0,8337733681.0,-477212.0
9388,2037-03-01,GW_storage_CA_SCE_SE_GW[AF],-1536.0,8401237350.0,-478748.0
9389,2037-04-01,GW_storage_CA_SCE_SE_GW[AF],-1518.0,8463716442.0,-480266.0
9390,2037-05-01,GW_storage_CA_SCE_SE_GW[AF],-1498.0,8525229166.0,-481764.0
9391,2037-06-01,GW_storage_CA_SCE_SE_GW[AF],-1480.0,8585780498.0,-483244.0
9392,2037-07-01,GW_storage_CA_SCE_SE_GW[AF],-1462.0,8645518277.0,-484706.0
9393,2037-08-01,GW_storage_CA_SCE_SE_GW[AF],-1444.0,8704580765.0,-486150.0
9394,2037-09-01,GW_storage_CA_SCE_SE_GW[AF],-1427.0,8763159684.0,-487577.0
9395,2037-10-01,GW_storage_CA_SCE_SE_GW[AF],-1409.0,8821181815.0,-488986.0
9396,2037-11-01,GW_storage_CA_SCE_SE_GW[AF],-1392.0,8878677095.0,-490378.0
9397,2037-12-01,GW_storage_CA_SCE_SE_GW[AF],-1415.0,8935618642.0,-491793.0
9398,2038-01-01,GW_storage_CA_SCE_SE_GW[AF],-1461.0,8991690289.0,-493254.0
9399,2038-02-01,GW_storage_CA_SCE_SE_GW[AF],-1503.0,9049081585.0,-494757.0
9400,2038-03-01,GW_storage_CA_SCE_SE_GW[AF],-1530.0,9108044798.0,-496287.0
9401,2038-04-01,GW_storage_CA_SCE_SE_GW[AF],-1540.0,9168794933.0,-497827.0
9402,2038-05-01,GW_storage_CA_SCE_SE_GW[AF],-1536.0,9229969082.0,-499363.0
9403,2038-06-01,GW_storage_CA_SCE_SE_GW[AF],-1526.0,9290494843.0,-500889.0
9404,2038-07-01,GW_storage_CA_SCE_SE_GW[AF],-1511.0,9350294408.0,-502400.0
9405,2038-08-01,GW_storage_CA_SCE_SE_GW[AF],-1494.0,9409318940.0,-503894.0
9406,2038-09-01,GW_storage_CA_SCE_SE_GW[AF],-1477.0,9467673979.0,-505371.0
9407,2038-10-01,GW_storage_CA_SCE_SE_GW[AF],-1460.0,9525253636.0,-506831.0
9408,2038-11-01,GW_storage_CA_SCE_SE_GW[AF],-1443.0,9582098472.0,-508274.0
9409,2038-12-01,GW_storage_CA_SCE_SE_GW[AF],-1426.0,9638248766.0,-509700.0
9410,2039-01-01,GW_storage_CA_SCE_SE_GW[AF],-1409.0,9693650977.0,-511109.0
9411,2039-02-01,GW_storage_CA_SCE_SE_GW[AF],-1393.0,9750458830.0,-512502.0
9412,2039-03-01,GW_storage_CA_SCE_SE_GW[AF],-1378.0,9809156458.0,-513880.0
9413,2039-04-01,GW_storage_CA_SCE_SE_GW[AF],-1361.0,9868559467.0,-515241.0
9414,2039-05-01,GW_storage_CA_SCE_SE_GW[AF],-1344.0,9927385773.0,-516585.0
9415,2039-06-01,GW_storage_CA_SCE_SE_GW[AF],-1328.0,9986965256.0,-517913.0
9416,2039-07-01,GW_storage_CA_SCE_SE_GW[AF],-1311.0,10046475029.0,-519224.0
9417,2039-08-01,GW_storage_CA_SCE_SE_GW[AF],-1296.0,10105238592.0,-520520.0
9418,2039-09-01,GW_storage_CA_SCE_SE_GW[AF],-1280.0,10163363477.0,-521800.0
9419,2039-10-01,GW_storage_CA_SCE_SE_GW[AF],-1264.0,10220781260.0,-523064.0
9420,2039-11-01,GW_storage_CA_SCE_SE_GW[AF],-1249.0,10277373162.0,-524313.0
9421,2039-12-01,GW_storage_CA_SCE_SE_GW[AF],-1233.0,10333185165.0,-525546.0
9422,2040-01-01,GW_storage_CA_SCE_SE_GW[AF],-1218.0,10388289039.0,-526764.0
9423,2040-02-01,GW_storage_CA_SCE_SE_GW[AF],-1204.0,10442633493.0,-527968.0
9424,2040-03-01,GW_storage_CA_SCE_SE_GW[AF],-1189.0,10496196844.0,-529157.0
9425,2040-04-01,GW_storage_CA_SCE_SE_GW[AF],-1175.0,10549040409.0,-530332.0
9426,2040-05-01,GW_storage_CA_SCE_SE_GW[AF],-1161.0,10601395194.0,-531493.0
9427,2040-06-01,GW_storage_CA_SCE_SE_GW[AF],-1147.0,10653107949.0,-532640.0
9428,2040-07-01,GW_storage_CA_SCE_SE_GW[AF],-1132.0,10704171007.0,-533772.0
9429,2040-08-01,GW_storage_CA_SCE_SE_GW[AF],-1118.0,10754605305.0,-534890.0
9430,2040-09-01,GW_storage_CA_SCE_SE_GW[AF],-1105.0,10804445973.0,-535995.0
9431,2040-10-01,GW_storage_CA_SCE_SE_GW[AF],-1091.0,10853648570.0,-537086.0
9432,2040-11-01,GW_storage_CA_SCE_SE_GW[AF],-1079.0,10902484914.0,-538165.0
9433,2040-12-01,GW_storage_CA_SCE_SE_GW[AF],-1065.0,10950730644.0,-539230.0
9434,2041-01-01,GW_storage_CA_SCE_SE_GW[AF],-1052.0,10998281298.0,-540282.0
9435,2041-02-01,GW_storage_CA_SCE_SE_GW[AF],-1040.0,11047818234.0,-541322.0
9436,2041-03-01,GW_storage_CA_SCE_SE_GW[AF],-1027.0,11099139984.0,-542349.0
9437,2041-04-01,GW_storage_CA_SCE_SE_GW[AF],-1015.0,11151170281.0,-543364.0
9438,2041-05-01,GW_storage_CA_SCE_SE_GW[AF],-1002.0,11202540882.0,-544366.0
9439,2041-06-01,GW_storage_CA_SCE_SE_GW[AF],-990.0,11253584926.0,-545356.0
9440,2041-07-01,GW_storage_CA_SCE_SE_GW[AF],-977.0,11304087287.0,-546333.0
9441,2041-08-01,GW_storage_CA_SCE_SE_GW[AF],-966.0,11354085428.0,-547299.0
9442,2041-09-01,GW_storage_CA_SCE_SE_GW[AF],-956.0,11403615397.0,-548255.0
9443,2041-10-01,GW_storage_CA_SCE_SE_GW[AF],-944.0,11452671944.0,-549199.0
9444,2041-11-01,GW_storage_CA_SCE_SE_GW[AF],-933.0,11501212889.0,-550132.0
9445,2041-12-01,GW_storage_CA_SCE_SE_GW[AF],-921.0,11549056939.0,-551053.0
9446,2042-01-01,GW_storage_CA_SCE_SE_GW[AF],-910.0,11596204581.0,-551963.0
9447,2042-02-01,GW_storage_CA_SCE_SE_GW[AF],-899.0,11642935334.0,-552862.0
9448,2042-03-01,GW_storage_CA_SCE_SE_GW[AF],-888.0,11689092595.0,-553750.0
9449,2042-04-01,GW_storage_CA_SCE_SE_GW[AF],-877.0,11735022869.0,-554627.0
9450,2042-05-01,GW_storage_CA_SCE_SE_GW[AF],-866.0,11780876718.0,-555493.0
9451,2042-06-01,GW_storage_CA_SCE_SE_GW[AF],-856.0,11826092725.0,-556349.0
9452,2042-07-01,GW_storage_CA_SCE_SE_GW[AF],-846.0,11871546727.0,-557195.0
9453,2042-08-01,GW_storage_CA_SCE_SE_GW[AF],-835.0,11916431990.0,-558030.0
9454,2042-09-01,GW_storage_CA_SCE_SE_GW[AF],-825.0,11960791410.0,-558855.0
9455,2042-10-01,GW_storage_CA_SCE_SE_GW[AF],-815.0,12004660184.0,-559670.0
9456,2042-11-01,GW_storage_CA_SCE_SE_GW[AF],-805.0,12048130811.0,-560475.0
9457,2042-12-01,GW_storage_CA_SCE_SE_GW[AF],-795.0,12091062837.0,-561270.0
9458,2043-01-01,GW_storage_CA_SCE_SE_GW[AF],-785.0,12133444088.0,-562055.0
9459,2043-02-01,GW_storage_CA_SCE_SE_GW[AF],-777.0,12175363925.0,-562832.0
9460,2043-03-01,GW_storage_CA_SCE_SE_GW[AF],-767.0,12216725340.0,-563599.0
9461,2043-04-01,GW_storage_CA_SCE_SE_GW[AF],-758.0,12257666079.0,-564357.0
9462,2043-05-01,GW_storage_CA_SCE_SE_GW[AF],-748.0,12298078753.0,-565105.0
9463,2043-06-01,GW_storage_CA_SCE_SE_GW[AF],-739.0,12338040338.0,-565844.0
9464,2043-07-01,GW_storage_CA_SCE_SE_GW[AF],-730.0,12377535688.0,-566574.0
9465,2043-08-01,GW_storage_CA_SCE_SE_GW[AF],-721.0,12416568319.0,-567295.0
9466,2043-09-01,GW_storage_CA_SCE_SE_GW[AF],-713.0,12455234071.0,-568008.0
9467,2043-10-01,GW_storage_CA_SCE_SE_GW[AF],-704.0,12493493716.0,-568712.0
9468,2043-11-01,GW_storage_CA_SCE_SE_GW[AF],-695.0,12531340494.0,-569407.0
9469,2043-12-01,GW_storage_CA_SCE_SE_GW[AF],-687.0,12568703212.0,-570094.0
9470,2044-01-01,GW_storage_CA_SCE_SE_GW[AF],-678.0,12605614127.0,-570772.0
9471,2044-02-01,GW_storage_CA_SCE_SE_GW[AF],-670.0,12642100391.0,-571442.0
9472,2044-03-01,GW_storage_CA_SCE_SE_GW[AF],-662.0,12678094207.0,-572104.0
9473,2044-04-01,GW_storage_CA_SCE_SE_GW[AF],-654.0,12715489683.0,-572758.0
9474,2044-05-01,GW_storage_CA_SCE_SE_GW[AF],-645.0,12757376464.0,-573403.0
9475,2044-06-01,GW_storage_CA_SCE_SE_GW[AF],-638.0,12798680033.0,-574041.0
9476,2044-07-01,GW_storage_CA_SCE_SE_GW[AF],-630.0,12840178366.0,-574671.0
9477,2044-08-01,GW_storage_CA_SCE_SE_GW[AF],-622.0,12881238666.0,-575293.0
9478,2044-09-01,GW_storage_CA_SCE_SE_GW[AF],-615.0,12921922929.0,-575908.0
9479,2044-10-01,GW_storage_CA_SCE_SE_GW[AF],-607.0,12962137170.0,-576515.0
9480,2044-11-01,GW_storage_CA_SCE_SE_GW[AF],-600.0,13001917872.0,-577115.0
9481,2044-12-01,GW_storage_CA_SCE_SE_GW[AF],-593.0,13041192913.0,-577708.0
9482,2045-01-01,GW_storage_CA_SCE_SE_GW[AF],-585.0,13079996277.0,-578293.0
9483,2045-02-01,GW_storage_CA_SCE_SE_GW[AF],-578.0,13119222084.0,-578871.0
9484,2045-03-01,GW_storage_CA_SCE_SE_GW[AF],-571.0,13158364150.0,-579442.0
9485,2045-04-01,GW_storage_CA_SCE_SE_GW[AF],-564.0,13198157185.0,-580006.0
9486,2045-05-01,GW_storage_CA_SCE_SE_GW[AF],-558.0,13237869018.0,-580564.0
9487,2045-06-01,GW_storage_CA_SCE_SE_GW[AF],-551.0,13278774379.0,-581115.0
9488,2045-07-01,GW_storage_CA_SCE_SE_GW[AF],-544.0,13324244062.0,-581659.0
9489,2045-08-01,GW_storage_CA_SCE_SE_GW[AF],-537.0,13372386542.0,-582196.0
9490,2045-09-01,GW_storage_CA_SCE_SE_GW[AF],-531.0,13419876881.0,-582727.0
9491,2045-10-01,GW_storage_CA_SCE_SE_GW[AF],-524.0,13466818785.0,-583251.0
9492,2045-11-01,GW_storage_CA_SCE_SE_GW[AF],-518.0,13513160105.0,-583769.0
9493,2045-12-01,GW_storage_CA_SCE_SE_GW[AF],-511.0,13560745919.0,-584280.0
9494,2046-01-01,GW_storage_CA_SCE_SE_GW[AF],-505.0,13615290772.0,-584785.0
9495,2046-02-01,GW_storage_CA_SCE_SE_GW[AF],-500.0,13677811710.0,-585285.0
9496,2046-03-01,GW_storage_CA_SCE_SE_GW[AF],-493.0,13748607831.0,-585778.0
9497,2046-04-01,GW_storage_CA_SCE_SE_GW[AF],-488.0,13826873589.0,-586266.0
9498,2046-05-01,GW_storage_CA_SCE_SE_GW[AF],-482.0,13907944967.0,-586748.0
9499,2046-06-01,GW_storage_CA_SCE_SE_GW[AF],-476.0,13989979852.0,-587224.0
9500,2046-07-01,GW_storage_CA_SCE_SE_GW[AF],-470.0,14071604903.0,-587694.0
9501,2046-08-01,GW_storage_CA_SCE_SE_GW[AF],-463.0,14152131683.0,-588157.0
9502,2046-09-01,GW_storage_CA_SCE_SE_GW[AF],-458.0,14231617714.0,-588615.0
9503,2046-10-01,GW_storage_CA_SCE_SE_GW[AF],-453.0,14310005025.0,-589068.0
9504,2046-11-01,GW_storage_CA_SCE_SE_GW[AF],-448.0,14387273527.0,-589516.0
9505,2046-12-01,GW_storage_CA_SCE_SE_GW[AF],-442.0,14463437376.0,-589958.0
9506,2047-01-01,GW_storage_CA_SCE_SE_GW[AF],-436.0,14538457981.0,-590394.0
9507,2047-02-01,GW_storage_CA_SCE_SE_GW[AF],-432.0,14612508014.0,-590826.0
9508,2047-03-01,GW_storage_CA_SCE_SE_GW[AF],-426.0,14685452283.0,-591252.0
9509,2047-04-01,GW_storage_CA_SCE_SE_GW[AF],-421.0,14764472816.0,-591673.0
9510,2047-05-01,GW_storage_CA_SCE_SE_GW[AF],-416.0,14860897341.0,-592089.0
9511,2047-06-01,GW_storage_CA_SCE_SE_GW[AF],-411.0,14972506362.0,-592500.0
9512,2047-07-01,GW_storage_CA_SCE_SE_GW[AF],-405.0,15088231692.0,-592905.0
9513,2047-08-01,GW_storage_CA_SCE_SE_GW[AF],-401.0,15203332934.0,-593306.0
9514,2047-09-01,GW_storage_CA_SCE_SE_GW[AF],-395.0,15317492289.0,-593701.0
9515,2047-10-01,GW_storage_CA_SCE_SE_GW[AF],-391.0,15430042333.0,-594092.0
9516,2047-11-01,GW_storage_CA_SCE_SE_GW[AF],-386.0,15542831934.0,-594478.0
9517,2047-12-01,GW_storage_CA_SCE_SE_GW[AF],-381.0,15653870877.0,-594859.0
9518,2048-01-01,GW_storage_CA_SCE_SE_GW[AF],-377.0,15763169397.0,-595236.0
9519,2048-02-01,GW_storage_CA_SCE_SE_GW[AF],-372.0,15872138297.0,-595608.0
9520,2048-03-01,GW_storage_CA_SCE_SE_GW[AF],-367.0,15987897138.0,-595975.0
9521,2048-04-01,GW_storage_CA_SCE_SE_GW[AF],-363.0,16106751114.0,-596338.0
9522,2048-05-01,GW_storage_CA_SCE_SE_GW[AF],-358.0,16226738594.0,-596696.0
9523,2048-06-01,GW_storage_CA_SCE_SE_GW[AF],-354.0,16346930466.0,-597050.0
9524,2048-07-01,GW_storage_CA_SCE_SE_GW[AF],-349.0,16466203172.0,-597399.0
9525,2048-08-01,GW_storage_CA_SCE_SE_GW[AF],-345.0,16583670765.0,-597744.0
9526,2048-09-01,GW_storage_CA_SCE_SE_GW[AF],-341.0,16699553017.0,-598085.0
9527,2048-10-01,GW_storage_CA_SCE_SE_GW[AF],-337.0,16813788962.0,-598422.0
9528,2048-11-01,GW_storage_CA_SCE_SE_GW[AF],-333.0,16926416472.0,-598755.0
9529,2048-12-01,GW_storage_CA_SCE_SE_GW[AF],-329.0,17038918116.0,-599084.0
9530,2049-01-01,GW_storage_CA_SCE_SE_GW[AF],-325.0,17150214903.0,-599409.0
9531,2049-02-01,GW_storage_CA_SCE_SE_GW[AF],-321.0,17259849423.0,-599730.0
9532,2049-03-01,GW_storage_CA_SCE_SE_GW[AF],-317.0,17374140295.0,-600047.0
9533,2049-04-01,GW_storage_CA_SCE_SE_GW[AF],-313.0,17496980626.0,-600360.0
9534,2049-05-01,GW_storage_CA_SCE_SE_GW[AF],-309.0,17623520262.0,-600669.0
9535,2049-06-01,GW_storage_CA_SCE_SE_GW[AF],-305.0,17749882278.0,-600974.0
9536,2049-07-01,GW_storage_CA_SCE_SE_GW[AF],-301.0,17875311834.0,-601275.0
9537,2049-08-01,GW_storage_CA_SCE_SE_GW[AF],-297.0,17998950915.0,-601572.0
9538,2049-09-01,GW_storage_CA_SCE_SE_GW[AF],-294.0,18120987592.0,-601866.0
9539,2049-10-01,GW_storage_CA_SCE_SE_GW[AF],-291.0,18241422265.0,-602157.0
9540,2049-11-01,GW_storage_CA_SCE_SE_GW[AF],-287.0,18360102830.0,-602444.0
9541,2049-12-01,GW_storage_CA_SCE_SE_GW[AF],-283.0,18476910369.0,-602727.0
9542,2050-01-01,GW_storage_CA_SCE_SE_GW[AF],-280.0,18591916831.0,-603007.0
9543,2050-02-01,GW_storage_CA_SCE_SE_GW[AF],-277.0,18705272956.0,-603284.0
9544,2050-03-01,GW_storage_CA_SCE_SE_GW[AF],-274.0,18821028859.0,-603558.0
9545,2050-04-01,GW_storage_CA_SCE_SE_GW[AF],387089.0,18940506995.0,-216469.0
9546,2050-05-01,GW_storage_CA_SCE_SE_GW[AF],663583.0,19059600483.0,447114.0
9547,2050-06-01,GW_storage_CA_SCE_SE_GW[AF],655620.0,19178428021.0,1102734.0
9548,2050-07-01,GW_storage_CA_SCE_SE_GW[AF],647491.0,19296435077.0,1750225.0
9549,2050-08-01,GW_storage_CA_SCE_SE_GW[AF],639461.0,19412834260.0,2389686.0
9550,2050-09-01,GW_storage_CA_SCE_SE_GW[AF],631788.0,19527808893.0,3021474.0
9551,2050-10-01,GW_storage_CA_SCE_SE_GW[AF],623954.0,19641173895.0,3645428.0
9552,2050-11-01,GW_storage_CA_SCE_SE_GW[AF],616467.0,19752769080.0,4261895.0
9553,2050-12-01,GW_storage_CA_SCE_SE_GW[AF],608822.0,19862611454.0,4870717.0
9554,2051-01-01,GW_storage_CA_SCE_SE_GW[AF],601272.0,19970764786.0,5471989.0
9555,2051-02-01,GW_storage_CA_SCE_SE_GW[AF],594538.0,20077395432.0,6066527.0
9556,2051-03-01,GW_storage_CA_SCE_SE_GW[AF],587166.0,20182370827.0,6653693.0
9557,2051-04-01,GW_storage_CA_SCE_SE_GW[AF],580120.0,20291580463.0,7233813.0
9558,2051-05-01,GW_storage_CA_SCE_SE_GW[AF],572926.0,20400038326.0,7806739.0
9559,2051-06-01,GW_storage_CA_SCE_SE_GW[AF],566052.0,20508257786.0,8372791.0
9560,2051-07-01,GW_storage_CA_SCE_SE_GW[AF],559033.0,20615875318.0,8931824.0
9561,2051-08-01,GW_storage_CA_SCE_SE_GW[AF],552101.0,20722198437.0,9483925.0
9562,2051-09-01,GW_storage_CA_SCE_SE_GW[AF],545475.0,20827038775.0,10029400.0
9563,2051-10-01,GW_storage_CA_SCE_SE_GW[AF],538719.0,20930437548.0,10568119.0
9564,2051-11-01,GW_storage_CA_SCE_SE_GW[AF],532255.0,21032468769.0,11100374.0
9565,2051-12-01,GW_storage_CA_SCE_SE_GW[AF],525655.0,21133705710.0,11626029.0
9566,2052-01-01,GW_storage_CA_SCE_SE_GW[AF],519137.0,21233433839.0,12145166.0
9567,2052-02-01,GW_storage_CA_SCE_SE_GW[AF],513115.0,21331717041.0,12658281.0
9568,2052-03-01,GW_storage_CA_SCE_SE_GW[AF],506751.0,21429607427.0,13165032.0
9569,2052-04-01,GW_storage_CA_SCE_SE_GW[AF],500670.0,21527851494.0,13665702.0
9570,2052-05-01,GW_storage_CA_SCE_SE_GW[AF],494462.0,21624977785.0,14160164.0
9571,2052-06-01,GW_storage_CA_SCE_SE_GW[AF],488528.0,21720857498.0,14648692.0
9572,2052-07-01,GW_storage_CA_SCE_SE_GW[AF],482471.0,21815421513.0,15131163.0
9573,2052-08-01,GW_storage_CA_SCE_SE_GW[AF],476488.0,21908765850.0,15607651.0
9574,2052-09-01,GW_storage_CA_SCE_SE_GW[AF],470771.0,22001026854.0,16078422.0
9575,2052-10-01,GW_storage_CA_SCE_SE_GW[AF],464933.0,22092179195.0,16543355.0
9576,2052-11-01,GW_storage_CA_SCE_SE_GW[AF],459353.0,22182158688.0,17002708.0
9577,2052-12-01,GW_storage_CA_SCE_SE_GW[AF],453658.0,22270990851.0,17456366.0
9578,2053-01-01,GW_storage_CA_SCE_SE_GW[AF],448032.0,22358572318.0,17904398.0
9579,2053-02-01,GW_storage_CA_SCE_SE_GW[AF],443015.0,22445234888.0,18347413.0
9580,2053-03-01,GW_storage_CA_SCE_SE_GW[AF],437521.0,22531338210.0,18784934.0
9581,2053-04-01,GW_storage_CA_SCE_SE_GW[AF],432271.0,22618197854.0,19217205.0
9582,2053-05-01,GW_storage_CA_SCE_SE_GW[AF],426903.0,22705000235.0,19644108.0
9583,2053-06-01,GW_storage_CA_SCE_SE_GW[AF],421780.0,22792005107.0,20065888.0
9584,2053-07-01,GW_storage_CA_SCE_SE_GW[AF],416549.0,22878611714.0,20482437.0
9585,2053-08-01,GW_storage_CA_SCE_SE_GW[AF],411384.0,22964123789.0,20893821.0
9586,2053-09-01,GW_storage_CA_SCE_SE_GW[AF],406448.0,23048536524.0,21300269.0
9587,2053-10-01,GW_storage_CA_SCE_SE_GW[AF],401408.0,23131866519.0,21701677.0
9588,2053-11-01,GW_storage_CA_SCE_SE_GW[AF],396591.0,23214276747.0,22098268.0
9589,2053-12-01,GW_storage_CA_SCE_SE_GW[AF],391681.0,23295578937.0,22489949.0
9590,2054-01-01,GW_storage_CA_SCE_SE_GW[AF],386833.0,23375761806.0,22876782.0
9591,2054-02-01,GW_storage_CA_SCE_SE_GW[AF],382500.0,23454991045.0,23259282.0
9592,2054-03-01,GW_storage_CA_SCE_SE_GW[AF],377757.0,23533194281.0,23637039.0
9593,2054-04-01,GW_storage_CA_SCE_SE_GW[AF],373224.0,23610840643.0,24010263.0
9594,2054-05-01,GW_storage_CA_SCE_SE_GW[AF],368595.0,23687968757.0,24378858.0
9595,2054-06-01,GW_storage_CA_SCE_SE_GW[AF],364173.0,23764134532.0,24743031.0
9596,2054-07-01,GW_storage_CA_SCE_SE_GW[AF],359657.0,23839346953.0,25102688.0
9597,2054-08-01,GW_storage_CA_SCE_SE_GW[AF],355197.0,23913680649.0,25457885.0
9598,2054-09-01,GW_storage_CA_SCE_SE_GW[AF],351466.0,23987275722.0,25809351.0
9599,2054-10-01,GW_storage_CA_SCE_SE_GW[AF],347108.0,24060063673.0,26156459.0
9600,2054-11-01,GW_storage_CA_SCE_SE_GW[AF],342943.0,24132040073.0,26499402.0
9601,2054-12-01,GW_storage_CA_SCE_SE_GW[AF],338690.0,24203075252.0,26838092.0
9602,2055-01-01,GW_storage_CA_SCE_SE_GW[AF],334490.0,24273232069.0,27172582.0
9603,2055-02-01,GW_storage_CA_SCE_SE_GW[AF],330744.0,24346983422.0,27503326.0
9604,2055-03-01,GW_storage_CA_SCE_SE_GW[AF],326643.0,24429418525.0,27829969.0
9605,2055-04-01,GW_storage_CA_SCE_SE_GW[AF],322723.0,24519974284.0,28152692.0
9606,2055-05-01,GW_storage_CA_SCE_SE_GW[AF],318721.0,24612887460.0,28471413.0
9607,2055-06-01,GW_storage_CA_SCE_SE_GW[AF],314896.0,24705731755.0,28786309.0
9608,2055-07-01,GW_storage_CA_SCE_SE_GW[AF],310992.0,24797561549.0,29097301.0
9609,2055-08-01,GW_storage_CA_SCE_SE_GW[AF],307136.0,24888417864.0,29404437.0
9610,2055-09-01,GW_storage_CA_SCE_SE_GW[AF],303450.0,24978247446.0,29707887.0
9611,2055-10-01,GW_storage_CA_SCE_SE_GW[AF],299687.0,25067037402.0,30007574.0
9612,2055-11-01,GW_storage_CA_SCE_SE_GW[AF],296091.0,25154620871.0,30303665.0
9613,2055-12-01,GW_storage_CA_SCE_SE_GW[AF],292419.0,25240958786.0,30596084.0
9614,2056-01-01,GW_storage_CA_SCE_SE_GW[AF],288794.0,25326085001.0,30884878.0
9615,2056-02-01,GW_storage_CA_SCE_SE_GW[AF],285443.0,25410115783.0,31170321.0
9616,2056-03-01,GW_storage_CA_SCE_SE_GW[AF],281904.0,25493046199.0,31452225.0
9617,2056-04-01,GW_storage_CA_SCE_SE_GW[AF],278521.0,25579867650.0,31730746.0
9618,2056-05-01,GW_storage_CA_SCE_SE_GW[AF],275067.0,25665994452.0,32005813.0
9619,2056-06-01,GW_storage_CA_SCE_SE_GW[AF],271767.0,25751014051.0,32277580.0
9620,2056-07-01,GW_storage_CA_SCE_SE_GW[AF],268396.0,25834999057.0,32545976.0
9621,2056-08-01,GW_storage_CA_SCE_SE_GW[AF],265068.0,25918012980.0,32811044.0
9622,2056-09-01,GW_storage_CA_SCE_SE_GW[AF],261888.0,26000006720.0,33072932.0
9623,2056-10-01,GW_storage_CA_SCE_SE_GW[AF],258640.0,26080893812.0,33331572.0
9624,2056-11-01,GW_storage_CA_SCE_SE_GW[AF],255537.0,26160908259.0,33587109.0
9625,2056-12-01,GW_storage_CA_SCE_SE_GW[AF],252368.0,26240212456.0,33839477.0
9626,2057-01-01,GW_storage_CA_SCE_SE_GW[AF],249239.0,26318587848.0,34088716.0
9627,2057-02-01,GW_storage_CA_SCE_SE_GW[AF],246447.0,26395985372.0,34335163.0
9628,2057-03-01,GW_storage_CA_SCE_SE_GW[AF],243391.0,26472734266.0,34578554.0
9629,2057-04-01,GW_storage_CA_SCE_SE_GW[AF],240470.0,26556295278.0,34819024.0
9630,2057-05-01,GW_storage_CA_SCE_SE_GW[AF],237489.0,26638790503.0,35056513.0
9631,2057-06-01,GW_storage_CA_SCE_SE_GW[AF],234639.0,26720263696.0,35291152.0
9632,2057-07-01,GW_storage_CA_SCE_SE_GW[AF],231729.0,26800720453.0,35522881.0
9633,2057-08-01,GW_storage_CA_SCE_SE_GW[AF],228856.0,26880212595.0,35751737.0
9634,2057-09-01,GW_storage_CA_SCE_SE_GW[AF],226110.0,26958875022.0,35977847.0
9635,2057-10-01,GW_storage_CA_SCE_SE_GW[AF],223306.0,27036568588.0,36201153.0
9636,2057-11-01,GW_storage_CA_SCE_SE_GW[AF],220626.0,27113396201.0,36421779.0
9637,2057-12-01,GW_storage_CA_SCE_SE_GW[AF],217890.0,27189264327.0,36639669.0
9638,2058-01-01,GW_storage_CA_SCE_SE_GW[AF],215188.0,27264124633.0,36854857.0
9639,2058-02-01,GW_storage_CA_SCE_SE_GW[AF],212778.0,27348265847.0,37067635.0
9640,2058-03-01,GW_storage_CA_SCE_SE_GW[AF],210140.0,27440889382.0,37277775.0
9641,2058-04-01,GW_storage_CA_SCE_SE_GW[AF],207618.0,27539133274.0,37485393.0
9642,2058-05-01,GW_storage_CA_SCE_SE_GW[AF],205044.0,27639449314.0,37690437.0
9643,2058-06-01,GW_storage_CA_SCE_SE_GW[AF],202584.0,27738779306.0,37893021.0
9644,2058-07-01,GW_storage_CA_SCE_SE_GW[AF],200071.0,27837531793.0,38093092.0
9645,2058-08-01,GW_storage_CA_SCE_SE_GW[AF],197591.0,27935280444.0,38290683.0
9646,2058-09-01,GW_storage_CA_SCE_SE_GW[AF],195219.0,28031862865.0,38485902.0
9647,2058-10-01,GW_storage_CA_SCE_SE_GW[AF],192798.0,28127260463.0,38678700.0
9648,2058-11-01,GW_storage_CA_SCE_SE_GW[AF],190485.0,28221366217.0,38869185.0
9649,2058-12-01,GW_storage_CA_SCE_SE_GW[AF],188123.0,28314157055.0,39057308.0
9650,2059-01-01,GW_storage_CA_SCE_SE_GW[AF],185790.0,28405540773.0,39243098.0
9651,2059-02-01,GW_storage_CA_SCE_SE_GW[AF],183710.0,28502067677.0,39426808.0
9652,2059-03-01,GW_storage_CA_SCE_SE_GW[AF],181431.0,28605457246.0,39608239.0
9653,2059-04-01,GW_storage_CA_SCE_SE_GW[AF],179254.0,28717814838.0,39787493.0
9654,2059-05-01,GW_storage_CA_SCE_SE_GW[AF],177032.0,28830913147.0,39964525.0
9655,2059-06-01,GW_storage_CA_SCE_SE_GW[AF],174907.0,28943770190.0,40139432.0
9656,2059-07-01,GW_storage_CA_SCE_SE_GW[AF],172738.0,29055182582.0,40312170.0
9657,2059-08-01,GW_storage_CA_SCE_SE_GW[AF],170596.0,29165160032.0,40482766.0
9658,2059-09-01,GW_storage_CA_SCE_SE_GW[AF],168549.0,29273920291.0,40651315.0
9659,2059-10-01,GW_storage_CA_SCE_SE_GW[AF],166459.0,29381402010.0,40817774.0
9660,2059-11-01,GW_storage_CA_SCE_SE_GW[AF],164462.0,29487451547.0,40982236.0
9661,2059-12-01,GW_storage_CA_SCE_SE_GW[AF],162422.0,29592083281.0,41144658.0
9662,2060-01-01,GW_storage_CA_SCE_SE_GW[AF],160408.0,29695071869.0,41305066.0
9663,2060-02-01,GW_storage_CA_SCE_SE_GW[AF],158547.0,29797999369.0,41463613.0
9664,2060-03-01,GW_storage_CA_SCE_SE_GW[AF],156573.0,29907235449.0,41620186.0
9665,2060-04-01,GW_storage_CA_SCE_SE_GW[AF],154695.0,30022282651.0,41774881.0
9666,2060-05-01,GW_storage_CA_SCE_SE_GW[AF],152777.0,30138204137.0,41927658.0
9667,2060-06-01,GW_storage_CA_SCE_SE_GW[AF],150943.0,30253989194.0,42078601.0
9668,2060-07-01,GW_storage_CA_SCE_SE_GW[AF],149072.0,30369445165.0,42227673.0
9669,2060-08-01,GW_storage_CA_SCE_SE_GW[AF],147223.0,30483354195.0,42374896.0
9670,2060-09-01,GW_storage_CA_SCE_SE_GW[AF],145456.0,30595912136.0,42520352.0
9671,2060-10-01,GW_storage_CA_SCE_SE_GW[AF],143652.0,30707058453.0,42664004.0
9672,2060-11-01,GW_storage_CA_SCE_SE_GW[AF],141929.0,30816686913.0,42805933.0
9673,2060-12-01,GW_storage_CA_SCE_SE_GW[AF],140169.0,30924630927.0,42946102.0
9674,2061-01-01,GW_storage_CA_SCE_SE_GW[AF],138430.0,31038058188.0,43084532.0
9675,2061-02-01,GW_storage_CA_SCE_SE_GW[AF],136881.0,31163247262.0,43221413.0
9676,2061-03-01,GW_storage_CA_SCE_SE_GW[AF],135183.0,31301926464.0,43356596.0
9677,2061-04-01,GW_storage_CA_SCE_SE_GW[AF],133561.0,31460043743.0,43490157.0
9678,2061-05-01,GW_storage_CA_SCE_SE_GW[AF],131905.0,31621719240.0,43622062.0
9679,2061-06-01,GW_storage_CA_SCE_SE_GW[AF],130322.0,31781944019.0,43752384.0
9680,2061-07-01,GW_storage_CA_SCE_SE_GW[AF],128706.0,31940594248.0,43881090.0
9681,2061-08-01,GW_storage_CA_SCE_SE_GW[AF],127110.0,32097666692.0,44008200.0
9682,2061-09-01,GW_storage_CA_SCE_SE_GW[AF],125585.0,32253244922.0,44133785.0
9683,2061-10-01,GW_storage_CA_SCE_SE_GW[AF],124027.0,32407132898.0,44257812.0
9684,2061-11-01,GW_storage_CA_SCE_SE_GW[AF],122539.0,32559108380.0,44380351.0
9685,2061-12-01,GW_storage_CA_SCE_SE_GW[AF],121020.0,32709321481.0,44501371.0
9686,2062-01-01,GW_storage_CA_SCE_SE_GW[AF],119519.0,32858735378.0,44620890.0
9687,2062-02-01,GW_storage_CA_SCE_SE_GW[AF],118180.0,33022044851.0,44739070.0
9688,2062-03-01,GW_storage_CA_SCE_SE_GW[AF],116715.0,33198837130.0,44855785.0
9689,2062-04-01,GW_storage_CA_SCE_SE_GW[AF],115314.0,33390837210.0,44971099.0
9690,2062-05-01,GW_storage_CA_SCE_SE_GW[AF],113892.0,33584259641.0,45084991.0
9691,2062-06-01,GW_storage_CA_SCE_SE_GW[AF],112526.0,33776858517.0,45197517.0
9692,2062-07-01,GW_storage_CA_SCE_SE_GW[AF],111130.0,33967635736.0,45308647.0
9693,2062-08-01,GW_storage_CA_SCE_SE_GW[AF],109753.0,34156855847.0,45418400.0
9694,2062-09-01,GW_storage_CA_SCE_SE_GW[AF],108435.0,34344548104.0,45526835.0
9695,2062-10-01,GW_storage_CA_SCE_SE_GW[AF],107090.0,34530332137.0,45633925.0
9696,2062-11-01,GW_storage_CA_SCE_SE_GW[AF],105806.0,34714073091.0,45739731.0
9697,2062-12-01,GW_storage_CA_SCE_SE_GW[AF],104486.0,34895778448.0,45844217.0
9698,2063-01-01,GW_storage_CA_SCE_SE_GW[AF],103190.0,35079072230.0,45947407.0
9699,2063-02-01,GW_storage_CA_SCE_SE_GW[AF],102034.0,35269350335.0,46049441.0
9700,2063-03-01,GW_storage_CA_SCE_SE_GW[AF],100765.0,35470064786.0,46150206.0
9701,2063-04-01,GW_storage_CA_SCE_SE_GW[AF],584552.0,35683040547.0,46734758.0
9702,2063-05-01,GW_storage_CA_SCE_SE_GW[AF],882491.0,35907121073.0,47617249.0
9703,2063-06-01,GW_storage_CA_SCE_SE_GW[AF],871901.0,36134854310.0,48489150.0
9704,2063-07-01,GW_storage_CA_SCE_SE_GW[AF],861089.0,36361472567.0,49350239.0
9705,2063-08-01,GW_storage_CA_SCE_SE_GW[AF],850412.0,36586142514.0,50200651.0
9706,2063-09-01,GW_storage_CA_SCE_SE_GW[AF],840207.0,36808934029.0,51040858.0
9707,2063-10-01,GW_storage_CA_SCE_SE_GW[AF],829788.0,37029507927.0,51870646.0
9708,2063-11-01,GW_storage_CA_SCE_SE_GW[AF],819831.0,37248012309.0,52690477.0
9709,2063-12-01,GW_storage_CA_SCE_SE_GW[AF],2081645.0,37465671472.0,54772122.0
9710,2064-01-01,GW_storage_CA_SCE_SE_GW[AF],3298182.0,37694815963.0,58070304.0
9711,2064-02-01,GW_storage_CA_SCE_SE_GW[AF],4361580.0,37945097639.0,62431884.0
9712,2064-03-01,GW_storage_CA_SCE_SE_GW[AF],5153380.0,38213638934.0,67585264.0
9713,2064-04-01,GW_storage_CA_SCE_SE_GW[AF],5615656.0,38493367090.0,73200920.0
9714,2064-05-01,GW_storage_CA_SCE_SE_GW[AF],6630245.0,38776738105.0,79831165.0
9715,2064-06-01,GW_storage_CA_SCE_SE_GW[AF],6797030.0,39060661713.0,86628195.0
9716,2064-07-01,GW_storage_CA_SCE_SE_GW[AF],6712748.0,39341932866.0,93340943.0
9717,2064-08-01,GW_storage_CA_SCE_SE_GW[AF],6629509.0,39620711220.0,99970452.0
9718,2064-09-01,GW_storage_CA_SCE_SE_GW[AF],6549955.0,39897002798.0,106520407.0
9719,2064-10-01,GW_storage_CA_SCE_SE_GW[AF],6468736.0,40170736712.0,112989143.0
9720,2064-11-01,GW_storage_CA_SCE_SE_GW[AF],6391111.0,40442044957.0,119380254.0
9721,2064-12-01,GW_storage_CA_SCE_SE_GW[AF],7542610.0,40711834451.0,126922864.0
9722,2065-01-01,GW_storage_CA_SCE_SE_GW[AF],8514960.0,40982757097.0,135437824.0
9723,2065-02-01,GW_storage_CA_SCE_SE_GW[AF],9278049.0,41255716076.0,144715873.0
9724,2065-03-01,GW_storage_CA_SCE_SE_GW[AF],9880748.0,41533378347.0,154596621.0
9725,2065-04-01,GW_storage_CA_SCE_SE_GW[AF],10028149.0,41819419395.0,164624770.0
9726,2065-05-01,GW_storage_CA_SCE_SE_GW[AF],9903801.0,42107659636.0,174528571.0
9727,2065-06-01,GW_storage_CA_SCE_SE_GW[AF],9784955.0,42393392346.0,184313526.0
9728,2065-07-01,GW_storage_CA_SCE_SE_GW[AF],9663622.0,42678359041.0,193977148.0
9729,2065-08-01,GW_storage_CA_SCE_SE_GW[AF],9543793.0,42960938762.0,203520941.0
9730,2065-09-01,GW_storage_CA_SCE_SE_GW[AF],9429267.0,43241061639.0,212950208.0
9731,2065-10-01,GW_storage_CA_SCE_SE_GW[AF],9312344.0,43518553408.0,222262552.0
9732,2065-11-01,GW_storage_CA_SCE_SE_GW[AF],9200596.0,43793351378.0,231463148.0
9733,2065-12-01,GW_storage_CA_SCE_SE_GW[AF],9086509.0,44065325818.0,240549657.0
9734,2066-01-01,GW_storage_CA_SCE_SE_GW[AF],8973844.0,44334625115.0,249523501.0
9735,2066-02-01,GW_storage_CA_SCE_SE_GW[AF],8873338.0,44601575728.0,258396839.0
9736,2066-03-01,GW_storage_CA_SCE_SE_GW[AF],8763308.0,44865977654.0,267160147.0
9737,2066-04-01,GW_storage_CA_SCE_SE_GW[AF],8658148.0,45130939542.0,275818295.0
9738,2066-05-01,GW_storage_CA_SCE_SE_GW[AF],8550787.0,45393925169.0,284369082.0
9739,2066-06-01,GW_storage_CA_SCE_SE_GW[AF],8448177.0,45654573916.0,292817259.0
9740,2066-07-01,GW_storage_CA_SCE_SE_GW[AF],8343420.0,45912927675.0,301160679.0
9741,2066-08-01,GW_storage_CA_SCE_SE_GW[AF],8239970.0,46169111465.0,309400649.0
9742,2066-09-01,GW_storage_CA_SCE_SE_GW[AF],8141090.0,46423600426.0,317541739.0
9743,2066-10-01,GW_storage_CA_SCE_SE_GW[AF],8040140.0,46676263355.0,325581879.0
9744,2066-11-01,GW_storage_CA_SCE_SE_GW[AF],7943659.0,46927228863.0,333525538.0
9745,2066-12-01,GW_storage_CA_SCE_SE_GW[AF],7845157.0,47176198480.0,341370695.0
9746,2067-01-01,GW_storage_CA_SCE_SE_GW[AF],7747877.0,47422896821.0,349118572.0
9747,2067-02-01,GW_storage_CA_SCE_SE_GW[AF],7661101.0,47667661431.0,356779673.0
9748,2067-03-01,GW_storage_CA_SCE_SE_GW[AF],7566103.0,47910308464.0,364345776.0
9749,2067-04-01,GW_storage_CA_SCE_SE_GW[AF],7475310.0,48151085524.0,371821086.0
9750,2067-05-01,GW_storage_CA_SCE_SE_GW[AF],7382616.0,48389950965.0,379203702.0
9751,2067-06-01,GW_storage_CA_SCE_SE_GW[AF],7294025.0,48627002221.0,386497727.0
9752,2067-07-01,GW_storage_CA_SCE_SE_GW[AF],7203579.0,48862124917.0,393701306.0
9753,2067-08-01,GW_storage_CA_SCE_SE_GW[AF],7114255.0,49095321876.0,400815561.0
9754,2067-09-01,GW_storage_CA_SCE_SE_GW[AF],7028883.0,49326841519.0,407844444.0
9755,2067-10-01,GW_storage_CA_SCE_SE_GW[AF],6941725.0,49556552267.0,414786169.0
9756,2067-11-01,GW_storage_CA_SCE_SE_GW[AF],6858425.0,49784868208.0,421644594.0
9757,2067-12-01,GW_storage_CA_SCE_SE_GW[AF],6773380.0,50011545293.0,428417974.0
9758,2068-01-01,GW_storage_CA_SCE_SE_GW[AF],6689390.0,50238331069.0,435107364.0
9759,2068-02-01,GW_storage_CA_SCE_SE_GW[AF],6611793.0,50478937732.0,441719157.0
9760,2068-03-01,GW_storage_CA_SCE_SE_GW[AF],6529807.0,50739381265.0,448248964.0
9761,2068-04-01,GW_storage_CA_SCE_SE_GW[AF],6885746.0,51011294375.0,455134710.0
9762,2068-05-01,GW_storage_CA_SCE_SE_GW[AF],7087189.0,51290774772.0,462221899.0
9763,2068-06-01,GW_storage_CA_SCE_SE_GW[AF],7002142.0,51571539123.0,469224041.0
9764,2068-07-01,GW_storage_CA_SCE_SE_GW[AF],6915316.0,51851333229.0,476139357.0
9765,2068-08-01,GW_storage_CA_SCE_SE_GW[AF],6829567.0,52129191774.0,482968924.0
9766,2068-09-01,GW_storage_CA_SCE_SE_GW[AF],6747612.0,52405096290.0,489716536.0
9767,2068-10-01,GW_storage_CA_SCE_SE_GW[AF],6663941.0,52678907664.0,496380477.0
9768,2068-11-01,GW_storage_CA_SCE_SE_GW[AF],6583974.0,52950483517.0,502964451.0
9769,2068-12-01,GW_storage_CA_SCE_SE_GW[AF],6502324.0,53219819895.0,509466775.0
9770,2069-01-01,GW_storage_CA_SCE_SE_GW[AF],6421696.0,53487155316.0,515888471.0
9771,2069-02-01,GW_storage_CA_SCE_SE_GW[AF],6349773.0,53760870931.0,522238244.0
9772,2069-03-01,GW_storage_CA_SCE_SE_GW[AF],6271613.0,54039428849.0,528509857.0
9773,2069-04-01,GW_storage_CA_SCE_SE_GW[AF],6196354.0,54324092180.0,534706211.0
9774,2069-05-01,GW_storage_CA_SCE_SE_GW[AF],6119520.0,54609436481.0,540825731.0
9775,2069-06-01,GW_storage_CA_SCE_SE_GW[AF],6046086.0,54894337917.0,546871817.0
9776,2069-07-01,GW_storage_CA_SCE_SE_GW[AF],5971114.0,55177218144.0,552842931.0
9777,2069-08-01,GW_storage_CA_SCE_SE_GW[AF],5897072.0,55458179949.0,558740003.0
9778,2069-09-01,GW_storage_CA_SCE_SE_GW[AF],5826307.0,55737226700.0,564566310.0
9779,2069-10-01,GW_storage_CA_SCE_SE_GW[AF],5754060.0,56014313112.0,570320370.0
9780,2069-11-01,GW_storage_CA_SCE_SE_GW[AF],5685012.0,56289244905.0,576005382.0
9781,2069-12-01,GW_storage_CA_SCE_SE_GW[AF],5614518.0,56561948550.0,581619900.0
9782,2070-01-01,GW_storage_CA_SCE_SE_GW[AF],5544898.0,56832455571.0,587164798.0
9783,2070-02-01,GW_storage_CA_SCE_SE_GW[AF],5482795.0,57101031869.0,592647593.0
9784,2070-03-01,GW_storage_CA_SCE_SE_GW[AF],5414809.0,57367456127.0,598062402.0
9785,2070-04-01,GW_storage_CA_SCE_SE_GW[AF],5349831.0,57631884127.0,603412233.0
9786,2070-05-01,GW_storage_CA_SCE_SE_GW[AF],5282864.0,57894580730.0,608695097.0
9787,2070-06-01,GW_storage_CA_SCE_SE_GW[AF],5218833.0,58156625113.0,613913930.0
9788,2070-07-01,GW_storage_CA_SCE_SE_GW[AF],5153497.0,58417720429.0,619067427.0
9789,2070-08-01,GW_storage_CA_SCE_SE_GW[AF],5089603.0,58677125935.0,624157030.0
9790,2070-09-01,GW_storage_CA_SCE_SE_GW[AF],5028527.0,58935122487.0,629185557.0
9791,2070-10-01,GW_storage_CA_SCE_SE_GW[AF],4966173.0,59191573450.0,634151730.0
9792,2070-11-01,GW_storage_CA_SCE_SE_GW[AF],4906580.0,59446278042.0,639058310.0
9793,2070-12-01,GW_storage_CA_SCE_SE_GW[AF],4845738.0,59699129256.0,643904048.0
8655,2021-08-01,GW_storage_CA_SCE_S_GW[AF],-155.0,833341.0,-155.0
8656,2021-09-01,GW_storage_CA_SCE_S_GW[AF],-582.0,1034591.0,-737.0
8657,2021-10-01,GW_storage_CA_SCE_S_GW[AF],-424.0,1228184.0,-1161.0
8658,2021-11-01,GW_storage_CA_SCE_S_GW[AF],353.0,1408873.0,-808.0
8659,2021-12-01,GW_storage_CA_SCE_S_GW[AF],426.0,1583705.0,-382.0
8660,2022-01-01,GW_storage_CA_SCE_S_GW[AF],429.0,1753848.0,47.0
8661,2022-02-01,GW_storage_CA_SCE_S_GW[AF],431.0,1920342.0,478.0
8662,2022-03-01,GW_storage_CA_SCE_S_GW[AF],428.0,2083476.0,906.0
8663,2022-04-01,GW_storage_CA_SCE_S_GW[AF],426.0,2243387.0,1332.0
8664,2022-05-01,GW_storage_CA_SCE_S_GW[AF],423.0,2522880.0,1755.0
8665,2022-06-01,GW_storage_CA_SCE_S_GW[AF],422.0,3551564.0,2177.0
8666,2022-07-01,GW_storage_CA_SCE_S_GW[AF],419.0,4562843.0,2596.0
8667,2022-08-01,GW_storage_CA_SCE_S_GW[AF],417.0,5557441.0,3013.0
8668,2022-09-01,GW_storage_CA_SCE_S_GW[AF],411.0,6536311.0,3424.0
8669,2022-10-01,GW_storage_CA_SCE_S_GW[AF],409.0,7499151.0,3833.0
8670,2022-11-01,GW_storage_CA_SCE_S_GW[AF],406.0,8445383.0,4239.0
8671,2022-12-01,GW_storage_CA_SCE_S_GW[AF],402.0,9374562.0,4641.0
8672,2023-01-01,GW_storage_CA_SCE_S_GW[AF],400.0,10287031.0,5041.0
8673,2023-02-01,GW_storage_CA_SCE_S_GW[AF],398.0,11192982.0,5439.0
8674,2023-03-01,GW_storage_CA_SCE_S_GW[AF],396.0,12082492.0,5835.0
8675,2023-04-01,GW_storage_CA_SCE_S_GW[AF],394.0,12955603.0,6229.0
8676,2023-05-01,GW_storage_CA_SCE_S_GW[AF],391.0,13813215.0,6620.0
8677,2023-06-01,GW_storage_CA_SCE_S_GW[AF],387.0,15164430.0,7007.0
8678,2023-07-01,GW_storage_CA_SCE_S_GW[AF],662.0,17236845.0,7669.0
8679,2023-08-01,GW_storage_CA_SCE_S_GW[AF],1516.0,19274971.0,9185.0
8680,2023-09-01,GW_storage_CA_SCE_S_GW[AF],1957.0,21282260.0,11142.0
8681,2023-10-01,GW_storage_CA_SCE_S_GW[AF],2031.0,23279746.0,13173.0
8682,2023-11-01,GW_storage_CA_SCE_S_GW[AF],1986.0,25247116.0,15159.0
8683,2023-12-01,GW_storage_CA_SCE_S_GW[AF],1971.0,27178503.0,17130.0
8684,2024-01-01,GW_storage_CA_SCE_S_GW[AF],1957.0,29079026.0,19087.0
8685,2024-02-01,GW_storage_CA_SCE_S_GW[AF],1945.0,30951693.0,21032.0
8686,2024-03-01,GW_storage_CA_SCE_S_GW[AF],1932.0,32794640.0,22964.0
8687,2024-04-01,GW_storage_CA_SCE_S_GW[AF],1926.0,34598451.0,24890.0
8688,2024-05-01,GW_storage_CA_SCE_S_GW[AF],1923.0,36379549.0,26813.0
8689,2024-06-01,GW_storage_CA_SCE_S_GW[AF],1925.0,38134426.0,28738.0
8690,2024-07-01,GW_storage_CA_SCE_S_GW[AF],1912.0,39862715.0,30650.0
8691,2024-08-01,GW_storage_CA_SCE_S_GW[AF],1913.0,41565221.0,32563.0
8692,2024-09-01,GW_storage_CA_SCE_S_GW[AF],1913.0,43242727.0,34476.0
8693,2024-10-01,GW_storage_CA_SCE_S_GW[AF],1913.0,44894530.0,36389.0
8694,2024-11-01,GW_storage_CA_SCE_S_GW[AF],1913.0,46522142.0,38302.0
8695,2024-12-01,GW_storage_CA_SCE_S_GW[AF],1902.0,48125394.0,40204.0
8696,2025-01-01,GW_storage_CA_SCE_S_GW[AF],1889.0,49704625.0,42093.0
8697,2025-02-01,GW_storage_CA_SCE_S_GW[AF],1878.0,51264049.0,43971.0
8698,2025-03-01,GW_storage_CA_SCE_S_GW[AF],1865.0,52800150.0,45836.0
8699,2025-04-01,GW_storage_CA_SCE_S_GW[AF],1853.0,54422403.0,47689.0
8700,2025-05-01,GW_storage_CA_SCE_S_GW[AF],1833.0,56023530.0,49522.0
8701,2025-06-01,GW_storage_CA_SCE_S_GW[AF],1817.0,57673121.0,51339.0
8702,2025-07-01,GW_storage_CA_SCE_S_GW[AF],11746.0,59233291.0,63085.0
8703,2025-08-01,GW_storage_CA_SCE_S_GW[AF],17943.0,60752330.0,81028.0
8704,2025-09-01,GW_storage_CA_SCE_S_GW[AF],19358.0,63291561.0,100386.0
8705,2025-10-01,GW_storage_CA_SCE_S_GW[AF],19784.0,66117192.0,120170.0
8706,2025-11-01,GW_storage_CA_SCE_S_GW[AF],19940.0,69169207.0,140110.0
8707,2025-12-01,GW_storage_CA_SCE_S_GW[AF],19779.0,72377661.0,159889.0
8708,2026-01-01,GW_storage_CA_SCE_S_GW[AF],19586.0,75644729.0,179475.0
8709,2026-02-01,GW_storage_CA_SCE_S_GW[AF],19413.0,83025589.0,198888.0
8710,2026-03-01,GW_storage_CA_SCE_S_GW[AF],19223.0,93674924.0,218111.0
8711,2026-04-01,GW_storage_CA_SCE_S_GW[AF],19039.0,112497734.0,237150.0
8712,2026-05-01,GW_storage_CA_SCE_S_GW[AF],18856.0,136460613.0,256006.0
8713,2026-06-01,GW_storage_CA_SCE_S_GW[AF],18803.0,160180041.0,274809.0
8714,2026-07-01,GW_storage_CA_SCE_S_GW[AF],18656.0,184580314.0,293465.0
8715,2026-08-01,GW_storage_CA_SCE_S_GW[AF],18498.0,208538131.0,311963.0
8716,2026-09-01,GW_storage_CA_SCE_S_GW[AF],18323.0,232132273.0,330286.0
8717,2026-10-01,GW_storage_CA_SCE_S_GW[AF],18145.0,255250646.0,348431.0
8718,2026-11-01,GW_storage_CA_SCE_S_GW[AF],17970.0,277908394.0,366401.0
8719,2026-12-01,GW_storage_CA_SCE_S_GW[AF],17793.0,300103214.0,384194.0
8720,2027-01-01,GW_storage_CA_SCE_S_GW[AF],17616.0,321847786.0,401810.0
8721,2027-02-01,GW_storage_CA_SCE_S_GW[AF],17458.0,343199646.0,419268.0
8722,2027-03-01,GW_storage_CA_SCE_S_GW[AF],17285.0,369620421.0,436553.0
8723,2027-04-01,GW_storage_CA_SCE_S_GW[AF],17119.0,409179141.0,453672.0
8724,2027-05-01,GW_storage_CA_SCE_S_GW[AF],16949.0,455970259.0,470621.0
8725,2027-06-01,GW_storage_CA_SCE_S_GW[AF],16786.0,506103237.0,487407.0
8726,2027-07-01,GW_storage_CA_SCE_S_GW[AF],16620.0,558027240.0,504027.0
8727,2027-08-01,GW_storage_CA_SCE_S_GW[AF],16455.0,610747556.0,520482.0
8728,2027-09-01,GW_storage_CA_SCE_S_GW[AF],16297.0,662576568.0,536779.0
8729,2027-10-01,GW_storage_CA_SCE_S_GW[AF],16135.0,713531026.0,552914.0
8730,2027-11-01,GW_storage_CA_SCE_S_GW[AF],15980.0,763602436.0,568894.0
8731,2027-12-01,GW_storage_CA_SCE_S_GW[AF],15822.0,812846873.0,584716.0
8732,2028-01-01,GW_storage_CA_SCE_S_GW[AF],15664.0,861121911.0,600380.0
8733,2028-02-01,GW_storage_CA_SCE_S_GW[AF],15520.0,908650771.0,615900.0
8734,2028-03-01,GW_storage_CA_SCE_S_GW[AF],15366.0,959000163.0,631266.0
8735,2028-04-01,GW_storage_CA_SCE_S_GW[AF],15238.0,1012039411.0,646504.0
8736,2028-05-01,GW_storage_CA_SCE_S_GW[AF],15116.0,1068060916.0,661620.0
8737,2028-06-01,GW_storage_CA_SCE_S_GW[AF],15447.0,1125203670.0,677067.0
8738,2028-07-01,GW_storage_CA_SCE_S_GW[AF],15653.0,1183903968.0,692720.0
8739,2028-08-01,GW_storage_CA_SCE_S_GW[AF],15688.0,1241633200.0,708408.0
8740,2028-09-01,GW_storage_CA_SCE_S_GW[AF],15780.0,1298536546.0,724188.0
8741,2028-10-01,GW_storage_CA_SCE_S_GW[AF],15864.0,1354465802.0,740052.0
8742,2028-11-01,GW_storage_CA_SCE_S_GW[AF],15802.0,1409406877.0,755854.0
8743,2028-12-01,GW_storage_CA_SCE_S_GW[AF],15644.0,1463330743.0,771498.0
8744,2029-01-01,GW_storage_CA_SCE_S_GW[AF],15489.0,1516331973.0,786987.0
8745,2029-02-01,GW_storage_CA_SCE_S_GW[AF],15350.0,1568436361.0,802337.0
8746,2029-03-01,GW_storage_CA_SCE_S_GW[AF],15198.0,1622957905.0,817535.0
8747,2029-04-01,GW_storage_CA_SCE_S_GW[AF],15827.0,1679352962.0,833362.0
8748,2029-05-01,GW_storage_CA_SCE_S_GW[AF],15772.0,1742904338.0,849134.0
8749,2029-06-01,GW_storage_CA_SCE_S_GW[AF],15647.0,1807169538.0,864781.0
8750,2029-07-01,GW_storage_CA_SCE_S_GW[AF],16629.0,1872474684.0,881410.0
8751,2029-08-01,GW_storage_CA_SCE_S_GW[AF],17048.0,1936569687.0,898458.0
8752,2029-09-01,GW_storage_CA_SCE_S_GW[AF],17657.0,1999536921.0,916115.0
8753,2029-10-01,GW_storage_CA_SCE_S_GW[AF],18886.0,2061251234.0,935001.0
8754,2029-11-01,GW_storage_CA_SCE_S_GW[AF],20190.0,2121792309.0,955191.0
8755,2029-12-01,GW_storage_CA_SCE_S_GW[AF],20374.0,2181276298.0,975565.0
8756,2030-01-01,GW_storage_CA_SCE_S_GW[AF],20271.0,2239598911.0,995836.0
8757,2030-02-01,GW_storage_CA_SCE_S_GW[AF],20189.0,2296908282.0,1016025.0
8758,2030-03-01,GW_storage_CA_SCE_S_GW[AF],20736.0,2353273149.0,1036761.0
8759,2030-04-01,GW_storage_CA_SCE_S_GW[AF],20590.0,2408813513.0,1057351.0
8760,2030-05-01,GW_storage_CA_SCE_S_GW[AF],20441.0,2463288321.0,1077792.0
8761,2030-06-01,GW_storage_CA_SCE_S_GW[AF],20266.0,2519189259.0,1098058.0
8762,2030-07-01,GW_storage_CA_SCE_S_GW[AF],20679.0,2574987711.0,1118737.0
8763,2030-08-01,GW_storage_CA_SCE_S_GW[AF],20382.0,2629845780.0,1139119.0
8764,2030-09-01,GW_storage_CA_SCE_S_GW[AF],20675.0,2683731630.0,1159794.0
8765,2030-10-01,GW_storage_CA_SCE_S_GW[AF],21825.0,2736573135.0,1181619.0
8766,2030-11-01,GW_storage_CA_SCE_S_GW[AF],22857.0,2788437015.0,1204476.0
8767,2030-12-01,GW_storage_CA_SCE_S_GW[AF],22753.0,2839371858.0,1227229.0
8768,2031-01-01,GW_storage_CA_SCE_S_GW[AF],22605.0,2889285425.0,1249834.0
8769,2031-02-01,GW_storage_CA_SCE_S_GW[AF],22492.0,2938331300.0,1272326.0
8770,2031-03-01,GW_storage_CA_SCE_S_GW[AF],22353.0,2986403207.0,1294679.0
8771,2031-04-01,GW_storage_CA_SCE_S_GW[AF],22201.0,3034117058.0,1316880.0
8772,2031-05-01,GW_storage_CA_SCE_S_GW[AF],22021.0,3081639947.0,1338901.0
8773,2031-06-01,GW_storage_CA_SCE_S_GW[AF],21859.0,3128466639.0,1360760.0
8774,2031-07-01,GW_storage_CA_SCE_S_GW[AF],21852.0,3175256040.0,1382612.0
8775,2031-08-01,GW_storage_CA_SCE_S_GW[AF],21754.0,3221201089.0,1404366.0
8776,2031-09-01,GW_storage_CA_SCE_S_GW[AF],21694.0,3266538806.0,1426060.0
8777,2031-10-01,GW_storage_CA_SCE_S_GW[AF],21932.0,3311005126.0,1447992.0
8778,2031-11-01,GW_storage_CA_SCE_S_GW[AF],21721.0,3354843436.0,1469713.0
8779,2031-12-01,GW_storage_CA_SCE_S_GW[AF],21506.0,3397917039.0,1491219.0
8780,2032-01-01,GW_storage_CA_SCE_S_GW[AF],21292.0,3440765830.0,1512511.0
8781,2032-02-01,GW_storage_CA_SCE_S_GW[AF],21095.0,3500332884.0,1533606.0
8782,2032-03-01,GW_storage_CA_SCE_S_GW[AF],20885.0,3570397039.0,1554491.0
8783,2032-04-01,GW_storage_CA_SCE_S_GW[AF],20685.0,3645988541.0,1575176.0
8784,2032-05-01,GW_storage_CA_SCE_S_GW[AF],20479.0,3723860841.0,1595655.0
8785,2032-06-01,GW_storage_CA_SCE_S_GW[AF],20338.0,3803847465.0,1615993.0
8786,2032-07-01,GW_storage_CA_SCE_S_GW[AF],20303.0,3884065220.0,1636296.0
8787,2032-08-01,GW_storage_CA_SCE_S_GW[AF],20268.0,3963910669.0,1656564.0
8788,2032-09-01,GW_storage_CA_SCE_S_GW[AF],20126.0,4042724779.0,1676690.0
8789,2032-10-01,GW_storage_CA_SCE_S_GW[AF],19927.0,4120308321.0,1696617.0
8790,2032-11-01,GW_storage_CA_SCE_S_GW[AF],36994.0,4196679403.0,1733611.0
8791,2032-12-01,GW_storage_CA_SCE_S_GW[AF],30120.0,4271822754.0,1763731.0
8792,2033-01-01,GW_storage_CA_SCE_S_GW[AF],29397.0,4345538492.0,1793128.0
8793,2033-02-01,GW_storage_CA_SCE_S_GW[AF],28711.0,4423218301.0,1821839.0
8794,2033-03-01,GW_storage_CA_SCE_S_GW[AF],28083.0,4505470297.0,1849922.0
8795,2033-04-01,GW_storage_CA_SCE_S_GW[AF],17539.0,4590681136.0,1867461.0
8796,2033-05-01,GW_storage_CA_SCE_S_GW[AF],17403.0,4675360581.0,1884864.0
8797,2033-06-01,GW_storage_CA_SCE_S_GW[AF],17420.0,4760708398.0,1902284.0
8798,2033-07-01,GW_storage_CA_SCE_S_GW[AF],17651.0,4846138178.0,1919935.0
8799,2033-08-01,GW_storage_CA_SCE_S_GW[AF],17854.0,4931118427.0,1937789.0
8800,2033-09-01,GW_storage_CA_SCE_S_GW[AF],17961.0,5014914731.0,1955750.0
8801,2033-10-01,GW_storage_CA_SCE_S_GW[AF],17944.0,5097508172.0,1973694.0
8802,2033-11-01,GW_storage_CA_SCE_S_GW[AF],17772.0,5178663669.0,1991466.0
8803,2033-12-01,GW_storage_CA_SCE_S_GW[AF],17595.0,5258443309.0,2009061.0
8804,2034-01-01,GW_storage_CA_SCE_S_GW[AF],17420.0,5339163828.0,2026481.0
8805,2034-02-01,GW_storage_CA_SCE_S_GW[AF],17265.0,5418722190.0,2043746.0
8806,2034-03-01,GW_storage_CA_SCE_S_GW[AF],17093.0,5500220744.0,2060839.0
8807,2034-04-01,GW_storage_CA_SCE_S_GW[AF],17127.0,5584032903.0,2077966.0
8808,2034-05-01,GW_storage_CA_SCE_S_GW[AF],17026.0,5676873319.0,2094992.0
8809,2034-06-01,GW_storage_CA_SCE_S_GW[AF],16863.0,5773341236.0,2111855.0
8810,2034-07-01,GW_storage_CA_SCE_S_GW[AF],17566.0,5871231225.0,2129421.0
8811,2034-08-01,GW_storage_CA_SCE_S_GW[AF],16847.0,5968392389.0,2146268.0
8812,2034-09-01,GW_storage_CA_SCE_S_GW[AF],15317.0,6064112138.0,2161585.0
8813,2034-10-01,GW_storage_CA_SCE_S_GW[AF],13763.0,6158273690.0,2175348.0
8814,2034-11-01,GW_storage_CA_SCE_S_GW[AF],11921.0,6251013792.0,2187269.0
8815,2034-12-01,GW_storage_CA_SCE_S_GW[AF],11777.0,6342469856.0,2199046.0
8816,2035-01-01,GW_storage_CA_SCE_S_GW[AF],11644.0,6432436397.0,2210690.0
8817,2035-02-01,GW_storage_CA_SCE_S_GW[AF],11523.0,6520973109.0,2222213.0
8818,2035-03-01,GW_storage_CA_SCE_S_GW[AF],11396.0,6608114132.0,2233609.0
8819,2035-04-01,GW_storage_CA_SCE_S_GW[AF],11278.0,6694040771.0,2244887.0
8820,2035-05-01,GW_storage_CA_SCE_S_GW[AF],11165.0,6778544504.0,2256052.0
8821,2035-06-01,GW_storage_CA_SCE_S_GW[AF],11061.0,6863239534.0,2267113.0
8822,2035-07-01,GW_storage_CA_SCE_S_GW[AF],9069.0,6947511289.0,2276182.0
8823,2035-08-01,GW_storage_CA_SCE_S_GW[AF],6822.0,7030376153.0,2283004.0
8824,2035-09-01,GW_storage_CA_SCE_S_GW[AF],5035.0,7112119087.0,2288039.0
8825,2035-10-01,GW_storage_CA_SCE_S_GW[AF],3781.0,7192574428.0,2291820.0
8826,2035-11-01,GW_storage_CA_SCE_S_GW[AF],2725.0,7271865334.0,2294545.0
8827,2035-12-01,GW_storage_CA_SCE_S_GW[AF],1198.0,7350179909.0,2295743.0
8828,2036-01-01,GW_storage_CA_SCE_S_GW[AF],-96.0,7427195979.0,2295647.0
8829,2036-02-01,GW_storage_CA_SCE_S_GW[AF],-2309.0,7503024891.0,2293338.0
8830,2036-03-01,GW_storage_CA_SCE_S_GW[AF],-2186.0,7577632108.0,2291152.0
8831,2036-04-01,GW_storage_CA_SCE_S_GW[AF],-2169.0,7651185144.0,2288983.0
8832,2036-05-01,GW_storage_CA_SCE_S_GW[AF],-3693.0,7724300240.0,2285290.0
8833,2036-06-01,GW_storage_CA_SCE_S_GW[AF],-4416.0,7796353708.0,2280874.0
8834,2036-07-01,GW_storage_CA_SCE_S_GW[AF],-4488.0,7867314948.0,2276386.0
8835,2036-08-01,GW_storage_CA_SCE_S_GW[AF],-4361.0,7937241278.0,2272025.0
8836,2036-09-01,GW_storage_CA_SCE_S_GW[AF],-3884.0,8006295323.0,2268141.0
8837,2036-10-01,GW_storage_CA_SCE_S_GW[AF],-3156.0,8074305646.0,2264985.0
8838,2036-11-01,GW_storage_CA_SCE_S_GW[AF],-1848.0,8141376577.0,2263137.0
8839,2036-12-01,GW_storage_CA_SCE_S_GW[AF],-1551.0,8207644541.0,2261586.0
8840,2037-01-01,GW_storage_CA_SCE_S_GW[AF],-1532.0,8273161410.0,2260054.0
8841,2037-02-01,GW_storage_CA_SCE_S_GW[AF],-1519.0,8337733681.0,2258535.0
8842,2037-03-01,GW_storage_CA_SCE_S_GW[AF],-1465.0,8401237350.0,2257070.0
8843,2037-04-01,GW_storage_CA_SCE_S_GW[AF],969.0,8463716442.0,2258039.0
8844,2037-05-01,GW_storage_CA_SCE_S_GW[AF],956.0,8525229166.0,2258995.0
8845,2037-06-01,GW_storage_CA_SCE_S_GW[AF],227.0,8585780498.0,2259222.0
8846,2037-07-01,GW_storage_CA_SCE_S_GW[AF],703.0,8645518277.0,2259925.0
8847,2037-08-01,GW_storage_CA_SCE_S_GW[AF],1114.0,8704580765.0,2261039.0
8848,2037-09-01,GW_storage_CA_SCE_S_GW[AF],-1399.0,8763159684.0,2259640.0
8849,2037-10-01,GW_storage_CA_SCE_S_GW[AF],-914.0,8821181815.0,2258726.0
8850,2037-11-01,GW_storage_CA_SCE_S_GW[AF],-484.0,8878677095.0,2258242.0
8851,2037-12-01,GW_storage_CA_SCE_S_GW[AF],-471.0,8935618642.0,2257771.0
8852,2038-01-01,GW_storage_CA_SCE_S_GW[AF],-465.0,8991690289.0,2257306.0
8853,2038-02-01,GW_storage_CA_SCE_S_GW[AF],-16524.0,9049081585.0,2240782.0
8854,2038-03-01,GW_storage_CA_SCE_S_GW[AF],-16359.0,9108044798.0,2224423.0
8855,2038-04-01,GW_storage_CA_SCE_S_GW[AF],-16201.0,9168794933.0,2208222.0
8856,2038-05-01,GW_storage_CA_SCE_S_GW[AF],-16344.0,9229969082.0,2191878.0
8857,2038-06-01,GW_storage_CA_SCE_S_GW[AF],-15940.0,9290494843.0,2175938.0
8858,2038-07-01,GW_storage_CA_SCE_S_GW[AF],-15693.0,9350294408.0,2160245.0
8859,2038-08-01,GW_storage_CA_SCE_S_GW[AF],-15456.0,9409318940.0,2144789.0
8860,2038-09-01,GW_storage_CA_SCE_S_GW[AF],-15302.0,9467673979.0,2129487.0
8861,2038-10-01,GW_storage_CA_SCE_S_GW[AF],-15138.0,9525253636.0,2114349.0
8862,2038-11-01,GW_storage_CA_SCE_S_GW[AF],-14988.0,9582098472.0,2099361.0
8863,2038-12-01,GW_storage_CA_SCE_S_GW[AF],-14818.0,9638248766.0,2084543.0
8864,2039-01-01,GW_storage_CA_SCE_S_GW[AF],-14671.0,9693650977.0,2069872.0
8865,2039-02-01,GW_storage_CA_SCE_S_GW[AF],-14541.0,9750458830.0,2055331.0
8866,2039-03-01,GW_storage_CA_SCE_S_GW[AF],-14396.0,9809156458.0,2040935.0
8867,2039-04-01,GW_storage_CA_SCE_S_GW[AF],-14249.0,9868559467.0,2026686.0
8868,2039-05-01,GW_storage_CA_SCE_S_GW[AF],-14032.0,9927385773.0,2012654.0
8869,2039-06-01,GW_storage_CA_SCE_S_GW[AF],-13705.0,9986965256.0,1998949.0
8870,2039-07-01,GW_storage_CA_SCE_S_GW[AF],-13504.0,10046475029.0,1985445.0
8871,2039-08-01,GW_storage_CA_SCE_S_GW[AF],-13327.0,10105238592.0,1972118.0
8872,2039-09-01,GW_storage_CA_SCE_S_GW[AF],-13119.0,10163363477.0,1958999.0
8873,2039-10-01,GW_storage_CA_SCE_S_GW[AF],-12857.0,10220781260.0,1946142.0
8874,2039-11-01,GW_storage_CA_SCE_S_GW[AF],-12706.0,10277373162.0,1933436.0
8875,2039-12-01,GW_storage_CA_SCE_S_GW[AF],-12548.0,10333185165.0,1920888.0
8876,2040-01-01,GW_storage_CA_SCE_S_GW[AF],-12424.0,10388289039.0,1908464.0
8877,2040-02-01,GW_storage_CA_SCE_S_GW[AF],-12309.0,10442633493.0,1896155.0
8878,2040-03-01,GW_storage_CA_SCE_S_GW[AF],-12186.0,10496196844.0,1883969.0
8879,2040-04-01,GW_storage_CA_SCE_S_GW[AF],-11875.0,10549040409.0,1872094.0
8880,2040-05-01,GW_storage_CA_SCE_S_GW[AF],-11660.0,10601395194.0,1860434.0
8881,2040-06-01,GW_storage_CA_SCE_S_GW[AF],-11949.0,10653107949.0,1848485.0
8882,2040-07-01,GW_storage_CA_SCE_S_GW[AF],-12517.0,10704171007.0,1835968.0
8883,2040-08-01,GW_storage_CA_SCE_S_GW[AF],-12453.0,10754605305.0,1823515.0
8884,2040-09-01,GW_storage_CA_SCE_S_GW[AF],-12341.0,10804445973.0,1811174.0
8885,2040-10-01,GW_storage_CA_SCE_S_GW[AF],-11559.0,10853648570.0,1799615.0
8886,2040-11-01,GW_storage_CA_SCE_S_GW[AF],-11475.0,10902484914.0,1788140.0
8887,2040-12-01,GW_storage_CA_SCE_S_GW[AF],-11362.0,10950730644.0,1776778.0
8888,2041-01-01,GW_storage_CA_SCE_S_GW[AF],-11245.0,10998281298.0,1765533.0
8889,2041-02-01,GW_storage_CA_SCE_S_GW[AF],-11141.0,11047818234.0,1754392.0
8890,2041-03-01,GW_storage_CA_SCE_S_GW[AF],10687.0,11099139984.0,1765079.0
8891,2041-04-01,GW_storage_CA_SCE_S_GW[AF],10597.0,11151170281.0,1775676.0
8892,2041-05-01,GW_storage_CA_SCE_S_GW[AF],10499.0,11202540882.0,1786175.0
8893,2041-06-01,GW_storage_CA_SCE_S_GW[AF],10493.0,11253584926.0,1796668.0
8894,2041-07-01,GW_storage_CA_SCE_S_GW[AF],10297.0,11304087287.0,1806965.0
8895,2041-08-01,GW_storage_CA_SCE_S_GW[AF],10204.0,11354085428.0,1817169.0
8896,2041-09-01,GW_storage_CA_SCE_S_GW[AF],10108.0,11403615397.0,1827277.0
8897,2041-10-01,GW_storage_CA_SCE_S_GW[AF],10002.0,11452671944.0,1837279.0
8898,2041-11-01,GW_storage_CA_SCE_S_GW[AF],9906.0,11501212889.0,1847185.0
8899,2041-12-01,GW_storage_CA_SCE_S_GW[AF],9822.0,11549056939.0,1857007.0
8900,2042-01-01,GW_storage_CA_SCE_S_GW[AF],1702.0,11596204581.0,1858709.0
8901,2042-02-01,GW_storage_CA_SCE_S_GW[AF],1687.0,11642935334.0,1860396.0
8902,2042-03-01,GW_storage_CA_SCE_S_GW[AF],1670.0,11689092595.0,1862066.0
8903,2042-04-01,GW_storage_CA_SCE_S_GW[AF],1654.0,11735022869.0,1863720.0
8904,2042-05-01,GW_storage_CA_SCE_S_GW[AF],1629.0,11780876718.0,1865349.0
8905,2042-06-01,GW_storage_CA_SCE_S_GW[AF],1717.0,11826092725.0,1867066.0
8906,2042-07-01,GW_storage_CA_SCE_S_GW[AF],1734.0,11871546727.0,1868800.0
8907,2042-08-01,GW_storage_CA_SCE_S_GW[AF],1745.0,11916431990.0,1870545.0
8908,2042-09-01,GW_storage_CA_SCE_S_GW[AF],1725.0,11960791410.0,1872270.0
8909,2042-10-01,GW_storage_CA_SCE_S_GW[AF],-57.0,12004660184.0,1872213.0
8910,2042-11-01,GW_storage_CA_SCE_S_GW[AF],-1767.0,12048130811.0,1870446.0
8911,2042-12-01,GW_storage_CA_SCE_S_GW[AF],-1856.0,12091062837.0,1868590.0
8912,2043-01-01,GW_storage_CA_SCE_S_GW[AF],-1866.0,12133444088.0,1866724.0
8913,2043-02-01,GW_storage_CA_SCE_S_GW[AF],-1850.0,12175363925.0,1864874.0
8914,2043-03-01,GW_storage_CA_SCE_S_GW[AF],-1836.0,12216725340.0,1863038.0
8915,2043-04-01,GW_storage_CA_SCE_S_GW[AF],-1757.0,12257666079.0,1861281.0
8916,2043-05-01,GW_storage_CA_SCE_S_GW[AF],-3703.0,12298078753.0,1857578.0
8917,2043-06-01,GW_storage_CA_SCE_S_GW[AF],-4463.0,12338040338.0,1853115.0
8918,2043-07-01,GW_storage_CA_SCE_S_GW[AF],-5294.0,12377535688.0,1847821.0
8919,2043-08-01,GW_storage_CA_SCE_S_GW[AF],-5922.0,12416568319.0,1841899.0
8920,2043-09-01,GW_storage_CA_SCE_S_GW[AF],-6264.0,12455234071.0,1835635.0
8921,2043-10-01,GW_storage_CA_SCE_S_GW[AF],-6209.0,12493493716.0,1829426.0
8922,2043-11-01,GW_storage_CA_SCE_S_GW[AF],-6118.0,12531340494.0,1823308.0
8923,2043-12-01,GW_storage_CA_SCE_S_GW[AF],-6060.0,12568703212.0,1817248.0
8924,2044-01-01,GW_storage_CA_SCE_S_GW[AF],-6000.0,12605614127.0,1811248.0
8925,2044-02-01,GW_storage_CA_SCE_S_GW[AF],-5945.0,12642100391.0,1805303.0
8926,2044-03-01,GW_storage_CA_SCE_S_GW[AF],-5889.0,12678094207.0,1799414.0
8927,2044-04-01,GW_storage_CA_SCE_S_GW[AF],-5567.0,12715489683.0,1793847.0
8928,2044-05-01,GW_storage_CA_SCE_S_GW[AF],-5495.0,12757376464.0,1788352.0
8929,2044-06-01,GW_storage_CA_SCE_S_GW[AF],-6613.0,12798680033.0,1781739.0
8930,2044-07-01,GW_storage_CA_SCE_S_GW[AF],-6752.0,12840178366.0,1774987.0
8931,2044-08-01,GW_storage_CA_SCE_S_GW[AF],-6744.0,12881238666.0,1768243.0
8932,2044-09-01,GW_storage_CA_SCE_S_GW[AF],-5900.0,12921922929.0,1762343.0
8933,2044-10-01,GW_storage_CA_SCE_S_GW[AF],-5668.0,12962137170.0,1756675.0
8934,2044-11-01,GW_storage_CA_SCE_S_GW[AF],-5554.0,13001917872.0,1751121.0
8935,2044-12-01,GW_storage_CA_SCE_S_GW[AF],-5487.0,13041192913.0,1745634.0
8936,2045-01-01,GW_storage_CA_SCE_S_GW[AF],-5420.0,13079996277.0,1740214.0
8937,2045-02-01,GW_storage_CA_SCE_S_GW[AF],-5361.0,13119222084.0,1734853.0
8938,2045-03-01,GW_storage_CA_SCE_S_GW[AF],-5302.0,13158364150.0,1729551.0
8939,2045-04-01,GW_storage_CA_SCE_S_GW[AF],-5247.0,13198157185.0,1724304.0
8940,2045-05-01,GW_storage_CA_SCE_S_GW[AF],-5159.0,13237869018.0,1719145.0
8941,2045-06-01,GW_storage_CA_SCE_S_GW[AF],-5107.0,13278774379.0,1714038.0
8942,2045-07-01,GW_storage_CA_SCE_S_GW[AF],-4397.0,13324244062.0,1709641.0
8943,2045-08-01,GW_storage_CA_SCE_S_GW[AF],-3540.0,13372386542.0,1706101.0
8944,2045-09-01,GW_storage_CA_SCE_S_GW[AF],-2697.0,13419876881.0,1703404.0
8945,2045-10-01,GW_storage_CA_SCE_S_GW[AF],-1854.0,13466818785.0,1701550.0
8946,2045-11-01,GW_storage_CA_SCE_S_GW[AF],-1576.0,13513160105.0,1699974.0
8947,2045-12-01,GW_storage_CA_SCE_S_GW[AF],-1484.0,13560745919.0,1698490.0
8948,2046-01-01,GW_storage_CA_SCE_S_GW[AF],-1469.0,13615290772.0,1697021.0
8949,2046-02-01,GW_storage_CA_SCE_S_GW[AF],-1455.0,13677811710.0,1695566.0
8950,2046-03-01,GW_storage_CA_SCE_S_GW[AF],-1295.0,13748607831.0,1694271.0
8951,2046-04-01,GW_storage_CA_SCE_S_GW[AF],-1284.0,13826873589.0,1692987.0
8952,2046-05-01,GW_storage_CA_SCE_S_GW[AF],-726.0,13907944967.0,1692261.0
8953,2046-06-01,GW_storage_CA_SCE_S_GW[AF],-83.0,13989979852.0,1692178.0
8954,2046-07-01,GW_storage_CA_SCE_S_GW[AF],442.0,14071604903.0,1692620.0
8955,2046-08-01,GW_storage_CA_SCE_S_GW[AF],617.0,14152131683.0,1693237.0
8956,2046-09-01,GW_storage_CA_SCE_S_GW[AF],770.0,14231617714.0,1694007.0
8957,2046-10-01,GW_storage_CA_SCE_S_GW[AF],810.0,14310005025.0,1694817.0
8958,2046-11-01,GW_storage_CA_SCE_S_GW[AF],798.0,14387273527.0,1695615.0
8959,2046-12-01,GW_storage_CA_SCE_S_GW[AF],801.0,14463437376.0,1696416.0
8960,2047-01-01,GW_storage_CA_SCE_S_GW[AF],793.0,14538457981.0,1697209.0
8961,2047-02-01,GW_storage_CA_SCE_S_GW[AF],786.0,14612508014.0,1697995.0
8962,2047-03-01,GW_storage_CA_SCE_S_GW[AF],778.0,14685452283.0,1698773.0
8963,2047-04-01,GW_storage_CA_SCE_S_GW[AF],766.0,14764472816.0,1699539.0
8964,2047-05-01,GW_storage_CA_SCE_S_GW[AF],819.0,14860897341.0,1700358.0
8965,2047-06-01,GW_storage_CA_SCE_S_GW[AF],1163.0,14972506362.0,1701521.0
8966,2047-07-01,GW_storage_CA_SCE_S_GW[AF],1537.0,15088231692.0,1703058.0
8967,2047-08-01,GW_storage_CA_SCE_S_GW[AF],1646.0,15203332934.0,1704704.0
8968,2047-09-01,GW_storage_CA_SCE_S_GW[AF],773.0,15317492289.0,1705477.0
8969,2047-10-01,GW_storage_CA_SCE_S_GW[AF],-650.0,15430042333.0,1704827.0
8970,2047-11-01,GW_storage_CA_SCE_S_GW[AF],-1880.0,15542831934.0,1702947.0
8971,2047-12-01,GW_storage_CA_SCE_S_GW[AF],-1973.0,15653870877.0,1700974.0
8972,2048-01-01,GW_storage_CA_SCE_S_GW[AF],-2085.0,15763169397.0,1698889.0
8973,2048-02-01,GW_storage_CA_SCE_S_GW[AF],-2185.0,15872138297.0,1696704.0
8974,2048-03-01,GW_storage_CA_SCE_S_GW[AF],-2241.0,15987897138.0,1694463.0
8975,2048-04-01,GW_storage_CA_SCE_S_GW[AF],-2266.0,16106751114.0,1692197.0
8976,2048-05-01,GW_storage_CA_SCE_S_GW[AF],-2260.0,16226738594.0,1689937.0
8977,2048-06-01,GW_storage_CA_SCE_S_GW[AF],-2147.0,16346930466.0,1687790.0
8978,2048-07-01,GW_storage_CA_SCE_S_GW[AF],-1625.0,16466203172.0,1686165.0
8979,2048-08-01,GW_storage_CA_SCE_S_GW[AF],-968.0,16583670765.0,1685197.0
8980,2048-09-01,GW_storage_CA_SCE_S_GW[AF],-709.0,16699553017.0,1684488.0
8981,2048-10-01,GW_storage_CA_SCE_S_GW[AF],186.0,16813788962.0,1684674.0
8982,2048-11-01,GW_storage_CA_SCE_S_GW[AF],184.0,16926416472.0,1684858.0
8983,2048-12-01,GW_storage_CA_SCE_S_GW[AF],-3998.0,17038918116.0,1680860.0
8984,2049-01-01,GW_storage_CA_SCE_S_GW[AF],-2397.0,17150214903.0,1678463.0
8985,2049-02-01,GW_storage_CA_SCE_S_GW[AF],-2375.0,17259849423.0,1676088.0
8986,2049-03-01,GW_storage_CA_SCE_S_GW[AF],-2352.0,17374140295.0,1673736.0
8987,2049-04-01,GW_storage_CA_SCE_S_GW[AF],-2329.0,17496980626.0,1671407.0
8988,2049-05-01,GW_storage_CA_SCE_S_GW[AF],-1981.0,17623520262.0,1669426.0
8989,2049-06-01,GW_storage_CA_SCE_S_GW[AF],-1340.0,17749882278.0,1668086.0
8990,2049-07-01,GW_storage_CA_SCE_S_GW[AF],-1026.0,17875311834.0,1667060.0
8991,2049-08-01,GW_storage_CA_SCE_S_GW[AF],-746.0,17998950915.0,1666314.0
8992,2049-09-01,GW_storage_CA_SCE_S_GW[AF],-346.0,18120987592.0,1665968.0
8993,2049-10-01,GW_storage_CA_SCE_S_GW[AF],285.0,18241422265.0,1666253.0
8994,2049-11-01,GW_storage_CA_SCE_S_GW[AF],825.0,18360102830.0,1667078.0
8995,2049-12-01,GW_storage_CA_SCE_S_GW[AF],864.0,18476910369.0,1667942.0
8996,2050-01-01,GW_storage_CA_SCE_S_GW[AF],856.0,18591916831.0,1668798.0
8997,2050-02-01,GW_storage_CA_SCE_S_GW[AF],848.0,18705272956.0,1669646.0
8998,2050-03-01,GW_storage_CA_SCE_S_GW[AF],840.0,18821028859.0,1670486.0
8999,2050-04-01,GW_storage_CA_SCE_S_GW[AF],-14212.0,18940506995.0,1656274.0
9000,2050-05-01,GW_storage_CA_SCE_S_GW[AF],-13817.0,19059600483.0,1642457.0
9001,2050-06-01,GW_storage_CA_SCE_S_GW[AF],-13510.0,19178428021.0,1628947.0
9002,2050-07-01,GW_storage_CA_SCE_S_GW[AF],-13010.0,19296435077.0,1615937.0
9003,2050-08-01,GW_storage_CA_SCE_S_GW[AF],-12432.0,19412834260.0,1603505.0
9004,2050-09-01,GW_storage_CA_SCE_S_GW[AF],-11797.0,19527808893.0,1591708.0
9005,2050-10-01,GW_storage_CA_SCE_S_GW[AF],-11398.0,19641173895.0,1580310.0
9006,2050-11-01,GW_storage_CA_SCE_S_GW[AF],-11135.0,19752769080.0,1569175.0
9007,2050-12-01,GW_storage_CA_SCE_S_GW[AF],7697.0,19862611454.0,1576872.0
9008,2051-01-01,GW_storage_CA_SCE_S_GW[AF],28158.0,19970764786.0,1605030.0
9009,2051-02-01,GW_storage_CA_SCE_S_GW[AF],12426.0,20077395432.0,1617456.0
9010,2051-03-01,GW_storage_CA_SCE_S_GW[AF],12303.0,20182370827.0,1629759.0
9011,2051-04-01,GW_storage_CA_SCE_S_GW[AF],12735.0,20291580463.0,1642494.0
9012,2051-05-01,GW_storage_CA_SCE_S_GW[AF],12674.0,20400038326.0,1655168.0
9013,2051-06-01,GW_storage_CA_SCE_S_GW[AF],13293.0,20508257786.0,1668461.0
9014,2051-07-01,GW_storage_CA_SCE_S_GW[AF],14054.0,20615875318.0,1682515.0
9015,2051-08-01,GW_storage_CA_SCE_S_GW[AF],14187.0,20722198437.0,1696702.0
9016,2051-09-01,GW_storage_CA_SCE_S_GW[AF],14225.0,20827038775.0,1710927.0
9017,2051-10-01,GW_storage_CA_SCE_S_GW[AF],13479.0,20930437548.0,1724406.0
9018,2051-11-01,GW_storage_CA_SCE_S_GW[AF],14036.0,21032468769.0,1738442.0
9019,2051-12-01,GW_storage_CA_SCE_S_GW[AF],13970.0,21133705710.0,1752412.0
9020,2052-01-01,GW_storage_CA_SCE_S_GW[AF],17203.0,21233433839.0,1769615.0
9021,2052-02-01,GW_storage_CA_SCE_S_GW[AF],17046.0,21331717041.0,1786661.0
9022,2052-03-01,GW_storage_CA_SCE_S_GW[AF],16879.0,21429607427.0,1803540.0
9023,2052-04-01,GW_storage_CA_SCE_S_GW[AF],16798.0,21527851494.0,1820338.0
9024,2052-05-01,GW_storage_CA_SCE_S_GW[AF],16644.0,21624977785.0,1836982.0
9025,2052-06-01,GW_storage_CA_SCE_S_GW[AF],16617.0,21720857498.0,1853599.0
9026,2052-07-01,GW_storage_CA_SCE_S_GW[AF],17184.0,21815421513.0,1870783.0
9027,2052-08-01,GW_storage_CA_SCE_S_GW[AF],17248.0,21908765850.0,1888031.0
9028,2052-09-01,GW_storage_CA_SCE_S_GW[AF],17776.0,22001026854.0,1905807.0
9029,2052-10-01,GW_storage_CA_SCE_S_GW[AF],18486.0,22092179195.0,1924293.0
9030,2052-11-01,GW_storage_CA_SCE_S_GW[AF],19091.0,22182158688.0,1943384.0
9031,2052-12-01,GW_storage_CA_SCE_S_GW[AF],19001.0,22270990851.0,1962385.0
9032,2053-01-01,GW_storage_CA_SCE_S_GW[AF],18835.0,22358572318.0,1981220.0
9033,2053-02-01,GW_storage_CA_SCE_S_GW[AF],36648.0,22445234888.0,2017868.0
9034,2053-03-01,GW_storage_CA_SCE_S_GW[AF],36287.0,22531338210.0,2054155.0
9035,2053-04-01,GW_storage_CA_SCE_S_GW[AF],36475.0,22618197854.0,2090630.0
9036,2053-05-01,GW_storage_CA_SCE_S_GW[AF],36561.0,22705000235.0,2127191.0
9037,2053-06-01,GW_storage_CA_SCE_S_GW[AF],36719.0,22792005107.0,2163910.0
9038,2053-07-01,GW_storage_CA_SCE_S_GW[AF],36885.0,22878611714.0,2200795.0
9039,2053-08-01,GW_storage_CA_SCE_S_GW[AF],37062.0,22964123789.0,2237857.0
9040,2053-09-01,GW_storage_CA_SCE_S_GW[AF],36984.0,23048536524.0,2274841.0
9041,2053-10-01,GW_storage_CA_SCE_S_GW[AF],35705.0,23131866519.0,2310546.0
9042,2053-11-01,GW_storage_CA_SCE_S_GW[AF],35651.0,23214276747.0,2346197.0
9043,2053-12-01,GW_storage_CA_SCE_S_GW[AF],35321.0,23295578937.0,2381518.0
9044,2054-01-01,GW_storage_CA_SCE_S_GW[AF],28085.0,23375761806.0,2409603.0
9045,2054-02-01,GW_storage_CA_SCE_S_GW[AF],27844.0,23454991045.0,2437447.0
9046,2054-03-01,GW_storage_CA_SCE_S_GW[AF],27574.0,23533194281.0,2465021.0
9047,2054-04-01,GW_storage_CA_SCE_S_GW[AF],27683.0,23610840643.0,2492704.0
9048,2054-05-01,GW_storage_CA_SCE_S_GW[AF],27566.0,23687968757.0,2520270.0
9049,2054-06-01,GW_storage_CA_SCE_S_GW[AF],27612.0,23764134532.0,2547882.0
9050,2054-07-01,GW_storage_CA_SCE_S_GW[AF],27146.0,23839346953.0,2575028.0
9051,2054-08-01,GW_storage_CA_SCE_S_GW[AF],26954.0,23913680649.0,2601982.0
9052,2054-09-01,GW_storage_CA_SCE_S_GW[AF],27071.0,23987275722.0,2629053.0
9053,2054-10-01,GW_storage_CA_SCE_S_GW[AF],26907.0,24060063673.0,2655960.0
9054,2054-11-01,GW_storage_CA_SCE_S_GW[AF],24471.0,24132040073.0,2680431.0
9055,2054-12-01,GW_storage_CA_SCE_S_GW[AF],24151.0,24203075252.0,2704582.0
9056,2055-01-01,GW_storage_CA_SCE_S_GW[AF],23899.0,24273232069.0,2728481.0
9057,2055-02-01,GW_storage_CA_SCE_S_GW[AF],23674.0,24346983422.0,2752155.0
9058,2055-03-01,GW_storage_CA_SCE_S_GW[AF],23430.0,24429418525.0,2775585.0
9059,2055-04-01,GW_storage_CA_SCE_S_GW[AF],23193.0,24519974284.0,2798778.0
9060,2055-05-01,GW_storage_CA_SCE_S_GW[AF],23191.0,24612887460.0,2821969.0
9061,2055-06-01,GW_storage_CA_SCE_S_GW[AF],23203.0,24705731755.0,2845172.0
9062,2055-07-01,GW_storage_CA_SCE_S_GW[AF],23217.0,24797561549.0,2868389.0
9063,2055-08-01,GW_storage_CA_SCE_S_GW[AF],23208.0,24888417864.0,2891597.0
9064,2055-09-01,GW_storage_CA_SCE_S_GW[AF],23213.0,24978247446.0,2914810.0
9065,2055-10-01,GW_storage_CA_SCE_S_GW[AF],23055.0,25067037402.0,2937865.0
9066,2055-11-01,GW_storage_CA_SCE_S_GW[AF],22868.0,25154620871.0,2960733.0
9067,2055-12-01,GW_storage_CA_SCE_S_GW[AF],22665.0,25240958786.0,2983398.0
9068,2056-01-01,GW_storage_CA_SCE_S_GW[AF],22435.0,25326085001.0,3005833.0
9069,2056-02-01,GW_storage_CA_SCE_S_GW[AF],22233.0,25410115783.0,3028066.0
9070,2056-03-01,GW_storage_CA_SCE_S_GW[AF],22012.0,25493046199.0,3050078.0
9071,2056-04-01,GW_storage_CA_SCE_S_GW[AF],21793.0,25579867650.0,3071871.0
9072,2056-05-01,GW_storage_CA_SCE_S_GW[AF],21598.0,25665994452.0,3093469.0
9073,2056-06-01,GW_storage_CA_SCE_S_GW[AF],21549.0,25751014051.0,3115018.0
9074,2056-07-01,GW_storage_CA_SCE_S_GW[AF],21511.0,25834999057.0,3136529.0
9075,2056-08-01,GW_storage_CA_SCE_S_GW[AF],21375.0,25918012980.0,3157904.0
9076,2056-09-01,GW_storage_CA_SCE_S_GW[AF],19454.0,26000006720.0,3177358.0
9077,2056-10-01,GW_storage_CA_SCE_S_GW[AF],18619.0,26080893812.0,3195977.0
9078,2056-11-01,GW_storage_CA_SCE_S_GW[AF],18432.0,26160908259.0,3214409.0
9079,2056-12-01,GW_storage_CA_SCE_S_GW[AF],18139.0,26240212456.0,3232548.0
9080,2057-01-01,GW_storage_CA_SCE_S_GW[AF],17855.0,26318587848.0,3250403.0
9081,2057-02-01,GW_storage_CA_SCE_S_GW[AF],17602.0,26395985372.0,3268005.0
9082,2057-03-01,GW_storage_CA_SCE_S_GW[AF],17355.0,26472734266.0,3285360.0
9083,2057-04-01,GW_storage_CA_SCE_S_GW[AF],17166.0,26556295278.0,3302526.0
9084,2057-05-01,GW_storage_CA_SCE_S_GW[AF],17005.0,26638790503.0,3319531.0
9085,2057-06-01,GW_storage_CA_SCE_S_GW[AF],16949.0,26720263696.0,3336480.0
9086,2057-07-01,GW_storage_CA_SCE_S_GW[AF],16902.0,26800720453.0,3353382.0
9087,2057-08-01,GW_storage_CA_SCE_S_GW[AF],16857.0,26880212595.0,3370239.0
9088,2057-09-01,GW_storage_CA_SCE_S_GW[AF],14926.0,26958875022.0,3385165.0
9089,2057-10-01,GW_storage_CA_SCE_S_GW[AF],12654.0,27036568588.0,3397819.0
9090,2057-11-01,GW_storage_CA_SCE_S_GW[AF],10149.0,27113396201.0,3407968.0
9091,2057-12-01,GW_storage_CA_SCE_S_GW[AF],9837.0,27189264327.0,3417805.0
9092,2058-01-01,GW_storage_CA_SCE_S_GW[AF],9481.0,27264124633.0,3427286.0
9093,2058-02-01,GW_storage_CA_SCE_S_GW[AF],9160.0,27348265847.0,3436446.0
9094,2058-03-01,GW_storage_CA_SCE_S_GW[AF],8907.0,27440889382.0,3445353.0
9095,2058-04-01,GW_storage_CA_SCE_S_GW[AF],8721.0,27539133274.0,3454074.0
9096,2058-05-01,GW_storage_CA_SCE_S_GW[AF],8612.0,27639449314.0,3462686.0
9097,2058-06-01,GW_storage_CA_SCE_S_GW[AF],9049.0,27738779306.0,3471735.0
9098,2058-07-01,GW_storage_CA_SCE_S_GW[AF],9474.0,27837531793.0,3481209.0
9099,2058-08-01,GW_storage_CA_SCE_S_GW[AF],9597.0,27935280444.0,3490806.0
9100,2058-09-01,GW_storage_CA_SCE_S_GW[AF],10024.0,28031862865.0,3500830.0
9101,2058-10-01,GW_storage_CA_SCE_S_GW[AF],10017.0,28127260463.0,3510847.0
9102,2058-11-01,GW_storage_CA_SCE_S_GW[AF],10168.0,28221366217.0,3521015.0
9103,2058-12-01,GW_storage_CA_SCE_S_GW[AF],10114.0,28314157055.0,3531129.0
9104,2059-01-01,GW_storage_CA_SCE_S_GW[AF],12524.0,28405540773.0,3543653.0
9105,2059-02-01,GW_storage_CA_SCE_S_GW[AF],12412.0,28502067677.0,3556065.0
9106,2059-03-01,GW_storage_CA_SCE_S_GW[AF],12289.0,28605457246.0,3568354.0
9107,2059-04-01,GW_storage_CA_SCE_S_GW[AF],12171.0,28717814838.0,3580525.0
9108,2059-05-01,GW_storage_CA_SCE_S_GW[AF],12444.0,28830913147.0,3592969.0
9109,2059-06-01,GW_storage_CA_SCE_S_GW[AF],12695.0,28943770190.0,3605664.0
9110,2059-07-01,GW_storage_CA_SCE_S_GW[AF],12953.0,29055182582.0,3618617.0
9111,2059-08-01,GW_storage_CA_SCE_S_GW[AF],13214.0,29165160032.0,3631831.0
9112,2059-09-01,GW_storage_CA_SCE_S_GW[AF],13493.0,29273920291.0,3645324.0
9113,2059-10-01,GW_storage_CA_SCE_S_GW[AF],13744.0,29381402010.0,3659068.0
9114,2059-11-01,GW_storage_CA_SCE_S_GW[AF],13976.0,29487451547.0,3673044.0
9115,2059-12-01,GW_storage_CA_SCE_S_GW[AF],13865.0,29592083281.0,3686909.0
9116,2060-01-01,GW_storage_CA_SCE_S_GW[AF],13754.0,29695071869.0,3700663.0
9117,2060-02-01,GW_storage_CA_SCE_S_GW[AF],13652.0,29797999369.0,3714315.0
9118,2060-03-01,GW_storage_CA_SCE_S_GW[AF],13535.0,29907235449.0,3727850.0
9119,2060-04-01,GW_storage_CA_SCE_S_GW[AF],13417.0,30022282651.0,3741267.0
9120,2060-05-01,GW_storage_CA_SCE_S_GW[AF],13308.0,30138204137.0,3754575.0
9121,2060-06-01,GW_storage_CA_SCE_S_GW[AF],13282.0,30253989194.0,3767857.0
9122,2060-07-01,GW_storage_CA_SCE_S_GW[AF],13954.0,30369445165.0,3781811.0
9123,2060-08-01,GW_storage_CA_SCE_S_GW[AF],14068.0,30483354195.0,3795879.0
9124,2060-09-01,GW_storage_CA_SCE_S_GW[AF],14791.0,30595912136.0,3810670.0
9125,2060-10-01,GW_storage_CA_SCE_S_GW[AF],15552.0,30707058453.0,3826222.0
9126,2060-11-01,GW_storage_CA_SCE_S_GW[AF],16352.0,30816686913.0,3842574.0
9127,2060-12-01,GW_storage_CA_SCE_S_GW[AF],16231.0,30924630927.0,3858805.0
9128,2061-01-01,GW_storage_CA_SCE_S_GW[AF],16107.0,31038058188.0,3874912.0
9129,2061-02-01,GW_storage_CA_SCE_S_GW[AF],15998.0,31163247262.0,3890910.0
9130,2061-03-01,GW_storage_CA_SCE_S_GW[AF],15868.0,31301926464.0,3906778.0
9131,2061-04-01,GW_storage_CA_SCE_S_GW[AF],3654.0,31460043743.0,3910432.0
9132,2061-05-01,GW_storage_CA_SCE_S_GW[AF],3625.0,31621719240.0,3914057.0
9133,2061-06-01,GW_storage_CA_SCE_S_GW[AF],3819.0,31781944019.0,3917876.0
9134,2061-07-01,GW_storage_CA_SCE_S_GW[AF],4065.0,31940594248.0,3921941.0
9135,2061-08-01,GW_storage_CA_SCE_S_GW[AF],4271.0,32097666692.0,3926212.0
9136,2061-09-01,GW_storage_CA_SCE_S_GW[AF],4699.0,32253244922.0,3930911.0
9137,2061-10-01,GW_storage_CA_SCE_S_GW[AF],5066.0,32407132898.0,3935977.0
9138,2061-11-01,GW_storage_CA_SCE_S_GW[AF],5108.0,32559108380.0,3941085.0
9139,2061-12-01,GW_storage_CA_SCE_S_GW[AF],5059.0,32709321481.0,3946144.0
9140,2062-01-01,GW_storage_CA_SCE_S_GW[AF],5009.0,32858735378.0,3951153.0
9141,2062-02-01,GW_storage_CA_SCE_S_GW[AF],4965.0,33022044851.0,3956118.0
9142,2062-03-01,GW_storage_CA_SCE_S_GW[AF],4916.0,33198837130.0,3961034.0
9143,2062-04-01,GW_storage_CA_SCE_S_GW[AF],4869.0,33390837210.0,3965903.0
9144,2062-05-01,GW_storage_CA_SCE_S_GW[AF],4821.0,33584259641.0,3970724.0
9145,2062-06-01,GW_storage_CA_SCE_S_GW[AF],4832.0,33776858517.0,3975556.0
9146,2062-07-01,GW_storage_CA_SCE_S_GW[AF],5214.0,33967635736.0,3980770.0
9147,2062-08-01,GW_storage_CA_SCE_S_GW[AF],5565.0,34156855847.0,3986335.0
9148,2062-09-01,GW_storage_CA_SCE_S_GW[AF],5690.0,34344548104.0,3992025.0
9149,2062-10-01,GW_storage_CA_SCE_S_GW[AF],5978.0,34530332137.0,3998003.0
9150,2062-11-01,GW_storage_CA_SCE_S_GW[AF],6123.0,34714073091.0,4004126.0
9151,2062-12-01,GW_storage_CA_SCE_S_GW[AF],-2389.0,34895778448.0,4001737.0
9152,2063-01-01,GW_storage_CA_SCE_S_GW[AF],-2366.0,35079072230.0,3999371.0
9153,2063-02-01,GW_storage_CA_SCE_S_GW[AF],-2344.0,35269350335.0,3997027.0
9154,2063-03-01,GW_storage_CA_SCE_S_GW[AF],-2321.0,35470064786.0,3994706.0
9155,2063-04-01,GW_storage_CA_SCE_S_GW[AF],-2298.0,35683040547.0,3992408.0
9156,2063-05-01,GW_storage_CA_SCE_S_GW[AF],-2276.0,35907121073.0,3990132.0
9157,2063-06-01,GW_storage_CA_SCE_S_GW[AF],-2154.0,36134854310.0,3987978.0
9158,2063-07-01,GW_storage_CA_SCE_S_GW[AF],-1400.0,36361472567.0,3986578.0
9159,2063-08-01,GW_storage_CA_SCE_S_GW[AF],-303.0,36586142514.0,3986275.0
9160,2063-09-01,GW_storage_CA_SCE_S_GW[AF],920.0,36808934029.0,3987195.0
9161,2063-10-01,GW_storage_CA_SCE_S_GW[AF],1508.0,37029507927.0,3988703.0
9162,2063-11-01,GW_storage_CA_SCE_S_GW[AF],1541.0,37248012309.0,3990244.0
9163,2063-12-01,GW_storage_CA_SCE_S_GW[AF],-23845.0,37465671472.0,3966399.0
9164,2064-01-01,GW_storage_CA_SCE_S_GW[AF],-23608.0,37694815963.0,3942791.0
9165,2064-02-01,GW_storage_CA_SCE_S_GW[AF],-23389.0,37945097639.0,3919402.0
9166,2064-03-01,GW_storage_CA_SCE_S_GW[AF],-23157.0,38213638934.0,3896245.0
9167,2064-04-01,GW_storage_CA_SCE_S_GW[AF],-43159.0,38493367090.0,3853086.0
9168,2064-05-01,GW_storage_CA_SCE_S_GW[AF],-42501.0,38776738105.0,3810585.0
9169,2064-06-01,GW_storage_CA_SCE_S_GW[AF],-41850.0,39060661713.0,3768735.0
9170,2064-07-01,GW_storage_CA_SCE_S_GW[AF],-40851.0,39341932866.0,3727884.0
9171,2064-08-01,GW_storage_CA_SCE_S_GW[AF],-39565.0,39620711220.0,3688319.0
9172,2064-09-01,GW_storage_CA_SCE_S_GW[AF],-38083.0,39897002798.0,3650236.0
9173,2064-10-01,GW_storage_CA_SCE_S_GW[AF],-37285.0,40170736712.0,3612951.0
9174,2064-11-01,GW_storage_CA_SCE_S_GW[AF],-15914.0,40442044957.0,3597037.0
9175,2064-12-01,GW_storage_CA_SCE_S_GW[AF],-44183.0,40711834451.0,3552854.0
9176,2065-01-01,GW_storage_CA_SCE_S_GW[AF],-43745.0,40982757097.0,3509109.0
9177,2065-02-01,GW_storage_CA_SCE_S_GW[AF],-43353.0,41255716076.0,3465756.0
9178,2065-03-01,GW_storage_CA_SCE_S_GW[AF],-64705.0,41533378347.0,3401051.0
9179,2065-04-01,GW_storage_CA_SCE_S_GW[AF],-63715.0,41819419395.0,3337336.0
9180,2065-05-01,GW_storage_CA_SCE_S_GW[AF],-63112.0,42107659636.0,3274224.0
9181,2065-06-01,GW_storage_CA_SCE_S_GW[AF],-62148.0,42393392346.0,3212076.0
9182,2065-07-01,GW_storage_CA_SCE_S_GW[AF],-59545.0,42678359041.0,3152531.0
9183,2065-08-01,GW_storage_CA_SCE_S_GW[AF],-57674.0,42960938762.0,3094857.0
9184,2065-09-01,GW_storage_CA_SCE_S_GW[AF],-55429.0,43241061639.0,3039428.0
9185,2065-10-01,GW_storage_CA_SCE_S_GW[AF],-52528.0,43518553408.0,2986900.0
9186,2065-11-01,GW_storage_CA_SCE_S_GW[AF],-50470.0,43793351378.0,2936430.0
9187,2065-12-01,GW_storage_CA_SCE_S_GW[AF],-49433.0,44065325818.0,2886997.0
9188,2066-01-01,GW_storage_CA_SCE_S_GW[AF],-48785.0,44334625115.0,2838212.0
9189,2066-02-01,GW_storage_CA_SCE_S_GW[AF],-48331.0,44601575728.0,2789881.0
9190,2066-03-01,GW_storage_CA_SCE_S_GW[AF],-46555.0,44865977654.0,2743326.0
9191,2066-04-01,GW_storage_CA_SCE_S_GW[AF],-46019.0,45130939542.0,2697307.0
9192,2066-05-01,GW_storage_CA_SCE_S_GW[AF],-45543.0,45393925169.0,2651764.0
9193,2066-06-01,GW_storage_CA_SCE_S_GW[AF],-45105.0,45654573916.0,2606659.0
9194,2066-07-01,GW_storage_CA_SCE_S_GW[AF],-43583.0,45912927675.0,2563076.0
9195,2066-08-01,GW_storage_CA_SCE_S_GW[AF],-41418.0,46169111465.0,2521658.0
9196,2066-09-01,GW_storage_CA_SCE_S_GW[AF],-39590.0,46423600426.0,2482068.0
9197,2066-10-01,GW_storage_CA_SCE_S_GW[AF],-38066.0,46676263355.0,2444002.0
9198,2066-11-01,GW_storage_CA_SCE_S_GW[AF],-36591.0,46927228863.0,2407411.0
9199,2066-12-01,GW_storage_CA_SCE_S_GW[AF],-35287.0,47176198480.0,2372124.0
9200,2067-01-01,GW_storage_CA_SCE_S_GW[AF],-34758.0,47422896821.0,2337366.0
9201,2067-02-01,GW_storage_CA_SCE_S_GW[AF],-34286.0,47667661431.0,2303080.0
9202,2067-03-01,GW_storage_CA_SCE_S_GW[AF],-33604.0,47910308464.0,2269476.0
9203,2067-04-01,GW_storage_CA_SCE_S_GW[AF],-33128.0,48151085524.0,2236348.0
9204,2067-05-01,GW_storage_CA_SCE_S_GW[AF],-32781.0,48389950965.0,2203567.0
9205,2067-06-01,GW_storage_CA_SCE_S_GW[AF],-32467.0,48627002221.0,2171100.0
9206,2067-07-01,GW_storage_CA_SCE_S_GW[AF],-31608.0,48862124917.0,2139492.0
9207,2067-08-01,GW_storage_CA_SCE_S_GW[AF],-30134.0,49095321876.0,2109358.0
9208,2067-09-01,GW_storage_CA_SCE_S_GW[AF],-29459.0,49326841519.0,2079899.0
9209,2067-10-01,GW_storage_CA_SCE_S_GW[AF],-29928.0,49556552267.0,2049971.0
9210,2067-11-01,GW_storage_CA_SCE_S_GW[AF],-29749.0,49784868208.0,2020222.0
9211,2067-12-01,GW_storage_CA_SCE_S_GW[AF],-29497.0,50011545293.0,1990725.0
9212,2068-01-01,GW_storage_CA_SCE_S_GW[AF],-29253.0,50238331069.0,1961472.0
9213,2068-02-01,GW_storage_CA_SCE_S_GW[AF],-29027.0,50478937732.0,1932445.0
9214,2068-03-01,GW_storage_CA_SCE_S_GW[AF],-28765.0,50739381265.0,1903680.0
9215,2068-04-01,GW_storage_CA_SCE_S_GW[AF],-28505.0,51011294375.0,1875175.0
9216,2068-05-01,GW_storage_CA_SCE_S_GW[AF],-28230.0,51290774772.0,1846945.0
9217,2068-06-01,GW_storage_CA_SCE_S_GW[AF],-27639.0,51571539123.0,1819306.0
9218,2068-07-01,GW_storage_CA_SCE_S_GW[AF],-26303.0,51851333229.0,1793003.0
9219,2068-08-01,GW_storage_CA_SCE_S_GW[AF],-24826.0,52129191774.0,1768177.0
9220,2068-09-01,GW_storage_CA_SCE_S_GW[AF],-22693.0,52405096290.0,1745484.0
9221,2068-10-01,GW_storage_CA_SCE_S_GW[AF],-21504.0,52678907664.0,1723980.0
9222,2068-11-01,GW_storage_CA_SCE_S_GW[AF],-32488.0,52950483517.0,1691492.0
9223,2068-12-01,GW_storage_CA_SCE_S_GW[AF],-32794.0,53219819895.0,1658698.0
9224,2069-01-01,GW_storage_CA_SCE_S_GW[AF],-32350.0,53487155316.0,1626348.0
9225,2069-02-01,GW_storage_CA_SCE_S_GW[AF],-20566.0,53760870931.0,1605782.0
9226,2069-03-01,GW_storage_CA_SCE_S_GW[AF],-20378.0,54039428849.0,1585404.0
9227,2069-04-01,GW_storage_CA_SCE_S_GW[AF],-20191.0,54324092180.0,1565213.0
9228,2069-05-01,GW_storage_CA_SCE_S_GW[AF],-19984.0,54609436481.0,1545229.0
9229,2069-06-01,GW_storage_CA_SCE_S_GW[AF],-19004.0,54894337917.0,1526225.0
9230,2069-07-01,GW_storage_CA_SCE_S_GW[AF],-16329.0,55177218144.0,1509896.0
9231,2069-08-01,GW_storage_CA_SCE_S_GW[AF],-13877.0,55458179949.0,1496019.0
9232,2069-09-01,GW_storage_CA_SCE_S_GW[AF],-10675.0,55737226700.0,1485344.0
9233,2069-10-01,GW_storage_CA_SCE_S_GW[AF],-7918.0,56014313112.0,1477426.0
9234,2069-11-01,GW_storage_CA_SCE_S_GW[AF],-5269.0,56289244905.0,1472157.0
9235,2069-12-01,GW_storage_CA_SCE_S_GW[AF],-4927.0,56561948550.0,1467230.0
9236,2070-01-01,GW_storage_CA_SCE_S_GW[AF],-4823.0,56832455571.0,1462407.0
9237,2070-02-01,GW_storage_CA_SCE_S_GW[AF],-4768.0,57101031869.0,1457639.0
9238,2070-03-01,GW_storage_CA_SCE_S_GW[AF],-3228.0,57367456127.0,1454411.0
9239,2070-04-01,GW_storage_CA_SCE_S_GW[AF],-2237.0,57631884127.0,1452174.0
9240,2070-05-01,GW_storage_CA_SCE_S_GW[AF],-2116.0,57894580730.0,1450058.0
9241,2070-06-01,GW_storage_CA_SCE_S_GW[AF],-2051.0,58156625113.0,1448007.0
9242,2070-07-01,GW_storage_CA_SCE_S_GW[AF],-631.0,58417720429.0,1447376.0
9243,2070-08-01,GW_storage_CA_SCE_S_GW[AF],1273.0,58677125935.0,1448649.0
9244,2070-09-01,GW_storage_CA_SCE_S_GW[AF],2622.0,58935122487.0,1451271.0
9245,2070-10-01,GW_storage_CA_SCE_S_GW[AF],3525.0,59191573450.0,1454796.0
9246,2070-11-01,GW_storage_CA_SCE_S_GW[AF],4242.0,59446278042.0,1459038.0
9247,2070-12-01,GW_storage_CA_SCE_S_GW[AF],5892.0,59699129256.0,1464930.0
9794,2021-07-01,GW_storage_CA_SCE_VLY_GW[AF],-3.0,628985.0,-3.0
9795,2021-08-01,GW_storage_CA_SCE_VLY_GW[AF],169.0,833341.0,166.0
9796,2021-09-01,GW_storage_CA_SCE_VLY_GW[AF],886.0,1034591.0,1052.0
9797,2021-10-01,GW_storage_CA_SCE_VLY_GW[AF],375.0,1228184.0,1427.0
9798,2021-11-01,GW_storage_CA_SCE_VLY_GW[AF],-3687.0,1408873.0,-2260.0
9799,2021-12-01,GW_storage_CA_SCE_VLY_GW[AF],-6197.0,1583705.0,-8457.0
9800,2022-01-01,GW_storage_CA_SCE_VLY_GW[AF],-7470.0,1753848.0,-15927.0
9801,2022-02-01,GW_storage_CA_SCE_VLY_GW[AF],-7906.0,1920342.0,-23833.0
9802,2022-03-01,GW_storage_CA_SCE_VLY_GW[AF],-7953.0,2083476.0,-31786.0
9803,2022-04-01,GW_storage_CA_SCE_VLY_GW[AF],-7934.0,2243387.0,-39720.0
9804,2022-05-01,GW_storage_CA_SCE_VLY_GW[AF],-7890.0,2522880.0,-47610.0
9805,2022-06-01,GW_storage_CA_SCE_VLY_GW[AF],-7838.0,3551564.0,-55448.0
9806,2022-07-01,GW_storage_CA_SCE_VLY_GW[AF],-7767.0,4562843.0,-63215.0
9807,2022-08-01,GW_storage_CA_SCE_VLY_GW[AF],-7709.0,5557441.0,-70924.0
9808,2022-09-01,GW_storage_CA_SCE_VLY_GW[AF],-7636.0,6536311.0,-78560.0
9809,2022-10-01,GW_storage_CA_SCE_VLY_GW[AF],-7536.0,7499151.0,-86096.0
9810,2022-11-01,GW_storage_CA_SCE_VLY_GW[AF],-7470.0,8445383.0,-93566.0
9811,2022-12-01,GW_storage_CA_SCE_VLY_GW[AF],-7386.0,9374562.0,-100952.0
9812,2023-01-01,GW_storage_CA_SCE_VLY_GW[AF],-7267.0,10287031.0,-108219.0
9813,2023-02-01,GW_storage_CA_SCE_VLY_GW[AF],-7143.0,11192982.0,-115362.0
9814,2023-03-01,GW_storage_CA_SCE_VLY_GW[AF],-7029.0,12082492.0,-122391.0
9815,2023-04-01,GW_storage_CA_SCE_VLY_GW[AF],-6941.0,12955603.0,-129332.0
9816,2023-05-01,GW_storage_CA_SCE_VLY_GW[AF],-6852.0,13813215.0,-136184.0
9817,2023-06-01,GW_storage_CA_SCE_VLY_GW[AF],-6779.0,15164430.0,-142963.0
9818,2023-07-01,GW_storage_CA_SCE_VLY_GW[AF],-7276.0,17236845.0,-150239.0
9819,2023-08-01,GW_storage_CA_SCE_VLY_GW[AF],-9268.0,19274971.0,-159507.0
9820,2023-09-01,GW_storage_CA_SCE_VLY_GW[AF],-10679.0,21282260.0,-170186.0
9821,2023-10-01,GW_storage_CA_SCE_VLY_GW[AF],-10391.0,23279746.0,-180577.0
9822,2023-11-01,GW_storage_CA_SCE_VLY_GW[AF],-10011.0,25247116.0,-190588.0
9823,2023-12-01,GW_storage_CA_SCE_VLY_GW[AF],-9909.0,27178503.0,-200497.0
9824,2024-01-01,GW_storage_CA_SCE_VLY_GW[AF],-9728.0,29079026.0,-210225.0
9825,2024-02-01,GW_storage_CA_SCE_VLY_GW[AF],-9586.0,30951693.0,-219811.0
9826,2024-03-01,GW_storage_CA_SCE_VLY_GW[AF],-9448.0,32794640.0,-229259.0
9827,2024-04-01,GW_storage_CA_SCE_VLY_GW[AF],-9305.0,34598451.0,-238564.0
9828,2024-05-01,GW_storage_CA_SCE_VLY_GW[AF],-9174.0,36379549.0,-247738.0
9829,2024-06-01,GW_storage_CA_SCE_VLY_GW[AF],-9105.0,38134426.0,-256843.0
9830,2024-07-01,GW_storage_CA_SCE_VLY_GW[AF],-9055.0,39862715.0,-265898.0
9831,2024-08-01,GW_storage_CA_SCE_VLY_GW[AF],-8943.0,41565221.0,-274841.0
9832,2024-09-01,GW_storage_CA_SCE_VLY_GW[AF],-8952.0,43242727.0,-283793.0
9833,2024-10-01,GW_storage_CA_SCE_VLY_GW[AF],-8985.0,44894530.0,-292778.0
9834,2024-11-01,GW_storage_CA_SCE_VLY_GW[AF],-9010.0,46522142.0,-301788.0
9835,2024-12-01,GW_storage_CA_SCE_VLY_GW[AF],-8967.0,48125394.0,-310755.0
9836,2025-01-01,GW_storage_CA_SCE_VLY_GW[AF],-8925.0,49704625.0,-319680.0
9837,2025-02-01,GW_storage_CA_SCE_VLY_GW[AF],-8839.0,51264049.0,-328519.0
9838,2025-03-01,GW_storage_CA_SCE_VLY_GW[AF],-8747.0,52800150.0,-337266.0
9839,2025-04-01,GW_storage_CA_SCE_VLY_GW[AF],-8652.0,54422403.0,-345918.0
9840,2025-05-01,GW_storage_CA_SCE_VLY_GW[AF],-8532.0,56023530.0,-354450.0
9841,2025-06-01,GW_storage_CA_SCE_VLY_GW[AF],-8318.0,57673121.0,-362768.0
9842,2025-07-01,GW_storage_CA_SCE_VLY_GW[AF],-12212.0,59233291.0,-374980.0
9843,2025-08-01,GW_storage_CA_SCE_VLY_GW[AF],-47199.0,60752330.0,-422179.0
9844,2025-09-01,GW_storage_CA_SCE_VLY_GW[AF],32372.0,63291561.0,-389807.0
9845,2025-10-01,GW_storage_CA_SCE_VLY_GW[AF],75576.0,66117192.0,-314231.0
9846,2025-11-01,GW_storage_CA_SCE_VLY_GW[AF],99951.0,69169207.0,-214280.0
9847,2025-12-01,GW_storage_CA_SCE_VLY_GW[AF],116074.0,72377661.0,-98206.0
9848,2026-01-01,GW_storage_CA_SCE_VLY_GW[AF],127344.0,75644729.0,29138.0
9849,2026-02-01,GW_storage_CA_SCE_VLY_GW[AF],153402.0,83025589.0,182540.0
9850,2026-03-01,GW_storage_CA_SCE_VLY_GW[AF],163623.0,93674924.0,346163.0
9851,2026-04-01,GW_storage_CA_SCE_VLY_GW[AF],166462.0,112497734.0,512625.0
9852,2026-05-01,GW_storage_CA_SCE_VLY_GW[AF],167568.0,136460613.0,680193.0
9853,2026-06-01,GW_storage_CA_SCE_VLY_GW[AF],169196.0,160180041.0,849389.0
9854,2026-07-01,GW_storage_CA_SCE_VLY_GW[AF],169357.0,184580314.0,1018746.0
9855,2026-08-01,GW_storage_CA_SCE_VLY_GW[AF],166646.0,208538131.0,1185392.0
9856,2026-09-01,GW_storage_CA_SCE_VLY_GW[AF],161196.0,232132273.0,1346588.0
9857,2026-10-01,GW_storage_CA_SCE_VLY_GW[AF],148774.0,255250646.0,1495362.0
9858,2026-11-01,GW_storage_CA_SCE_VLY_GW[AF],127205.0,277908394.0,1622567.0
9859,2026-12-01,GW_storage_CA_SCE_VLY_GW[AF],113498.0,300103214.0,1736065.0
9860,2027-01-01,GW_storage_CA_SCE_VLY_GW[AF],108371.0,321847786.0,1844436.0
9861,2027-02-01,GW_storage_CA_SCE_VLY_GW[AF],107104.0,343199646.0,1951540.0
9862,2027-03-01,GW_storage_CA_SCE_VLY_GW[AF],105799.0,369620421.0,2057339.0
9863,2027-04-01,GW_storage_CA_SCE_VLY_GW[AF],736561.0,409179141.0,2793900.0
9864,2027-05-01,GW_storage_CA_SCE_VLY_GW[AF],1091426.0,455970259.0,3885326.0
9865,2027-06-01,GW_storage_CA_SCE_VLY_GW[AF],1323560.0,506103237.0,5208886.0
9866,2027-07-01,GW_storage_CA_SCE_VLY_GW[AF],1400673.0,558027240.0,6609559.0
9867,2027-08-01,GW_storage_CA_SCE_VLY_GW[AF],1389394.0,610747556.0,7998953.0
9868,2027-09-01,GW_storage_CA_SCE_VLY_GW[AF],1387444.0,662576568.0,9386397.0
9869,2027-10-01,GW_storage_CA_SCE_VLY_GW[AF],1396840.0,713531026.0,10783237.0
9870,2027-11-01,GW_storage_CA_SCE_VLY_GW[AF],1421270.0,763602436.0,12204507.0
9871,2027-12-01,GW_storage_CA_SCE_VLY_GW[AF],1528380.0,812846873.0,13732887.0
9872,2028-01-01,GW_storage_CA_SCE_VLY_GW[AF],1511369.0,861121911.0,15244256.0
9873,2028-02-01,GW_storage_CA_SCE_VLY_GW[AF],1495017.0,908650771.0,16739273.0
9874,2028-03-01,GW_storage_CA_SCE_VLY_GW[AF],1477649.0,959000163.0,18216922.0
9875,2028-04-01,GW_storage_CA_SCE_VLY_GW[AF],1461661.0,1012039411.0,19678583.0
9876,2028-05-01,GW_storage_CA_SCE_VLY_GW[AF],1448417.0,1068060916.0,21127000.0
9877,2028-06-01,GW_storage_CA_SCE_VLY_GW[AF],1437336.0,1125203670.0,22564336.0
9878,2028-07-01,GW_storage_CA_SCE_VLY_GW[AF],1426299.0,1183903968.0,23990635.0
9879,2028-08-01,GW_storage_CA_SCE_VLY_GW[AF],1418294.0,1241633200.0,25408929.0
9880,2028-09-01,GW_storage_CA_SCE_VLY_GW[AF],1427583.0,1298536546.0,26836512.0
9881,2028-10-01,GW_storage_CA_SCE_VLY_GW[AF],1425960.0,1354465802.0,28262472.0
9882,2028-11-01,GW_storage_CA_SCE_VLY_GW[AF],1414842.0,1409406877.0,29677314.0
9883,2028-12-01,GW_storage_CA_SCE_VLY_GW[AF],1405385.0,1463330743.0,31082699.0
9884,2029-01-01,GW_storage_CA_SCE_VLY_GW[AF],1393218.0,1516331973.0,32475917.0
9885,2029-02-01,GW_storage_CA_SCE_VLY_GW[AF],1387391.0,1568436361.0,33863308.0
9886,2029-03-01,GW_storage_CA_SCE_VLY_GW[AF],1391700.0,1622957905.0,35255008.0
9887,2029-04-01,GW_storage_CA_SCE_VLY_GW[AF],1397650.0,1679352962.0,36652658.0
9888,2029-05-01,GW_storage_CA_SCE_VLY_GW[AF],1395880.0,1742904338.0,38048538.0
9889,2029-06-01,GW_storage_CA_SCE_VLY_GW[AF],1387261.0,1807169538.0,39435799.0
9890,2029-07-01,GW_storage_CA_SCE_VLY_GW[AF],1376175.0,1872474684.0,40811974.0
9891,2029-08-01,GW_storage_CA_SCE_VLY_GW[AF],1361752.0,1936569687.0,42173726.0
9892,2029-09-01,GW_storage_CA_SCE_VLY_GW[AF],1350106.0,1999536921.0,43523832.0
9893,2029-10-01,GW_storage_CA_SCE_VLY_GW[AF],1339432.0,2061251234.0,44863264.0
9894,2029-11-01,GW_storage_CA_SCE_VLY_GW[AF],1333929.0,2121792309.0,46197193.0
9895,2029-12-01,GW_storage_CA_SCE_VLY_GW[AF],1330573.0,2181276298.0,47527766.0
9896,2030-01-01,GW_storage_CA_SCE_VLY_GW[AF],1319802.0,2239598911.0,48847568.0
9897,2030-02-01,GW_storage_CA_SCE_VLY_GW[AF],1308757.0,2296908282.0,50156325.0
9898,2030-03-01,GW_storage_CA_SCE_VLY_GW[AF],1300783.0,2353273149.0,51457108.0
9899,2030-04-01,GW_storage_CA_SCE_VLY_GW[AF],1312992.0,2408813513.0,52770100.0
9900,2030-05-01,GW_storage_CA_SCE_VLY_GW[AF],1329209.0,2463288321.0,54099309.0
9901,2030-06-01,GW_storage_CA_SCE_VLY_GW[AF],1352075.0,2519189259.0,55451384.0
9902,2030-07-01,GW_storage_CA_SCE_VLY_GW[AF],1367088.0,2574987711.0,56818472.0
9903,2030-08-01,GW_storage_CA_SCE_VLY_GW[AF],1374439.0,2629845780.0,58192911.0
9904,2030-09-01,GW_storage_CA_SCE_VLY_GW[AF],1372185.0,2683731630.0,59565096.0
9905,2030-10-01,GW_storage_CA_SCE_VLY_GW[AF],1363445.0,2736573135.0,60928541.0
9906,2030-11-01,GW_storage_CA_SCE_VLY_GW[AF],1352292.0,2788437015.0,62280833.0
9907,2030-12-01,GW_storage_CA_SCE_VLY_GW[AF],1337446.0,2839371858.0,63618279.0
9908,2031-01-01,GW_storage_CA_SCE_VLY_GW[AF],1313786.0,2889285425.0,64932065.0
9909,2031-02-01,GW_storage_CA_SCE_VLY_GW[AF],1293908.0,2938331300.0,66225973.0
9910,2031-03-01,GW_storage_CA_SCE_VLY_GW[AF],1278259.0,2986403207.0,67504232.0
9911,2031-04-01,GW_storage_CA_SCE_VLY_GW[AF],1272528.0,3034117058.0,68776760.0
9912,2031-05-01,GW_storage_CA_SCE_VLY_GW[AF],1267497.0,3081639947.0,70044257.0
9913,2031-06-01,GW_storage_CA_SCE_VLY_GW[AF],1253786.0,3128466639.0,71298043.0
9914,2031-07-01,GW_storage_CA_SCE_VLY_GW[AF],1243204.0,3175256040.0,72541247.0
9915,2031-08-01,GW_storage_CA_SCE_VLY_GW[AF],1240324.0,3221201089.0,73781571.0
9916,2031-09-01,GW_storage_CA_SCE_VLY_GW[AF],1245357.0,3266538806.0,75026928.0
9917,2031-10-01,GW_storage_CA_SCE_VLY_GW[AF],1241614.0,3311005126.0,76268542.0
9918,2031-11-01,GW_storage_CA_SCE_VLY_GW[AF],1229972.0,3354843436.0,77498514.0
9919,2031-12-01,GW_storage_CA_SCE_VLY_GW[AF],1217192.0,3397917039.0,78715706.0
9920,2032-01-01,GW_storage_CA_SCE_VLY_GW[AF],1203082.0,3440765830.0,79918788.0
9921,2032-02-01,GW_storage_CA_SCE_VLY_GW[AF],1935045.0,3500332884.0,81853833.0
9922,2032-03-01,GW_storage_CA_SCE_VLY_GW[AF],2669802.0,3570397039.0,84523635.0
9923,2032-04-01,GW_storage_CA_SCE_VLY_GW[AF],3137928.0,3645988541.0,87661563.0
9924,2032-05-01,GW_storage_CA_SCE_VLY_GW[AF],3369734.0,3723860841.0,91031297.0
9925,2032-06-01,GW_storage_CA_SCE_VLY_GW[AF],3452933.0,3803847465.0,94484230.0
9926,2032-07-01,GW_storage_CA_SCE_VLY_GW[AF],3422742.0,3884065220.0,97906972.0
9927,2032-08-01,GW_storage_CA_SCE_VLY_GW[AF],3395327.0,3963910669.0,101302299.0
9928,2032-09-01,GW_storage_CA_SCE_VLY_GW[AF],3371322.0,4042724779.0,104673621.0
9929,2032-10-01,GW_storage_CA_SCE_VLY_GW[AF],3347842.0,4120308321.0,108021463.0
9930,2032-11-01,GW_storage_CA_SCE_VLY_GW[AF],3327823.0,4196679403.0,111349286.0
9931,2032-12-01,GW_storage_CA_SCE_VLY_GW[AF],3308086.0,4271822754.0,114657372.0
9932,2033-01-01,GW_storage_CA_SCE_VLY_GW[AF],3273051.0,4345538492.0,117930423.0
9933,2033-02-01,GW_storage_CA_SCE_VLY_GW[AF],3239113.0,4423218301.0,121169536.0
9934,2033-03-01,GW_storage_CA_SCE_VLY_GW[AF],3544898.0,4505470297.0,124714434.0
9935,2033-04-01,GW_storage_CA_SCE_VLY_GW[AF],3697714.0,4590681136.0,128412148.0
9936,2033-05-01,GW_storage_CA_SCE_VLY_GW[AF],3656333.0,4675360581.0,132068481.0
9937,2033-06-01,GW_storage_CA_SCE_VLY_GW[AF],3624385.0,4760708398.0,135692866.0
9938,2033-07-01,GW_storage_CA_SCE_VLY_GW[AF],3594312.0,4846138178.0,139287178.0
9939,2033-08-01,GW_storage_CA_SCE_VLY_GW[AF],3566089.0,4931118427.0,142853267.0
9940,2033-09-01,GW_storage_CA_SCE_VLY_GW[AF],3542403.0,5014914731.0,146395670.0
9941,2033-10-01,GW_storage_CA_SCE_VLY_GW[AF],3528457.0,5097508172.0,149924127.0
9942,2033-11-01,GW_storage_CA_SCE_VLY_GW[AF],3528898.0,5178663669.0,153453025.0
9943,2033-12-01,GW_storage_CA_SCE_VLY_GW[AF],3535353.0,5258443309.0,156988378.0
9944,2034-01-01,GW_storage_CA_SCE_VLY_GW[AF],3542342.0,5339163828.0,160530720.0
9945,2034-02-01,GW_storage_CA_SCE_VLY_GW[AF],3542837.0,5418722190.0,164073557.0
9946,2034-03-01,GW_storage_CA_SCE_VLY_GW[AF],3534836.0,5500220744.0,167608393.0
9947,2034-04-01,GW_storage_CA_SCE_VLY_GW[AF],3528021.0,5584032903.0,171136414.0
9948,2034-05-01,GW_storage_CA_SCE_VLY_GW[AF],3508721.0,5676873319.0,174645135.0
9949,2034-06-01,GW_storage_CA_SCE_VLY_GW[AF],3484238.0,5773341236.0,178129373.0
9950,2034-07-01,GW_storage_CA_SCE_VLY_GW[AF],3451257.0,5871231225.0,181580630.0
9951,2034-08-01,GW_storage_CA_SCE_VLY_GW[AF],3421245.0,5968392389.0,185001875.0
9952,2034-09-01,GW_storage_CA_SCE_VLY_GW[AF],3387349.0,6064112138.0,188389224.0
9953,2034-10-01,GW_storage_CA_SCE_VLY_GW[AF],3347972.0,6158273690.0,191737196.0
9954,2034-11-01,GW_storage_CA_SCE_VLY_GW[AF],3300835.0,6251013792.0,195038031.0
9955,2034-12-01,GW_storage_CA_SCE_VLY_GW[AF],3248345.0,6342469856.0,198286376.0
9956,2035-01-01,GW_storage_CA_SCE_VLY_GW[AF],3183944.0,6432436397.0,201470320.0
9957,2035-02-01,GW_storage_CA_SCE_VLY_GW[AF],3127740.0,6520973109.0,204598060.0
9958,2035-03-01,GW_storage_CA_SCE_VLY_GW[AF],3090449.0,6608114132.0,207688509.0
9959,2035-04-01,GW_storage_CA_SCE_VLY_GW[AF],3060183.0,6694040771.0,210748692.0
9960,2035-05-01,GW_storage_CA_SCE_VLY_GW[AF],3064925.0,6778544504.0,213813617.0
9961,2035-06-01,GW_storage_CA_SCE_VLY_GW[AF],3084910.0,6863239534.0,216898527.0
9962,2035-07-01,GW_storage_CA_SCE_VLY_GW[AF],3080686.0,6947511289.0,219979213.0
9963,2035-08-01,GW_storage_CA_SCE_VLY_GW[AF],3071716.0,7030376153.0,223050929.0
9964,2035-09-01,GW_storage_CA_SCE_VLY_GW[AF],3058661.0,7112119087.0,226109590.0
9965,2035-10-01,GW_storage_CA_SCE_VLY_GW[AF],3034483.0,7192574428.0,229144073.0
9966,2035-11-01,GW_storage_CA_SCE_VLY_GW[AF],2998593.0,7271865334.0,232142666.0
9967,2035-12-01,GW_storage_CA_SCE_VLY_GW[AF],2957025.0,7350179909.0,235099691.0
9968,2036-01-01,GW_storage_CA_SCE_VLY_GW[AF],2915299.0,7427195979.0,238014990.0
9969,2036-02-01,GW_storage_CA_SCE_VLY_GW[AF],2872994.0,7503024891.0,240887984.0
9970,2036-03-01,GW_storage_CA_SCE_VLY_GW[AF],2830321.0,7577632108.0,243718305.0
9971,2036-04-01,GW_storage_CA_SCE_VLY_GW[AF],2792079.0,7651185144.0,246510384.0
9972,2036-05-01,GW_storage_CA_SCE_VLY_GW[AF],2760129.0,7724300240.0,249270513.0
9973,2036-06-01,GW_storage_CA_SCE_VLY_GW[AF],2731009.0,7796353708.0,252001522.0
9974,2036-07-01,GW_storage_CA_SCE_VLY_GW[AF],2713863.0,7867314948.0,254715385.0
9975,2036-08-01,GW_storage_CA_SCE_VLY_GW[AF],2703513.0,7937241278.0,257418898.0
9976,2036-09-01,GW_storage_CA_SCE_VLY_GW[AF],2697178.0,8006295323.0,260116076.0
9977,2036-10-01,GW_storage_CA_SCE_VLY_GW[AF],2693382.0,8074305646.0,262809458.0
9978,2036-11-01,GW_storage_CA_SCE_VLY_GW[AF],2692216.0,8141376577.0,265501674.0
9979,2036-12-01,GW_storage_CA_SCE_VLY_GW[AF],2694401.0,8207644541.0,268196075.0
9980,2037-01-01,GW_storage_CA_SCE_VLY_GW[AF],2698368.0,8273161410.0,270894443.0
9981,2037-02-01,GW_storage_CA_SCE_VLY_GW[AF],2683387.0,8337733681.0,273577830.0
9982,2037-03-01,GW_storage_CA_SCE_VLY_GW[AF],2649493.0,8401237350.0,276227323.0
9983,2037-04-01,GW_storage_CA_SCE_VLY_GW[AF],2610134.0,8463716442.0,278837457.0
9984,2037-05-01,GW_storage_CA_SCE_VLY_GW[AF],2575298.0,8525229166.0,281412755.0
9985,2037-06-01,GW_storage_CA_SCE_VLY_GW[AF],2545899.0,8585780498.0,283958654.0
9986,2037-07-01,GW_storage_CA_SCE_VLY_GW[AF],2549189.0,8645518277.0,286507843.0
9987,2037-08-01,GW_storage_CA_SCE_VLY_GW[AF],2571865.0,8704580765.0,289079708.0
9988,2037-09-01,GW_storage_CA_SCE_VLY_GW[AF],2609201.0,8763159684.0,291688909.0
9989,2037-10-01,GW_storage_CA_SCE_VLY_GW[AF],2663852.0,8821181815.0,294352761.0
9990,2037-11-01,GW_storage_CA_SCE_VLY_GW[AF],2719201.0,8878677095.0,297071962.0
9991,2037-12-01,GW_storage_CA_SCE_VLY_GW[AF],2770636.0,8935618642.0,299842598.0
9992,2038-01-01,GW_storage_CA_SCE_VLY_GW[AF],2757219.0,8991690289.0,302599817.0
9993,2038-02-01,GW_storage_CA_SCE_VLY_GW[AF],2713234.0,9049081585.0,305313051.0
9994,2038-03-01,GW_storage_CA_SCE_VLY_GW[AF],2752057.0,9108044798.0,308065108.0
9995,2038-04-01,GW_storage_CA_SCE_VLY_GW[AF],3025941.0,9168794933.0,311091049.0
9996,2038-05-01,GW_storage_CA_SCE_VLY_GW[AF],3220726.0,9229969082.0,314311775.0
9997,2038-06-01,GW_storage_CA_SCE_VLY_GW[AF],3234341.0,9290494843.0,317546116.0
9998,2038-07-01,GW_storage_CA_SCE_VLY_GW[AF],3248628.0,9350294408.0,320794744.0
9999,2038-08-01,GW_storage_CA_SCE_VLY_GW[AF],3250009.0,9409318940.0,324044753.0
10000,2038-09-01,GW_storage_CA_SCE_VLY_GW[AF],3236309.0,9467673979.0,327281062.0
10001,2038-10-01,GW_storage_CA_SCE_VLY_GW[AF],3210453.0,9525253636.0,330491515.0
10002,2038-11-01,GW_storage_CA_SCE_VLY_GW[AF],3174244.0,9582098472.0,333665759.0
10003,2038-12-01,GW_storage_CA_SCE_VLY_GW[AF],3121241.0,9638248766.0,336787000.0
10004,2039-01-01,GW_storage_CA_SCE_VLY_GW[AF],3077313.0,9693650977.0,339864313.0
10005,2039-02-01,GW_storage_CA_SCE_VLY_GW[AF],3184389.0,9750458830.0,343048702.0
10006,2039-03-01,GW_storage_CA_SCE_VLY_GW[AF],3282591.0,9809156458.0,346331293.0
10007,2039-04-01,GW_storage_CA_SCE_VLY_GW[AF],3285300.0,9868559467.0,349616593.0
10008,2039-05-01,GW_storage_CA_SCE_VLY_GW[AF],3255112.0,9927385773.0,352871705.0
10009,2039-06-01,GW_storage_CA_SCE_VLY_GW[AF],3261178.0,9986965256.0,356132883.0
10010,2039-07-01,GW_storage_CA_SCE_VLY_GW[AF],3263969.0,10046475029.0,359396852.0
10011,2039-08-01,GW_storage_CA_SCE_VLY_GW[AF],3264121.0,10105238592.0,362660973.0
10012,2039-09-01,GW_storage_CA_SCE_VLY_GW[AF],3255571.0,10163363477.0,365916544.0
10013,2039-10-01,GW_storage_CA_SCE_VLY_GW[AF],3235015.0,10220781260.0,369151559.0
10014,2039-11-01,GW_storage_CA_SCE_VLY_GW[AF],3198232.0,10277373162.0,372349791.0
10015,2039-12-01,GW_storage_CA_SCE_VLY_GW[AF],3149336.0,10333185165.0,375499127.0
10016,2040-01-01,GW_storage_CA_SCE_VLY_GW[AF],3094066.0,10388289039.0,378593193.0
10017,2040-02-01,GW_storage_CA_SCE_VLY_GW[AF],3045249.0,10442633493.0,381638442.0
10018,2040-03-01,GW_storage_CA_SCE_VLY_GW[AF],3028854.0,10496196844.0,384667296.0
10019,2040-04-01,GW_storage_CA_SCE_VLY_GW[AF],3007480.0,10549040409.0,387674776.0
10020,2040-05-01,GW_storage_CA_SCE_VLY_GW[AF],2986611.0,10601395194.0,390661387.0
10021,2040-06-01,GW_storage_CA_SCE_VLY_GW[AF],2968848.0,10653107949.0,393630235.0
10022,2040-07-01,GW_storage_CA_SCE_VLY_GW[AF],2954293.0,10704171007.0,396584528.0
10023,2040-08-01,GW_storage_CA_SCE_VLY_GW[AF],2940344.0,10754605305.0,399524872.0
10024,2040-09-01,GW_storage_CA_SCE_VLY_GW[AF],2926455.0,10804445973.0,402451327.0
10025,2040-10-01,GW_storage_CA_SCE_VLY_GW[AF],2913880.0,10853648570.0,405365207.0
10026,2040-11-01,GW_storage_CA_SCE_VLY_GW[AF],2904239.0,10902484914.0,408269446.0
10027,2040-12-01,GW_storage_CA_SCE_VLY_GW[AF],2879269.0,10950730644.0,411148715.0
10028,2041-01-01,GW_storage_CA_SCE_VLY_GW[AF],2841674.0,10998281298.0,413990389.0
10029,2041-02-01,GW_storage_CA_SCE_VLY_GW[AF],2804682.0,11047818234.0,416795071.0
10030,2041-03-01,GW_storage_CA_SCE_VLY_GW[AF],2825083.0,11099139984.0,419620154.0
10031,2041-04-01,GW_storage_CA_SCE_VLY_GW[AF],2872003.0,11151170281.0,422492157.0
10032,2041-05-01,GW_storage_CA_SCE_VLY_GW[AF],2927632.0,11202540882.0,425419789.0
10033,2041-06-01,GW_storage_CA_SCE_VLY_GW[AF],2982422.0,11253584926.0,428402211.0
10034,2041-07-01,GW_storage_CA_SCE_VLY_GW[AF],3005834.0,11304087287.0,431408045.0
10035,2041-08-01,GW_storage_CA_SCE_VLY_GW[AF],3009073.0,11354085428.0,434417118.0
10036,2041-09-01,GW_storage_CA_SCE_VLY_GW[AF],2992180.0,11403615397.0,437409298.0
10037,2041-10-01,GW_storage_CA_SCE_VLY_GW[AF],2966461.0,11452671944.0,440375759.0
10038,2041-11-01,GW_storage_CA_SCE_VLY_GW[AF],2940255.0,11501212889.0,443316014.0
10039,2041-12-01,GW_storage_CA_SCE_VLY_GW[AF],2899568.0,11549056939.0,446215582.0
10040,2042-01-01,GW_storage_CA_SCE_VLY_GW[AF],2851346.0,11596204581.0,449066928.0
10041,2042-02-01,GW_storage_CA_SCE_VLY_GW[AF],2900935.0,11642935334.0,451967863.0
10042,2042-03-01,GW_storage_CA_SCE_VLY_GW[AF],2867381.0,11689092595.0,454835244.0
10043,2042-04-01,GW_storage_CA_SCE_VLY_GW[AF],3026052.0,11735022869.0,457861296.0
10044,2042-05-01,GW_storage_CA_SCE_VLY_GW[AF],2993652.0,11780876718.0,460854948.0
10045,2042-06-01,GW_storage_CA_SCE_VLY_GW[AF],2978343.0,11826092725.0,463833291.0
10046,2042-07-01,GW_storage_CA_SCE_VLY_GW[AF],2978802.0,11871546727.0,466812093.0
10047,2042-08-01,GW_storage_CA_SCE_VLY_GW[AF],2990742.0,11916431990.0,469802835.0
10048,2042-09-01,GW_storage_CA_SCE_VLY_GW[AF],2992351.0,11960791410.0,472795186.0
10049,2042-10-01,GW_storage_CA_SCE_VLY_GW[AF],2972513.0,12004660184.0,475767699.0
10050,2042-11-01,GW_storage_CA_SCE_VLY_GW[AF],2946789.0,12048130811.0,478714488.0
10051,2042-12-01,GW_storage_CA_SCE_VLY_GW[AF],2910488.0,12091062837.0,481624976.0
10052,2043-01-01,GW_storage_CA_SCE_VLY_GW[AF],2880837.0,12133444088.0,484505813.0
10053,2043-02-01,GW_storage_CA_SCE_VLY_GW[AF],2851808.0,12175363925.0,487357621.0
10054,2043-03-01,GW_storage_CA_SCE_VLY_GW[AF],2829327.0,12216725340.0,490186948.0
10055,2043-04-01,GW_storage_CA_SCE_VLY_GW[AF],2810485.0,12257666079.0,492997433.0
10056,2043-05-01,GW_storage_CA_SCE_VLY_GW[AF],2794338.0,12298078753.0,495791771.0
10057,2043-06-01,GW_storage_CA_SCE_VLY_GW[AF],2779488.0,12338040338.0,498571259.0
10058,2043-07-01,GW_storage_CA_SCE_VLY_GW[AF],2757861.0,12377535688.0,501329120.0
10059,2043-08-01,GW_storage_CA_SCE_VLY_GW[AF],2737851.0,12416568319.0,504066971.0
10060,2043-09-01,GW_storage_CA_SCE_VLY_GW[AF],2725317.0,12455234071.0,506792288.0
10061,2043-10-01,GW_storage_CA_SCE_VLY_GW[AF],2718183.0,12493493716.0,509510471.0
10062,2043-11-01,GW_storage_CA_SCE_VLY_GW[AF],2717800.0,12531340494.0,512228271.0
10063,2043-12-01,GW_storage_CA_SCE_VLY_GW[AF],2712329.0,12568703212.0,514940600.0
10064,2044-01-01,GW_storage_CA_SCE_VLY_GW[AF],2705208.0,12605614127.0,517645808.0
10065,2044-02-01,GW_storage_CA_SCE_VLY_GW[AF],2681615.0,12642100391.0,520327423.0
10066,2044-03-01,GW_storage_CA_SCE_VLY_GW[AF],2658516.0,12678094207.0,522985939.0
10067,2044-04-01,GW_storage_CA_SCE_VLY_GW[AF],2631065.0,12715489683.0,525617004.0
10068,2044-05-01,GW_storage_CA_SCE_VLY_GW[AF],2596800.0,12757376464.0,528213804.0
10069,2044-06-01,GW_storage_CA_SCE_VLY_GW[AF],2570268.0,12798680033.0,530784072.0
10070,2044-07-01,GW_storage_CA_SCE_VLY_GW[AF],2562023.0,12840178366.0,533346095.0
10071,2044-08-01,GW_storage_CA_SCE_VLY_GW[AF],2568067.0,12881238666.0,535914162.0
10072,2044-09-01,GW_storage_CA_SCE_VLY_GW[AF],2585480.0,12921922929.0,538499642.0
10073,2044-10-01,GW_storage_CA_SCE_VLY_GW[AF],2610929.0,12962137170.0,541110571.0
10074,2044-11-01,GW_storage_CA_SCE_VLY_GW[AF],2637925.0,13001917872.0,543748496.0
10075,2044-12-01,GW_storage_CA_SCE_VLY_GW[AF],2635939.0,13041192913.0,546384435.0
10076,2045-01-01,GW_storage_CA_SCE_VLY_GW[AF],2607847.0,13079996277.0,548992282.0
10077,2045-02-01,GW_storage_CA_SCE_VLY_GW[AF],2819935.0,13119222084.0,551812217.0
10078,2045-03-01,GW_storage_CA_SCE_VLY_GW[AF],2801471.0,13158364150.0,554613688.0
10079,2045-04-01,GW_storage_CA_SCE_VLY_GW[AF],3034337.0,13198157185.0,557648025.0
10080,2045-05-01,GW_storage_CA_SCE_VLY_GW[AF],3263888.0,13237869018.0,560911913.0
10081,2045-06-01,GW_storage_CA_SCE_VLY_GW[AF],3415388.0,13278774379.0,564327301.0
10082,2045-07-01,GW_storage_CA_SCE_VLY_GW[AF],3457683.0,13324244062.0,567784984.0
10083,2045-08-01,GW_storage_CA_SCE_VLY_GW[AF],3451186.0,13372386542.0,571236170.0
10084,2045-09-01,GW_storage_CA_SCE_VLY_GW[AF],3452158.0,13419876881.0,574688328.0
10085,2045-10-01,GW_storage_CA_SCE_VLY_GW[AF],3442724.0,13466818785.0,578131052.0
10086,2045-11-01,GW_storage_CA_SCE_VLY_GW[AF],3410254.0,13513160105.0,581541306.0
10087,2045-12-01,GW_storage_CA_SCE_VLY_GW[AF],3373936.0,13560745919.0,584915242.0
10088,2046-01-01,GW_storage_CA_SCE_VLY_GW[AF],3363903.0,13615290772.0,588279145.0
10089,2046-02-01,GW_storage_CA_SCE_VLY_GW[AF],3333308.0,13677811710.0,591612453.0
10090,2046-03-01,GW_storage_CA_SCE_VLY_GW[AF],3335557.0,13748607831.0,594948010.0
10091,2046-04-01,GW_storage_CA_SCE_VLY_GW[AF],3299436.0,13826873589.0,598247446.0
10092,2046-05-01,GW_storage_CA_SCE_VLY_GW[AF],3269344.0,13907944967.0,601516790.0
10093,2046-06-01,GW_storage_CA_SCE_VLY_GW[AF],3243871.0,13989979852.0,604760661.0
10094,2046-07-01,GW_storage_CA_SCE_VLY_GW[AF],3220765.0,14071604903.0,607981426.0
10095,2046-08-01,GW_storage_CA_SCE_VLY_GW[AF],3210267.0,14152131683.0,611191693.0
10096,2046-09-01,GW_storage_CA_SCE_VLY_GW[AF],3204915.0,14231617714.0,614396608.0
10097,2046-10-01,GW_storage_CA_SCE_VLY_GW[AF],3213232.0,14310005025.0,617609840.0
10098,2046-11-01,GW_storage_CA_SCE_VLY_GW[AF],3212597.0,14387273527.0,620822437.0
10099,2046-12-01,GW_storage_CA_SCE_VLY_GW[AF],3195062.0,14463437376.0,624017499.0
10100,2047-01-01,GW_storage_CA_SCE_VLY_GW[AF],3172164.0,14538457981.0,627189663.0
10101,2047-02-01,GW_storage_CA_SCE_VLY_GW[AF],3138993.0,14612508014.0,630328656.0
10102,2047-03-01,GW_storage_CA_SCE_VLY_GW[AF],3103868.0,14685452283.0,633432524.0
10103,2047-04-01,GW_storage_CA_SCE_VLY_GW[AF],3076396.0,14764472816.0,636508920.0
10104,2047-05-01,GW_storage_CA_SCE_VLY_GW[AF],3048727.0,14860897341.0,639557647.0
10105,2047-06-01,GW_storage_CA_SCE_VLY_GW[AF],3027951.0,14972506362.0,642585598.0
10106,2047-07-01,GW_storage_CA_SCE_VLY_GW[AF],3017559.0,15088231692.0,645603157.0
10107,2047-08-01,GW_storage_CA_SCE_VLY_GW[AF],3013272.0,15203332934.0,648616429.0
10108,2047-09-01,GW_storage_CA_SCE_VLY_GW[AF],2992865.0,15317492289.0,651609294.0
10109,2047-10-01,GW_storage_CA_SCE_VLY_GW[AF],2962856.0,15430042333.0,654572150.0
10110,2047-11-01,GW_storage_CA_SCE_VLY_GW[AF],2943806.0,15542831934.0,657515956.0
10111,2047-12-01,GW_storage_CA_SCE_VLY_GW[AF],2911439.0,15653870877.0,660427395.0
10112,2048-01-01,GW_storage_CA_SCE_VLY_GW[AF],2945373.0,15763169397.0,663372768.0
10113,2048-02-01,GW_storage_CA_SCE_VLY_GW[AF],2913411.0,15872138297.0,666286179.0
10114,2048-03-01,GW_storage_CA_SCE_VLY_GW[AF],3299840.0,15987897138.0,669586019.0
10115,2048-04-01,GW_storage_CA_SCE_VLY_GW[AF],3495782.0,16106751114.0,673081801.0
10116,2048-05-01,GW_storage_CA_SCE_VLY_GW[AF],3670791.0,16226738594.0,676752592.0
10117,2048-06-01,GW_storage_CA_SCE_VLY_GW[AF],3631039.0,16346930466.0,680383631.0
10118,2048-07-01,GW_storage_CA_SCE_VLY_GW[AF],3598742.0,16466203172.0,683982373.0
10119,2048-08-01,GW_storage_CA_SCE_VLY_GW[AF],3576643.0,16583670765.0,687559016.0
10120,2048-09-01,GW_storage_CA_SCE_VLY_GW[AF],3573102.0,16699553017.0,691132118.0
10121,2048-10-01,GW_storage_CA_SCE_VLY_GW[AF],3565551.0,16813788962.0,694697669.0
10122,2048-11-01,GW_storage_CA_SCE_VLY_GW[AF],3541087.0,16926416472.0,698238756.0
10123,2048-12-01,GW_storage_CA_SCE_VLY_GW[AF],3494198.0,17038918116.0,701732954.0
10124,2049-01-01,GW_storage_CA_SCE_VLY_GW[AF],3454551.0,17150214903.0,705187505.0
10125,2049-02-01,GW_storage_CA_SCE_VLY_GW[AF],3418375.0,17259849423.0,708605880.0
10126,2049-03-01,GW_storage_CA_SCE_VLY_GW[AF],3521480.0,17374140295.0,712127360.0
10127,2049-04-01,GW_storage_CA_SCE_VLY_GW[AF],3508289.0,17496980626.0,715635649.0
10128,2049-05-01,GW_storage_CA_SCE_VLY_GW[AF],3468994.0,17623520262.0,719104643.0
10129,2049-06-01,GW_storage_CA_SCE_VLY_GW[AF],3438691.0,17749882278.0,722543334.0
10130,2049-07-01,GW_storage_CA_SCE_VLY_GW[AF],3410449.0,17875311834.0,725953783.0
10131,2049-08-01,GW_storage_CA_SCE_VLY_GW[AF],3386329.0,17998950915.0,729340112.0
10132,2049-09-01,GW_storage_CA_SCE_VLY_GW[AF],3376740.0,18120987592.0,732716852.0
10133,2049-10-01,GW_storage_CA_SCE_VLY_GW[AF],3352886.0,18241422265.0,736069738.0
10134,2049-11-01,GW_storage_CA_SCE_VLY_GW[AF],3322234.0,18360102830.0,739391972.0
10135,2049-12-01,GW_storage_CA_SCE_VLY_GW[AF],3289576.0,18476910369.0,742681548.0
10136,2050-01-01,GW_storage_CA_SCE_VLY_GW[AF],3276323.0,18591916831.0,745957871.0
10137,2050-02-01,GW_storage_CA_SCE_VLY_GW[AF],3242065.0,18705272956.0,749199936.0
10138,2050-03-01,GW_storage_CA_SCE_VLY_GW[AF],3447718.0,18821028859.0,752647654.0
10139,2050-04-01,GW_storage_CA_SCE_VLY_GW[AF],3616633.0,18940506995.0,756264287.0
10140,2050-05-01,GW_storage_CA_SCE_VLY_GW[AF],3742195.0,19059600483.0,760006482.0
10141,2050-06-01,GW_storage_CA_SCE_VLY_GW[AF],3709033.0,19178428021.0,763715515.0
10142,2050-07-01,GW_storage_CA_SCE_VLY_GW[AF],3677675.0,19296435077.0,767393190.0
10143,2050-08-01,GW_storage_CA_SCE_VLY_GW[AF],3648346.0,19412834260.0,771041536.0
10144,2050-09-01,GW_storage_CA_SCE_VLY_GW[AF],3622563.0,19527808893.0,774664099.0
10145,2050-10-01,GW_storage_CA_SCE_VLY_GW[AF],3596626.0,19641173895.0,778260725.0
10146,2050-11-01,GW_storage_CA_SCE_VLY_GW[AF],3566667.0,19752769080.0,781827392.0
10147,2050-12-01,GW_storage_CA_SCE_VLY_GW[AF],3540357.0,19862611454.0,785367749.0
10148,2051-01-01,GW_storage_CA_SCE_VLY_GW[AF],3514557.0,19970764786.0,788882306.0
10149,2051-02-01,GW_storage_CA_SCE_VLY_GW[AF],3502213.0,20077395432.0,792384519.0
10150,2051-03-01,GW_storage_CA_SCE_VLY_GW[AF],3491036.0,20182370827.0,795875555.0
10151,2051-04-01,GW_storage_CA_SCE_VLY_GW[AF],3478041.0,20291580463.0,799353596.0
10152,2051-05-01,GW_storage_CA_SCE_VLY_GW[AF],3458092.0,20400038326.0,802811688.0
10153,2051-06-01,GW_storage_CA_SCE_VLY_GW[AF],3434098.0,20508257786.0,806245786.0
10154,2051-07-01,GW_storage_CA_SCE_VLY_GW[AF],3403808.0,20615875318.0,809649594.0
10155,2051-08-01,GW_storage_CA_SCE_VLY_GW[AF],3372731.0,20722198437.0,813022325.0
10156,2051-09-01,GW_storage_CA_SCE_VLY_GW[AF],3341216.0,20827038775.0,816363541.0
10157,2051-10-01,GW_storage_CA_SCE_VLY_GW[AF],3302689.0,20930437548.0,819666230.0
10158,2051-11-01,GW_storage_CA_SCE_VLY_GW[AF],3256861.0,21032468769.0,822923091.0
10159,2051-12-01,GW_storage_CA_SCE_VLY_GW[AF],3215560.0,21133705710.0,826138651.0
10160,2052-01-01,GW_storage_CA_SCE_VLY_GW[AF],3186592.0,21233433839.0,829325243.0
10161,2052-02-01,GW_storage_CA_SCE_VLY_GW[AF],3157898.0,21331717041.0,832483141.0
10162,2052-03-01,GW_storage_CA_SCE_VLY_GW[AF],3121862.0,21429607427.0,835605003.0
10163,2052-04-01,GW_storage_CA_SCE_VLY_GW[AF],3103923.0,21527851494.0,838708926.0
10164,2052-05-01,GW_storage_CA_SCE_VLY_GW[AF],3071331.0,21624977785.0,841780257.0
10165,2052-06-01,GW_storage_CA_SCE_VLY_GW[AF],3045861.0,21720857498.0,844826118.0
10166,2052-07-01,GW_storage_CA_SCE_VLY_GW[AF],3023498.0,21815421513.0,847849616.0
10167,2052-08-01,GW_storage_CA_SCE_VLY_GW[AF],3011378.0,21908765850.0,850860994.0
10168,2052-09-01,GW_storage_CA_SCE_VLY_GW[AF],3001033.0,22001026854.0,853862027.0
10169,2052-10-01,GW_storage_CA_SCE_VLY_GW[AF],2994881.0,22092179195.0,856856908.0
10170,2052-11-01,GW_storage_CA_SCE_VLY_GW[AF],2977624.0,22182158688.0,859834532.0
10171,2052-12-01,GW_storage_CA_SCE_VLY_GW[AF],2960921.0,22270990851.0,862795453.0
10172,2053-01-01,GW_storage_CA_SCE_VLY_GW[AF],2935322.0,22358572318.0,865730775.0
10173,2053-02-01,GW_storage_CA_SCE_VLY_GW[AF],2980055.0,22445234888.0,868710830.0
10174,2053-03-01,GW_storage_CA_SCE_VLY_GW[AF],2951460.0,22531338210.0,871662290.0
10175,2053-04-01,GW_storage_CA_SCE_VLY_GW[AF],2941260.0,22618197854.0,874603550.0
10176,2053-05-01,GW_storage_CA_SCE_VLY_GW[AF],2936489.0,22705000235.0,877540039.0
10177,2053-06-01,GW_storage_CA_SCE_VLY_GW[AF],2929781.0,22792005107.0,880469820.0
10178,2053-07-01,GW_storage_CA_SCE_VLY_GW[AF],2914736.0,22878611714.0,883384556.0
10179,2053-08-01,GW_storage_CA_SCE_VLY_GW[AF],2900539.0,22964123789.0,886285095.0
10180,2053-09-01,GW_storage_CA_SCE_VLY_GW[AF],2890149.0,23048536524.0,889175244.0
10181,2053-10-01,GW_storage_CA_SCE_VLY_GW[AF],2863245.0,23131866519.0,892038489.0
10182,2053-11-01,GW_storage_CA_SCE_VLY_GW[AF],2843903.0,23214276747.0,894882392.0
10183,2053-12-01,GW_storage_CA_SCE_VLY_GW[AF],2812633.0,23295578937.0,897695025.0
10184,2054-01-01,GW_storage_CA_SCE_VLY_GW[AF],2780937.0,23375761806.0,900475962.0
10185,2054-02-01,GW_storage_CA_SCE_VLY_GW[AF],2772494.0,23454991045.0,903248456.0
10186,2054-03-01,GW_storage_CA_SCE_VLY_GW[AF],2775584.0,23533194281.0,906024040.0
10187,2054-04-01,GW_storage_CA_SCE_VLY_GW[AF],2773145.0,23610840643.0,908797185.0
10188,2054-05-01,GW_storage_CA_SCE_VLY_GW[AF],2757873.0,23687968757.0,911555058.0
10189,2054-06-01,GW_storage_CA_SCE_VLY_GW[AF],2736920.0,23764134532.0,914291978.0
10190,2054-07-01,GW_storage_CA_SCE_VLY_GW[AF],2720023.0,23839346953.0,917012001.0
10191,2054-08-01,GW_storage_CA_SCE_VLY_GW[AF],2705983.0,23913680649.0,919717984.0
10192,2054-09-01,GW_storage_CA_SCE_VLY_GW[AF],2691038.0,23987275722.0,922409022.0
10193,2054-10-01,GW_storage_CA_SCE_VLY_GW[AF],2672388.0,24060063673.0,925081410.0
10194,2054-11-01,GW_storage_CA_SCE_VLY_GW[AF],2650608.0,24132040073.0,927732018.0
10195,2054-12-01,GW_storage_CA_SCE_VLY_GW[AF],2617965.0,24203075252.0,930349983.0
10196,2055-01-01,GW_storage_CA_SCE_VLY_GW[AF],2655969.0,24273232069.0,933005952.0
10197,2055-02-01,GW_storage_CA_SCE_VLY_GW[AF],2628663.0,24346983422.0,935634615.0
10198,2055-03-01,GW_storage_CA_SCE_VLY_GW[AF],2598168.0,24429418525.0,938232783.0
10199,2055-04-01,GW_storage_CA_SCE_VLY_GW[AF],2792258.0,24519974284.0,941025041.0
10200,2055-05-01,GW_storage_CA_SCE_VLY_GW[AF],2930678.0,24612887460.0,943955719.0
10201,2055-06-01,GW_storage_CA_SCE_VLY_GW[AF],2904748.0,24705731755.0,946860467.0
10202,2055-07-01,GW_storage_CA_SCE_VLY_GW[AF],2880547.0,24797561549.0,949741014.0
10203,2055-08-01,GW_storage_CA_SCE_VLY_GW[AF],2860791.0,24888417864.0,952601805.0
10204,2055-09-01,GW_storage_CA_SCE_VLY_GW[AF],2862806.0,24978247446.0,955464611.0
10205,2055-10-01,GW_storage_CA_SCE_VLY_GW[AF],2869931.0,25067037402.0,958334542.0
10206,2055-11-01,GW_storage_CA_SCE_VLY_GW[AF],2857240.0,25154620871.0,961191782.0
10207,2055-12-01,GW_storage_CA_SCE_VLY_GW[AF],2835769.0,25240958786.0,964027551.0
10208,2056-01-01,GW_storage_CA_SCE_VLY_GW[AF],2805767.0,25326085001.0,966833318.0
10209,2056-02-01,GW_storage_CA_SCE_VLY_GW[AF],2784049.0,25410115783.0,969617367.0
10210,2056-03-01,GW_storage_CA_SCE_VLY_GW[AF],2800275.0,25493046199.0,972417642.0
10211,2056-04-01,GW_storage_CA_SCE_VLY_GW[AF],2775452.0,25579867650.0,975193094.0
10212,2056-05-01,GW_storage_CA_SCE_VLY_GW[AF],2774743.0,25665994452.0,977967837.0
10213,2056-06-01,GW_storage_CA_SCE_VLY_GW[AF],2771291.0,25751014051.0,980739128.0
10214,2056-07-01,GW_storage_CA_SCE_VLY_GW[AF],2757194.0,25834999057.0,983496322.0
10215,2056-08-01,GW_storage_CA_SCE_VLY_GW[AF],2743186.0,25918012980.0,986239508.0
10216,2056-09-01,GW_storage_CA_SCE_VLY_GW[AF],2721906.0,26000006720.0,988961414.0
10217,2056-10-01,GW_storage_CA_SCE_VLY_GW[AF],2693759.0,26080893812.0,991655173.0
10218,2056-11-01,GW_storage_CA_SCE_VLY_GW[AF],2649453.0,26160908259.0,994304626.0
10219,2056-12-01,GW_storage_CA_SCE_VLY_GW[AF],2612075.0,26240212456.0,996916701.0
10220,2057-01-01,GW_storage_CA_SCE_VLY_GW[AF],2695149.0,26318587848.0,999611850.0
10221,2057-02-01,GW_storage_CA_SCE_VLY_GW[AF],2670659.0,26395985372.0,1002282509.0
10222,2057-03-01,GW_storage_CA_SCE_VLY_GW[AF],2640007.0,26472734266.0,1004922516.0
10223,2057-04-01,GW_storage_CA_SCE_VLY_GW[AF],2611615.0,26556295278.0,1007534131.0
10224,2057-05-01,GW_storage_CA_SCE_VLY_GW[AF],2587919.0,26638790503.0,1010122050.0
10225,2057-06-01,GW_storage_CA_SCE_VLY_GW[AF],2567897.0,26720263696.0,1012689947.0
10226,2057-07-01,GW_storage_CA_SCE_VLY_GW[AF],2548572.0,26800720453.0,1015238519.0
10227,2057-08-01,GW_storage_CA_SCE_VLY_GW[AF],2531159.0,26880212595.0,1017769678.0
10228,2057-09-01,GW_storage_CA_SCE_VLY_GW[AF],2517932.0,26958875022.0,1020287610.0
10229,2057-10-01,GW_storage_CA_SCE_VLY_GW[AF],2499300.0,27036568588.0,1022786910.0
10230,2057-11-01,GW_storage_CA_SCE_VLY_GW[AF],2474303.0,27113396201.0,1025261213.0
10231,2057-12-01,GW_storage_CA_SCE_VLY_GW[AF],2437596.0,27189264327.0,1027698809.0
10232,2058-01-01,GW_storage_CA_SCE_VLY_GW[AF],2411112.0,27264124633.0,1030109921.0
10233,2058-02-01,GW_storage_CA_SCE_VLY_GW[AF],3418557.0,27348265847.0,1033528478.0
10234,2058-03-01,GW_storage_CA_SCE_VLY_GW[AF],4395791.0,27440889382.0,1037924269.0
10235,2058-04-01,GW_storage_CA_SCE_VLY_GW[AF],4878284.0,27539133274.0,1042802553.0
10236,2058-05-01,GW_storage_CA_SCE_VLY_GW[AF],5083169.0,27639449314.0,1047885722.0
10237,2058-06-01,GW_storage_CA_SCE_VLY_GW[AF],5188493.0,27738779306.0,1053074215.0
10238,2058-07-01,GW_storage_CA_SCE_VLY_GW[AF],5140448.0,27837531793.0,1058214663.0
10239,2058-08-01,GW_storage_CA_SCE_VLY_GW[AF],5097970.0,27935280444.0,1063312633.0
10240,2058-09-01,GW_storage_CA_SCE_VLY_GW[AF],5061163.0,28031862865.0,1068373796.0
10241,2058-10-01,GW_storage_CA_SCE_VLY_GW[AF],5025570.0,28127260463.0,1073399366.0
10242,2058-11-01,GW_storage_CA_SCE_VLY_GW[AF],4996657.0,28221366217.0,1078396023.0
10243,2058-12-01,GW_storage_CA_SCE_VLY_GW[AF],4967618.0,28314157055.0,1083363641.0
10244,2059-01-01,GW_storage_CA_SCE_VLY_GW[AF],4917247.0,28405540773.0,1088280888.0
10245,2059-02-01,GW_storage_CA_SCE_VLY_GW[AF],5202517.0,28502067677.0,1093483405.0
10246,2059-03-01,GW_storage_CA_SCE_VLY_GW[AF],5903430.0,28605457246.0,1099386835.0
10247,2059-04-01,GW_storage_CA_SCE_VLY_GW[AF],6112776.0,28717814838.0,1105499611.0
10248,2059-05-01,GW_storage_CA_SCE_VLY_GW[AF],6279685.0,28830913147.0,1111779296.0
10249,2059-06-01,GW_storage_CA_SCE_VLY_GW[AF],6332067.0,28943770190.0,1118111363.0
10250,2059-07-01,GW_storage_CA_SCE_VLY_GW[AF],6274546.0,29055182582.0,1124385909.0
10251,2059-08-01,GW_storage_CA_SCE_VLY_GW[AF],6222986.0,29165160032.0,1130608895.0
10252,2059-09-01,GW_storage_CA_SCE_VLY_GW[AF],6178909.0,29273920291.0,1136787804.0
10253,2059-10-01,GW_storage_CA_SCE_VLY_GW[AF],6135531.0,29381402010.0,1142923335.0
10254,2059-11-01,GW_storage_CA_SCE_VLY_GW[AF],6098414.0,29487451547.0,1149021749.0
10255,2059-12-01,GW_storage_CA_SCE_VLY_GW[AF],6130123.0,29592083281.0,1155151872.0
10256,2060-01-01,GW_storage_CA_SCE_VLY_GW[AF],6059435.0,29695071869.0,1161211307.0
10257,2060-02-01,GW_storage_CA_SCE_VLY_GW[AF],6278790.0,29797999369.0,1167490097.0
10258,2060-03-01,GW_storage_CA_SCE_VLY_GW[AF],6673983.0,29907235449.0,1174164080.0
10259,2060-04-01,GW_storage_CA_SCE_VLY_GW[AF],6814795.0,30022282651.0,1180978875.0
10260,2060-05-01,GW_storage_CA_SCE_VLY_GW[AF],6913826.0,30138204137.0,1187892701.0
10261,2060-06-01,GW_storage_CA_SCE_VLY_GW[AF],6852584.0,30253989194.0,1194745285.0
10262,2060-07-01,GW_storage_CA_SCE_VLY_GW[AF],6794499.0,30369445165.0,1201539784.0
10263,2060-08-01,GW_storage_CA_SCE_VLY_GW[AF],6739776.0,30483354195.0,1208279560.0
10264,2060-09-01,GW_storage_CA_SCE_VLY_GW[AF],6691263.0,30595912136.0,1214970823.0
10265,2060-10-01,GW_storage_CA_SCE_VLY_GW[AF],6643905.0,30707058453.0,1221614728.0
10266,2060-11-01,GW_storage_CA_SCE_VLY_GW[AF],6603635.0,30816686913.0,1228218363.0
10267,2060-12-01,GW_storage_CA_SCE_VLY_GW[AF],6533057.0,30924630927.0,1234751420.0
10268,2061-01-01,GW_storage_CA_SCE_VLY_GW[AF],6457818.0,31038058188.0,1241209238.0
10269,2061-02-01,GW_storage_CA_SCE_VLY_GW[AF],6390115.0,31163247262.0,1247599353.0
10270,2061-03-01,GW_storage_CA_SCE_VLY_GW[AF],6816720.0,31301926464.0,1254416073.0
10271,2061-04-01,GW_storage_CA_SCE_VLY_GW[AF],6974056.0,31460043743.0,1261390129.0
10272,2061-05-01,GW_storage_CA_SCE_VLY_GW[AF],7092921.0,31621719240.0,1268483050.0
10273,2061-06-01,GW_storage_CA_SCE_VLY_GW[AF],7157069.0,31781944019.0,1275640119.0
10274,2061-07-01,GW_storage_CA_SCE_VLY_GW[AF],7088735.0,31940594248.0,1282728854.0
10275,2061-08-01,GW_storage_CA_SCE_VLY_GW[AF],7027304.0,32097666692.0,1289756158.0
10276,2061-09-01,GW_storage_CA_SCE_VLY_GW[AF],6973535.0,32253244922.0,1296729693.0
10277,2061-10-01,GW_storage_CA_SCE_VLY_GW[AF],6921171.0,32407132898.0,1303650864.0
10278,2061-11-01,GW_storage_CA_SCE_VLY_GW[AF],6929632.0,32559108380.0,1310580496.0
10279,2061-12-01,GW_storage_CA_SCE_VLY_GW[AF],6938784.0,32709321481.0,1317519280.0
10280,2062-01-01,GW_storage_CA_SCE_VLY_GW[AF],6858217.0,32858735378.0,1324377497.0
10281,2062-02-01,GW_storage_CA_SCE_VLY_GW[AF],7820968.0,33022044851.0,1332198465.0
10282,2062-03-01,GW_storage_CA_SCE_VLY_GW[AF],8680020.0,33198837130.0,1340878485.0
10283,2062-04-01,GW_storage_CA_SCE_VLY_GW[AF],9397883.0,33390837210.0,1350276368.0
10284,2062-05-01,GW_storage_CA_SCE_VLY_GW[AF],9605787.0,33584259641.0,1359882155.0
10285,2062-06-01,GW_storage_CA_SCE_VLY_GW[AF],9659980.0,33776858517.0,1369542135.0
10286,2062-07-01,GW_storage_CA_SCE_VLY_GW[AF],9565802.0,33967635736.0,1379107937.0
10287,2062-08-01,GW_storage_CA_SCE_VLY_GW[AF],9480297.0,34156855847.0,1388588234.0
10288,2062-09-01,GW_storage_CA_SCE_VLY_GW[AF],9404648.0,34344548104.0,1397992882.0
10289,2062-10-01,GW_storage_CA_SCE_VLY_GW[AF],9330692.0,34530332137.0,1407323574.0
10290,2062-11-01,GW_storage_CA_SCE_VLY_GW[AF],9266121.0,34714073091.0,1416589695.0
10291,2062-12-01,GW_storage_CA_SCE_VLY_GW[AF],9233523.0,34895778448.0,1425823218.0
10292,2063-01-01,GW_storage_CA_SCE_VLY_GW[AF],9127346.0,35079072230.0,1434950564.0
10293,2063-02-01,GW_storage_CA_SCE_VLY_GW[AF],10091263.0,35269350335.0,1445041827.0
10294,2063-03-01,GW_storage_CA_SCE_VLY_GW[AF],11218498.0,35470064786.0,1456260325.0
10295,2063-04-01,GW_storage_CA_SCE_VLY_GW[AF],12349452.0,35683040547.0,1468609777.0
10296,2063-05-01,GW_storage_CA_SCE_VLY_GW[AF],12858477.0,35907121073.0,1481468254.0
10297,2063-06-01,GW_storage_CA_SCE_VLY_GW[AF],13059158.0,36134854310.0,1494527412.0
10298,2063-07-01,GW_storage_CA_SCE_VLY_GW[AF],13071345.0,36361472567.0,1507598757.0
10299,2063-08-01,GW_storage_CA_SCE_VLY_GW[AF],12943163.0,36586142514.0,1520541920.0
10300,2063-09-01,GW_storage_CA_SCE_VLY_GW[AF],12832089.0,36808934029.0,1533374009.0
10301,2063-10-01,GW_storage_CA_SCE_VLY_GW[AF],12724817.0,37029507927.0,1546098826.0
10302,2063-11-01,GW_storage_CA_SCE_VLY_GW[AF],12633744.0,37248012309.0,1558732570.0
10303,2063-12-01,GW_storage_CA_SCE_VLY_GW[AF],12499354.0,37465671472.0,1571231924.0
10304,2064-01-01,GW_storage_CA_SCE_VLY_GW[AF],12356263.0,37694815963.0,1583588187.0
10305,2064-02-01,GW_storage_CA_SCE_VLY_GW[AF],13245041.0,37945097639.0,1596833228.0
10306,2064-03-01,GW_storage_CA_SCE_VLY_GW[AF],14153178.0,38213638934.0,1610986406.0
10307,2064-04-01,GW_storage_CA_SCE_VLY_GW[AF],14406417.0,38493367090.0,1625392823.0
10308,2064-05-01,GW_storage_CA_SCE_VLY_GW[AF],14558996.0,38776738105.0,1639951819.0
10309,2064-06-01,GW_storage_CA_SCE_VLY_GW[AF],14570648.0,39060661713.0,1654522467.0
10310,2064-07-01,GW_storage_CA_SCE_VLY_GW[AF],14426565.0,39341932866.0,1668949032.0
10311,2064-08-01,GW_storage_CA_SCE_VLY_GW[AF],14294260.0,39620711220.0,1683243292.0
10312,2064-09-01,GW_storage_CA_SCE_VLY_GW[AF],14176269.0,39897002798.0,1697419561.0
10313,2064-10-01,GW_storage_CA_SCE_VLY_GW[AF],14059991.0,40170736712.0,1711479552.0
10314,2064-11-01,GW_storage_CA_SCE_VLY_GW[AF],14058829.0,40442044957.0,1725538381.0
10315,2064-12-01,GW_storage_CA_SCE_VLY_GW[AF],13896440.0,40711834451.0,1739434821.0
10316,2065-01-01,GW_storage_CA_SCE_VLY_GW[AF],13929533.0,40982757097.0,1753364354.0
10317,2065-02-01,GW_storage_CA_SCE_VLY_GW[AF],14181325.0,41255716076.0,1767545679.0
10318,2065-03-01,GW_storage_CA_SCE_VLY_GW[AF],14237502.0,41533378347.0,1781783181.0
10319,2065-04-01,GW_storage_CA_SCE_VLY_GW[AF],14279063.0,41819419395.0,1796062244.0
10320,2065-05-01,GW_storage_CA_SCE_VLY_GW[AF],14313548.0,42107659636.0,1810375792.0
10321,2065-06-01,GW_storage_CA_SCE_VLY_GW[AF],14189264.0,42393392346.0,1824565056.0
10322,2065-07-01,GW_storage_CA_SCE_VLY_GW[AF],14063597.0,42678359041.0,1838628653.0
10323,2065-08-01,GW_storage_CA_SCE_VLY_GW[AF],13941610.0,42960938762.0,1852570263.0
10324,2065-09-01,GW_storage_CA_SCE_VLY_GW[AF],13829731.0,43241061639.0,1866399994.0
10325,2065-10-01,GW_storage_CA_SCE_VLY_GW[AF],13717771.0,43518553408.0,1880117765.0
10326,2065-11-01,GW_storage_CA_SCE_VLY_GW[AF],13617926.0,43793351378.0,1893735691.0
10327,2065-12-01,GW_storage_CA_SCE_VLY_GW[AF],13518178.0,44065325818.0,1907253869.0
10328,2066-01-01,GW_storage_CA_SCE_VLY_GW[AF],13423699.0,44334625115.0,1920677568.0
10329,2066-02-01,GW_storage_CA_SCE_VLY_GW[AF],13349167.0,44601575728.0,1934026735.0
10330,2066-03-01,GW_storage_CA_SCE_VLY_GW[AF],13272923.0,44865977654.0,1947299658.0
10331,2066-04-01,GW_storage_CA_SCE_VLY_GW[AF],13187496.0,45130939542.0,1960487154.0
10332,2066-05-01,GW_storage_CA_SCE_VLY_GW[AF],13087318.0,45393925169.0,1973574472.0
10333,2066-06-01,GW_storage_CA_SCE_VLY_GW[AF],12986951.0,45654573916.0,1986561423.0
10334,2066-07-01,GW_storage_CA_SCE_VLY_GW[AF],12876008.0,45912927675.0,1999437431.0
10335,2066-08-01,GW_storage_CA_SCE_VLY_GW[AF],12763413.0,46169111465.0,2012200844.0
10336,2066-09-01,GW_storage_CA_SCE_VLY_GW[AF],12656947.0,46423600426.0,2024857791.0
10337,2066-10-01,GW_storage_CA_SCE_VLY_GW[AF],12550077.0,46676263355.0,2037407868.0
10338,2066-11-01,GW_storage_CA_SCE_VLY_GW[AF],12453561.0,46927228863.0,2049861429.0
10339,2066-12-01,GW_storage_CA_SCE_VLY_GW[AF],12362222.0,47176198480.0,2062223651.0
10340,2067-01-01,GW_storage_CA_SCE_VLY_GW[AF],12288350.0,47422896821.0,2074512001.0
10341,2067-02-01,GW_storage_CA_SCE_VLY_GW[AF],12279103.0,47667661431.0,2086791104.0
10342,2067-03-01,GW_storage_CA_SCE_VLY_GW[AF],12194633.0,47910308464.0,2098985737.0
10343,2067-04-01,GW_storage_CA_SCE_VLY_GW[AF],12111395.0,48151085524.0,2111097132.0
10344,2067-05-01,GW_storage_CA_SCE_VLY_GW[AF],12018703.0,48389950965.0,2123115835.0
10345,2067-06-01,GW_storage_CA_SCE_VLY_GW[AF],11927338.0,48627002221.0,2135043173.0
10346,2067-07-01,GW_storage_CA_SCE_VLY_GW[AF],11827918.0,48862124917.0,2146871091.0
10347,2067-08-01,GW_storage_CA_SCE_VLY_GW[AF],11728436.0,49095321876.0,2158599527.0
10348,2067-09-01,GW_storage_CA_SCE_VLY_GW[AF],11636794.0,49326841519.0,2170236321.0
10349,2067-10-01,GW_storage_CA_SCE_VLY_GW[AF],11545327.0,49556552267.0,2181781648.0
10350,2067-11-01,GW_storage_CA_SCE_VLY_GW[AF],11458518.0,49784868208.0,2193240166.0
10351,2067-12-01,GW_storage_CA_SCE_VLY_GW[AF],11384655.0,50011545293.0,2204624821.0
10352,2068-01-01,GW_storage_CA_SCE_VLY_GW[AF],11270842.0,50238331069.0,2215895663.0
10353,2068-02-01,GW_storage_CA_SCE_VLY_GW[AF],12219874.0,50478937732.0,2228115537.0
10354,2068-03-01,GW_storage_CA_SCE_VLY_GW[AF],13659123.0,50739381265.0,2241774660.0
10355,2068-04-01,GW_storage_CA_SCE_VLY_GW[AF],14314812.0,51011294375.0,2256089472.0
10356,2068-05-01,GW_storage_CA_SCE_VLY_GW[AF],14518274.0,51290774772.0,2270607746.0
10357,2068-06-01,GW_storage_CA_SCE_VLY_GW[AF],14695677.0,51571539123.0,2285303423.0
10358,2068-07-01,GW_storage_CA_SCE_VLY_GW[AF],14683838.0,51851333229.0,2299987261.0
10359,2068-08-01,GW_storage_CA_SCE_VLY_GW[AF],14540807.0,52129191774.0,2314528068.0
10360,2068-09-01,GW_storage_CA_SCE_VLY_GW[AF],14417672.0,52405096290.0,2328945740.0
10361,2068-10-01,GW_storage_CA_SCE_VLY_GW[AF],14299576.0,52678907664.0,2343245316.0
10362,2068-11-01,GW_storage_CA_SCE_VLY_GW[AF],14190551.0,52950483517.0,2357435867.0
10363,2068-12-01,GW_storage_CA_SCE_VLY_GW[AF],14054804.0,53219819895.0,2371490671.0
10364,2069-01-01,GW_storage_CA_SCE_VLY_GW[AF],14039096.0,53487155316.0,2385529767.0
10365,2069-02-01,GW_storage_CA_SCE_VLY_GW[AF],13892457.0,53760870931.0,2399422224.0
10366,2069-03-01,GW_storage_CA_SCE_VLY_GW[AF],14205499.0,54039428849.0,2413627723.0
10367,2069-04-01,GW_storage_CA_SCE_VLY_GW[AF],14346040.0,54324092180.0,2427973763.0
10368,2069-05-01,GW_storage_CA_SCE_VLY_GW[AF],14396579.0,54609436481.0,2442370342.0
10369,2069-06-01,GW_storage_CA_SCE_VLY_GW[AF],14400213.0,54894337917.0,2456770555.0
10370,2069-07-01,GW_storage_CA_SCE_VLY_GW[AF],14268914.0,55177218144.0,2471039469.0
10371,2069-08-01,GW_storage_CA_SCE_VLY_GW[AF],14145847.0,55458179949.0,2485185316.0
10372,2069-09-01,GW_storage_CA_SCE_VLY_GW[AF],14040659.0,55737226700.0,2499225975.0
10373,2069-10-01,GW_storage_CA_SCE_VLY_GW[AF],13933185.0,56014313112.0,2513159160.0
10374,2069-11-01,GW_storage_CA_SCE_VLY_GW[AF],13836975.0,56289244905.0,2526996135.0
10375,2069-12-01,GW_storage_CA_SCE_VLY_GW[AF],13740481.0,56561948550.0,2540736616.0
10376,2070-01-01,GW_storage_CA_SCE_VLY_GW[AF],13649184.0,56832455571.0,2554385800.0
10377,2070-02-01,GW_storage_CA_SCE_VLY_GW[AF],13582577.0,57101031869.0,2567968377.0
10378,2070-03-01,GW_storage_CA_SCE_VLY_GW[AF],13499742.0,57367456127.0,2581468119.0
10379,2070-04-01,GW_storage_CA_SCE_VLY_GW[AF],13412372.0,57631884127.0,2594880491.0
10380,2070-05-01,GW_storage_CA_SCE_VLY_GW[AF],13311843.0,57894580730.0,2608192334.0
10381,2070-06-01,GW_storage_CA_SCE_VLY_GW[AF],13210727.0,58156625113.0,2621403061.0
10382,2070-07-01,GW_storage_CA_SCE_VLY_GW[AF],13098405.0,58417720429.0,2634501466.0
10383,2070-08-01,GW_storage_CA_SCE_VLY_GW[AF],12985293.0,58677125935.0,2647486759.0
10384,2070-09-01,GW_storage_CA_SCE_VLY_GW[AF],12881037.0,58935122487.0,2660367796.0
10385,2070-10-01,GW_storage_CA_SCE_VLY_GW[AF],12778826.0,59191573450.0,2673146622.0
10386,2070-11-01,GW_storage_CA_SCE_VLY_GW[AF],12681581.0,59446278042.0,2685828203.0
10387,2070-12-01,GW_storage_CA_SCE_VLY_GW[AF],12594812.0,59699129256.0,2698423015.0
10388,2021-08-01,GW_storage_CA_SDGE_GW[AF],2.0,833341.0,2.0
10389,2021-09-01,GW_storage_CA_SDGE_GW[AF],2.0,1034591.0,4.0
10390,2021-10-01,GW_storage_CA_SDGE_GW[AF],4.0,1228184.0,8.0
10391,2021-11-01,GW_storage_CA_SDGE_GW[AF],12.0,1408873.0,20.0
10392,2021-12-01,GW_storage_CA_SDGE_GW[AF],13.0,1583705.0,33.0
10393,2022-01-01,GW_storage_CA_SDGE_GW[AF],13.0,1753848.0,46.0
10394,2022-02-01,GW_storage_CA_SDGE_GW[AF],12.0,1920342.0,58.0
10395,2022-03-01,GW_storage_CA_SDGE_GW[AF],12.0,2083476.0,70.0
10396,2022-04-01,GW_storage_CA_SDGE_GW[AF],12.0,2243387.0,82.0
10397,2022-05-01,GW_storage_CA_SDGE_GW[AF],11.0,2522880.0,93.0
10398,2022-06-01,GW_storage_CA_SDGE_GW[AF],9.0,3551564.0,102.0
10399,2022-07-01,GW_storage_CA_SDGE_GW[AF],8.0,4562843.0,110.0
10400,2022-08-01,GW_storage_CA_SDGE_GW[AF],10.0,5557441.0,120.0
10401,2022-09-01,GW_storage_CA_SDGE_GW[AF],11.0,6536311.0,131.0
10402,2022-10-01,GW_storage_CA_SDGE_GW[AF],1025.0,7499151.0,1156.0
10403,2022-11-01,GW_storage_CA_SDGE_GW[AF],1026.0,8445383.0,2182.0
10404,2022-12-01,GW_storage_CA_SDGE_GW[AF],995.0,9374562.0,3177.0
10405,2023-01-01,GW_storage_CA_SDGE_GW[AF],963.0,10287031.0,4140.0
10406,2023-02-01,GW_storage_CA_SDGE_GW[AF],937.0,11192982.0,5077.0
10407,2023-03-01,GW_storage_CA_SDGE_GW[AF],912.0,12082492.0,5989.0
10408,2023-04-01,GW_storage_CA_SDGE_GW[AF],885.0,12955603.0,6874.0
10409,2023-05-01,GW_storage_CA_SDGE_GW[AF],861.0,13813215.0,7735.0
10410,2023-06-01,GW_storage_CA_SDGE_GW[AF],846.0,15164430.0,8581.0
10411,2023-07-01,GW_storage_CA_SDGE_GW[AF],830.0,17236845.0,9411.0
10412,2023-08-01,GW_storage_CA_SDGE_GW[AF],785.0,19274971.0,10196.0
10413,2023-09-01,GW_storage_CA_SDGE_GW[AF],760.0,21282260.0,10956.0
10414,2023-10-01,GW_storage_CA_SDGE_GW[AF],2248.0,23279746.0,13204.0
10415,2023-11-01,GW_storage_CA_SDGE_GW[AF],3299.0,25247116.0,16503.0
10416,2023-12-01,GW_storage_CA_SDGE_GW[AF],3237.0,27178503.0,19740.0
10417,2024-01-01,GW_storage_CA_SDGE_GW[AF],3174.0,29079026.0,22914.0
10418,2024-02-01,GW_storage_CA_SDGE_GW[AF],3081.0,30951693.0,25995.0
10419,2024-03-01,GW_storage_CA_SDGE_GW[AF],3021.0,32794640.0,29016.0
10420,2024-04-01,GW_storage_CA_SDGE_GW[AF],2965.0,34598451.0,31981.0
10421,2024-05-01,GW_storage_CA_SDGE_GW[AF],2919.0,36379549.0,34900.0
10422,2024-06-01,GW_storage_CA_SDGE_GW[AF],2895.0,38134426.0,37795.0
10423,2024-07-01,GW_storage_CA_SDGE_GW[AF],2865.0,39862715.0,40660.0
10424,2024-08-01,GW_storage_CA_SDGE_GW[AF],2842.0,41565221.0,43502.0
10425,2024-09-01,GW_storage_CA_SDGE_GW[AF],2831.0,43242727.0,46333.0
10426,2024-10-01,GW_storage_CA_SDGE_GW[AF],2803.0,44894530.0,49136.0
10427,2024-11-01,GW_storage_CA_SDGE_GW[AF],2775.0,46522142.0,51911.0
10428,2024-12-01,GW_storage_CA_SDGE_GW[AF],2772.0,48125394.0,54683.0
10429,2025-01-01,GW_storage_CA_SDGE_GW[AF],2686.0,49704625.0,57369.0
10430,2025-02-01,GW_storage_CA_SDGE_GW[AF],2612.0,51264049.0,59981.0
10431,2025-03-01,GW_storage_CA_SDGE_GW[AF],2530.0,52800150.0,62511.0
10432,2025-04-01,GW_storage_CA_SDGE_GW[AF],52856.0,54422403.0,115367.0
10433,2025-05-01,GW_storage_CA_SDGE_GW[AF],57345.0,56023530.0,172712.0
10434,2025-06-01,GW_storage_CA_SDGE_GW[AF],55626.0,57673121.0,228338.0
10435,2025-07-01,GW_storage_CA_SDGE_GW[AF],55296.0,59233291.0,283634.0
10436,2025-08-01,GW_storage_CA_SDGE_GW[AF],41534.0,60752330.0,325168.0
10437,2025-09-01,GW_storage_CA_SDGE_GW[AF],50684.0,63291561.0,375852.0
10438,2025-10-01,GW_storage_CA_SDGE_GW[AF],52350.0,66117192.0,428202.0
10439,2025-11-01,GW_storage_CA_SDGE_GW[AF],52770.0,69169207.0,480972.0
10440,2025-12-01,GW_storage_CA_SDGE_GW[AF],52425.0,72377661.0,533397.0
10441,2026-01-01,GW_storage_CA_SDGE_GW[AF],51154.0,75644729.0,584551.0
10442,2026-02-01,GW_storage_CA_SDGE_GW[AF],55373.0,83025589.0,639924.0
10443,2026-03-01,GW_storage_CA_SDGE_GW[AF],53854.0,93674924.0,693778.0
10444,2026-04-01,GW_storage_CA_SDGE_GW[AF],52320.0,112497734.0,746098.0
10445,2026-05-01,GW_storage_CA_SDGE_GW[AF],50962.0,136460613.0,797060.0
10446,2026-06-01,GW_storage_CA_SDGE_GW[AF],49817.0,160180041.0,846877.0
10447,2026-07-01,GW_storage_CA_SDGE_GW[AF],48435.0,184580314.0,895312.0
10448,2026-08-01,GW_storage_CA_SDGE_GW[AF],47937.0,208538131.0,943249.0
10449,2026-09-01,GW_storage_CA_SDGE_GW[AF],47261.0,232132273.0,990510.0
10450,2026-10-01,GW_storage_CA_SDGE_GW[AF],46388.0,255250646.0,1036898.0
10451,2026-11-01,GW_storage_CA_SDGE_GW[AF],44974.0,277908394.0,1081872.0
10452,2026-12-01,GW_storage_CA_SDGE_GW[AF],43555.0,300103214.0,1125427.0
10453,2027-01-01,GW_storage_CA_SDGE_GW[AF],42181.0,321847786.0,1167608.0
10454,2027-02-01,GW_storage_CA_SDGE_GW[AF],40979.0,343199646.0,1208587.0
10455,2027-03-01,GW_storage_CA_SDGE_GW[AF],112063.0,369620421.0,1320650.0
10456,2027-04-01,GW_storage_CA_SDGE_GW[AF],262494.0,409179141.0,1583144.0
10457,2027-05-01,GW_storage_CA_SDGE_GW[AF],284426.0,455970259.0,1867570.0
10458,2027-06-01,GW_storage_CA_SDGE_GW[AF],273504.0,506103237.0,2141074.0
10459,2027-07-01,GW_storage_CA_SDGE_GW[AF],262652.0,558027240.0,2403726.0
10460,2027-08-01,GW_storage_CA_SDGE_GW[AF],252230.0,610747556.0,2655956.0
10461,2027-09-01,GW_storage_CA_SDGE_GW[AF],242544.0,662576568.0,2898500.0
10462,2027-10-01,GW_storage_CA_SDGE_GW[AF],232920.0,713531026.0,3131420.0
10463,2027-11-01,GW_storage_CA_SDGE_GW[AF],223975.0,763602436.0,3355395.0
10464,2027-12-01,GW_storage_CA_SDGE_GW[AF],215089.0,812846873.0,3570484.0
10465,2028-01-01,GW_storage_CA_SDGE_GW[AF],206554.0,861121911.0,3777038.0
10466,2028-02-01,GW_storage_CA_SDGE_GW[AF],198887.0,908650771.0,3975925.0
10467,2028-03-01,GW_storage_CA_SDGE_GW[AF],190995.0,959000163.0,4166920.0
10468,2028-04-01,GW_storage_CA_SDGE_GW[AF],186169.0,1012039411.0,4353089.0
10469,2028-05-01,GW_storage_CA_SDGE_GW[AF],179034.0,1068060916.0,4532123.0
10470,2028-06-01,GW_storage_CA_SDGE_GW[AF],172366.0,1125203670.0,4704489.0
10471,2028-07-01,GW_storage_CA_SDGE_GW[AF],166181.0,1183903968.0,4870670.0
10472,2028-08-01,GW_storage_CA_SDGE_GW[AF],171286.0,1241633200.0,5041956.0
10473,2028-09-01,GW_storage_CA_SDGE_GW[AF],168184.0,1298536546.0,5210140.0
10474,2028-10-01,GW_storage_CA_SDGE_GW[AF],162562.0,1354465802.0,5372702.0
10475,2028-11-01,GW_storage_CA_SDGE_GW[AF],156708.0,1409406877.0,5529410.0
10476,2028-12-01,GW_storage_CA_SDGE_GW[AF],156349.0,1463330743.0,5685759.0
10477,2029-01-01,GW_storage_CA_SDGE_GW[AF],150149.0,1516331973.0,5835908.0
10478,2029-02-01,GW_storage_CA_SDGE_GW[AF],144771.0,1568436361.0,5980679.0
10479,2029-03-01,GW_storage_CA_SDGE_GW[AF],139028.0,1622957905.0,6119707.0
10480,2029-04-01,GW_storage_CA_SDGE_GW[AF],133760.0,1679352962.0,6253467.0
10481,2029-05-01,GW_storage_CA_SDGE_GW[AF],129216.0,1742904338.0,6382683.0
10482,2029-06-01,GW_storage_CA_SDGE_GW[AF],124680.0,1807169538.0,6507363.0
10483,2029-07-01,GW_storage_CA_SDGE_GW[AF],120056.0,1872474684.0,6627419.0
10484,2029-08-01,GW_storage_CA_SDGE_GW[AF],116284.0,1936569687.0,6743703.0
10485,2029-09-01,GW_storage_CA_SDGE_GW[AF],113711.0,1999536921.0,6857414.0
10486,2029-10-01,GW_storage_CA_SDGE_GW[AF],111431.0,2061251234.0,6968845.0
10487,2029-11-01,GW_storage_CA_SDGE_GW[AF],109295.0,2121792309.0,7078140.0
10488,2029-12-01,GW_storage_CA_SDGE_GW[AF],106092.0,2181276298.0,7184232.0
10489,2030-01-01,GW_storage_CA_SDGE_GW[AF],102779.0,2239598911.0,7287011.0
10490,2030-02-01,GW_storage_CA_SDGE_GW[AF],99809.0,2296908282.0,7386820.0
10491,2030-03-01,GW_storage_CA_SDGE_GW[AF],128584.0,2353273149.0,7515404.0
10492,2030-04-01,GW_storage_CA_SDGE_GW[AF],123661.0,2408813513.0,7639065.0
10493,2030-05-01,GW_storage_CA_SDGE_GW[AF],118824.0,2463288321.0,7757889.0
10494,2030-06-01,GW_storage_CA_SDGE_GW[AF],114735.0,2519189259.0,7872624.0
10495,2030-07-01,GW_storage_CA_SDGE_GW[AF],110416.0,2574987711.0,7983040.0
10496,2030-08-01,GW_storage_CA_SDGE_GW[AF],106504.0,2629845780.0,8089544.0
10497,2030-09-01,GW_storage_CA_SDGE_GW[AF],103246.0,2683731630.0,8192790.0
10498,2030-10-01,GW_storage_CA_SDGE_GW[AF],99779.0,2736573135.0,8292569.0
10499,2030-11-01,GW_storage_CA_SDGE_GW[AF],95958.0,2788437015.0,8388527.0
10500,2030-12-01,GW_storage_CA_SDGE_GW[AF],92343.0,2839371858.0,8480870.0
10501,2031-01-01,GW_storage_CA_SDGE_GW[AF],89050.0,2889285425.0,8569920.0
10502,2031-02-01,GW_storage_CA_SDGE_GW[AF],86207.0,2938331300.0,8656127.0
10503,2031-03-01,GW_storage_CA_SDGE_GW[AF],83011.0,2986403207.0,8739138.0
10504,2031-04-01,GW_storage_CA_SDGE_GW[AF],90506.0,3034117058.0,8829644.0
10505,2031-05-01,GW_storage_CA_SDGE_GW[AF],86916.0,3081639947.0,8916560.0
10506,2031-06-01,GW_storage_CA_SDGE_GW[AF],83604.0,3128466639.0,9000164.0
10507,2031-07-01,GW_storage_CA_SDGE_GW[AF],80820.0,3175256040.0,9080984.0
10508,2031-08-01,GW_storage_CA_SDGE_GW[AF],83141.0,3221201089.0,9164125.0
10509,2031-09-01,GW_storage_CA_SDGE_GW[AF],81932.0,3266538806.0,9246057.0
10510,2031-10-01,GW_storage_CA_SDGE_GW[AF],79276.0,3311005126.0,9325333.0
10511,2031-11-01,GW_storage_CA_SDGE_GW[AF],76236.0,3354843436.0,9401569.0
10512,2031-12-01,GW_storage_CA_SDGE_GW[AF],73215.0,3397917039.0,9474784.0
10513,2032-01-01,GW_storage_CA_SDGE_GW[AF],70314.0,3440765830.0,9545098.0
10514,2032-02-01,GW_storage_CA_SDGE_GW[AF],293280.0,3500332884.0,9838378.0
10515,2032-03-01,GW_storage_CA_SDGE_GW[AF],361171.0,3570397039.0,10199549.0
10516,2032-04-01,GW_storage_CA_SDGE_GW[AF],398063.0,3645988541.0,10597612.0
10517,2032-05-01,GW_storage_CA_SDGE_GW[AF],382268.0,3723860841.0,10979880.0
10518,2032-06-01,GW_storage_CA_SDGE_GW[AF],369434.0,3803847465.0,11349314.0
10519,2032-07-01,GW_storage_CA_SDGE_GW[AF],361599.0,3884065220.0,11710913.0
10520,2032-08-01,GW_storage_CA_SDGE_GW[AF],354860.0,3963910669.0,12065773.0
10521,2032-09-01,GW_storage_CA_SDGE_GW[AF],342112.0,4042724779.0,12407885.0
10522,2032-10-01,GW_storage_CA_SDGE_GW[AF],328536.0,4120308321.0,12736421.0
10523,2032-11-01,GW_storage_CA_SDGE_GW[AF],326427.0,4196679403.0,13062848.0
10524,2032-12-01,GW_storage_CA_SDGE_GW[AF],313474.0,4271822754.0,13376322.0
10525,2033-01-01,GW_storage_CA_SDGE_GW[AF],301035.0,4345538492.0,13677357.0
10526,2033-02-01,GW_storage_CA_SDGE_GW[AF],290246.0,4423218301.0,13967603.0
10527,2033-03-01,GW_storage_CA_SDGE_GW[AF],278729.0,4505470297.0,14246332.0
10528,2033-04-01,GW_storage_CA_SDGE_GW[AF],296105.0,4590681136.0,14542437.0
10529,2033-05-01,GW_storage_CA_SDGE_GW[AF],287394.0,4675360581.0,14829831.0
10530,2033-06-01,GW_storage_CA_SDGE_GW[AF],276729.0,4760708398.0,15106560.0
10531,2033-07-01,GW_storage_CA_SDGE_GW[AF],281319.0,4846138178.0,15387879.0
10532,2033-08-01,GW_storage_CA_SDGE_GW[AF],282617.0,4931118427.0,15670496.0
10533,2033-09-01,GW_storage_CA_SDGE_GW[AF],275693.0,5014914731.0,15946189.0
10534,2033-10-01,GW_storage_CA_SDGE_GW[AF],265447.0,5097508172.0,16211636.0
10535,2033-11-01,GW_storage_CA_SDGE_GW[AF],255254.0,5178663669.0,16466890.0
10536,2033-12-01,GW_storage_CA_SDGE_GW[AF],245126.0,5258443309.0,16712016.0
10537,2034-01-01,GW_storage_CA_SDGE_GW[AF],235399.0,5339163828.0,16947415.0
10538,2034-02-01,GW_storage_CA_SDGE_GW[AF],226963.0,5418722190.0,17174378.0
10539,2034-03-01,GW_storage_CA_SDGE_GW[AF],217957.0,5500220744.0,17392335.0
10540,2034-04-01,GW_storage_CA_SDGE_GW[AF],210044.0,5584032903.0,17602379.0
10541,2034-05-01,GW_storage_CA_SDGE_GW[AF],205646.0,5676873319.0,17808025.0
10542,2034-06-01,GW_storage_CA_SDGE_GW[AF],200311.0,5773341236.0,18008336.0
10543,2034-07-01,GW_storage_CA_SDGE_GW[AF],193536.0,5871231225.0,18201872.0
10544,2034-08-01,GW_storage_CA_SDGE_GW[AF],186983.0,5968392389.0,18388855.0
10545,2034-09-01,GW_storage_CA_SDGE_GW[AF],180853.0,6064112138.0,18569708.0
10546,2034-10-01,GW_storage_CA_SDGE_GW[AF],173949.0,6158273690.0,18743657.0
10547,2034-11-01,GW_storage_CA_SDGE_GW[AF],167461.0,6251013792.0,18911118.0
10548,2034-12-01,GW_storage_CA_SDGE_GW[AF],161031.0,6342469856.0,19072149.0
10549,2035-01-01,GW_storage_CA_SDGE_GW[AF],154712.0,6432436397.0,19226861.0
10550,2035-02-01,GW_storage_CA_SDGE_GW[AF],149244.0,6520973109.0,19376105.0
10551,2035-03-01,GW_storage_CA_SDGE_GW[AF],207399.0,6608114132.0,19583504.0
10552,2035-04-01,GW_storage_CA_SDGE_GW[AF],223204.0,6694040771.0,19806708.0
10553,2035-05-01,GW_storage_CA_SDGE_GW[AF],214475.0,6778544504.0,20021183.0
10554,2035-06-01,GW_storage_CA_SDGE_GW[AF],207114.0,6863239534.0,20228297.0
10555,2035-07-01,GW_storage_CA_SDGE_GW[AF],199316.0,6947511289.0,20427613.0
10556,2035-08-01,GW_storage_CA_SDGE_GW[AF],192208.0,7030376153.0,20619821.0
10557,2035-09-01,GW_storage_CA_SDGE_GW[AF],185746.0,7112119087.0,20805567.0
10558,2035-10-01,GW_storage_CA_SDGE_GW[AF],178672.0,7192574428.0,20984239.0
10559,2035-11-01,GW_storage_CA_SDGE_GW[AF],172038.0,7271865334.0,21156277.0
10560,2035-12-01,GW_storage_CA_SDGE_GW[AF],165415.0,7350179909.0,21321692.0
10561,2036-01-01,GW_storage_CA_SDGE_GW[AF],159069.0,7427195979.0,21480761.0
10562,2036-02-01,GW_storage_CA_SDGE_GW[AF],153297.0,7503024891.0,21634058.0
10563,2036-03-01,GW_storage_CA_SDGE_GW[AF],147253.0,7577632108.0,21781311.0
10564,2036-04-01,GW_storage_CA_SDGE_GW[AF],141844.0,7651185144.0,21923155.0
10565,2036-05-01,GW_storage_CA_SDGE_GW[AF],135178.0,7724300240.0,22058333.0
10566,2036-06-01,GW_storage_CA_SDGE_GW[AF],127188.0,7796353708.0,22185521.0
10567,2036-07-01,GW_storage_CA_SDGE_GW[AF],122207.0,7867314948.0,22307728.0
10568,2036-08-01,GW_storage_CA_SDGE_GW[AF],118090.0,7937241278.0,22425818.0
10569,2036-09-01,GW_storage_CA_SDGE_GW[AF],115588.0,8006295323.0,22541406.0
10570,2036-10-01,GW_storage_CA_SDGE_GW[AF],113049.0,8074305646.0,22654455.0
10571,2036-11-01,GW_storage_CA_SDGE_GW[AF],110454.0,8141376577.0,22764909.0
10572,2036-12-01,GW_storage_CA_SDGE_GW[AF],108341.0,8207644541.0,22873250.0
10573,2037-01-01,GW_storage_CA_SDGE_GW[AF],106326.0,8273161410.0,22979576.0
10574,2037-02-01,GW_storage_CA_SDGE_GW[AF],103323.0,8337733681.0,23082899.0
10575,2037-03-01,GW_storage_CA_SDGE_GW[AF],100077.0,8401237350.0,23182976.0
10576,2037-04-01,GW_storage_CA_SDGE_GW[AF],97202.0,8463716442.0,23280178.0
10577,2037-05-01,GW_storage_CA_SDGE_GW[AF],95080.0,8525229166.0,23375258.0
10578,2037-06-01,GW_storage_CA_SDGE_GW[AF],92494.0,8585780498.0,23467752.0
10579,2037-07-01,GW_storage_CA_SDGE_GW[AF],89881.0,8645518277.0,23557633.0
10580,2037-08-01,GW_storage_CA_SDGE_GW[AF],87713.0,8704580765.0,23645346.0
10581,2037-09-01,GW_storage_CA_SDGE_GW[AF],86217.0,8763159684.0,23731563.0
10582,2037-10-01,GW_storage_CA_SDGE_GW[AF],85234.0,8821181815.0,23816797.0
10583,2037-11-01,GW_storage_CA_SDGE_GW[AF],84322.0,8878677095.0,23901119.0
10584,2037-12-01,GW_storage_CA_SDGE_GW[AF],82861.0,8935618642.0,23983980.0
10585,2038-01-01,GW_storage_CA_SDGE_GW[AF],80278.0,8991690289.0,24064258.0
10586,2038-02-01,GW_storage_CA_SDGE_GW[AF],68213.0,9049081585.0,24132471.0
10587,2038-03-01,GW_storage_CA_SDGE_GW[AF],66080.0,9108044798.0,24198551.0
10588,2038-04-01,GW_storage_CA_SDGE_GW[AF],65208.0,9168794933.0,24263759.0
10589,2038-05-01,GW_storage_CA_SDGE_GW[AF],63031.0,9229969082.0,24326790.0
10590,2038-06-01,GW_storage_CA_SDGE_GW[AF],61247.0,9290494843.0,24388037.0
10591,2038-07-01,GW_storage_CA_SDGE_GW[AF],59915.0,9350294408.0,24447952.0
10592,2038-08-01,GW_storage_CA_SDGE_GW[AF],59108.0,9409318940.0,24507060.0
10593,2038-09-01,GW_storage_CA_SDGE_GW[AF],58738.0,9467673979.0,24565798.0
10594,2038-10-01,GW_storage_CA_SDGE_GW[AF],58062.0,9525253636.0,24623860.0
10595,2038-11-01,GW_storage_CA_SDGE_GW[AF],57392.0,9582098472.0,24681252.0
10596,2038-12-01,GW_storage_CA_SDGE_GW[AF],56045.0,9638248766.0,24737297.0
10597,2039-01-01,GW_storage_CA_SDGE_GW[AF],54296.0,9693650977.0,24791593.0
10598,2039-02-01,GW_storage_CA_SDGE_GW[AF],52765.0,9750458830.0,24844358.0
10599,2039-03-01,GW_storage_CA_SDGE_GW[AF],51110.0,9809156458.0,24895468.0
10600,2039-04-01,GW_storage_CA_SDGE_GW[AF],49616.0,9868559467.0,24945084.0
10601,2039-05-01,GW_storage_CA_SDGE_GW[AF],48236.0,9927385773.0,24993320.0
10602,2039-06-01,GW_storage_CA_SDGE_GW[AF],47064.0,9986965256.0,25040384.0
10603,2039-07-01,GW_storage_CA_SDGE_GW[AF],45626.0,10046475029.0,25086010.0
10604,2039-08-01,GW_storage_CA_SDGE_GW[AF],45411.0,10105238592.0,25131421.0
10605,2039-09-01,GW_storage_CA_SDGE_GW[AF],45506.0,10163363477.0,25176927.0
10606,2039-10-01,GW_storage_CA_SDGE_GW[AF],44919.0,10220781260.0,25221846.0
10607,2039-11-01,GW_storage_CA_SDGE_GW[AF],43657.0,10277373162.0,25265503.0
10608,2039-12-01,GW_storage_CA_SDGE_GW[AF],42439.0,10333185165.0,25307942.0
10609,2040-01-01,GW_storage_CA_SDGE_GW[AF],41147.0,10388289039.0,25349089.0
10610,2040-02-01,GW_storage_CA_SDGE_GW[AF],39978.0,10442633493.0,25389067.0
10611,2040-03-01,GW_storage_CA_SDGE_GW[AF],38752.0,10496196844.0,25427819.0
10612,2040-04-01,GW_storage_CA_SDGE_GW[AF],45020.0,10549040409.0,25472839.0
10613,2040-05-01,GW_storage_CA_SDGE_GW[AF],43671.0,10601395194.0,25516510.0
10614,2040-06-01,GW_storage_CA_SDGE_GW[AF],42107.0,10653107949.0,25558617.0
10615,2040-07-01,GW_storage_CA_SDGE_GW[AF],40936.0,10704171007.0,25599553.0
10616,2040-08-01,GW_storage_CA_SDGE_GW[AF],40519.0,10754605305.0,25640072.0
10617,2040-09-01,GW_storage_CA_SDGE_GW[AF],40472.0,10804445973.0,25680544.0
10618,2040-10-01,GW_storage_CA_SDGE_GW[AF],38948.0,10853648570.0,25719492.0
10619,2040-11-01,GW_storage_CA_SDGE_GW[AF],38794.0,10902484914.0,25758286.0
10620,2040-12-01,GW_storage_CA_SDGE_GW[AF],37654.0,10950730644.0,25795940.0
10621,2041-01-01,GW_storage_CA_SDGE_GW[AF],36652.0,10998281298.0,25832592.0
10622,2041-02-01,GW_storage_CA_SDGE_GW[AF],35639.0,11047818234.0,25868231.0
10623,2041-03-01,GW_storage_CA_SDGE_GW[AF],42805.0,11099139984.0,25911036.0
10624,2041-04-01,GW_storage_CA_SDGE_GW[AF],42300.0,11151170281.0,25953336.0
10625,2041-05-01,GW_storage_CA_SDGE_GW[AF],41021.0,11202540882.0,25994357.0
10626,2041-06-01,GW_storage_CA_SDGE_GW[AF],39817.0,11253584926.0,26034174.0
10627,2041-07-01,GW_storage_CA_SDGE_GW[AF],38566.0,11304087287.0,26072740.0
10628,2041-08-01,GW_storage_CA_SDGE_GW[AF],38184.0,11354085428.0,26110924.0
10629,2041-09-01,GW_storage_CA_SDGE_GW[AF],37884.0,11403615397.0,26148808.0
10630,2041-10-01,GW_storage_CA_SDGE_GW[AF],37493.0,11452671944.0,26186301.0
10631,2041-11-01,GW_storage_CA_SDGE_GW[AF],37117.0,11501212889.0,26223418.0
10632,2041-12-01,GW_storage_CA_SDGE_GW[AF],36732.0,11549056939.0,26260150.0
10633,2042-01-01,GW_storage_CA_SDGE_GW[AF],35464.0,11596204581.0,26295614.0
10634,2042-02-01,GW_storage_CA_SDGE_GW[AF],34476.0,11642935334.0,26330090.0
10635,2042-03-01,GW_storage_CA_SDGE_GW[AF],33403.0,11689092595.0,26363493.0
10636,2042-04-01,GW_storage_CA_SDGE_GW[AF],32389.0,11735022869.0,26395882.0
10637,2042-05-01,GW_storage_CA_SDGE_GW[AF],31409.0,11780876718.0,26427291.0
10638,2042-06-01,GW_storage_CA_SDGE_GW[AF],30734.0,11826092725.0,26458025.0
10639,2042-07-01,GW_storage_CA_SDGE_GW[AF],30032.0,11871546727.0,26488057.0
10640,2042-08-01,GW_storage_CA_SDGE_GW[AF],29789.0,11916431990.0,26517846.0
10641,2042-09-01,GW_storage_CA_SDGE_GW[AF],29363.0,11960791410.0,26547209.0
10642,2042-10-01,GW_storage_CA_SDGE_GW[AF],29102.0,12004660184.0,26576311.0
10643,2042-11-01,GW_storage_CA_SDGE_GW[AF],28119.0,12048130811.0,26604430.0
10644,2042-12-01,GW_storage_CA_SDGE_GW[AF],27186.0,12091062837.0,26631616.0
10645,2043-01-01,GW_storage_CA_SDGE_GW[AF],26823.0,12133444088.0,26658439.0
10646,2043-02-01,GW_storage_CA_SDGE_GW[AF],26005.0,12175363925.0,26684444.0
10647,2043-03-01,GW_storage_CA_SDGE_GW[AF],25237.0,12216725340.0,26709681.0
10648,2043-04-01,GW_storage_CA_SDGE_GW[AF],24375.0,12257666079.0,26734056.0
10649,2043-05-01,GW_storage_CA_SDGE_GW[AF],23674.0,12298078753.0,26757730.0
10650,2043-06-01,GW_storage_CA_SDGE_GW[AF],23351.0,12338040338.0,26781081.0
10651,2043-07-01,GW_storage_CA_SDGE_GW[AF],22637.0,12377535688.0,26803718.0
10652,2043-08-01,GW_storage_CA_SDGE_GW[AF],22202.0,12416568319.0,26825920.0
10653,2043-09-01,GW_storage_CA_SDGE_GW[AF],21900.0,12455234071.0,26847820.0
10654,2043-10-01,GW_storage_CA_SDGE_GW[AF],23244.0,12493493716.0,26871064.0
10655,2043-11-01,GW_storage_CA_SDGE_GW[AF],21211.0,12531340494.0,26892275.0
10656,2043-12-01,GW_storage_CA_SDGE_GW[AF],19248.0,12568703212.0,26911523.0
10657,2044-01-01,GW_storage_CA_SDGE_GW[AF],17234.0,12605614127.0,26928757.0
10658,2044-02-01,GW_storage_CA_SDGE_GW[AF],18482.0,12642100391.0,26947239.0
10659,2044-03-01,GW_storage_CA_SDGE_GW[AF],16727.0,12678094207.0,26963966.0
10660,2044-04-01,GW_storage_CA_SDGE_GW[AF],16487.0,12715489683.0,26980453.0
10661,2044-05-01,GW_storage_CA_SDGE_GW[AF],16301.0,12757376464.0,26996754.0
10662,2044-06-01,GW_storage_CA_SDGE_GW[AF],15710.0,12798680033.0,27012464.0
10663,2044-07-01,GW_storage_CA_SDGE_GW[AF],15794.0,12840178366.0,27028258.0
10664,2044-08-01,GW_storage_CA_SDGE_GW[AF],15753.0,12881238666.0,27044011.0
10665,2044-09-01,GW_storage_CA_SDGE_GW[AF],15657.0,12921922929.0,27059668.0
10666,2044-10-01,GW_storage_CA_SDGE_GW[AF],15473.0,12962137170.0,27075141.0
10667,2044-11-01,GW_storage_CA_SDGE_GW[AF],15398.0,13001917872.0,27090539.0
10668,2044-12-01,GW_storage_CA_SDGE_GW[AF],14909.0,13041192913.0,27105448.0
10669,2045-01-01,GW_storage_CA_SDGE_GW[AF],14437.0,13079996277.0,27119885.0
10670,2045-02-01,GW_storage_CA_SDGE_GW[AF],105194.0,13119222084.0,27225079.0
10671,2045-03-01,GW_storage_CA_SDGE_GW[AF],151619.0,13158364150.0,27376698.0
10672,2045-04-01,GW_storage_CA_SDGE_GW[AF],146890.0,13198157185.0,27523588.0
10673,2045-05-01,GW_storage_CA_SDGE_GW[AF],141853.0,13237869018.0,27665441.0
10674,2045-06-01,GW_storage_CA_SDGE_GW[AF],137589.0,13278774379.0,27803030.0
10675,2045-07-01,GW_storage_CA_SDGE_GW[AF],133429.0,13324244062.0,27936459.0
10676,2045-08-01,GW_storage_CA_SDGE_GW[AF],129548.0,13372386542.0,28066007.0
10677,2045-09-01,GW_storage_CA_SDGE_GW[AF],126903.0,13419876881.0,28192910.0
10678,2045-10-01,GW_storage_CA_SDGE_GW[AF],125183.0,13466818785.0,28318093.0
10679,2045-11-01,GW_storage_CA_SDGE_GW[AF],122200.0,13513160105.0,28440293.0
10680,2045-12-01,GW_storage_CA_SDGE_GW[AF],119995.0,13560745919.0,28560288.0
10681,2046-01-01,GW_storage_CA_SDGE_GW[AF],116444.0,13615290772.0,28676732.0
10682,2046-02-01,GW_storage_CA_SDGE_GW[AF],113471.0,13677811710.0,28790203.0
10683,2046-03-01,GW_storage_CA_SDGE_GW[AF],110806.0,13748607831.0,28901009.0
10684,2046-04-01,GW_storage_CA_SDGE_GW[AF],107436.0,13826873589.0,29008445.0
10685,2046-05-01,GW_storage_CA_SDGE_GW[AF],104402.0,13907944967.0,29112847.0
10686,2046-06-01,GW_storage_CA_SDGE_GW[AF],102069.0,13989979852.0,29214916.0
10687,2046-07-01,GW_storage_CA_SDGE_GW[AF],100003.0,14071604903.0,29314919.0
10688,2046-08-01,GW_storage_CA_SDGE_GW[AF],99268.0,14152131683.0,29414187.0
10689,2046-09-01,GW_storage_CA_SDGE_GW[AF],100216.0,14231617714.0,29514403.0
10690,2046-10-01,GW_storage_CA_SDGE_GW[AF],98711.0,14310005025.0,29613114.0
10691,2046-11-01,GW_storage_CA_SDGE_GW[AF],98614.0,14387273527.0,29711728.0
10692,2046-12-01,GW_storage_CA_SDGE_GW[AF],95762.0,14463437376.0,29807490.0
10693,2047-01-01,GW_storage_CA_SDGE_GW[AF],93054.0,14538457981.0,29900544.0
10694,2047-02-01,GW_storage_CA_SDGE_GW[AF],90579.0,14612508014.0,29991123.0
10695,2047-03-01,GW_storage_CA_SDGE_GW[AF],87858.0,14685452283.0,30078981.0
10696,2047-04-01,GW_storage_CA_SDGE_GW[AF],85643.0,14764472816.0,30164624.0
10697,2047-05-01,GW_storage_CA_SDGE_GW[AF],83056.0,14860897341.0,30247680.0
10698,2047-06-01,GW_storage_CA_SDGE_GW[AF],80646.0,14972506362.0,30328326.0
10699,2047-07-01,GW_storage_CA_SDGE_GW[AF],78856.0,15088231692.0,30407182.0
10700,2047-08-01,GW_storage_CA_SDGE_GW[AF],77577.0,15203332934.0,30484759.0
10701,2047-09-01,GW_storage_CA_SDGE_GW[AF],77530.0,15317492289.0,30562289.0
10702,2047-10-01,GW_storage_CA_SDGE_GW[AF],78072.0,15430042333.0,30640361.0
10703,2047-11-01,GW_storage_CA_SDGE_GW[AF],78779.0,15542831934.0,30719140.0
10704,2047-12-01,GW_storage_CA_SDGE_GW[AF],76882.0,15653870877.0,30796022.0
10705,2048-01-01,GW_storage_CA_SDGE_GW[AF],74536.0,15763169397.0,30870558.0
10706,2048-02-01,GW_storage_CA_SDGE_GW[AF],278089.0,15872138297.0,31148647.0
10707,2048-03-01,GW_storage_CA_SDGE_GW[AF],391668.0,15987897138.0,31540315.0
10708,2048-04-01,GW_storage_CA_SDGE_GW[AF],431618.0,16106751114.0,31971933.0
10709,2048-05-01,GW_storage_CA_SDGE_GW[AF],415476.0,16226738594.0,32387409.0
10710,2048-06-01,GW_storage_CA_SDGE_GW[AF],399729.0,16346930466.0,32787138.0
10711,2048-07-01,GW_storage_CA_SDGE_GW[AF],386568.0,16466203172.0,33173706.0
10712,2048-08-01,GW_storage_CA_SDGE_GW[AF],385246.0,16583670765.0,33558952.0
10713,2048-09-01,GW_storage_CA_SDGE_GW[AF],377983.0,16699553017.0,33936935.0
10714,2048-10-01,GW_storage_CA_SDGE_GW[AF],364447.0,16813788962.0,34301382.0
10715,2048-11-01,GW_storage_CA_SDGE_GW[AF],350534.0,16926416472.0,34651916.0
10716,2048-12-01,GW_storage_CA_SDGE_GW[AF],347544.0,17038918116.0,34999460.0
10717,2049-01-01,GW_storage_CA_SDGE_GW[AF],335497.0,17150214903.0,35334957.0
10718,2049-02-01,GW_storage_CA_SDGE_GW[AF],323512.0,17259849423.0,35658469.0
10719,2049-03-01,GW_storage_CA_SDGE_GW[AF],310708.0,17374140295.0,35969177.0
10720,2049-04-01,GW_storage_CA_SDGE_GW[AF],298792.0,17496980626.0,36267969.0
10721,2049-05-01,GW_storage_CA_SDGE_GW[AF],287116.0,17623520262.0,36555085.0
10722,2049-06-01,GW_storage_CA_SDGE_GW[AF],276730.0,17749882278.0,36831815.0
10723,2049-07-01,GW_storage_CA_SDGE_GW[AF],266434.0,17875311834.0,37098249.0
10724,2049-08-01,GW_storage_CA_SDGE_GW[AF],259929.0,17998950915.0,37358178.0
10725,2049-09-01,GW_storage_CA_SDGE_GW[AF],255062.0,18120987592.0,37613240.0
10726,2049-10-01,GW_storage_CA_SDGE_GW[AF],246631.0,18241422265.0,37859871.0
10727,2049-11-01,GW_storage_CA_SDGE_GW[AF],238506.0,18360102830.0,38098377.0
10728,2049-12-01,GW_storage_CA_SDGE_GW[AF],229635.0,18476910369.0,38328012.0
10729,2050-01-01,GW_storage_CA_SDGE_GW[AF],220939.0,18591916831.0,38548951.0
10730,2050-02-01,GW_storage_CA_SDGE_GW[AF],213450.0,18705272956.0,38762401.0
10731,2050-03-01,GW_storage_CA_SDGE_GW[AF],305183.0,18821028859.0,39067584.0
10732,2050-04-01,GW_storage_CA_SDGE_GW[AF],313000.0,18940506995.0,39380584.0
10733,2050-05-01,GW_storage_CA_SDGE_GW[AF],309239.0,19059600483.0,39689823.0
10734,2050-06-01,GW_storage_CA_SDGE_GW[AF],297443.0,19178428021.0,39987266.0
10735,2050-07-01,GW_storage_CA_SDGE_GW[AF],286381.0,19296435077.0,40273647.0
10736,2050-08-01,GW_storage_CA_SDGE_GW[AF],280204.0,19412834260.0,40553851.0
10737,2050-09-01,GW_storage_CA_SDGE_GW[AF],276376.0,19527808893.0,40830227.0
10738,2050-10-01,GW_storage_CA_SDGE_GW[AF],267468.0,19641173895.0,41097695.0
10739,2050-11-01,GW_storage_CA_SDGE_GW[AF],258319.0,19752769080.0,41356014.0
10740,2050-12-01,GW_storage_CA_SDGE_GW[AF],256197.0,19862611454.0,41612211.0
10741,2051-01-01,GW_storage_CA_SDGE_GW[AF],252166.0,19970764786.0,41864377.0
10742,2051-02-01,GW_storage_CA_SDGE_GW[AF],243315.0,20077395432.0,42107692.0
10743,2051-03-01,GW_storage_CA_SDGE_GW[AF],233815.0,20182370827.0,42341507.0
10744,2051-04-01,GW_storage_CA_SDGE_GW[AF],225596.0,20291580463.0,42567103.0
10745,2051-05-01,GW_storage_CA_SDGE_GW[AF],218130.0,20400038326.0,42785233.0
10746,2051-06-01,GW_storage_CA_SDGE_GW[AF],210517.0,20508257786.0,42995750.0
10747,2051-07-01,GW_storage_CA_SDGE_GW[AF],202707.0,20615875318.0,43198457.0
10748,2051-08-01,GW_storage_CA_SDGE_GW[AF],195360.0,20722198437.0,43393817.0
10749,2051-09-01,GW_storage_CA_SDGE_GW[AF],190872.0,20827038775.0,43584689.0
10750,2051-10-01,GW_storage_CA_SDGE_GW[AF],184194.0,20930437548.0,43768883.0
10751,2051-11-01,GW_storage_CA_SDGE_GW[AF],177881.0,21032468769.0,43946764.0
10752,2051-12-01,GW_storage_CA_SDGE_GW[AF],171503.0,21133705710.0,44118267.0
10753,2052-01-01,GW_storage_CA_SDGE_GW[AF],165020.0,21233433839.0,44283287.0
10754,2052-02-01,GW_storage_CA_SDGE_GW[AF],159043.0,21331717041.0,44442330.0
10755,2052-03-01,GW_storage_CA_SDGE_GW[AF],152849.0,21429607427.0,44595179.0
10756,2052-04-01,GW_storage_CA_SDGE_GW[AF],149717.0,21527851494.0,44744896.0
10757,2052-05-01,GW_storage_CA_SDGE_GW[AF],144037.0,21624977785.0,44888933.0
10758,2052-06-01,GW_storage_CA_SDGE_GW[AF],138590.0,21720857498.0,45027523.0
10759,2052-07-01,GW_storage_CA_SDGE_GW[AF],133438.0,21815421513.0,45160961.0
10760,2052-08-01,GW_storage_CA_SDGE_GW[AF],129063.0,21908765850.0,45290024.0
10761,2052-09-01,GW_storage_CA_SDGE_GW[AF],127811.0,22001026854.0,45417835.0
10762,2052-10-01,GW_storage_CA_SDGE_GW[AF],125433.0,22092179195.0,45543268.0
10763,2052-11-01,GW_storage_CA_SDGE_GW[AF],122154.0,22182158688.0,45665422.0
10764,2052-12-01,GW_storage_CA_SDGE_GW[AF],118731.0,22270990851.0,45784153.0
10765,2053-01-01,GW_storage_CA_SDGE_GW[AF],114850.0,22358572318.0,45899003.0
10766,2053-02-01,GW_storage_CA_SDGE_GW[AF],111332.0,22445234888.0,46010335.0
10767,2053-03-01,GW_storage_CA_SDGE_GW[AF],109221.0,22531338210.0,46119556.0
10768,2053-04-01,GW_storage_CA_SDGE_GW[AF],105430.0,22618197854.0,46224986.0
10769,2053-05-01,GW_storage_CA_SDGE_GW[AF],102370.0,22705000235.0,46327356.0
10770,2053-06-01,GW_storage_CA_SDGE_GW[AF],100245.0,22792005107.0,46427601.0
10771,2053-07-01,GW_storage_CA_SDGE_GW[AF],98207.0,22878611714.0,46525808.0
10772,2053-08-01,GW_storage_CA_SDGE_GW[AF],96588.0,22964123789.0,46622396.0
10773,2053-09-01,GW_storage_CA_SDGE_GW[AF],95270.0,23048536524.0,46717666.0
10774,2053-10-01,GW_storage_CA_SDGE_GW[AF],95396.0,23131866519.0,46813062.0
10775,2053-11-01,GW_storage_CA_SDGE_GW[AF],94247.0,23214276747.0,46907309.0
10776,2053-12-01,GW_storage_CA_SDGE_GW[AF],91384.0,23295578937.0,46998693.0
10777,2054-01-01,GW_storage_CA_SDGE_GW[AF],99377.0,23375761806.0,47098070.0
10778,2054-02-01,GW_storage_CA_SDGE_GW[AF],96558.0,23454991045.0,47194628.0
10779,2054-03-01,GW_storage_CA_SDGE_GW[AF],93517.0,23533194281.0,47288145.0
10780,2054-04-01,GW_storage_CA_SDGE_GW[AF],90730.0,23610840643.0,47378875.0
10781,2054-05-01,GW_storage_CA_SDGE_GW[AF],88512.0,23687968757.0,47467387.0
10782,2054-06-01,GW_storage_CA_SDGE_GW[AF],86644.0,23764134532.0,47554031.0
10783,2054-07-01,GW_storage_CA_SDGE_GW[AF],83668.0,23839346953.0,47637699.0
10784,2054-08-01,GW_storage_CA_SDGE_GW[AF],82377.0,23913680649.0,47720076.0
10785,2054-09-01,GW_storage_CA_SDGE_GW[AF],81388.0,23987275722.0,47801464.0
10786,2054-10-01,GW_storage_CA_SDGE_GW[AF],81388.0,24060063673.0,47882852.0
10787,2054-11-01,GW_storage_CA_SDGE_GW[AF],82233.0,24132040073.0,47965085.0
10788,2054-12-01,GW_storage_CA_SDGE_GW[AF],83211.0,24203075252.0,48048296.0
10789,2055-01-01,GW_storage_CA_SDGE_GW[AF],80583.0,24273232069.0,48128879.0
10790,2055-02-01,GW_storage_CA_SDGE_GW[AF],78283.0,24346983422.0,48207162.0
10791,2055-03-01,GW_storage_CA_SDGE_GW[AF],75807.0,24429418525.0,48282969.0
10792,2055-04-01,GW_storage_CA_SDGE_GW[AF],73472.0,24519974284.0,48356441.0
10793,2055-05-01,GW_storage_CA_SDGE_GW[AF],71194.0,24612887460.0,48427635.0
10794,2055-06-01,GW_storage_CA_SDGE_GW[AF],69929.0,24705731755.0,48497564.0
10795,2055-07-01,GW_storage_CA_SDGE_GW[AF],68662.0,24797561549.0,48566226.0
10796,2055-08-01,GW_storage_CA_SDGE_GW[AF],67644.0,24888417864.0,48633870.0
10797,2055-09-01,GW_storage_CA_SDGE_GW[AF],66734.0,24978247446.0,48700604.0
10798,2055-10-01,GW_storage_CA_SDGE_GW[AF],66488.0,25067037402.0,48767092.0
10799,2055-11-01,GW_storage_CA_SDGE_GW[AF],65906.0,25154620871.0,48832998.0
10800,2055-12-01,GW_storage_CA_SDGE_GW[AF],64683.0,25240958786.0,48897681.0
10801,2056-01-01,GW_storage_CA_SDGE_GW[AF],63458.0,25326085001.0,48961139.0
10802,2056-02-01,GW_storage_CA_SDGE_GW[AF],61594.0,25410115783.0,49022733.0
10803,2056-03-01,GW_storage_CA_SDGE_GW[AF],59659.0,25493046199.0,49082392.0
10804,2056-04-01,GW_storage_CA_SDGE_GW[AF],57865.0,25579867650.0,49140257.0
10805,2056-05-01,GW_storage_CA_SDGE_GW[AF],56001.0,25665994452.0,49196258.0
10806,2056-06-01,GW_storage_CA_SDGE_GW[AF],54988.0,25751014051.0,49251246.0
10807,2056-07-01,GW_storage_CA_SDGE_GW[AF],54009.0,25834999057.0,49305255.0
10808,2056-08-01,GW_storage_CA_SDGE_GW[AF],53147.0,25918012980.0,49358402.0
10809,2056-09-01,GW_storage_CA_SDGE_GW[AF],52483.0,26000006720.0,49410885.0
10810,2056-10-01,GW_storage_CA_SDGE_GW[AF],52020.0,26080893812.0,49462905.0
10811,2056-11-01,GW_storage_CA_SDGE_GW[AF],51102.0,26160908259.0,49514007.0
10812,2056-12-01,GW_storage_CA_SDGE_GW[AF],49502.0,26240212456.0,49563509.0
10813,2057-01-01,GW_storage_CA_SDGE_GW[AF],47945.0,26318587848.0,49611454.0
10814,2057-02-01,GW_storage_CA_SDGE_GW[AF],50823.0,26395985372.0,49662277.0
10815,2057-03-01,GW_storage_CA_SDGE_GW[AF],49221.0,26472734266.0,49711498.0
10816,2057-04-01,GW_storage_CA_SDGE_GW[AF],47971.0,26556295278.0,49759469.0
10817,2057-05-01,GW_storage_CA_SDGE_GW[AF],48152.0,26638790503.0,49807621.0
10818,2057-06-01,GW_storage_CA_SDGE_GW[AF],47400.0,26720263696.0,49855021.0
10819,2057-07-01,GW_storage_CA_SDGE_GW[AF],46854.0,26800720453.0,49901875.0
10820,2057-08-01,GW_storage_CA_SDGE_GW[AF],45955.0,26880212595.0,49947830.0
10821,2057-09-01,GW_storage_CA_SDGE_GW[AF],44810.0,26958875022.0,49992640.0
10822,2057-10-01,GW_storage_CA_SDGE_GW[AF],45307.0,27036568588.0,50037947.0
10823,2057-11-01,GW_storage_CA_SDGE_GW[AF],45799.0,27113396201.0,50083746.0
10824,2057-12-01,GW_storage_CA_SDGE_GW[AF],44849.0,27189264327.0,50128595.0
10825,2058-01-01,GW_storage_CA_SDGE_GW[AF],43432.0,27264124633.0,50172027.0
10826,2058-02-01,GW_storage_CA_SDGE_GW[AF],108990.0,27348265847.0,50281017.0
10827,2058-03-01,GW_storage_CA_SDGE_GW[AF],152499.0,27440889382.0,50433516.0
10828,2058-04-01,GW_storage_CA_SDGE_GW[AF],146776.0,27539133274.0,50580292.0
10829,2058-05-01,GW_storage_CA_SDGE_GW[AF],140986.0,27639449314.0,50721278.0
10830,2058-06-01,GW_storage_CA_SDGE_GW[AF],135993.0,27738779306.0,50857271.0
10831,2058-07-01,GW_storage_CA_SDGE_GW[AF],131080.0,27837531793.0,50988351.0
10832,2058-08-01,GW_storage_CA_SDGE_GW[AF],126875.0,27935280444.0,51115226.0
10833,2058-09-01,GW_storage_CA_SDGE_GW[AF],124705.0,28031862865.0,51239931.0
10834,2058-10-01,GW_storage_CA_SDGE_GW[AF],122604.0,28127260463.0,51362535.0
10835,2058-11-01,GW_storage_CA_SDGE_GW[AF],120038.0,28221366217.0,51482573.0
10836,2058-12-01,GW_storage_CA_SDGE_GW[AF],116864.0,28314157055.0,51599437.0
10837,2059-01-01,GW_storage_CA_SDGE_GW[AF],113141.0,28405540773.0,51712578.0
10838,2059-02-01,GW_storage_CA_SDGE_GW[AF],109772.0,28502067677.0,51822350.0
10839,2059-03-01,GW_storage_CA_SDGE_GW[AF],105767.0,28605457246.0,51928117.0
10840,2059-04-01,GW_storage_CA_SDGE_GW[AF],101727.0,28717814838.0,52029844.0
10841,2059-05-01,GW_storage_CA_SDGE_GW[AF],97860.0,28830913147.0,52127704.0
10842,2059-06-01,GW_storage_CA_SDGE_GW[AF],94260.0,28943770190.0,52221964.0
10843,2059-07-01,GW_storage_CA_SDGE_GW[AF],90754.0,29055182582.0,52312718.0
10844,2059-08-01,GW_storage_CA_SDGE_GW[AF],87701.0,29165160032.0,52400419.0
10845,2059-09-01,GW_storage_CA_SDGE_GW[AF],85295.0,29273920291.0,52485714.0
10846,2059-10-01,GW_storage_CA_SDGE_GW[AF],83672.0,29381402010.0,52569386.0
10847,2059-11-01,GW_storage_CA_SDGE_GW[AF],81904.0,29487451547.0,52651290.0
10848,2059-12-01,GW_storage_CA_SDGE_GW[AF],79332.0,29592083281.0,52730622.0
10849,2060-01-01,GW_storage_CA_SDGE_GW[AF],76839.0,29695071869.0,52807461.0
10850,2060-02-01,GW_storage_CA_SDGE_GW[AF],74357.0,29797999369.0,52881818.0
10851,2060-03-01,GW_storage_CA_SDGE_GW[AF],155856.0,29907235449.0,53037674.0
10852,2060-04-01,GW_storage_CA_SDGE_GW[AF],172812.0,30022282651.0,53210486.0
10853,2060-05-01,GW_storage_CA_SDGE_GW[AF],166149.0,30138204137.0,53376635.0
10854,2060-06-01,GW_storage_CA_SDGE_GW[AF],159817.0,30253989194.0,53536452.0
10855,2060-07-01,GW_storage_CA_SDGE_GW[AF],153794.0,30369445165.0,53690246.0
10856,2060-08-01,GW_storage_CA_SDGE_GW[AF],148170.0,30483354195.0,53838416.0
10857,2060-09-01,GW_storage_CA_SDGE_GW[AF],145402.0,30595912136.0,53983818.0
10858,2060-10-01,GW_storage_CA_SDGE_GW[AF],141122.0,30707058453.0,54124940.0
10859,2060-11-01,GW_storage_CA_SDGE_GW[AF],136185.0,30816686913.0,54261125.0
10860,2060-12-01,GW_storage_CA_SDGE_GW[AF],130931.0,30924630927.0,54392056.0
10861,2061-01-01,GW_storage_CA_SDGE_GW[AF],125860.0,31038058188.0,54517916.0
10862,2061-02-01,GW_storage_CA_SDGE_GW[AF],121468.0,31163247262.0,54639384.0
10863,2061-03-01,GW_storage_CA_SDGE_GW[AF],170350.0,31301926464.0,54809734.0
10864,2061-04-01,GW_storage_CA_SDGE_GW[AF],178181.0,31460043743.0,54987915.0
10865,2061-05-01,GW_storage_CA_SDGE_GW[AF],171114.0,31621719240.0,55159029.0
10866,2061-06-01,GW_storage_CA_SDGE_GW[AF],164986.0,31781944019.0,55324015.0
10867,2061-07-01,GW_storage_CA_SDGE_GW[AF],161398.0,31940594248.0,55485413.0
10868,2061-08-01,GW_storage_CA_SDGE_GW[AF],159356.0,32097666692.0,55644769.0
10869,2061-09-01,GW_storage_CA_SDGE_GW[AF],157849.0,32253244922.0,55802618.0
10870,2061-10-01,GW_storage_CA_SDGE_GW[AF],152570.0,32407132898.0,55955188.0
10871,2061-11-01,GW_storage_CA_SDGE_GW[AF],147877.0,32559108380.0,56103065.0
10872,2061-12-01,GW_storage_CA_SDGE_GW[AF],153151.0,32709321481.0,56256216.0
10873,2062-01-01,GW_storage_CA_SDGE_GW[AF],147314.0,32858735378.0,56403530.0
10874,2062-02-01,GW_storage_CA_SDGE_GW[AF],142291.0,33022044851.0,56545821.0
10875,2062-03-01,GW_storage_CA_SDGE_GW[AF],197504.0,33198837130.0,56743325.0
10876,2062-04-01,GW_storage_CA_SDGE_GW[AF],245302.0,33390837210.0,56988627.0
10877,2062-05-01,GW_storage_CA_SDGE_GW[AF],235580.0,33584259641.0,57224207.0
10878,2062-06-01,GW_storage_CA_SDGE_GW[AF],226651.0,33776858517.0,57450858.0
10879,2062-07-01,GW_storage_CA_SDGE_GW[AF],219077.0,33967635736.0,57669935.0
10880,2062-08-01,GW_storage_CA_SDGE_GW[AF],215989.0,34156855847.0,57885924.0
10881,2062-09-01,GW_storage_CA_SDGE_GW[AF],214528.0,34344548104.0,58100452.0
10882,2062-10-01,GW_storage_CA_SDGE_GW[AF],208931.0,34530332137.0,58309383.0
10883,2062-11-01,GW_storage_CA_SDGE_GW[AF],202651.0,34714073091.0,58512034.0
10884,2062-12-01,GW_storage_CA_SDGE_GW[AF],195041.0,34895778448.0,58707075.0
10885,2063-01-01,GW_storage_CA_SDGE_GW[AF],187890.0,35079072230.0,58894965.0
10886,2063-02-01,GW_storage_CA_SDGE_GW[AF],356401.0,35269350335.0,59251366.0
10887,2063-03-01,GW_storage_CA_SDGE_GW[AF],498384.0,35470064786.0,59749750.0
10888,2063-04-01,GW_storage_CA_SDGE_GW[AF],575495.0,35683040547.0,60325245.0
10889,2063-05-01,GW_storage_CA_SDGE_GW[AF],588145.0,35907121073.0,60913390.0
10890,2063-06-01,GW_storage_CA_SDGE_GW[AF],593321.0,36134854310.0,61506711.0
10891,2063-07-01,GW_storage_CA_SDGE_GW[AF],584423.0,36361472567.0,62091134.0
10892,2063-08-01,GW_storage_CA_SDGE_GW[AF],577164.0,36586142514.0,62668298.0
10893,2063-09-01,GW_storage_CA_SDGE_GW[AF],566413.0,36808934029.0,63234711.0
10894,2063-10-01,GW_storage_CA_SDGE_GW[AF],548453.0,37029507927.0,63783164.0
10895,2063-11-01,GW_storage_CA_SDGE_GW[AF],528355.0,37248012309.0,64311519.0
10896,2063-12-01,GW_storage_CA_SDGE_GW[AF],497154.0,37465671472.0,64808673.0
10897,2064-01-01,GW_storage_CA_SDGE_GW[AF],530379.0,37694815963.0,65339052.0
10898,2064-02-01,GW_storage_CA_SDGE_GW[AF],653375.0,37945097639.0,65992427.0
10899,2064-03-01,GW_storage_CA_SDGE_GW[AF],697456.0,38213638934.0,66689883.0
10900,2064-04-01,GW_storage_CA_SDGE_GW[AF],690991.0,38493367090.0,67380874.0
10901,2064-05-01,GW_storage_CA_SDGE_GW[AF],683841.0,38776738105.0,68064715.0
10902,2064-06-01,GW_storage_CA_SDGE_GW[AF],657797.0,39060661713.0,68722512.0
10903,2064-07-01,GW_storage_CA_SDGE_GW[AF],633613.0,39341932866.0,69356125.0
10904,2064-08-01,GW_storage_CA_SDGE_GW[AF],617273.0,39620711220.0,69973398.0
10905,2064-09-01,GW_storage_CA_SDGE_GW[AF],609093.0,39897002798.0,70582491.0
10906,2064-10-01,GW_storage_CA_SDGE_GW[AF],590578.0,40170736712.0,71173069.0
10907,2064-11-01,GW_storage_CA_SDGE_GW[AF],579764.0,40442044957.0,71752833.0
10908,2064-12-01,GW_storage_CA_SDGE_GW[AF],546996.0,40711834451.0,72299829.0
10909,2065-01-01,GW_storage_CA_SDGE_GW[AF],526108.0,40982757097.0,72825937.0
10910,2065-02-01,GW_storage_CA_SDGE_GW[AF],507850.0,41255716076.0,73333787.0
10911,2065-03-01,GW_storage_CA_SDGE_GW[AF],480666.0,41533378347.0,73814453.0
10912,2065-04-01,GW_storage_CA_SDGE_GW[AF],464730.0,41819419395.0,74279183.0
10913,2065-05-01,GW_storage_CA_SDGE_GW[AF],452716.0,42107659636.0,74731899.0
10914,2065-06-01,GW_storage_CA_SDGE_GW[AF],438294.0,42393392346.0,75170193.0
10915,2065-07-01,GW_storage_CA_SDGE_GW[AF],422881.0,42678359041.0,75593074.0
10916,2065-08-01,GW_storage_CA_SDGE_GW[AF],407846.0,42960938762.0,76000920.0
10917,2065-09-01,GW_storage_CA_SDGE_GW[AF],398549.0,43241061639.0,76399469.0
10918,2065-10-01,GW_storage_CA_SDGE_GW[AF],386921.0,43518553408.0,76786390.0
10919,2065-11-01,GW_storage_CA_SDGE_GW[AF],373472.0,43793351378.0,77159862.0
10920,2065-12-01,GW_storage_CA_SDGE_GW[AF],359904.0,44065325818.0,77519766.0
10921,2066-01-01,GW_storage_CA_SDGE_GW[AF],346757.0,44334625115.0,77866523.0
10922,2066-02-01,GW_storage_CA_SDGE_GW[AF],341292.0,44601575728.0,78207815.0
10923,2066-03-01,GW_storage_CA_SDGE_GW[AF],331446.0,44865977654.0,78539261.0
10924,2066-04-01,GW_storage_CA_SDGE_GW[AF],319363.0,45130939542.0,78858624.0
10925,2066-05-01,GW_storage_CA_SDGE_GW[AF],307300.0,45393925169.0,79165924.0
10926,2066-06-01,GW_storage_CA_SDGE_GW[AF],296025.0,45654573916.0,79461949.0
10927,2066-07-01,GW_storage_CA_SDGE_GW[AF],284762.0,45912927675.0,79746711.0
10928,2066-08-01,GW_storage_CA_SDGE_GW[AF],274126.0,46169111465.0,80020837.0
10929,2066-09-01,GW_storage_CA_SDGE_GW[AF],264793.0,46423600426.0,80285630.0
10930,2066-10-01,GW_storage_CA_SDGE_GW[AF],255950.0,46676263355.0,80541580.0
10931,2066-11-01,GW_storage_CA_SDGE_GW[AF],247255.0,46927228863.0,80788835.0
10932,2066-12-01,GW_storage_CA_SDGE_GW[AF],238527.0,47176198480.0,81027362.0
10933,2067-01-01,GW_storage_CA_SDGE_GW[AF],229710.0,47422896821.0,81257072.0
10934,2067-02-01,GW_storage_CA_SDGE_GW[AF],240633.0,47667661431.0,81497705.0
10935,2067-03-01,GW_storage_CA_SDGE_GW[AF],255379.0,47910308464.0,81753084.0
10936,2067-04-01,GW_storage_CA_SDGE_GW[AF],245692.0,48151085524.0,81998776.0
10937,2067-05-01,GW_storage_CA_SDGE_GW[AF],236891.0,48389950965.0,82235667.0
10938,2067-06-01,GW_storage_CA_SDGE_GW[AF],228366.0,48627002221.0,82464033.0
10939,2067-07-01,GW_storage_CA_SDGE_GW[AF],219759.0,48862124917.0,82683792.0
10940,2067-08-01,GW_storage_CA_SDGE_GW[AF],211792.0,49095321876.0,82895584.0
10941,2067-09-01,GW_storage_CA_SDGE_GW[AF],204920.0,49326841519.0,83100504.0
10942,2067-10-01,GW_storage_CA_SDGE_GW[AF],198591.0,49556552267.0,83299095.0
10943,2067-11-01,GW_storage_CA_SDGE_GW[AF],191774.0,49784868208.0,83490869.0
10944,2067-12-01,GW_storage_CA_SDGE_GW[AF],184988.0,50011545293.0,83675857.0
10945,2068-01-01,GW_storage_CA_SDGE_GW[AF],178277.0,50238331069.0,83854134.0
10946,2068-02-01,GW_storage_CA_SDGE_GW[AF],710450.0,50478937732.0,84564584.0
10947,2068-03-01,GW_storage_CA_SDGE_GW[AF],1016983.0,50739381265.0,85581567.0
10948,2068-04-01,GW_storage_CA_SDGE_GW[AF],1071188.0,51011294375.0,86652755.0
10949,2068-05-01,GW_storage_CA_SDGE_GW[AF],1069660.0,51290774772.0,87722415.0
10950,2068-06-01,GW_storage_CA_SDGE_GW[AF],1067261.0,51571539123.0,88789676.0
10951,2068-07-01,GW_storage_CA_SDGE_GW[AF],1049264.0,51851333229.0,89838940.0
10952,2068-08-01,GW_storage_CA_SDGE_GW[AF],1017140.0,52129191774.0,90856080.0
10953,2068-09-01,GW_storage_CA_SDGE_GW[AF],995265.0,52405096290.0,91851345.0
10954,2068-10-01,GW_storage_CA_SDGE_GW[AF],961932.0,52678907664.0,92813277.0
10955,2068-11-01,GW_storage_CA_SDGE_GW[AF],928974.0,52950483517.0,93742251.0
10956,2068-12-01,GW_storage_CA_SDGE_GW[AF],894416.0,53219819895.0,94636667.0
10957,2069-01-01,GW_storage_CA_SDGE_GW[AF],860838.0,53487155316.0,95497505.0
10958,2069-02-01,GW_storage_CA_SDGE_GW[AF],830595.0,53760870931.0,96328100.0
10959,2069-03-01,GW_storage_CA_SDGE_GW[AF],798180.0,54039428849.0,97126280.0
10960,2069-04-01,GW_storage_CA_SDGE_GW[AF],767809.0,54324092180.0,97894089.0
10961,2069-05-01,GW_storage_CA_SDGE_GW[AF],738639.0,54609436481.0,98632728.0
10962,2069-06-01,GW_storage_CA_SDGE_GW[AF],710727.0,54894337917.0,99343455.0
10963,2069-07-01,GW_storage_CA_SDGE_GW[AF],683472.0,55177218144.0,100026927.0
10964,2069-08-01,GW_storage_CA_SDGE_GW[AF],657435.0,55458179949.0,100684362.0
10965,2069-09-01,GW_storage_CA_SDGE_GW[AF],634651.0,55737226700.0,101319013.0
10966,2069-10-01,GW_storage_CA_SDGE_GW[AF],611440.0,56014313112.0,101930453.0
10967,2069-11-01,GW_storage_CA_SDGE_GW[AF],589099.0,56289244905.0,102519552.0
10968,2069-12-01,GW_storage_CA_SDGE_GW[AF],567332.0,56561948550.0,103086884.0
10969,2070-01-01,GW_storage_CA_SDGE_GW[AF],545160.0,56832455571.0,103632044.0
10970,2070-02-01,GW_storage_CA_SDGE_GW[AF],525710.0,57101031869.0,104157754.0
10971,2070-03-01,GW_storage_CA_SDGE_GW[AF],505227.0,57367456127.0,104662981.0
10972,2070-04-01,GW_storage_CA_SDGE_GW[AF],486525.0,57631884127.0,105149506.0
10973,2070-05-01,GW_storage_CA_SDGE_GW[AF],467818.0,57894580730.0,105617324.0
10974,2070-06-01,GW_storage_CA_SDGE_GW[AF],450448.0,58156625113.0,106067772.0
10975,2070-07-01,GW_storage_CA_SDGE_GW[AF],433169.0,58417720429.0,106500941.0
10976,2070-08-01,GW_storage_CA_SDGE_GW[AF],416943.0,58677125935.0,106917884.0
10977,2070-09-01,GW_storage_CA_SDGE_GW[AF],402255.0,58935122487.0,107320139.0
10978,2070-10-01,GW_storage_CA_SDGE_GW[AF],387799.0,59191573450.0,107707938.0
10979,2070-11-01,GW_storage_CA_SDGE_GW[AF],374152.0,59446278042.0,108082090.0
10980,2070-12-01,GW_storage_CA_SDGE_GW[AF],361000.0,59699129256.0,108443090.0
10981,2021-08-01,GW_storage_CA_SMUD_GW[AF],-6.0,833341.0,-6.0
10982,2021-09-01,GW_storage_CA_SMUD_GW[AF],-6.0,1034591.0,-12.0
10983,2021-10-01,GW_storage_CA_SMUD_GW[AF],-6.0,1228184.0,-18.0
10984,2021-11-01,GW_storage_CA_SMUD_GW[AF],-6.0,1408873.0,-24.0
10985,2021-12-01,GW_storage_CA_SMUD_GW[AF],-5.0,1583705.0,-29.0
10986,2022-01-01,GW_storage_CA_SMUD_GW[AF],-5.0,1753848.0,-34.0
10987,2022-02-01,GW_storage_CA_SMUD_GW[AF],-4.0,1920342.0,-38.0
10988,2022-03-01,GW_storage_CA_SMUD_GW[AF],-4.0,2083476.0,-42.0
10989,2022-04-01,GW_storage_CA_SMUD_GW[AF],-4.0,2243387.0,-46.0
10990,2022-05-01,GW_storage_CA_SMUD_GW[AF],-4.0,2522880.0,-50.0
10991,2022-06-01,GW_storage_CA_SMUD_GW[AF],-4.0,3551564.0,-54.0
10992,2022-07-01,GW_storage_CA_SMUD_GW[AF],-4.0,4562843.0,-58.0
10993,2022-08-01,GW_storage_CA_SMUD_GW[AF],-4.0,5557441.0,-62.0
10994,2022-09-01,GW_storage_CA_SMUD_GW[AF],-3.0,6536311.0,-65.0
10995,2022-10-01,GW_storage_CA_SMUD_GW[AF],-3.0,7499151.0,-68.0
10996,2022-11-01,GW_storage_CA_SMUD_GW[AF],34.0,8445383.0,-34.0
10997,2022-12-01,GW_storage_CA_SMUD_GW[AF],32.0,9374562.0,-2.0
10998,2023-01-01,GW_storage_CA_SMUD_GW[AF],30.0,10287031.0,28.0
10999,2023-02-01,GW_storage_CA_SMUD_GW[AF],29.0,11192982.0,57.0
11000,2023-03-01,GW_storage_CA_SMUD_GW[AF],27.0,12082492.0,84.0
11001,2023-04-01,GW_storage_CA_SMUD_GW[AF],27.0,12955603.0,111.0
11002,2023-05-01,GW_storage_CA_SMUD_GW[AF],25.0,13813215.0,136.0
11003,2023-06-01,GW_storage_CA_SMUD_GW[AF],23.0,15164430.0,159.0
11004,2023-07-01,GW_storage_CA_SMUD_GW[AF],22.0,17236845.0,181.0
11005,2023-08-01,GW_storage_CA_SMUD_GW[AF],22.0,19274971.0,203.0
11006,2023-09-01,GW_storage_CA_SMUD_GW[AF],20.0,21282260.0,223.0
11007,2023-10-01,GW_storage_CA_SMUD_GW[AF],20.0,23279746.0,243.0
11008,2023-11-01,GW_storage_CA_SMUD_GW[AF],18.0,25247116.0,261.0
11009,2023-12-01,GW_storage_CA_SMUD_GW[AF],18.0,27178503.0,279.0
11010,2024-01-01,GW_storage_CA_SMUD_GW[AF],17.0,29079026.0,296.0
11011,2024-02-01,GW_storage_CA_SMUD_GW[AF],16.0,30951693.0,312.0
11012,2024-03-01,GW_storage_CA_SMUD_GW[AF],15.0,32794640.0,327.0
11013,2024-04-01,GW_storage_CA_SMUD_GW[AF],14.0,34598451.0,341.0
11014,2024-05-01,GW_storage_CA_SMUD_GW[AF],14.0,36379549.0,355.0
11015,2024-06-01,GW_storage_CA_SMUD_GW[AF],13.0,38134426.0,368.0
11016,2024-07-01,GW_storage_CA_SMUD_GW[AF],12.0,39862715.0,380.0
11017,2024-08-01,GW_storage_CA_SMUD_GW[AF],12.0,41565221.0,392.0
11018,2024-09-01,GW_storage_CA_SMUD_GW[AF],11.0,43242727.0,403.0
11019,2024-10-01,GW_storage_CA_SMUD_GW[AF],11.0,44894530.0,414.0
11020,2024-11-01,GW_storage_CA_SMUD_GW[AF],10.0,46522142.0,424.0
11021,2024-12-01,GW_storage_CA_SMUD_GW[AF],10.0,48125394.0,434.0
11022,2025-01-01,GW_storage_CA_SMUD_GW[AF],9.0,49704625.0,443.0
11023,2025-02-01,GW_storage_CA_SMUD_GW[AF],8.0,51264049.0,451.0
11024,2025-03-01,GW_storage_CA_SMUD_GW[AF],9.0,52800150.0,460.0
11025,2025-04-01,GW_storage_CA_SMUD_GW[AF],8.0,54422403.0,468.0
11026,2025-05-01,GW_storage_CA_SMUD_GW[AF],7.0,56023530.0,475.0
11027,2025-06-01,GW_storage_CA_SMUD_GW[AF],7.0,57673121.0,482.0
11028,2025-07-01,GW_storage_CA_SMUD_GW[AF],-924.0,59233291.0,-442.0
11029,2025-08-01,GW_storage_CA_SMUD_GW[AF],-23127.0,60752330.0,-23569.0
11030,2025-09-01,GW_storage_CA_SMUD_GW[AF],-9793.0,63291561.0,-33362.0
11031,2025-10-01,GW_storage_CA_SMUD_GW[AF],-4157.0,66117192.0,-37519.0
11032,2025-11-01,GW_storage_CA_SMUD_GW[AF],-3957.0,69169207.0,-41476.0
11033,2025-12-01,GW_storage_CA_SMUD_GW[AF],-3760.0,72377661.0,-45236.0
11034,2026-01-01,GW_storage_CA_SMUD_GW[AF],-3573.0,75644729.0,-48809.0
11035,2026-02-01,GW_storage_CA_SMUD_GW[AF],-3413.0,83025589.0,-52222.0
11036,2026-03-01,GW_storage_CA_SMUD_GW[AF],-3243.0,93674924.0,-55465.0
11037,2026-04-01,GW_storage_CA_SMUD_GW[AF],-3088.0,112497734.0,-58553.0
11038,2026-05-01,GW_storage_CA_SMUD_GW[AF],-2935.0,136460613.0,-61488.0
11039,2026-06-01,GW_storage_CA_SMUD_GW[AF],-2793.0,160180041.0,-64281.0
11040,2026-07-01,GW_storage_CA_SMUD_GW[AF],-2655.0,184580314.0,-66936.0
11041,2026-08-01,GW_storage_CA_SMUD_GW[AF],-2523.0,208538131.0,-69459.0
11042,2026-09-01,GW_storage_CA_SMUD_GW[AF],-2402.0,232132273.0,-71861.0
11043,2026-10-01,GW_storage_CA_SMUD_GW[AF],-2193.0,255250646.0,-74054.0
11044,2026-11-01,GW_storage_CA_SMUD_GW[AF],-2087.0,277908394.0,-76141.0
11045,2026-12-01,GW_storage_CA_SMUD_GW[AF],-1984.0,300103214.0,-78125.0
11046,2027-01-01,GW_storage_CA_SMUD_GW[AF],-1885.0,321847786.0,-80010.0
11047,2027-02-01,GW_storage_CA_SMUD_GW[AF],-1801.0,343199646.0,-81811.0
11048,2027-03-01,GW_storage_CA_SMUD_GW[AF],-1711.0,369620421.0,-83522.0
11049,2027-04-01,GW_storage_CA_SMUD_GW[AF],-1630.0,409179141.0,-85152.0
11050,2027-05-01,GW_storage_CA_SMUD_GW[AF],-1548.0,455970259.0,-86700.0
11051,2027-06-01,GW_storage_CA_SMUD_GW[AF],-1474.0,506103237.0,-88174.0
11052,2027-07-01,GW_storage_CA_SMUD_GW[AF],39275.0,558027240.0,-48899.0
11053,2027-08-01,GW_storage_CA_SMUD_GW[AF],37327.0,610747556.0,-11572.0
11054,2027-09-01,GW_storage_CA_SMUD_GW[AF],35899.0,662576568.0,24327.0
11055,2027-10-01,GW_storage_CA_SMUD_GW[AF],54207.0,713531026.0,78534.0
11056,2027-11-01,GW_storage_CA_SMUD_GW[AF],51605.0,763602436.0,130139.0
11057,2027-12-01,GW_storage_CA_SMUD_GW[AF],49046.0,812846873.0,179185.0
11058,2028-01-01,GW_storage_CA_SMUD_GW[AF],46612.0,861121911.0,225797.0
11059,2028-02-01,GW_storage_CA_SMUD_GW[AF],44450.0,908650771.0,270247.0
11060,2028-03-01,GW_storage_CA_SMUD_GW[AF],42246.0,959000163.0,312493.0
11061,2028-04-01,GW_storage_CA_SMUD_GW[AF],40218.0,1012039411.0,352711.0
11062,2028-05-01,GW_storage_CA_SMUD_GW[AF],38223.0,1068060916.0,390934.0
11063,2028-06-01,GW_storage_CA_SMUD_GW[AF],36388.0,1125203670.0,427322.0
11064,2028-07-01,GW_storage_CA_SMUD_GW[AF],35044.0,1183903968.0,462366.0
11065,2028-08-01,GW_storage_CA_SMUD_GW[AF],58816.0,1241633200.0,521182.0
11066,2028-09-01,GW_storage_CA_SMUD_GW[AF],91580.0,1298536546.0,612762.0
11067,2028-10-01,GW_storage_CA_SMUD_GW[AF],98997.0,1354465802.0,711759.0
11068,2028-11-01,GW_storage_CA_SMUD_GW[AF],120753.0,1409406877.0,832512.0
11069,2028-12-01,GW_storage_CA_SMUD_GW[AF],114764.0,1463330743.0,947276.0
11070,2029-01-01,GW_storage_CA_SMUD_GW[AF],109071.0,1516331973.0,1056347.0
11071,2029-02-01,GW_storage_CA_SMUD_GW[AF],104185.0,1568436361.0,1160532.0
11072,2029-03-01,GW_storage_CA_SMUD_GW[AF],99018.0,1622957905.0,1259550.0
11073,2029-04-01,GW_storage_CA_SMUD_GW[AF],94264.0,1679352962.0,1353814.0
11074,2029-05-01,GW_storage_CA_SMUD_GW[AF],89589.0,1742904338.0,1443403.0
11075,2029-06-01,GW_storage_CA_SMUD_GW[AF],127733.0,1807169538.0,1571136.0
11076,2029-07-01,GW_storage_CA_SMUD_GW[AF],121398.0,1872474684.0,1692534.0
11077,2029-08-01,GW_storage_CA_SMUD_GW[AF],115376.0,1936569687.0,1807910.0
11078,2029-09-01,GW_storage_CA_SMUD_GW[AF],109838.0,1999536921.0,1917748.0
11079,2029-10-01,GW_storage_CA_SMUD_GW[AF],104391.0,2061251234.0,2022139.0
11080,2029-11-01,GW_storage_CA_SMUD_GW[AF],99380.0,2121792309.0,2121519.0
11081,2029-12-01,GW_storage_CA_SMUD_GW[AF],94450.0,2181276298.0,2215969.0
11082,2030-01-01,GW_storage_CA_SMUD_GW[AF],89766.0,2239598911.0,2305735.0
11083,2030-02-01,GW_storage_CA_SMUD_GW[AF],85745.0,2296908282.0,2391480.0
11084,2030-03-01,GW_storage_CA_SMUD_GW[AF],81491.0,2353273149.0,2472971.0
11085,2030-04-01,GW_storage_CA_SMUD_GW[AF],77580.0,2408813513.0,2550551.0
11086,2030-05-01,GW_storage_CA_SMUD_GW[AF],73732.0,2463288321.0,2624283.0
11087,2030-06-01,GW_storage_CA_SMUD_GW[AF],70193.0,2519189259.0,2694476.0
11088,2030-07-01,GW_storage_CA_SMUD_GW[AF],66711.0,2574987711.0,2761187.0
11089,2030-08-01,GW_storage_CA_SMUD_GW[AF],63403.0,2629845780.0,2824590.0
11090,2030-09-01,GW_storage_CA_SMUD_GW[AF],60359.0,2683731630.0,2884949.0
11091,2030-10-01,GW_storage_CA_SMUD_GW[AF],78776.0,2736573135.0,2963725.0
11092,2030-11-01,GW_storage_CA_SMUD_GW[AF],103070.0,2788437015.0,3066795.0
11093,2030-12-01,GW_storage_CA_SMUD_GW[AF],103188.0,2839371858.0,3169983.0
11094,2031-01-01,GW_storage_CA_SMUD_GW[AF],98070.0,2889285425.0,3268053.0
11095,2031-02-01,GW_storage_CA_SMUD_GW[AF],93677.0,2938331300.0,3361730.0
11096,2031-03-01,GW_storage_CA_SMUD_GW[AF],89030.0,2986403207.0,3450760.0
11097,2031-04-01,GW_storage_CA_SMUD_GW[AF],84756.0,3034117058.0,3535516.0
11098,2031-05-01,GW_storage_CA_SMUD_GW[AF],80553.0,3081639947.0,3616069.0
11099,2031-06-01,GW_storage_CA_SMUD_GW[AF],76686.0,3128466639.0,3692755.0
11100,2031-07-01,GW_storage_CA_SMUD_GW[AF],72882.0,3175256040.0,3765637.0
11101,2031-08-01,GW_storage_CA_SMUD_GW[AF],70798.0,3221201089.0,3836435.0
11102,2031-09-01,GW_storage_CA_SMUD_GW[AF],74331.0,3266538806.0,3910766.0
11103,2031-10-01,GW_storage_CA_SMUD_GW[AF],70644.0,3311005126.0,3981410.0
11104,2031-11-01,GW_storage_CA_SMUD_GW[AF],67253.0,3354843436.0,4048663.0
11105,2031-12-01,GW_storage_CA_SMUD_GW[AF],63917.0,3397917039.0,4112580.0
11106,2032-01-01,GW_storage_CA_SMUD_GW[AF],60748.0,3440765830.0,4173328.0
11107,2032-02-01,GW_storage_CA_SMUD_GW[AF],57928.0,3500332884.0,4231256.0
11108,2032-03-01,GW_storage_CA_SMUD_GW[AF],55055.0,3570397039.0,4286311.0
11109,2032-04-01,GW_storage_CA_SMUD_GW[AF],52412.0,3645988541.0,4338723.0
11110,2032-05-01,GW_storage_CA_SMUD_GW[AF],49813.0,3723860841.0,4388536.0
11111,2032-06-01,GW_storage_CA_SMUD_GW[AF],47421.0,3803847465.0,4435957.0
11112,2032-07-01,GW_storage_CA_SMUD_GW[AF],45070.0,3884065220.0,4481027.0
11113,2032-08-01,GW_storage_CA_SMUD_GW[AF],85163.0,3963910669.0,4566190.0
11114,2032-09-01,GW_storage_CA_SMUD_GW[AF],122032.0,4042724779.0,4688222.0
11115,2032-10-01,GW_storage_CA_SMUD_GW[AF],154589.0,4120308321.0,4842811.0
11116,2032-11-01,GW_storage_CA_SMUD_GW[AF],179358.0,4196679403.0,5022169.0
11117,2032-12-01,GW_storage_CA_SMUD_GW[AF],204279.0,4271822754.0,5226448.0
11118,2033-01-01,GW_storage_CA_SMUD_GW[AF],194146.0,4345538492.0,5420594.0
11119,2033-02-01,GW_storage_CA_SMUD_GW[AF],185448.0,4423218301.0,5606042.0
11120,2033-03-01,GW_storage_CA_SMUD_GW[AF],176250.0,4505470297.0,5782292.0
11121,2033-04-01,GW_storage_CA_SMUD_GW[AF],167790.0,4590681136.0,5950082.0
11122,2033-05-01,GW_storage_CA_SMUD_GW[AF],159467.0,4675360581.0,6109549.0
11123,2033-06-01,GW_storage_CA_SMUD_GW[AF],151813.0,4760708398.0,6261362.0
11124,2033-07-01,GW_storage_CA_SMUD_GW[AF],187576.0,4846138178.0,6448938.0
11125,2033-08-01,GW_storage_CA_SMUD_GW[AF],221892.0,4931118427.0,6670830.0
11126,2033-09-01,GW_storage_CA_SMUD_GW[AF],211242.0,5014914731.0,6882072.0
11127,2033-10-01,GW_storage_CA_SMUD_GW[AF],237917.0,5097508172.0,7119989.0
11128,2033-11-01,GW_storage_CA_SMUD_GW[AF],226496.0,5178663669.0,7346485.0
11129,2033-12-01,GW_storage_CA_SMUD_GW[AF],215262.0,5258443309.0,7561747.0
11130,2034-01-01,GW_storage_CA_SMUD_GW[AF],204586.0,5339163828.0,7766333.0
11131,2034-02-01,GW_storage_CA_SMUD_GW[AF],228620.0,5418722190.0,7994953.0
11132,2034-03-01,GW_storage_CA_SMUD_GW[AF],254845.0,5500220744.0,8249798.0
11133,2034-04-01,GW_storage_CA_SMUD_GW[AF],242612.0,5584032903.0,8492410.0
11134,2034-05-01,GW_storage_CA_SMUD_GW[AF],230578.0,5676873319.0,8722988.0
11135,2034-06-01,GW_storage_CA_SMUD_GW[AF],262681.0,5773341236.0,8985669.0
11136,2034-07-01,GW_storage_CA_SMUD_GW[AF],249651.0,5871231225.0,9235320.0
11137,2034-08-01,GW_storage_CA_SMUD_GW[AF],263139.0,5968392389.0,9498459.0
11138,2034-09-01,GW_storage_CA_SMUD_GW[AF],288110.0,6064112138.0,9786569.0
11139,2034-10-01,GW_storage_CA_SMUD_GW[AF],312314.0,6158273690.0,10098883.0
11140,2034-11-01,GW_storage_CA_SMUD_GW[AF],333619.0,6251013792.0,10432502.0
11141,2034-12-01,GW_storage_CA_SMUD_GW[AF],349105.0,6342469856.0,10781607.0
11142,2035-01-01,GW_storage_CA_SMUD_GW[AF],364146.0,6432436397.0,11145753.0
11143,2035-02-01,GW_storage_CA_SMUD_GW[AF],347832.0,6520973109.0,11493585.0
11144,2035-03-01,GW_storage_CA_SMUD_GW[AF],330579.0,6608114132.0,11824164.0
11145,2035-04-01,GW_storage_CA_SMUD_GW[AF],348468.0,6694040771.0,12172632.0
11146,2035-05-01,GW_storage_CA_SMUD_GW[AF],331184.0,6778544504.0,12503816.0
11147,2035-06-01,GW_storage_CA_SMUD_GW[AF],359964.0,6863239534.0,12863780.0
11148,2035-07-01,GW_storage_CA_SMUD_GW[AF],342110.0,6947511289.0,13205890.0
11149,2035-08-01,GW_storage_CA_SMUD_GW[AF],325141.0,7030376153.0,13531031.0
11150,2035-09-01,GW_storage_CA_SMUD_GW[AF],315465.0,7112119087.0,13846496.0
11151,2035-10-01,GW_storage_CA_SMUD_GW[AF],337760.0,7192574428.0,14184256.0
11152,2035-11-01,GW_storage_CA_SMUD_GW[AF],354711.0,7271865334.0,14538967.0
11153,2035-12-01,GW_storage_CA_SMUD_GW[AF],369472.0,7350179909.0,14908439.0
11154,2036-01-01,GW_storage_CA_SMUD_GW[AF],351147.0,7427195979.0,15259586.0
11155,2036-02-01,GW_storage_CA_SMUD_GW[AF],334854.0,7503024891.0,15594440.0
11156,2036-03-01,GW_storage_CA_SMUD_GW[AF],318245.0,7577632108.0,15912685.0
11157,2036-04-01,GW_storage_CA_SMUD_GW[AF],302969.0,7651185144.0,16215654.0
11158,2036-05-01,GW_storage_CA_SMUD_GW[AF],287942.0,7724300240.0,16503596.0
11159,2036-06-01,GW_storage_CA_SMUD_GW[AF],318441.0,7796353708.0,16822037.0
11160,2036-07-01,GW_storage_CA_SMUD_GW[AF],302646.0,7867314948.0,17124683.0
11161,2036-08-01,GW_storage_CA_SMUD_GW[AF],287635.0,7937241278.0,17412318.0
11162,2036-09-01,GW_storage_CA_SMUD_GW[AF],273829.0,8006295323.0,17686147.0
11163,2036-10-01,GW_storage_CA_SMUD_GW[AF],260247.0,8074305646.0,17946394.0
11164,2036-11-01,GW_storage_CA_SMUD_GW[AF],253092.0,8141376577.0,18199486.0
11165,2036-12-01,GW_storage_CA_SMUD_GW[AF],240538.0,8207644541.0,18440024.0
11166,2037-01-01,GW_storage_CA_SMUD_GW[AF],261613.0,8273161410.0,18701637.0
11167,2037-02-01,GW_storage_CA_SMUD_GW[AF],249892.0,8337733681.0,18951529.0
11168,2037-03-01,GW_storage_CA_SMUD_GW[AF],237498.0,8401237350.0,19189027.0
11169,2037-04-01,GW_storage_CA_SMUD_GW[AF],226098.0,8463716442.0,19415125.0
11170,2037-05-01,GW_storage_CA_SMUD_GW[AF],214884.0,8525229166.0,19630009.0
11171,2037-06-01,GW_storage_CA_SMUD_GW[AF],215810.0,8585780498.0,19845819.0
11172,2037-07-01,GW_storage_CA_SMUD_GW[AF],205106.0,8645518277.0,20050925.0
11173,2037-08-01,GW_storage_CA_SMUD_GW[AF],194933.0,8704580765.0,20245858.0
11174,2037-09-01,GW_storage_CA_SMUD_GW[AF],185576.0,8763159684.0,20431434.0
11175,2037-10-01,GW_storage_CA_SMUD_GW[AF],176371.0,8821181815.0,20607805.0
11176,2037-11-01,GW_storage_CA_SMUD_GW[AF],176683.0,8878677095.0,20784488.0
11177,2037-12-01,GW_storage_CA_SMUD_GW[AF],167920.0,8935618642.0,20952408.0
11178,2038-01-01,GW_storage_CA_SMUD_GW[AF],159591.0,8991690289.0,21111999.0
11179,2038-02-01,GW_storage_CA_SMUD_GW[AF],152441.0,9049081585.0,21264440.0
11180,2038-03-01,GW_storage_CA_SMUD_GW[AF],144880.0,9108044798.0,21409320.0
11181,2038-04-01,GW_storage_CA_SMUD_GW[AF],137926.0,9168794933.0,21547246.0
11182,2038-05-01,GW_storage_CA_SMUD_GW[AF],131085.0,9229969082.0,21678331.0
11183,2038-06-01,GW_storage_CA_SMUD_GW[AF],124793.0,9290494843.0,21803124.0
11184,2038-07-01,GW_storage_CA_SMUD_GW[AF],118603.0,9350294408.0,21921727.0
11185,2038-08-01,GW_storage_CA_SMUD_GW[AF],112721.0,9409318940.0,22034448.0
11186,2038-09-01,GW_storage_CA_SMUD_GW[AF],107309.0,9467673979.0,22141757.0
11187,2038-10-01,GW_storage_CA_SMUD_GW[AF],101987.0,9525253636.0,22243744.0
11188,2038-11-01,GW_storage_CA_SMUD_GW[AF],97092.0,9582098472.0,22340836.0
11189,2038-12-01,GW_storage_CA_SMUD_GW[AF],92276.0,9638248766.0,22433112.0
11190,2039-01-01,GW_storage_CA_SMUD_GW[AF],87699.0,9693650977.0,22520811.0
11191,2039-02-01,GW_storage_CA_SMUD_GW[AF],83771.0,9750458830.0,22604582.0
11192,2039-03-01,GW_storage_CA_SMUD_GW[AF],79615.0,9809156458.0,22684197.0
11193,2039-04-01,GW_storage_CA_SMUD_GW[AF],75794.0,9868559467.0,22759991.0
11194,2039-05-01,GW_storage_CA_SMUD_GW[AF],72034.0,9927385773.0,22832025.0
11195,2039-06-01,GW_storage_CA_SMUD_GW[AF],68577.0,9986965256.0,22900602.0
11196,2039-07-01,GW_storage_CA_SMUD_GW[AF],65175.0,10046475029.0,22965777.0
11197,2039-08-01,GW_storage_CA_SMUD_GW[AF],61943.0,10105238592.0,23027720.0
11198,2039-09-01,GW_storage_CA_SMUD_GW[AF],95163.0,10163363477.0,23122883.0
11199,2039-10-01,GW_storage_CA_SMUD_GW[AF],128833.0,10220781260.0,23251716.0
11200,2039-11-01,GW_storage_CA_SMUD_GW[AF],122649.0,10277373162.0,23374365.0
11201,2039-12-01,GW_storage_CA_SMUD_GW[AF],135872.0,10333185165.0,23510237.0
11202,2040-01-01,GW_storage_CA_SMUD_GW[AF],129132.0,10388289039.0,23639369.0
11203,2040-02-01,GW_storage_CA_SMUD_GW[AF],123140.0,10442633493.0,23762509.0
11204,2040-03-01,GW_storage_CA_SMUD_GW[AF],117033.0,10496196844.0,23879542.0
11205,2040-04-01,GW_storage_CA_SMUD_GW[AF],111416.0,10549040409.0,23990958.0
11206,2040-05-01,GW_storage_CA_SMUD_GW[AF],105889.0,10601395194.0,24096847.0
11207,2040-06-01,GW_storage_CA_SMUD_GW[AF],100806.0,10653107949.0,24197653.0
11208,2040-07-01,GW_storage_CA_SMUD_GW[AF],95807.0,10704171007.0,24293460.0
11209,2040-08-01,GW_storage_CA_SMUD_GW[AF],91055.0,10754605305.0,24384515.0
11210,2040-09-01,GW_storage_CA_SMUD_GW[AF],99699.0,10804445973.0,24484214.0
11211,2040-10-01,GW_storage_CA_SMUD_GW[AF],94753.0,10853648570.0,24578967.0
11212,2040-11-01,GW_storage_CA_SMUD_GW[AF],125061.0,10902484914.0,24704028.0
11213,2040-12-01,GW_storage_CA_SMUD_GW[AF],118858.0,10950730644.0,24822886.0
11214,2041-01-01,GW_storage_CA_SMUD_GW[AF],112963.0,10998281298.0,24935849.0
11215,2041-02-01,GW_storage_CA_SMUD_GW[AF],107902.0,11047818234.0,25043751.0
11216,2041-03-01,GW_storage_CA_SMUD_GW[AF],102550.0,11099139984.0,25146301.0
11217,2041-04-01,GW_storage_CA_SMUD_GW[AF],97628.0,11151170281.0,25243929.0
11218,2041-05-01,GW_storage_CA_SMUD_GW[AF],92785.0,11202540882.0,25336714.0
11219,2041-06-01,GW_storage_CA_SMUD_GW[AF],88332.0,11253584926.0,25425046.0
11220,2041-07-01,GW_storage_CA_SMUD_GW[AF],83950.0,11304087287.0,25508996.0
11221,2041-08-01,GW_storage_CA_SMUD_GW[AF],123006.0,11354085428.0,25632002.0
11222,2041-09-01,GW_storage_CA_SMUD_GW[AF],155974.0,11403615397.0,25787976.0
11223,2041-10-01,GW_storage_CA_SMUD_GW[AF],188482.0,11452671944.0,25976458.0
11224,2041-11-01,GW_storage_CA_SMUD_GW[AF],214639.0,11501212889.0,26191097.0
11225,2041-12-01,GW_storage_CA_SMUD_GW[AF],203993.0,11549056939.0,26395090.0
11226,2042-01-01,GW_storage_CA_SMUD_GW[AF],193875.0,11596204581.0,26588965.0
11227,2042-02-01,GW_storage_CA_SMUD_GW[AF],185189.0,11642935334.0,26774154.0
11228,2042-03-01,GW_storage_CA_SMUD_GW[AF],176003.0,11689092595.0,26950157.0
11229,2042-04-01,GW_storage_CA_SMUD_GW[AF],167556.0,11735022869.0,27117713.0
11230,2042-05-01,GW_storage_CA_SMUD_GW[AF],159245.0,11780876718.0,27276958.0
11231,2042-06-01,GW_storage_CA_SMUD_GW[AF],151601.0,11826092725.0,27428559.0
11232,2042-07-01,GW_storage_CA_SMUD_GW[AF],189893.0,11871546727.0,27618452.0
11233,2042-08-01,GW_storage_CA_SMUD_GW[AF],227174.0,11916431990.0,27845626.0
11234,2042-09-01,GW_storage_CA_SMUD_GW[AF],225857.0,11960791410.0,28071483.0
11235,2042-10-01,GW_storage_CA_SMUD_GW[AF],256156.0,12004660184.0,28327639.0
11236,2042-11-01,GW_storage_CA_SMUD_GW[AF],279416.0,12048130811.0,28607055.0
11237,2042-12-01,GW_storage_CA_SMUD_GW[AF],265557.0,12091062837.0,28872612.0
11238,2043-01-01,GW_storage_CA_SMUD_GW[AF],252386.0,12133444088.0,29124998.0
11239,2043-02-01,GW_storage_CA_SMUD_GW[AF],241079.0,12175363925.0,29366077.0
11240,2043-03-01,GW_storage_CA_SMUD_GW[AF],229122.0,12216725340.0,29595199.0
11241,2043-04-01,GW_storage_CA_SMUD_GW[AF],218124.0,12257666079.0,29813323.0
11242,2043-05-01,GW_storage_CA_SMUD_GW[AF],207304.0,12298078753.0,30020627.0
11243,2043-06-01,GW_storage_CA_SMUD_GW[AF],197354.0,12338040338.0,30217981.0
11244,2043-07-01,GW_storage_CA_SMUD_GW[AF],187565.0,12377535688.0,30405546.0
11245,2043-08-01,GW_storage_CA_SMUD_GW[AF],178262.0,12416568319.0,30583808.0
11246,2043-09-01,GW_storage_CA_SMUD_GW[AF],169705.0,12455234071.0,30753513.0
11247,2043-10-01,GW_storage_CA_SMUD_GW[AF],182054.0,12493493716.0,30935567.0
11248,2043-11-01,GW_storage_CA_SMUD_GW[AF],173316.0,12531340494.0,31108883.0
11249,2043-12-01,GW_storage_CA_SMUD_GW[AF],164719.0,12568703212.0,31273602.0
11250,2044-01-01,GW_storage_CA_SMUD_GW[AF],156549.0,12605614127.0,31430151.0
11251,2044-02-01,GW_storage_CA_SMUD_GW[AF],149285.0,12642100391.0,31579436.0
11252,2044-03-01,GW_storage_CA_SMUD_GW[AF],141881.0,12678094207.0,31721317.0
11253,2044-04-01,GW_storage_CA_SMUD_GW[AF],135071.0,12715489683.0,31856388.0
11254,2044-05-01,GW_storage_CA_SMUD_GW[AF],128371.0,12757376464.0,31984759.0
11255,2044-06-01,GW_storage_CA_SMUD_GW[AF],122209.0,12798680033.0,32106968.0
11256,2044-07-01,GW_storage_CA_SMUD_GW[AF],116148.0,12840178366.0,32223116.0
11257,2044-08-01,GW_storage_CA_SMUD_GW[AF],110386.0,12881238666.0,32333502.0
11258,2044-09-01,GW_storage_CA_SMUD_GW[AF],122770.0,12921922929.0,32456272.0
11259,2044-10-01,GW_storage_CA_SMUD_GW[AF],116684.0,12962137170.0,32572956.0
11260,2044-11-01,GW_storage_CA_SMUD_GW[AF],111144.0,13001917872.0,32684100.0
11261,2044-12-01,GW_storage_CA_SMUD_GW[AF],105632.0,13041192913.0,32789732.0
11262,2045-01-01,GW_storage_CA_SMUD_GW[AF],100393.0,13079996277.0,32890125.0
11263,2045-02-01,GW_storage_CA_SMUD_GW[AF],95895.0,13119222084.0,32986020.0
11264,2045-03-01,GW_storage_CA_SMUD_GW[AF],91138.0,13158364150.0,33077158.0
11265,2045-04-01,GW_storage_CA_SMUD_GW[AF],86764.0,13198157185.0,33163922.0
11266,2045-05-01,GW_storage_CA_SMUD_GW[AF],82460.0,13237869018.0,33246382.0
11267,2045-06-01,GW_storage_CA_SMUD_GW[AF],78502.0,13278774379.0,33324884.0
11268,2045-07-01,GW_storage_CA_SMUD_GW[AF],106652.0,13324244062.0,33431536.0
11269,2045-08-01,GW_storage_CA_SMUD_GW[AF],101363.0,13372386542.0,33532899.0
11270,2045-09-01,GW_storage_CA_SMUD_GW[AF],96497.0,13419876881.0,33629396.0
11271,2045-10-01,GW_storage_CA_SMUD_GW[AF],91711.0,13466818785.0,33721107.0
11272,2045-11-01,GW_storage_CA_SMUD_GW[AF],87309.0,13513160105.0,33808416.0
11273,2045-12-01,GW_storage_CA_SMUD_GW[AF],82978.0,13560745919.0,33891394.0
11274,2046-01-01,GW_storage_CA_SMUD_GW[AF],78863.0,13615290772.0,33970257.0
11275,2046-02-01,GW_storage_CA_SMUD_GW[AF],75330.0,13677811710.0,34045587.0
11276,2046-03-01,GW_storage_CA_SMUD_GW[AF],71593.0,13748607831.0,34117180.0
11277,2046-04-01,GW_storage_CA_SMUD_GW[AF],68156.0,13826873589.0,34185336.0
11278,2046-05-01,GW_storage_CA_SMUD_GW[AF],64776.0,13907944967.0,34250112.0
11279,2046-06-01,GW_storage_CA_SMUD_GW[AF],61667.0,13989979852.0,34311779.0
11280,2046-07-01,GW_storage_CA_SMUD_GW[AF],58608.0,14071604903.0,34370387.0
11281,2046-08-01,GW_storage_CA_SMUD_GW[AF],55701.0,14152131683.0,34426088.0
11282,2046-09-01,GW_storage_CA_SMUD_GW[AF],53027.0,14231617714.0,34479115.0
11283,2046-10-01,GW_storage_CA_SMUD_GW[AF],50397.0,14310005025.0,34529512.0
11284,2046-11-01,GW_storage_CA_SMUD_GW[AF],47979.0,14387273527.0,34577491.0
11285,2046-12-01,GW_storage_CA_SMUD_GW[AF],45599.0,14463437376.0,34623090.0
11286,2047-01-01,GW_storage_CA_SMUD_GW[AF],43337.0,14538457981.0,34666427.0
11287,2047-02-01,GW_storage_CA_SMUD_GW[AF],41395.0,14612508014.0,34707822.0
11288,2047-03-01,GW_storage_CA_SMUD_GW[AF],39343.0,14685452283.0,34747165.0
11289,2047-04-01,GW_storage_CA_SMUD_GW[AF],37453.0,14764472816.0,34784618.0
11290,2047-05-01,GW_storage_CA_SMUD_GW[AF],35596.0,14860897341.0,34820214.0
11291,2047-06-01,GW_storage_CA_SMUD_GW[AF],33887.0,14972506362.0,34854101.0
11292,2047-07-01,GW_storage_CA_SMUD_GW[AF],32206.0,15088231692.0,34886307.0
11293,2047-08-01,GW_storage_CA_SMUD_GW[AF],30609.0,15203332934.0,34916916.0
11294,2047-09-01,GW_storage_CA_SMUD_GW[AF],46140.0,15317492289.0,34963056.0
11295,2047-10-01,GW_storage_CA_SMUD_GW[AF],70599.0,15430042333.0,35033655.0
11296,2047-11-01,GW_storage_CA_SMUD_GW[AF],96007.0,15542831934.0,35129662.0
11297,2047-12-01,GW_storage_CA_SMUD_GW[AF],91245.0,15653870877.0,35220907.0
11298,2048-01-01,GW_storage_CA_SMUD_GW[AF],86720.0,15763169397.0,35307627.0
11299,2048-02-01,GW_storage_CA_SMUD_GW[AF],82696.0,15872138297.0,35390323.0
11300,2048-03-01,GW_storage_CA_SMUD_GW[AF],78594.0,15987897138.0,35468917.0
11301,2048-04-01,GW_storage_CA_SMUD_GW[AF],74822.0,16106751114.0,35543739.0
11302,2048-05-01,GW_storage_CA_SMUD_GW[AF],71111.0,16226738594.0,35614850.0
11303,2048-06-01,GW_storage_CA_SMUD_GW[AF],67697.0,16346930466.0,35682547.0
11304,2048-07-01,GW_storage_CA_SMUD_GW[AF],108536.0,16466203172.0,35791083.0
11305,2048-08-01,GW_storage_CA_SMUD_GW[AF],142830.0,16583670765.0,35933913.0
11306,2048-09-01,GW_storage_CA_SMUD_GW[AF],174057.0,16699553017.0,36107970.0
11307,2048-10-01,GW_storage_CA_SMUD_GW[AF],200010.0,16813788962.0,36307980.0
11308,2048-11-01,GW_storage_CA_SMUD_GW[AF],190411.0,16926416472.0,36498391.0
11309,2048-12-01,GW_storage_CA_SMUD_GW[AF],180966.0,17038918116.0,36679357.0
11310,2049-01-01,GW_storage_CA_SMUD_GW[AF],171990.0,17150214903.0,36851347.0
11311,2049-02-01,GW_storage_CA_SMUD_GW[AF],164284.0,17259849423.0,37015631.0
11312,2049-03-01,GW_storage_CA_SMUD_GW[AF],156136.0,17374140295.0,37171767.0
11313,2049-04-01,GW_storage_CA_SMUD_GW[AF],148642.0,17496980626.0,37320409.0
11314,2049-05-01,GW_storage_CA_SMUD_GW[AF],141269.0,17623520262.0,37461678.0
11315,2049-06-01,GW_storage_CA_SMUD_GW[AF],134489.0,17749882278.0,37596167.0
11316,2049-07-01,GW_storage_CA_SMUD_GW[AF],173248.0,17875311834.0,37769415.0
11317,2049-08-01,GW_storage_CA_SMUD_GW[AF],214133.0,17998950915.0,37983548.0
11318,2049-09-01,GW_storage_CA_SMUD_GW[AF],230526.0,18120987592.0,38214074.0
11319,2049-10-01,GW_storage_CA_SMUD_GW[AF],261170.0,18241422265.0,38475244.0
11320,2049-11-01,GW_storage_CA_SMUD_GW[AF],265100.0,18360102830.0,38740344.0
11321,2049-12-01,GW_storage_CA_SMUD_GW[AF],268940.0,18476910369.0,39009284.0
11322,2050-01-01,GW_storage_CA_SMUD_GW[AF],255601.0,18591916831.0,39264885.0
11323,2050-02-01,GW_storage_CA_SMUD_GW[AF],244150.0,18705272956.0,39509035.0
11324,2050-03-01,GW_storage_CA_SMUD_GW[AF],232040.0,18821028859.0,39741075.0
11325,2050-04-01,GW_storage_CA_SMUD_GW[AF],220902.0,18940506995.0,39961977.0
11326,2050-05-01,GW_storage_CA_SMUD_GW[AF],209945.0,19059600483.0,40171922.0
11327,2050-06-01,GW_storage_CA_SMUD_GW[AF],199868.0,19178428021.0,40371790.0
11328,2050-07-01,GW_storage_CA_SMUD_GW[AF],240540.0,19296435077.0,40612330.0
11329,2050-08-01,GW_storage_CA_SMUD_GW[AF],278671.0,19412834260.0,40891001.0
11330,2050-09-01,GW_storage_CA_SMUD_GW[AF],308773.0,19527808893.0,41199774.0
11331,2050-10-01,GW_storage_CA_SMUD_GW[AF],332975.0,19641173895.0,41532749.0
11332,2050-11-01,GW_storage_CA_SMUD_GW[AF],316992.0,19752769080.0,41849741.0
11333,2050-12-01,GW_storage_CA_SMUD_GW[AF],301269.0,19862611454.0,42151010.0
11334,2051-01-01,GW_storage_CA_SMUD_GW[AF],286327.0,19970764786.0,42437337.0
11335,2051-02-01,GW_storage_CA_SMUD_GW[AF],273500.0,20077395432.0,42710837.0
11336,2051-03-01,GW_storage_CA_SMUD_GW[AF],259934.0,20182370827.0,42970771.0
11337,2051-04-01,GW_storage_CA_SMUD_GW[AF],247456.0,20291580463.0,43218227.0
11338,2051-05-01,GW_storage_CA_SMUD_GW[AF],235183.0,20400038326.0,43453410.0
11339,2051-06-01,GW_storage_CA_SMUD_GW[AF],223894.0,20508257786.0,43677304.0
11340,2051-07-01,GW_storage_CA_SMUD_GW[AF],262960.0,20615875318.0,43940264.0
11341,2051-08-01,GW_storage_CA_SMUD_GW[AF],296746.0,20722198437.0,44237010.0
11342,2051-09-01,GW_storage_CA_SMUD_GW[AF],316886.0,20827038775.0,44553896.0
11343,2051-10-01,GW_storage_CA_SMUD_GW[AF],346563.0,20930437548.0,44900459.0
11344,2051-11-01,GW_storage_CA_SMUD_GW[AF],350365.0,21032468769.0,45250824.0
11345,2051-12-01,GW_storage_CA_SMUD_GW[AF],332987.0,21133705710.0,45583811.0
11346,2052-01-01,GW_storage_CA_SMUD_GW[AF],316471.0,21233433839.0,45900282.0
11347,2052-02-01,GW_storage_CA_SMUD_GW[AF],301786.0,21331717041.0,46202068.0
11348,2052-03-01,GW_storage_CA_SMUD_GW[AF],286818.0,21429607427.0,46488886.0
11349,2052-04-01,GW_storage_CA_SMUD_GW[AF],273050.0,21527851494.0,46761936.0
11350,2052-05-01,GW_storage_CA_SMUD_GW[AF],259507.0,21624977785.0,47021443.0
11351,2052-06-01,GW_storage_CA_SMUD_GW[AF],247050.0,21720857498.0,47268493.0
11352,2052-07-01,GW_storage_CA_SMUD_GW[AF],263455.0,21815421513.0,47531948.0
11353,2052-08-01,GW_storage_CA_SMUD_GW[AF],287658.0,21908765850.0,47819606.0
11354,2052-09-01,GW_storage_CA_SMUD_GW[AF],322794.0,22001026854.0,48142400.0
11355,2052-10-01,GW_storage_CA_SMUD_GW[AF],349978.0,22092179195.0,48492378.0
11356,2052-11-01,GW_storage_CA_SMUD_GW[AF],333180.0,22182158688.0,48825558.0
11357,2052-12-01,GW_storage_CA_SMUD_GW[AF],316654.0,22270990851.0,49142212.0
11358,2053-01-01,GW_storage_CA_SMUD_GW[AF],300948.0,22358572318.0,49443160.0
11359,2053-02-01,GW_storage_CA_SMUD_GW[AF],287465.0,22445234888.0,49730625.0
11360,2053-03-01,GW_storage_CA_SMUD_GW[AF],273207.0,22531338210.0,50003832.0
11361,2053-04-01,GW_storage_CA_SMUD_GW[AF],260093.0,22618197854.0,50263925.0
11362,2053-05-01,GW_storage_CA_SMUD_GW[AF],247193.0,22705000235.0,50511118.0
11363,2053-06-01,GW_storage_CA_SMUD_GW[AF],235327.0,22792005107.0,50746445.0
11364,2053-07-01,GW_storage_CA_SMUD_GW[AF],223655.0,22878611714.0,50970100.0
11365,2053-08-01,GW_storage_CA_SMUD_GW[AF],212562.0,22964123789.0,51182662.0
11366,2053-09-01,GW_storage_CA_SMUD_GW[AF],203036.0,23048536524.0,51385698.0
11367,2053-10-01,GW_storage_CA_SMUD_GW[AF],192965.0,23131866519.0,51578663.0
11368,2053-11-01,GW_storage_CA_SMUD_GW[AF],224659.0,23214276747.0,51803322.0
11369,2053-12-01,GW_storage_CA_SMUD_GW[AF],213516.0,23295578937.0,52016838.0
11370,2054-01-01,GW_storage_CA_SMUD_GW[AF],202926.0,23375761806.0,52219764.0
11371,2054-02-01,GW_storage_CA_SMUD_GW[AF],193835.0,23454991045.0,52413599.0
11372,2054-03-01,GW_storage_CA_SMUD_GW[AF],184220.0,23533194281.0,52597819.0
11373,2054-04-01,GW_storage_CA_SMUD_GW[AF],175378.0,23610840643.0,52773197.0
11374,2054-05-01,GW_storage_CA_SMUD_GW[AF],166679.0,23687968757.0,52939876.0
11375,2054-06-01,GW_storage_CA_SMUD_GW[AF],158678.0,23764134532.0,53098554.0
11376,2054-07-01,GW_storage_CA_SMUD_GW[AF],150808.0,23839346953.0,53249362.0
11377,2054-08-01,GW_storage_CA_SMUD_GW[AF],143328.0,23913680649.0,53392690.0
11378,2054-09-01,GW_storage_CA_SMUD_GW[AF],179494.0,23987275722.0,53572184.0
11379,2054-10-01,GW_storage_CA_SMUD_GW[AF],196244.0,24060063673.0,53768428.0
11380,2054-11-01,GW_storage_CA_SMUD_GW[AF],186825.0,24132040073.0,53955253.0
11381,2054-12-01,GW_storage_CA_SMUD_GW[AF],177558.0,24203075252.0,54132811.0
11382,2055-01-01,GW_storage_CA_SMUD_GW[AF],168752.0,24273232069.0,54301563.0
11383,2055-02-01,GW_storage_CA_SMUD_GW[AF],161192.0,24346983422.0,54462755.0
11384,2055-03-01,GW_storage_CA_SMUD_GW[AF],153197.0,24429418525.0,54615952.0
11385,2055-04-01,GW_storage_CA_SMUD_GW[AF],145843.0,24519974284.0,54761795.0
11386,2055-05-01,GW_storage_CA_SMUD_GW[AF],138609.0,24612887460.0,54900404.0
11387,2055-06-01,GW_storage_CA_SMUD_GW[AF],131956.0,24705731755.0,55032360.0
11388,2055-07-01,GW_storage_CA_SMUD_GW[AF],175153.0,24797561549.0,55207513.0
11389,2055-08-01,GW_storage_CA_SMUD_GW[AF],212444.0,24888417864.0,55419957.0
11390,2055-09-01,GW_storage_CA_SMUD_GW[AF],248998.0,24978247446.0,55668955.0
11391,2055-10-01,GW_storage_CA_SMUD_GW[AF],283402.0,25067037402.0,55952357.0
11392,2055-11-01,GW_storage_CA_SMUD_GW[AF],269799.0,25154620871.0,56222156.0
11393,2055-12-01,GW_storage_CA_SMUD_GW[AF],256417.0,25240958786.0,56478573.0
11394,2056-01-01,GW_storage_CA_SMUD_GW[AF],243699.0,25326085001.0,56722272.0
11395,2056-02-01,GW_storage_CA_SMUD_GW[AF],232391.0,25410115783.0,56954663.0
11396,2056-03-01,GW_storage_CA_SMUD_GW[AF],220865.0,25493046199.0,57175528.0
11397,2056-04-01,GW_storage_CA_SMUD_GW[AF],210263.0,25579867650.0,57385791.0
11398,2056-05-01,GW_storage_CA_SMUD_GW[AF],199834.0,25665994452.0,57585625.0
11399,2056-06-01,GW_storage_CA_SMUD_GW[AF],190242.0,25751014051.0,57775867.0
11400,2056-07-01,GW_storage_CA_SMUD_GW[AF],180805.0,25834999057.0,57956672.0
11401,2056-08-01,GW_storage_CA_SMUD_GW[AF],171838.0,25918012980.0,58128510.0
11402,2056-09-01,GW_storage_CA_SMUD_GW[AF],212248.0,26000006720.0,58340758.0
11403,2056-10-01,GW_storage_CA_SMUD_GW[AF],201720.0,26080893812.0,58542478.0
11404,2056-11-01,GW_storage_CA_SMUD_GW[AF],192038.0,26160908259.0,58734516.0
11405,2056-12-01,GW_storage_CA_SMUD_GW[AF],192780.0,26240212456.0,58927296.0
11406,2057-01-01,GW_storage_CA_SMUD_GW[AF],183218.0,26318587848.0,59110514.0
11407,2057-02-01,GW_storage_CA_SMUD_GW[AF],175009.0,26395985372.0,59285523.0
11408,2057-03-01,GW_storage_CA_SMUD_GW[AF],166329.0,26472734266.0,59451852.0
11409,2057-04-01,GW_storage_CA_SMUD_GW[AF],158345.0,26556295278.0,59610197.0
11410,2057-05-01,GW_storage_CA_SMUD_GW[AF],150491.0,26638790503.0,59760688.0
11411,2057-06-01,GW_storage_CA_SMUD_GW[AF],143268.0,26720263696.0,59903956.0
11412,2057-07-01,GW_storage_CA_SMUD_GW[AF],136162.0,26800720453.0,60040118.0
11413,2057-08-01,GW_storage_CA_SMUD_GW[AF],129408.0,26880212595.0,60169526.0
11414,2057-09-01,GW_storage_CA_SMUD_GW[AF],144171.0,26958875022.0,60313697.0
11415,2057-10-01,GW_storage_CA_SMUD_GW[AF],137432.0,27036568588.0,60451129.0
11416,2057-11-01,GW_storage_CA_SMUD_GW[AF],130835.0,27113396201.0,60581964.0
11417,2057-12-01,GW_storage_CA_SMUD_GW[AF],124346.0,27189264327.0,60706310.0
11418,2058-01-01,GW_storage_CA_SMUD_GW[AF],118178.0,27264124633.0,60824488.0
11419,2058-02-01,GW_storage_CA_SMUD_GW[AF],112884.0,27348265847.0,60937372.0
11420,2058-03-01,GW_storage_CA_SMUD_GW[AF],107284.0,27440889382.0,61044656.0
11421,2058-04-01,GW_storage_CA_SMUD_GW[AF],102135.0,27539133274.0,61146791.0
11422,2058-05-01,GW_storage_CA_SMUD_GW[AF],97069.0,27639449314.0,61243860.0
11423,2058-06-01,GW_storage_CA_SMUD_GW[AF],92410.0,27738779306.0,61336270.0
11424,2058-07-01,GW_storage_CA_SMUD_GW[AF],136777.0,27837531793.0,61473047.0
11425,2058-08-01,GW_storage_CA_SMUD_GW[AF],183031.0,27935280444.0,61656078.0
11426,2058-09-01,GW_storage_CA_SMUD_GW[AF],224022.0,28031862865.0,61880100.0
11427,2058-10-01,GW_storage_CA_SMUD_GW[AF],260145.0,28127260463.0,62140245.0
11428,2058-11-01,GW_storage_CA_SMUD_GW[AF],247658.0,28221366217.0,62387903.0
11429,2058-12-01,GW_storage_CA_SMUD_GW[AF],235374.0,28314157055.0,62623277.0
11430,2059-01-01,GW_storage_CA_SMUD_GW[AF],223699.0,28405540773.0,62846976.0
11431,2059-02-01,GW_storage_CA_SMUD_GW[AF],213678.0,28502067677.0,63060654.0
11432,2059-03-01,GW_storage_CA_SMUD_GW[AF],203079.0,28605457246.0,63263733.0
11433,2059-04-01,GW_storage_CA_SMUD_GW[AF],193331.0,28717814838.0,63457064.0
11434,2059-05-01,GW_storage_CA_SMUD_GW[AF],183743.0,28830913147.0,63640807.0
11435,2059-06-01,GW_storage_CA_SMUD_GW[AF],174922.0,28943770190.0,63815729.0
11436,2059-07-01,GW_storage_CA_SMUD_GW[AF],220841.0,29055182582.0,64036570.0
11437,2059-08-01,GW_storage_CA_SMUD_GW[AF],264194.0,29165160032.0,64300764.0
11438,2059-09-01,GW_storage_CA_SMUD_GW[AF],282836.0,29273920291.0,64583600.0
11439,2059-10-01,GW_storage_CA_SMUD_GW[AF],317654.0,29381402010.0,64901254.0
11440,2059-11-01,GW_storage_CA_SMUD_GW[AF],302407.0,29487451547.0,65203661.0
11441,2059-12-01,GW_storage_CA_SMUD_GW[AF],287408.0,29592083281.0,65491069.0
11442,2060-01-01,GW_storage_CA_SMUD_GW[AF],273152.0,29695071869.0,65764221.0
11443,2060-02-01,GW_storage_CA_SMUD_GW[AF],260477.0,29797999369.0,66024698.0
11444,2060-03-01,GW_storage_CA_SMUD_GW[AF],247558.0,29907235449.0,66272256.0
11445,2060-04-01,GW_storage_CA_SMUD_GW[AF],235675.0,30022282651.0,66507931.0
11446,2060-05-01,GW_storage_CA_SMUD_GW[AF],223986.0,30138204137.0,66731917.0
11447,2060-06-01,GW_storage_CA_SMUD_GW[AF],213234.0,30253989194.0,66945151.0
11448,2060-07-01,GW_storage_CA_SMUD_GW[AF],202658.0,30369445165.0,67147809.0
11449,2060-08-01,GW_storage_CA_SMUD_GW[AF],204530.0,30483354195.0,67352339.0
11450,2060-09-01,GW_storage_CA_SMUD_GW[AF],194713.0,30595912136.0,67547052.0
11451,2060-10-01,GW_storage_CA_SMUD_GW[AF],216023.0,30707058453.0,67763075.0
11452,2060-11-01,GW_storage_CA_SMUD_GW[AF],205654.0,30816686913.0,67968729.0
11453,2060-12-01,GW_storage_CA_SMUD_GW[AF],195454.0,30924630927.0,68164183.0
11454,2061-01-01,GW_storage_CA_SMUD_GW[AF],185759.0,31038058188.0,68349942.0
11455,2061-02-01,GW_storage_CA_SMUD_GW[AF],177437.0,31163247262.0,68527379.0
11456,2061-03-01,GW_storage_CA_SMUD_GW[AF],168636.0,31301926464.0,68696015.0
11457,2061-04-01,GW_storage_CA_SMUD_GW[AF],160542.0,31460043743.0,68856557.0
11458,2061-05-01,GW_storage_CA_SMUD_GW[AF],152579.0,31621719240.0,69009136.0
11459,2061-06-01,GW_storage_CA_SMUD_GW[AF],145255.0,31781944019.0,69154391.0
11460,2061-07-01,GW_storage_CA_SMUD_GW[AF],192746.0,31940594248.0,69347137.0
11461,2061-08-01,GW_storage_CA_SMUD_GW[AF],224861.0,32097666692.0,69571998.0
11462,2061-09-01,GW_storage_CA_SMUD_GW[AF],266394.0,32253244922.0,69838392.0
11463,2061-10-01,GW_storage_CA_SMUD_GW[AF],302193.0,32407132898.0,70140585.0
11464,2061-11-01,GW_storage_CA_SMUD_GW[AF],287688.0,32559108380.0,70428273.0
11465,2061-12-01,GW_storage_CA_SMUD_GW[AF],273419.0,32709321481.0,70701692.0
11466,2062-01-01,GW_storage_CA_SMUD_GW[AF],259858.0,32858735378.0,70961550.0
11467,2062-02-01,GW_storage_CA_SMUD_GW[AF],248216.0,33022044851.0,71209766.0
11468,2062-03-01,GW_storage_CA_SMUD_GW[AF],235905.0,33198837130.0,71445671.0
11469,2062-04-01,GW_storage_CA_SMUD_GW[AF],224581.0,33390837210.0,71670252.0
11470,2062-05-01,GW_storage_CA_SMUD_GW[AF],213442.0,33584259641.0,71883694.0
11471,2062-06-01,GW_storage_CA_SMUD_GW[AF],203196.0,33776858517.0,72086890.0
11472,2062-07-01,GW_storage_CA_SMUD_GW[AF],248054.0,33967635736.0,72334944.0
11473,2062-08-01,GW_storage_CA_SMUD_GW[AF],290243.0,34156855847.0,72625187.0
11474,2062-09-01,GW_storage_CA_SMUD_GW[AF],328440.0,34344548104.0,72953627.0
11475,2062-10-01,GW_storage_CA_SMUD_GW[AF],362081.0,34530332137.0,73315708.0
11476,2062-11-01,GW_storage_CA_SMUD_GW[AF],344702.0,34714073091.0,73660410.0
11477,2062-12-01,GW_storage_CA_SMUD_GW[AF],327604.0,34895778448.0,73988014.0
11478,2063-01-01,GW_storage_CA_SMUD_GW[AF],311355.0,35079072230.0,74299369.0
11479,2063-02-01,GW_storage_CA_SMUD_GW[AF],297407.0,35269350335.0,74596776.0
11480,2063-03-01,GW_storage_CA_SMUD_GW[AF],282655.0,35470064786.0,74879431.0
11481,2063-04-01,GW_storage_CA_SMUD_GW[AF],269087.0,35683040547.0,75148518.0
11482,2063-05-01,GW_storage_CA_SMUD_GW[AF],255740.0,35907121073.0,75404258.0
11483,2063-06-01,GW_storage_CA_SMUD_GW[AF],243466.0,36134854310.0,75647724.0
11484,2063-07-01,GW_storage_CA_SMUD_GW[AF],231389.0,36361472567.0,75879113.0
11485,2063-08-01,GW_storage_CA_SMUD_GW[AF],219913.0,36586142514.0,76099026.0
11486,2063-09-01,GW_storage_CA_SMUD_GW[AF],209357.0,36808934029.0,76308383.0
11487,2063-10-01,GW_storage_CA_SMUD_GW[AF],198972.0,37029507927.0,76507355.0
11488,2063-11-01,GW_storage_CA_SMUD_GW[AF],189422.0,37248012309.0,76696777.0
11489,2063-12-01,GW_storage_CA_SMUD_GW[AF],180027.0,37465671472.0,76876804.0
11490,2064-01-01,GW_storage_CA_SMUD_GW[AF],171097.0,37694815963.0,77047901.0
11491,2064-02-01,GW_storage_CA_SMUD_GW[AF],163159.0,37945097639.0,77211060.0
11492,2064-03-01,GW_storage_CA_SMUD_GW[AF],155066.0,38213638934.0,77366126.0
11493,2064-04-01,GW_storage_CA_SMUD_GW[AF],147623.0,38493367090.0,77513749.0
11494,2064-05-01,GW_storage_CA_SMUD_GW[AF],140300.0,38776738105.0,77654049.0
11495,2064-06-01,GW_storage_CA_SMUD_GW[AF],133566.0,39060661713.0,77787615.0
11496,2064-07-01,GW_storage_CA_SMUD_GW[AF],132233.0,39341932866.0,77919848.0
11497,2064-08-01,GW_storage_CA_SMUD_GW[AF],182044.0,39620711220.0,78101892.0
11498,2064-09-01,GW_storage_CA_SMUD_GW[AF],225655.0,39897002798.0,78327547.0
11499,2064-10-01,GW_storage_CA_SMUD_GW[AF],244225.0,40170736712.0,78571772.0
11500,2064-11-01,GW_storage_CA_SMUD_GW[AF],232503.0,40442044957.0,78804275.0
11501,2064-12-01,GW_storage_CA_SMUD_GW[AF],220971.0,40711834451.0,79025246.0
11502,2065-01-01,GW_storage_CA_SMUD_GW[AF],210010.0,40982757097.0,79235256.0
11503,2065-02-01,GW_storage_CA_SMUD_GW[AF],200602.0,41255716076.0,79435858.0
11504,2065-03-01,GW_storage_CA_SMUD_GW[AF],190652.0,41533378347.0,79626510.0
11505,2065-04-01,GW_storage_CA_SMUD_GW[AF],181500.0,41819419395.0,79808010.0
11506,2065-05-01,GW_storage_CA_SMUD_GW[AF],172499.0,42107659636.0,79980509.0
11507,2065-06-01,GW_storage_CA_SMUD_GW[AF],164218.0,42393392346.0,80144727.0
11508,2065-07-01,GW_storage_CA_SMUD_GW[AF],156073.0,42678359041.0,80300800.0
11509,2065-08-01,GW_storage_CA_SMUD_GW[AF],190754.0,42960938762.0,80491554.0
11510,2065-09-01,GW_storage_CA_SMUD_GW[AF],181599.0,43241061639.0,80673153.0
11511,2065-10-01,GW_storage_CA_SMUD_GW[AF],185470.0,43518553408.0,80858623.0
11512,2065-11-01,GW_storage_CA_SMUD_GW[AF],176568.0,43793351378.0,81035191.0
11513,2065-12-01,GW_storage_CA_SMUD_GW[AF],167810.0,44065325818.0,81203001.0
11514,2066-01-01,GW_storage_CA_SMUD_GW[AF],159487.0,44334625115.0,81362488.0
11515,2066-02-01,GW_storage_CA_SMUD_GW[AF],152342.0,44601575728.0,81514830.0
11516,2066-03-01,GW_storage_CA_SMUD_GW[AF],144785.0,44865977654.0,81659615.0
11517,2066-04-01,GW_storage_CA_SMUD_GW[AF],137836.0,45130939542.0,81797451.0
11518,2066-05-01,GW_storage_CA_SMUD_GW[AF],130999.0,45393925169.0,81928450.0
11519,2066-06-01,GW_storage_CA_SMUD_GW[AF],130341.0,45654573916.0,82058791.0
11520,2066-07-01,GW_storage_CA_SMUD_GW[AF],128449.0,45912927675.0,82187240.0
11521,2066-08-01,GW_storage_CA_SMUD_GW[AF],179978.0,46169111465.0,82367218.0
11522,2066-09-01,GW_storage_CA_SMUD_GW[AF],226236.0,46423600426.0,82593454.0
11523,2066-10-01,GW_storage_CA_SMUD_GW[AF],267480.0,46676263355.0,82860934.0
11524,2066-11-01,GW_storage_CA_SMUD_GW[AF],303277.0,46927228863.0,83164211.0
11525,2066-12-01,GW_storage_CA_SMUD_GW[AF],332281.0,47176198480.0,83496492.0
11526,2067-01-01,GW_storage_CA_SMUD_GW[AF],315799.0,47422896821.0,83812291.0
11527,2067-02-01,GW_storage_CA_SMUD_GW[AF],301652.0,47667661431.0,84113943.0
11528,2067-03-01,GW_storage_CA_SMUD_GW[AF],286689.0,47910308464.0,84400632.0
11529,2067-04-01,GW_storage_CA_SMUD_GW[AF],272929.0,48151085524.0,84673561.0
11530,2067-05-01,GW_storage_CA_SMUD_GW[AF],259391.0,48389950965.0,84932952.0
11531,2067-06-01,GW_storage_CA_SMUD_GW[AF],246941.0,48627002221.0,85179893.0
11532,2067-07-01,GW_storage_CA_SMUD_GW[AF],258887.0,48862124917.0,85438780.0
11533,2067-08-01,GW_storage_CA_SMUD_GW[AF],303969.0,49095321876.0,85742749.0
11534,2067-09-01,GW_storage_CA_SMUD_GW[AF],344818.0,49326841519.0,86087567.0
11535,2067-10-01,GW_storage_CA_SMUD_GW[AF],375652.0,49556552267.0,86463219.0
11536,2067-11-01,GW_storage_CA_SMUD_GW[AF],393664.0,49784868208.0,86856883.0
11537,2067-12-01,GW_storage_CA_SMUD_GW[AF],374139.0,50011545293.0,87231022.0
11538,2068-01-01,GW_storage_CA_SMUD_GW[AF],355581.0,50238331069.0,87586603.0
11539,2068-02-01,GW_storage_CA_SMUD_GW[AF],339082.0,50478937732.0,87925685.0
11540,2068-03-01,GW_storage_CA_SMUD_GW[AF],322264.0,50739381265.0,88247949.0
11541,2068-04-01,GW_storage_CA_SMUD_GW[AF],306796.0,51011294375.0,88554745.0
11542,2068-05-01,GW_storage_CA_SMUD_GW[AF],291578.0,51290774772.0,88846323.0
11543,2068-06-01,GW_storage_CA_SMUD_GW[AF],277583.0,51571539123.0,89123906.0
11544,2068-07-01,GW_storage_CA_SMUD_GW[AF],319091.0,51851333229.0,89442997.0
11545,2068-08-01,GW_storage_CA_SMUD_GW[AF],360805.0,52129191774.0,89803802.0
11546,2068-09-01,GW_storage_CA_SMUD_GW[AF],394140.0,52405096290.0,90197942.0
11547,2068-10-01,GW_storage_CA_SMUD_GW[AF],425494.0,52678907664.0,90623436.0
11548,2068-11-01,GW_storage_CA_SMUD_GW[AF],405071.0,52950483517.0,91028507.0
11549,2068-12-01,GW_storage_CA_SMUD_GW[AF],384979.0,53219819895.0,91413486.0
11550,2069-01-01,GW_storage_CA_SMUD_GW[AF],365884.0,53487155316.0,91779370.0
11551,2069-02-01,GW_storage_CA_SMUD_GW[AF],349492.0,53760870931.0,92128862.0
11552,2069-03-01,GW_storage_CA_SMUD_GW[AF],332158.0,54039428849.0,92461020.0
11553,2069-04-01,GW_storage_CA_SMUD_GW[AF],316214.0,54324092180.0,92777234.0
11554,2069-05-01,GW_storage_CA_SMUD_GW[AF],300529.0,54609436481.0,93077763.0
11555,2069-06-01,GW_storage_CA_SMUD_GW[AF],286105.0,54894337917.0,93363868.0
11556,2069-07-01,GW_storage_CA_SMUD_GW[AF],331713.0,55177218144.0,93695581.0
11557,2069-08-01,GW_storage_CA_SMUD_GW[AF],374493.0,55458179949.0,94070074.0
11558,2069-09-01,GW_storage_CA_SMUD_GW[AF],410349.0,55737226700.0,94480423.0
11559,2069-10-01,GW_storage_CA_SMUD_GW[AF],443492.0,56014313112.0,94923915.0
11560,2069-11-01,GW_storage_CA_SMUD_GW[AF],422204.0,56289244905.0,95346119.0
11561,2069-12-01,GW_storage_CA_SMUD_GW[AF],401263.0,56561948550.0,95747382.0
11562,2070-01-01,GW_storage_CA_SMUD_GW[AF],381361.0,56832455571.0,96128743.0
11563,2070-02-01,GW_storage_CA_SMUD_GW[AF],364276.0,57101031869.0,96493019.0
11564,2070-03-01,GW_storage_CA_SMUD_GW[AF],346208.0,57367456127.0,96839227.0
11565,2070-04-01,GW_storage_CA_SMUD_GW[AF],329589.0,57631884127.0,97168816.0
11566,2070-05-01,GW_storage_CA_SMUD_GW[AF],313242.0,57894580730.0,97482058.0
11567,2070-06-01,GW_storage_CA_SMUD_GW[AF],346958.0,58156625113.0,97829016.0
11568,2070-07-01,GW_storage_CA_SMUD_GW[AF],357347.0,58417720429.0,98186363.0
11569,2070-08-01,GW_storage_CA_SMUD_GW[AF],396736.0,58677125935.0,98583099.0
11570,2070-09-01,GW_storage_CA_SMUD_GW[AF],387697.0,58935122487.0,98970796.0
11571,2070-10-01,GW_storage_CA_SMUD_GW[AF],395844.0,59191573450.0,99366640.0
11572,2070-11-01,GW_storage_CA_SMUD_GW[AF],383391.0,59446278042.0,99750031.0
11573,2070-12-01,GW_storage_CA_SMUD_GW[AF],364374.0,59699129256.0,100114405.0
11574,2025-04-01,GW_storage_CO_DEN_GW[AF],14.0,54422403.0,14.0
11575,2025-05-01,GW_storage_CO_DEN_GW[AF],15.0,56023530.0,29.0
11576,2025-06-01,GW_storage_CO_DEN_GW[AF],14.0,57673121.0,43.0
11577,2025-07-01,GW_storage_CO_DEN_GW[AF],-14242.0,59233291.0,-14199.0
11578,2025-08-01,GW_storage_CO_DEN_GW[AF],-59789.0,60752330.0,-73988.0
11579,2025-09-01,GW_storage_CO_DEN_GW[AF],-60487.0,63291561.0,-134475.0
11580,2025-10-01,GW_storage_CO_DEN_GW[AF],-58447.0,66117192.0,-192922.0
11581,2025-11-01,GW_storage_CO_DEN_GW[AF],-59035.0,69169207.0,-251957.0
11582,2025-12-01,GW_storage_CO_DEN_GW[AF],-59006.0,72377661.0,-310963.0
11583,2026-01-01,GW_storage_CO_DEN_GW[AF],-58550.0,75644729.0,-369513.0
11584,2026-02-01,GW_storage_CO_DEN_GW[AF],-57922.0,83025589.0,-427435.0
11585,2026-03-01,GW_storage_CO_DEN_GW[AF],-57323.0,93674924.0,-484758.0
11586,2026-04-01,GW_storage_CO_DEN_GW[AF],-53470.0,112497734.0,-538228.0
11587,2026-05-01,GW_storage_CO_DEN_GW[AF],-50840.0,136460613.0,-589068.0
11588,2026-06-01,GW_storage_CO_DEN_GW[AF],-48831.0,160180041.0,-637899.0
11589,2026-07-01,GW_storage_CO_DEN_GW[AF],-47507.0,184580314.0,-685406.0
11590,2026-08-01,GW_storage_CO_DEN_GW[AF],-55846.0,208538131.0,-741252.0
11591,2026-09-01,GW_storage_CO_DEN_GW[AF],-57260.0,232132273.0,-798512.0
11592,2026-10-01,GW_storage_CO_DEN_GW[AF],-58716.0,255250646.0,-857228.0
11593,2026-11-01,GW_storage_CO_DEN_GW[AF],-59802.0,277908394.0,-917030.0
11594,2026-12-01,GW_storage_CO_DEN_GW[AF],-60154.0,300103214.0,-977184.0
11595,2027-01-01,GW_storage_CO_DEN_GW[AF],-60164.0,321847786.0,-1037348.0
11596,2027-02-01,GW_storage_CO_DEN_GW[AF],-60149.0,343199646.0,-1097497.0
11597,2027-03-01,GW_storage_CO_DEN_GW[AF],-60098.0,369620421.0,-1157595.0
11598,2027-04-01,GW_storage_CO_DEN_GW[AF],-54967.0,409179141.0,-1212562.0
11599,2027-05-01,GW_storage_CO_DEN_GW[AF],-53951.0,455970259.0,-1266513.0
11600,2027-06-01,GW_storage_CO_DEN_GW[AF],-52851.0,506103237.0,-1319364.0
11601,2027-07-01,GW_storage_CO_DEN_GW[AF],-50875.0,558027240.0,-1370239.0
11602,2027-08-01,GW_storage_CO_DEN_GW[AF],-59233.0,610747556.0,-1429472.0
11603,2027-09-01,GW_storage_CO_DEN_GW[AF],-60524.0,662576568.0,-1489996.0
11604,2027-10-01,GW_storage_CO_DEN_GW[AF],-60831.0,713531026.0,-1550827.0
11605,2027-11-01,GW_storage_CO_DEN_GW[AF],-60966.0,763602436.0,-1611793.0
11606,2027-12-01,GW_storage_CO_DEN_GW[AF],-61008.0,812846873.0,-1672801.0
11607,2028-01-01,GW_storage_CO_DEN_GW[AF],-60994.0,861121911.0,-1733795.0
11608,2028-02-01,GW_storage_CO_DEN_GW[AF],-60992.0,908650771.0,-1794787.0
11609,2028-03-01,GW_storage_CO_DEN_GW[AF],-61006.0,959000163.0,-1855793.0
11610,2028-04-01,GW_storage_CO_DEN_GW[AF],-55237.0,1012039411.0,-1911030.0
11611,2028-05-01,GW_storage_CO_DEN_GW[AF],-54100.0,1068060916.0,-1965130.0
11612,2028-06-01,GW_storage_CO_DEN_GW[AF],-53060.0,1125203670.0,-2018190.0
11613,2028-07-01,GW_storage_CO_DEN_GW[AF],-69710.0,1183903968.0,-2087900.0
11614,2028-08-01,GW_storage_CO_DEN_GW[AF],-69894.0,1241633200.0,-2157794.0
11615,2028-09-01,GW_storage_CO_DEN_GW[AF],-71355.0,1298536546.0,-2229149.0
11616,2028-10-01,GW_storage_CO_DEN_GW[AF],-72178.0,1354465802.0,-2301327.0
11617,2028-11-01,GW_storage_CO_DEN_GW[AF],-72468.0,1409406877.0,-2373795.0
11618,2028-12-01,GW_storage_CO_DEN_GW[AF],-72432.0,1463330743.0,-2446227.0
11619,2029-01-01,GW_storage_CO_DEN_GW[AF],-72436.0,1516331973.0,-2518663.0
11620,2029-02-01,GW_storage_CO_DEN_GW[AF],-72436.0,1568436361.0,-2591099.0
11621,2029-03-01,GW_storage_CO_DEN_GW[AF],-72435.0,1622957905.0,-2663534.0
11622,2029-04-01,GW_storage_CO_DEN_GW[AF],-65990.0,1679352962.0,-2729524.0
11623,2029-05-01,GW_storage_CO_DEN_GW[AF],-63339.0,1742904338.0,-2792863.0
11624,2029-06-01,GW_storage_CO_DEN_GW[AF],-48691.0,1807169538.0,-2841554.0
11625,2029-07-01,GW_storage_CO_DEN_GW[AF],-66828.0,1872474684.0,-2908382.0
11626,2029-08-01,GW_storage_CO_DEN_GW[AF],-69492.0,1936569687.0,-2977874.0
11627,2029-09-01,GW_storage_CO_DEN_GW[AF],-70510.0,1999536921.0,-3048384.0
11628,2029-10-01,GW_storage_CO_DEN_GW[AF],-71416.0,2061251234.0,-3119800.0
11629,2029-11-01,GW_storage_CO_DEN_GW[AF],-71333.0,2121792309.0,-3191133.0
11630,2029-12-01,GW_storage_CO_DEN_GW[AF],-71305.0,2181276298.0,-3262438.0
11631,2030-01-01,GW_storage_CO_DEN_GW[AF],-71304.0,2239598911.0,-3333742.0
11632,2030-02-01,GW_storage_CO_DEN_GW[AF],-71299.0,2296908282.0,-3405041.0
11633,2030-03-01,GW_storage_CO_DEN_GW[AF],-71309.0,2353273149.0,-3476350.0
11634,2030-04-01,GW_storage_CO_DEN_GW[AF],-61311.0,2408813513.0,-3537661.0
11635,2030-05-01,GW_storage_CO_DEN_GW[AF],-60048.0,2463288321.0,-3597709.0
11636,2030-06-01,GW_storage_CO_DEN_GW[AF],343583.0,2519189259.0,-3254126.0
11637,2030-07-01,GW_storage_CO_DEN_GW[AF],336574.0,2574987711.0,-2917552.0
11638,2030-08-01,GW_storage_CO_DEN_GW[AF],332006.0,2629845780.0,-2585546.0
11639,2030-09-01,GW_storage_CO_DEN_GW[AF],324849.0,2683731630.0,-2260697.0
11640,2030-10-01,GW_storage_CO_DEN_GW[AF],320827.0,2736573135.0,-1939870.0
11641,2030-11-01,GW_storage_CO_DEN_GW[AF],316975.0,2788437015.0,-1622895.0
11642,2030-12-01,GW_storage_CO_DEN_GW[AF],313685.0,2839371858.0,-1309210.0
11643,2031-01-01,GW_storage_CO_DEN_GW[AF],311333.0,2889285425.0,-997877.0
11644,2031-02-01,GW_storage_CO_DEN_GW[AF],328581.0,2938331300.0,-669296.0
11645,2031-03-01,GW_storage_CO_DEN_GW[AF],332013.0,2986403207.0,-337283.0
11646,2031-04-01,GW_storage_CO_DEN_GW[AF],330001.0,3034117058.0,-7282.0
11647,2031-05-01,GW_storage_CO_DEN_GW[AF],323365.0,3081639947.0,316083.0
11648,2031-06-01,GW_storage_CO_DEN_GW[AF],317802.0,3128466639.0,633885.0
11649,2031-07-01,GW_storage_CO_DEN_GW[AF],314035.0,3175256040.0,947920.0
11650,2031-08-01,GW_storage_CO_DEN_GW[AF],312550.0,3221201089.0,1260470.0
11651,2031-09-01,GW_storage_CO_DEN_GW[AF],313751.0,3266538806.0,1574221.0
11652,2031-10-01,GW_storage_CO_DEN_GW[AF],313693.0,3311005126.0,1887914.0
11653,2031-11-01,GW_storage_CO_DEN_GW[AF],310719.0,3354843436.0,2198633.0
11654,2031-12-01,GW_storage_CO_DEN_GW[AF],309117.0,3397917039.0,2507750.0
11655,2032-01-01,GW_storage_CO_DEN_GW[AF],327852.0,3440765830.0,2835602.0
11656,2032-02-01,GW_storage_CO_DEN_GW[AF],332534.0,3500332884.0,3168136.0
11657,2032-03-01,GW_storage_CO_DEN_GW[AF],334367.0,3570397039.0,3502503.0
11658,2032-04-01,GW_storage_CO_DEN_GW[AF],334998.0,3645988541.0,3837501.0
11659,2032-05-01,GW_storage_CO_DEN_GW[AF],328085.0,3723860841.0,4165586.0
11660,2032-06-01,GW_storage_CO_DEN_GW[AF],321621.0,3803847465.0,4487207.0
11661,2032-07-01,GW_storage_CO_DEN_GW[AF],315691.0,3884065220.0,4802898.0
11662,2032-08-01,GW_storage_CO_DEN_GW[AF],308345.0,3963910669.0,5111243.0
11663,2032-09-01,GW_storage_CO_DEN_GW[AF],304163.0,4042724779.0,5415406.0
11664,2032-10-01,GW_storage_CO_DEN_GW[AF],299810.0,4120308321.0,5715216.0
11665,2032-11-01,GW_storage_CO_DEN_GW[AF],296105.0,4196679403.0,6011321.0
11666,2032-12-01,GW_storage_CO_DEN_GW[AF],293144.0,4271822754.0,6304465.0
11667,2033-01-01,GW_storage_CO_DEN_GW[AF],290443.0,4345538492.0,6594908.0
11668,2033-02-01,GW_storage_CO_DEN_GW[AF],288874.0,4423218301.0,6883782.0
11669,2033-03-01,GW_storage_CO_DEN_GW[AF],288233.0,4505470297.0,7172015.0
11670,2033-04-01,GW_storage_CO_DEN_GW[AF],293277.0,4590681136.0,7465292.0
11671,2033-05-01,GW_storage_CO_DEN_GW[AF],287592.0,4675360581.0,7752884.0
11672,2033-06-01,GW_storage_CO_DEN_GW[AF],282426.0,4760708398.0,8035310.0
11673,2033-07-01,GW_storage_CO_DEN_GW[AF],278732.0,4846138178.0,8314042.0
11674,2033-08-01,GW_storage_CO_DEN_GW[AF],280053.0,4931118427.0,8594095.0
11675,2033-09-01,GW_storage_CO_DEN_GW[AF],280547.0,5014914731.0,8874642.0
11676,2033-10-01,GW_storage_CO_DEN_GW[AF],281040.0,5097508172.0,9155682.0
11677,2033-11-01,GW_storage_CO_DEN_GW[AF],281242.0,5178663669.0,9436924.0
11678,2033-12-01,GW_storage_CO_DEN_GW[AF],281336.0,5258443309.0,9718260.0
11679,2034-01-01,GW_storage_CO_DEN_GW[AF],281334.0,5339163828.0,9999594.0
11680,2034-02-01,GW_storage_CO_DEN_GW[AF],281332.0,5418722190.0,10280926.0
11681,2034-03-01,GW_storage_CO_DEN_GW[AF],281381.0,5500220744.0,10562307.0
11682,2034-04-01,GW_storage_CO_DEN_GW[AF],282716.0,5584032903.0,10845023.0
11683,2034-05-01,GW_storage_CO_DEN_GW[AF],283315.0,5676873319.0,11128338.0
11684,2034-06-01,GW_storage_CO_DEN_GW[AF],283681.0,5773341236.0,11412019.0
11685,2034-07-01,GW_storage_CO_DEN_GW[AF],286044.0,5871231225.0,11698063.0
11686,2034-08-01,GW_storage_CO_DEN_GW[AF],272821.0,5968392389.0,11970884.0
11687,2034-09-01,GW_storage_CO_DEN_GW[AF],272820.0,6064112138.0,12243704.0
11688,2034-10-01,GW_storage_CO_DEN_GW[AF],272822.0,6158273690.0,12516526.0
11689,2034-11-01,GW_storage_CO_DEN_GW[AF],272825.0,6251013792.0,12789351.0
11690,2034-12-01,GW_storage_CO_DEN_GW[AF],272822.0,6342469856.0,13062173.0
11691,2035-01-01,GW_storage_CO_DEN_GW[AF],272820.0,6432436397.0,13334993.0
11692,2035-02-01,GW_storage_CO_DEN_GW[AF],272820.0,6520973109.0,13607813.0
11693,2035-03-01,GW_storage_CO_DEN_GW[AF],272824.0,6608114132.0,13880637.0
11694,2035-04-01,GW_storage_CO_DEN_GW[AF],281510.0,6694040771.0,14162147.0
11695,2035-05-01,GW_storage_CO_DEN_GW[AF],275720.0,6778544504.0,14437867.0
11696,2035-06-01,GW_storage_CO_DEN_GW[AF],270513.0,6863239534.0,14708380.0
11697,2035-07-01,GW_storage_CO_DEN_GW[AF],269917.0,6947511289.0,14978297.0
11698,2035-08-01,GW_storage_CO_DEN_GW[AF],261700.0,7030376153.0,15239997.0
11699,2035-09-01,GW_storage_CO_DEN_GW[AF],261442.0,7112119087.0,15501439.0
11700,2035-10-01,GW_storage_CO_DEN_GW[AF],262350.0,7192574428.0,15763789.0
11701,2035-11-01,GW_storage_CO_DEN_GW[AF],263261.0,7271865334.0,16027050.0
11702,2035-12-01,GW_storage_CO_DEN_GW[AF],263717.0,7350179909.0,16290767.0
11703,2036-01-01,GW_storage_CO_DEN_GW[AF],263941.0,7427195979.0,16554708.0
11704,2036-02-01,GW_storage_CO_DEN_GW[AF],263867.0,7503024891.0,16818575.0
11705,2036-03-01,GW_storage_CO_DEN_GW[AF],263866.0,7577632108.0,17082441.0
11706,2036-04-01,GW_storage_CO_DEN_GW[AF],258662.0,7651185144.0,17341103.0
11707,2036-05-01,GW_storage_CO_DEN_GW[AF],253363.0,7724300240.0,17594466.0
11708,2036-06-01,GW_storage_CO_DEN_GW[AF],245196.0,7796353708.0,17839662.0
11709,2036-07-01,GW_storage_CO_DEN_GW[AF],252325.0,7867314948.0,18091987.0
11710,2036-08-01,GW_storage_CO_DEN_GW[AF],249888.0,7937241278.0,18341875.0
11711,2036-09-01,GW_storage_CO_DEN_GW[AF],252801.0,8006295323.0,18594676.0
11712,2036-10-01,GW_storage_CO_DEN_GW[AF],255686.0,8074305646.0,18850362.0
11713,2036-11-01,GW_storage_CO_DEN_GW[AF],255891.0,8141376577.0,19106253.0
11714,2036-12-01,GW_storage_CO_DEN_GW[AF],255851.0,8207644541.0,19362104.0
11715,2037-01-01,GW_storage_CO_DEN_GW[AF],255853.0,8273161410.0,19617957.0
11716,2037-02-01,GW_storage_CO_DEN_GW[AF],255886.0,8337733681.0,19873843.0
11717,2037-03-01,GW_storage_CO_DEN_GW[AF],255915.0,8401237350.0,20129758.0
11718,2037-04-01,GW_storage_CO_DEN_GW[AF],265713.0,8463716442.0,20395471.0
11719,2037-05-01,GW_storage_CO_DEN_GW[AF],260316.0,8525229166.0,20655787.0
11720,2037-06-01,GW_storage_CO_DEN_GW[AF],255674.0,8585780498.0,20911461.0
11721,2037-07-01,GW_storage_CO_DEN_GW[AF],255760.0,8645518277.0,21167221.0
11722,2037-08-01,GW_storage_CO_DEN_GW[AF],256104.0,8704580765.0,21423325.0
11723,2037-09-01,GW_storage_CO_DEN_GW[AF],256973.0,8763159684.0,21680298.0
11724,2037-10-01,GW_storage_CO_DEN_GW[AF],256324.0,8821181815.0,21936622.0
11725,2037-11-01,GW_storage_CO_DEN_GW[AF],252899.0,8878677095.0,22189521.0
11726,2037-12-01,GW_storage_CO_DEN_GW[AF],251763.0,8935618642.0,22441284.0
11727,2038-01-01,GW_storage_CO_DEN_GW[AF],251764.0,8991690289.0,22693048.0
11728,2038-02-01,GW_storage_CO_DEN_GW[AF],251805.0,9049081585.0,22944853.0
11729,2038-03-01,GW_storage_CO_DEN_GW[AF],251834.0,9108044798.0,23196687.0
11730,2038-04-01,GW_storage_CO_DEN_GW[AF],254506.0,9168794933.0,23451193.0
11731,2038-05-01,GW_storage_CO_DEN_GW[AF],254902.0,9229969082.0,23706095.0
11732,2038-06-01,GW_storage_CO_DEN_GW[AF],255089.0,9290494843.0,23961184.0
11733,2038-07-01,GW_storage_CO_DEN_GW[AF],256887.0,9350294408.0,24218071.0
11734,2038-08-01,GW_storage_CO_DEN_GW[AF],246468.0,9409318940.0,24464539.0
11735,2038-09-01,GW_storage_CO_DEN_GW[AF],246476.0,9467673979.0,24711015.0
11736,2038-10-01,GW_storage_CO_DEN_GW[AF],246446.0,9525253636.0,24957461.0
11737,2038-11-01,GW_storage_CO_DEN_GW[AF],246420.0,9582098472.0,25203881.0
11738,2038-12-01,GW_storage_CO_DEN_GW[AF],246404.0,9638248766.0,25450285.0
11739,2039-01-01,GW_storage_CO_DEN_GW[AF],246402.0,9693650977.0,25696687.0
11740,2039-02-01,GW_storage_CO_DEN_GW[AF],246410.0,9750458830.0,25943097.0
11741,2039-03-01,GW_storage_CO_DEN_GW[AF],246414.0,9809156458.0,26189511.0
11742,2039-04-01,GW_storage_CO_DEN_GW[AF],250864.0,9868559467.0,26440375.0
11743,2039-05-01,GW_storage_CO_DEN_GW[AF],245721.0,9927385773.0,26686096.0
11744,2039-06-01,GW_storage_CO_DEN_GW[AF],241231.0,9986965256.0,26927327.0
11745,2039-07-01,GW_storage_CO_DEN_GW[AF],241763.0,10046475029.0,27169090.0
11746,2039-08-01,GW_storage_CO_DEN_GW[AF],242063.0,10105238592.0,27411153.0
11747,2039-09-01,GW_storage_CO_DEN_GW[AF],241266.0,10163363477.0,27652419.0
11748,2039-10-01,GW_storage_CO_DEN_GW[AF],241305.0,10220781260.0,27893724.0
11749,2039-11-01,GW_storage_CO_DEN_GW[AF],241760.0,10277373162.0,28135484.0
11750,2039-12-01,GW_storage_CO_DEN_GW[AF],242163.0,10333185165.0,28377647.0
11751,2040-01-01,GW_storage_CO_DEN_GW[AF],242098.0,10388289039.0,28619745.0
11752,2040-02-01,GW_storage_CO_DEN_GW[AF],242090.0,10442633493.0,28861835.0
11753,2040-03-01,GW_storage_CO_DEN_GW[AF],242074.0,10496196844.0,29103909.0
11754,2040-04-01,GW_storage_CO_DEN_GW[AF],242851.0,10549040409.0,29346760.0
11755,2040-05-01,GW_storage_CO_DEN_GW[AF],242449.0,10601395194.0,29589209.0
11756,2040-06-01,GW_storage_CO_DEN_GW[AF],243121.0,10653107949.0,29832330.0
11757,2040-07-01,GW_storage_CO_DEN_GW[AF],242647.0,10704171007.0,30074977.0
11758,2040-08-01,GW_storage_CO_DEN_GW[AF],242562.0,10754605305.0,30317539.0
11759,2040-09-01,GW_storage_CO_DEN_GW[AF],242489.0,10804445973.0,30560028.0
11760,2040-10-01,GW_storage_CO_DEN_GW[AF],242477.0,10853648570.0,30802505.0
11761,2040-11-01,GW_storage_CO_DEN_GW[AF],242466.0,10902484914.0,31044971.0
11762,2040-12-01,GW_storage_CO_DEN_GW[AF],242458.0,10950730644.0,31287429.0
11763,2041-01-01,GW_storage_CO_DEN_GW[AF],242459.0,10998281298.0,31529888.0
11764,2041-02-01,GW_storage_CO_DEN_GW[AF],242464.0,11047818234.0,31772352.0
11765,2041-03-01,GW_storage_CO_DEN_GW[AF],242463.0,11099139984.0,32014815.0
11766,2041-04-01,GW_storage_CO_DEN_GW[AF],242777.0,11151170281.0,32257592.0
11767,2041-05-01,GW_storage_CO_DEN_GW[AF],237759.0,11202540882.0,32495351.0
11768,2041-06-01,GW_storage_CO_DEN_GW[AF],233035.0,11253584926.0,32728386.0
11769,2041-07-01,GW_storage_CO_DEN_GW[AF],231884.0,11304087287.0,32960270.0
11770,2041-08-01,GW_storage_CO_DEN_GW[AF],231352.0,11354085428.0,33191622.0
11771,2041-09-01,GW_storage_CO_DEN_GW[AF],231739.0,11403615397.0,33423361.0
11772,2041-10-01,GW_storage_CO_DEN_GW[AF],232905.0,11452671944.0,33656266.0
11773,2041-11-01,GW_storage_CO_DEN_GW[AF],233644.0,11501212889.0,33889910.0
11774,2041-12-01,GW_storage_CO_DEN_GW[AF],233755.0,11549056939.0,34123665.0
11775,2042-01-01,GW_storage_CO_DEN_GW[AF],233768.0,11596204581.0,34357433.0
11776,2042-02-01,GW_storage_CO_DEN_GW[AF],233746.0,11642935334.0,34591179.0
11777,2042-03-01,GW_storage_CO_DEN_GW[AF],233741.0,11689092595.0,34824920.0
11778,2042-04-01,GW_storage_CO_DEN_GW[AF],233590.0,11735022869.0,35058510.0
11779,2042-05-01,GW_storage_CO_DEN_GW[AF],228822.0,11780876718.0,35287332.0
11780,2042-06-01,GW_storage_CO_DEN_GW[AF],224661.0,11826092725.0,35511993.0
11781,2042-07-01,GW_storage_CO_DEN_GW[AF],224395.0,11871546727.0,35736388.0
11782,2042-08-01,GW_storage_CO_DEN_GW[AF],224722.0,11916431990.0,35961110.0
11783,2042-09-01,GW_storage_CO_DEN_GW[AF],225355.0,11960791410.0,36186465.0
11784,2042-10-01,GW_storage_CO_DEN_GW[AF],225333.0,12004660184.0,36411798.0
11785,2042-11-01,GW_storage_CO_DEN_GW[AF],225250.0,12048130811.0,36637048.0
11786,2042-12-01,GW_storage_CO_DEN_GW[AF],225308.0,12091062837.0,36862356.0
11787,2043-01-01,GW_storage_CO_DEN_GW[AF],225310.0,12133444088.0,37087666.0
11788,2043-02-01,GW_storage_CO_DEN_GW[AF],225956.0,12175363925.0,37313622.0
11789,2043-03-01,GW_storage_CO_DEN_GW[AF],226037.0,12216725340.0,37539659.0
11790,2043-04-01,GW_storage_CO_DEN_GW[AF],225477.0,12257666079.0,37765136.0
11791,2043-05-01,GW_storage_CO_DEN_GW[AF],225139.0,12298078753.0,37990275.0
11792,2043-06-01,GW_storage_CO_DEN_GW[AF],223008.0,12338040338.0,38213283.0
11793,2043-07-01,GW_storage_CO_DEN_GW[AF],222924.0,12377535688.0,38436207.0
11794,2043-08-01,GW_storage_CO_DEN_GW[AF],223595.0,12416568319.0,38659802.0
11795,2043-09-01,GW_storage_CO_DEN_GW[AF],224124.0,12455234071.0,38883926.0
11796,2043-10-01,GW_storage_CO_DEN_GW[AF],224031.0,12493493716.0,39107957.0
11797,2043-11-01,GW_storage_CO_DEN_GW[AF],224009.0,12531340494.0,39331966.0
11798,2043-12-01,GW_storage_CO_DEN_GW[AF],224006.0,12568703212.0,39555972.0
11799,2044-01-01,GW_storage_CO_DEN_GW[AF],223992.0,12605614127.0,39779964.0
11800,2044-02-01,GW_storage_CO_DEN_GW[AF],223999.0,12642100391.0,40003963.0
11801,2044-03-01,GW_storage_CO_DEN_GW[AF],224021.0,12678094207.0,40227984.0
11802,2044-04-01,GW_storage_CO_DEN_GW[AF],223197.0,12715489683.0,40451181.0
11803,2044-05-01,GW_storage_CO_DEN_GW[AF],222582.0,12757376464.0,40673763.0
11804,2044-06-01,GW_storage_CO_DEN_GW[AF],221381.0,12798680033.0,40895144.0
11805,2044-07-01,GW_storage_CO_DEN_GW[AF],219632.0,12840178366.0,41114776.0
11806,2044-08-01,GW_storage_CO_DEN_GW[AF],217986.0,12881238666.0,41332762.0
11807,2044-09-01,GW_storage_CO_DEN_GW[AF],218188.0,12921922929.0,41550950.0
11808,2044-10-01,GW_storage_CO_DEN_GW[AF],218234.0,12962137170.0,41769184.0
11809,2044-11-01,GW_storage_CO_DEN_GW[AF],218236.0,13001917872.0,41987420.0
11810,2044-12-01,GW_storage_CO_DEN_GW[AF],218239.0,13041192913.0,42205659.0
11811,2045-01-01,GW_storage_CO_DEN_GW[AF],218264.0,13079996277.0,42423923.0
11812,2045-02-01,GW_storage_CO_DEN_GW[AF],218262.0,13119222084.0,42642185.0
11813,2045-03-01,GW_storage_CO_DEN_GW[AF],218266.0,13158364150.0,42860451.0
11814,2045-04-01,GW_storage_CO_DEN_GW[AF],218910.0,13198157185.0,43079361.0
11815,2045-05-01,GW_storage_CO_DEN_GW[AF],218944.0,13237869018.0,43298305.0
11816,2045-06-01,GW_storage_CO_DEN_GW[AF],214590.0,13278774379.0,43512895.0
11817,2045-07-01,GW_storage_CO_DEN_GW[AF],214755.0,13324244062.0,43727650.0
11818,2045-08-01,GW_storage_CO_DEN_GW[AF],214325.0,13372386542.0,43941975.0
11819,2045-09-01,GW_storage_CO_DEN_GW[AF],214507.0,13419876881.0,44156482.0
11820,2045-10-01,GW_storage_CO_DEN_GW[AF],215775.0,13466818785.0,44372257.0
11821,2045-11-01,GW_storage_CO_DEN_GW[AF],216197.0,13513160105.0,44588454.0
11822,2045-12-01,GW_storage_CO_DEN_GW[AF],216245.0,13560745919.0,44804699.0
11823,2046-01-01,GW_storage_CO_DEN_GW[AF],216226.0,13615290772.0,45020925.0
11824,2046-02-01,GW_storage_CO_DEN_GW[AF],216237.0,13677811710.0,45237162.0
11825,2046-03-01,GW_storage_CO_DEN_GW[AF],216234.0,13748607831.0,45453396.0
11826,2046-04-01,GW_storage_CO_DEN_GW[AF],216012.0,13826873589.0,45669408.0
11827,2046-05-01,GW_storage_CO_DEN_GW[AF],211575.0,13907944967.0,45880983.0
11828,2046-06-01,GW_storage_CO_DEN_GW[AF],207516.0,13989979852.0,46088499.0
11829,2046-07-01,GW_storage_CO_DEN_GW[AF],203630.0,14071604903.0,46292129.0
11830,2046-08-01,GW_storage_CO_DEN_GW[AF],202562.0,14152131683.0,46494691.0
11831,2046-09-01,GW_storage_CO_DEN_GW[AF],202781.0,14231617714.0,46697472.0
11832,2046-10-01,GW_storage_CO_DEN_GW[AF],202775.0,14310005025.0,46900247.0
11833,2046-11-01,GW_storage_CO_DEN_GW[AF],203242.0,14387273527.0,47103489.0
11834,2046-12-01,GW_storage_CO_DEN_GW[AF],203782.0,14463437376.0,47307271.0
11835,2047-01-01,GW_storage_CO_DEN_GW[AF],203820.0,14538457981.0,47511091.0
11836,2047-02-01,GW_storage_CO_DEN_GW[AF],203759.0,14612508014.0,47714850.0
11837,2047-03-01,GW_storage_CO_DEN_GW[AF],203801.0,14685452283.0,47918651.0
11838,2047-04-01,GW_storage_CO_DEN_GW[AF],202772.0,14764472816.0,48121423.0
11839,2047-05-01,GW_storage_CO_DEN_GW[AF],198668.0,14860897341.0,48320091.0
11840,2047-06-01,GW_storage_CO_DEN_GW[AF],195059.0,14972506362.0,48515150.0
11841,2047-07-01,GW_storage_CO_DEN_GW[AF],195499.0,15088231692.0,48710649.0
11842,2047-08-01,GW_storage_CO_DEN_GW[AF],195748.0,15203332934.0,48906397.0
11843,2047-09-01,GW_storage_CO_DEN_GW[AF],196542.0,15317492289.0,49102939.0
11844,2047-10-01,GW_storage_CO_DEN_GW[AF],196532.0,15430042333.0,49299471.0
11845,2047-11-01,GW_storage_CO_DEN_GW[AF],196008.0,15542831934.0,49495479.0
11846,2047-12-01,GW_storage_CO_DEN_GW[AF],195976.0,15653870877.0,49691455.0
11847,2048-01-01,GW_storage_CO_DEN_GW[AF],196111.0,15763169397.0,49887566.0
11848,2048-02-01,GW_storage_CO_DEN_GW[AF],196196.0,15872138297.0,50083762.0
11849,2048-03-01,GW_storage_CO_DEN_GW[AF],196239.0,15987897138.0,50280001.0
11850,2048-04-01,GW_storage_CO_DEN_GW[AF],194658.0,16106751114.0,50474659.0
11851,2048-05-01,GW_storage_CO_DEN_GW[AF],190677.0,16226738594.0,50665336.0
11852,2048-06-01,GW_storage_CO_DEN_GW[AF],187060.0,16346930466.0,50852396.0
11853,2048-07-01,GW_storage_CO_DEN_GW[AF],186072.0,16466203172.0,51038468.0
11854,2048-08-01,GW_storage_CO_DEN_GW[AF],185839.0,16583670765.0,51224307.0
11855,2048-09-01,GW_storage_CO_DEN_GW[AF],186009.0,16699553017.0,51410316.0
11856,2048-10-01,GW_storage_CO_DEN_GW[AF],186503.0,16813788962.0,51596819.0
11857,2048-11-01,GW_storage_CO_DEN_GW[AF],187625.0,16926416472.0,51784444.0
11858,2048-12-01,GW_storage_CO_DEN_GW[AF],188910.0,17038918116.0,51973354.0
11859,2049-01-01,GW_storage_CO_DEN_GW[AF],189868.0,17150214903.0,52163222.0
11860,2049-02-01,GW_storage_CO_DEN_GW[AF],189955.0,17259849423.0,52353177.0
11861,2049-03-01,GW_storage_CO_DEN_GW[AF],190000.0,17374140295.0,52543177.0
11862,2049-04-01,GW_storage_CO_DEN_GW[AF],188385.0,17496980626.0,52731562.0
11863,2049-05-01,GW_storage_CO_DEN_GW[AF],184552.0,17623520262.0,52916114.0
11864,2049-06-01,GW_storage_CO_DEN_GW[AF],183499.0,17749882278.0,53099613.0
11865,2049-07-01,GW_storage_CO_DEN_GW[AF],182938.0,17875311834.0,53282551.0
11866,2049-08-01,GW_storage_CO_DEN_GW[AF],183074.0,17998950915.0,53465625.0
11867,2049-09-01,GW_storage_CO_DEN_GW[AF],183707.0,18120987592.0,53649332.0
11868,2049-10-01,GW_storage_CO_DEN_GW[AF],184497.0,18241422265.0,53833829.0
11869,2049-11-01,GW_storage_CO_DEN_GW[AF],184931.0,18360102830.0,54018760.0
11870,2049-12-01,GW_storage_CO_DEN_GW[AF],184928.0,18476910369.0,54203688.0
11871,2050-01-01,GW_storage_CO_DEN_GW[AF],184921.0,18591916831.0,54388609.0
11872,2050-02-01,GW_storage_CO_DEN_GW[AF],184920.0,18705272956.0,54573529.0
11873,2050-03-01,GW_storage_CO_DEN_GW[AF],184915.0,18821028859.0,54758444.0
11874,2050-04-01,GW_storage_CO_DEN_GW[AF],183747.0,18940506995.0,54942191.0
11875,2050-05-01,GW_storage_CO_DEN_GW[AF],179993.0,19059600483.0,55122184.0
11876,2050-06-01,GW_storage_CO_DEN_GW[AF],179493.0,19178428021.0,55301677.0
11877,2050-07-01,GW_storage_CO_DEN_GW[AF],179558.0,19296435077.0,55481235.0
11878,2050-08-01,GW_storage_CO_DEN_GW[AF],180002.0,19412834260.0,55661237.0
11879,2050-09-01,GW_storage_CO_DEN_GW[AF],179835.0,19527808893.0,55841072.0
11880,2050-10-01,GW_storage_CO_DEN_GW[AF],179795.0,19641173895.0,56020867.0
11881,2050-11-01,GW_storage_CO_DEN_GW[AF],179798.0,19752769080.0,56200665.0
11882,2050-12-01,GW_storage_CO_DEN_GW[AF],179805.0,19862611454.0,56380470.0
11883,2051-01-01,GW_storage_CO_DEN_GW[AF],179805.0,19970764786.0,56560275.0
11884,2051-02-01,GW_storage_CO_DEN_GW[AF],179803.0,20077395432.0,56740078.0
11885,2051-03-01,GW_storage_CO_DEN_GW[AF],179786.0,20182370827.0,56919864.0
11886,2051-04-01,GW_storage_CO_DEN_GW[AF],179440.0,20291580463.0,57099304.0
11887,2051-05-01,GW_storage_CO_DEN_GW[AF],179705.0,20400038326.0,57279009.0
11888,2051-06-01,GW_storage_CO_DEN_GW[AF],180388.0,20508257786.0,57459397.0
11889,2051-07-01,GW_storage_CO_DEN_GW[AF],180407.0,20615875318.0,57639804.0
11890,2051-08-01,GW_storage_CO_DEN_GW[AF],180403.0,20722198437.0,57820207.0
11891,2051-09-01,GW_storage_CO_DEN_GW[AF],180401.0,20827038775.0,58000608.0
11892,2051-10-01,GW_storage_CO_DEN_GW[AF],180404.0,20930437548.0,58181012.0
11893,2051-11-01,GW_storage_CO_DEN_GW[AF],180415.0,21032468769.0,58361427.0
11894,2051-12-01,GW_storage_CO_DEN_GW[AF],180417.0,21133705710.0,58541844.0
11895,2052-01-01,GW_storage_CO_DEN_GW[AF],180422.0,21233433839.0,58722266.0
11896,2052-02-01,GW_storage_CO_DEN_GW[AF],180418.0,21331717041.0,58902684.0
11897,2052-03-01,GW_storage_CO_DEN_GW[AF],180412.0,21429607427.0,59083096.0
11898,2052-04-01,GW_storage_CO_DEN_GW[AF],179804.0,21527851494.0,59262900.0
11899,2052-05-01,GW_storage_CO_DEN_GW[AF],179004.0,21624977785.0,59441904.0
11900,2052-06-01,GW_storage_CO_DEN_GW[AF],178550.0,21720857498.0,59620454.0
11901,2052-07-01,GW_storage_CO_DEN_GW[AF],179126.0,21815421513.0,59799580.0
11902,2052-08-01,GW_storage_CO_DEN_GW[AF],179749.0,21908765850.0,59979329.0
11903,2052-09-01,GW_storage_CO_DEN_GW[AF],179575.0,22001026854.0,60158904.0
11904,2052-10-01,GW_storage_CO_DEN_GW[AF],179534.0,22092179195.0,60338438.0
11905,2052-11-01,GW_storage_CO_DEN_GW[AF],179517.0,22182158688.0,60517955.0
11906,2052-12-01,GW_storage_CO_DEN_GW[AF],179509.0,22270990851.0,60697464.0
11907,2053-01-01,GW_storage_CO_DEN_GW[AF],179510.0,22358572318.0,60876974.0
11908,2053-02-01,GW_storage_CO_DEN_GW[AF],179497.0,22445234888.0,61056471.0
11909,2053-03-01,GW_storage_CO_DEN_GW[AF],179491.0,22531338210.0,61235962.0
11910,2053-04-01,GW_storage_CO_DEN_GW[AF],180348.0,22618197854.0,61416310.0
11911,2053-05-01,GW_storage_CO_DEN_GW[AF],180470.0,22705000235.0,61596780.0
11912,2053-06-01,GW_storage_CO_DEN_GW[AF],180779.0,22792005107.0,61777559.0
11913,2053-07-01,GW_storage_CO_DEN_GW[AF],180992.0,22878611714.0,61958551.0
11914,2053-08-01,GW_storage_CO_DEN_GW[AF],181270.0,22964123789.0,62139821.0
11915,2053-09-01,GW_storage_CO_DEN_GW[AF],181196.0,23048536524.0,62321017.0
11916,2053-10-01,GW_storage_CO_DEN_GW[AF],181187.0,23131866519.0,62502204.0
11917,2053-11-01,GW_storage_CO_DEN_GW[AF],181190.0,23214276747.0,62683394.0
11918,2053-12-01,GW_storage_CO_DEN_GW[AF],181182.0,23295578937.0,62864576.0
11919,2054-01-01,GW_storage_CO_DEN_GW[AF],181168.0,23375761806.0,63045744.0
11920,2054-02-01,GW_storage_CO_DEN_GW[AF],181170.0,23454991045.0,63226914.0
11921,2054-03-01,GW_storage_CO_DEN_GW[AF],181151.0,23533194281.0,63408065.0
11922,2054-04-01,GW_storage_CO_DEN_GW[AF],180905.0,23610840643.0,63588970.0
11923,2054-05-01,GW_storage_CO_DEN_GW[AF],180891.0,23687968757.0,63769861.0
11924,2054-06-01,GW_storage_CO_DEN_GW[AF],180994.0,23764134532.0,63950855.0
11925,2054-07-01,GW_storage_CO_DEN_GW[AF],180905.0,23839346953.0,64131760.0
11926,2054-08-01,GW_storage_CO_DEN_GW[AF],180884.0,23913680649.0,64312644.0
11927,2054-09-01,GW_storage_CO_DEN_GW[AF],180869.0,23987275722.0,64493513.0
11928,2054-10-01,GW_storage_CO_DEN_GW[AF],180862.0,24060063673.0,64674375.0
11929,2054-11-01,GW_storage_CO_DEN_GW[AF],185928.0,24132040073.0,64860303.0
11930,2054-12-01,GW_storage_CO_DEN_GW[AF],185932.0,24203075252.0,65046235.0
11931,2055-01-01,GW_storage_CO_DEN_GW[AF],185941.0,24273232069.0,65232176.0
11932,2055-02-01,GW_storage_CO_DEN_GW[AF],185936.0,24346983422.0,65418112.0
11933,2055-03-01,GW_storage_CO_DEN_GW[AF],185940.0,24429418525.0,65604052.0
11934,2055-04-01,GW_storage_CO_DEN_GW[AF],183092.0,24519974284.0,65787144.0
11935,2055-05-01,GW_storage_CO_DEN_GW[AF],182952.0,24612887460.0,65970096.0
11936,2055-06-01,GW_storage_CO_DEN_GW[AF],182696.0,24705731755.0,66152792.0
11937,2055-07-01,GW_storage_CO_DEN_GW[AF],201914.0,24797561549.0,66354706.0
11938,2055-08-01,GW_storage_CO_DEN_GW[AF],201924.0,24888417864.0,66556630.0
11939,2055-09-01,GW_storage_CO_DEN_GW[AF],201729.0,24978247446.0,66758359.0
11940,2055-10-01,GW_storage_CO_DEN_GW[AF],201827.0,25067037402.0,66960186.0
11941,2055-11-01,GW_storage_CO_DEN_GW[AF],201750.0,25154620871.0,67161936.0
11942,2055-12-01,GW_storage_CO_DEN_GW[AF],201755.0,25240958786.0,67363691.0
11943,2056-01-01,GW_storage_CO_DEN_GW[AF],201747.0,25326085001.0,67565438.0
11944,2056-02-01,GW_storage_CO_DEN_GW[AF],201747.0,25410115783.0,67767185.0
11945,2056-03-01,GW_storage_CO_DEN_GW[AF],201738.0,25493046199.0,67968923.0
11946,2056-04-01,GW_storage_CO_DEN_GW[AF],197610.0,25579867650.0,68166533.0
11947,2056-05-01,GW_storage_CO_DEN_GW[AF],194090.0,25665994452.0,68360623.0
11948,2056-06-01,GW_storage_CO_DEN_GW[AF],190009.0,25751014051.0,68550632.0
11949,2056-07-01,GW_storage_CO_DEN_GW[AF],189558.0,25834999057.0,68740190.0
11950,2056-08-01,GW_storage_CO_DEN_GW[AF],189550.0,25918012980.0,68929740.0
11951,2056-09-01,GW_storage_CO_DEN_GW[AF],189476.0,26000006720.0,69119216.0
11952,2056-10-01,GW_storage_CO_DEN_GW[AF],189475.0,26080893812.0,69308691.0
11953,2056-11-01,GW_storage_CO_DEN_GW[AF],189483.0,26160908259.0,69498174.0
11954,2056-12-01,GW_storage_CO_DEN_GW[AF],189481.0,26240212456.0,69687655.0
11955,2057-01-01,GW_storage_CO_DEN_GW[AF],189476.0,26318587848.0,69877131.0
11956,2057-02-01,GW_storage_CO_DEN_GW[AF],189485.0,26395985372.0,70066616.0
11957,2057-03-01,GW_storage_CO_DEN_GW[AF],189511.0,26472734266.0,70256127.0
11958,2057-04-01,GW_storage_CO_DEN_GW[AF],187420.0,26556295278.0,70443547.0
11959,2057-05-01,GW_storage_CO_DEN_GW[AF],185948.0,26638790503.0,70629495.0
11960,2057-06-01,GW_storage_CO_DEN_GW[AF],185078.0,26720263696.0,70814573.0
11961,2057-07-01,GW_storage_CO_DEN_GW[AF],184762.0,26800720453.0,70999335.0
11962,2057-08-01,GW_storage_CO_DEN_GW[AF],184748.0,26880212595.0,71184083.0
11963,2057-09-01,GW_storage_CO_DEN_GW[AF],184760.0,26958875022.0,71368843.0
11964,2057-10-01,GW_storage_CO_DEN_GW[AF],184738.0,27036568588.0,71553581.0
11965,2057-11-01,GW_storage_CO_DEN_GW[AF],184722.0,27113396201.0,71738303.0
11966,2057-12-01,GW_storage_CO_DEN_GW[AF],184726.0,27189264327.0,71923029.0
11967,2058-01-01,GW_storage_CO_DEN_GW[AF],184731.0,27264124633.0,72107760.0
11968,2058-02-01,GW_storage_CO_DEN_GW[AF],184742.0,27348265847.0,72292502.0
11969,2058-03-01,GW_storage_CO_DEN_GW[AF],184734.0,27440889382.0,72477236.0
11970,2058-04-01,GW_storage_CO_DEN_GW[AF],184431.0,27539133274.0,72661667.0
11971,2058-05-01,GW_storage_CO_DEN_GW[AF],180645.0,27639449314.0,72842312.0
11972,2058-06-01,GW_storage_CO_DEN_GW[AF],180928.0,27738779306.0,73023240.0
11973,2058-07-01,GW_storage_CO_DEN_GW[AF],181068.0,27837531793.0,73204308.0
11974,2058-08-01,GW_storage_CO_DEN_GW[AF],181155.0,27935280444.0,73385463.0
11975,2058-09-01,GW_storage_CO_DEN_GW[AF],181075.0,28031862865.0,73566538.0
11976,2058-10-01,GW_storage_CO_DEN_GW[AF],181068.0,28127260463.0,73747606.0
11977,2058-11-01,GW_storage_CO_DEN_GW[AF],181090.0,28221366217.0,73928696.0
11978,2058-12-01,GW_storage_CO_DEN_GW[AF],181094.0,28314157055.0,74109790.0
11979,2059-01-01,GW_storage_CO_DEN_GW[AF],181098.0,28405540773.0,74290888.0
11980,2059-02-01,GW_storage_CO_DEN_GW[AF],181118.0,28502067677.0,74472006.0
11981,2059-03-01,GW_storage_CO_DEN_GW[AF],181107.0,28605457246.0,74653113.0
11982,2059-04-01,GW_storage_CO_DEN_GW[AF],180627.0,28717814838.0,74833740.0
11983,2059-05-01,GW_storage_CO_DEN_GW[AF],180364.0,28830913147.0,75014104.0
11984,2059-06-01,GW_storage_CO_DEN_GW[AF],180342.0,28943770190.0,75194446.0
11985,2059-07-01,GW_storage_CO_DEN_GW[AF],180058.0,29055182582.0,75374504.0
11986,2059-08-01,GW_storage_CO_DEN_GW[AF],180184.0,29165160032.0,75554688.0
11987,2059-09-01,GW_storage_CO_DEN_GW[AF],180107.0,29273920291.0,75734795.0
11988,2059-10-01,GW_storage_CO_DEN_GW[AF],180012.0,29381402010.0,75914807.0
11989,2059-11-01,GW_storage_CO_DEN_GW[AF],180017.0,29487451547.0,76094824.0
11990,2059-12-01,GW_storage_CO_DEN_GW[AF],180023.0,29592083281.0,76274847.0
11991,2060-01-01,GW_storage_CO_DEN_GW[AF],180020.0,29695071869.0,76454867.0
11992,2060-02-01,GW_storage_CO_DEN_GW[AF],180038.0,29797999369.0,76634905.0
11993,2060-03-01,GW_storage_CO_DEN_GW[AF],180083.0,29907235449.0,76814988.0
11994,2060-04-01,GW_storage_CO_DEN_GW[AF],179304.0,30022282651.0,76994292.0
11995,2060-05-01,GW_storage_CO_DEN_GW[AF],175599.0,30138204137.0,77169891.0
11996,2060-06-01,GW_storage_CO_DEN_GW[AF],175602.0,30253989194.0,77345493.0
11997,2060-07-01,GW_storage_CO_DEN_GW[AF],175322.0,30369445165.0,77520815.0
11998,2060-08-01,GW_storage_CO_DEN_GW[AF],175458.0,30483354195.0,77696273.0
11999,2060-09-01,GW_storage_CO_DEN_GW[AF],175411.0,30595912136.0,77871684.0
12000,2060-10-01,GW_storage_CO_DEN_GW[AF],175403.0,30707058453.0,78047087.0
12001,2060-11-01,GW_storage_CO_DEN_GW[AF],178411.0,30816686913.0,78225498.0
12002,2060-12-01,GW_storage_CO_DEN_GW[AF],179103.0,30924630927.0,78404601.0
12003,2061-01-01,GW_storage_CO_DEN_GW[AF],179068.0,31038058188.0,78583669.0
12004,2061-02-01,GW_storage_CO_DEN_GW[AF],179049.0,31163247262.0,78762718.0
12005,2061-03-01,GW_storage_CO_DEN_GW[AF],179075.0,31301926464.0,78941793.0
12006,2061-04-01,GW_storage_CO_DEN_GW[AF],178226.0,31460043743.0,79120019.0
12007,2061-05-01,GW_storage_CO_DEN_GW[AF],177881.0,31621719240.0,79297900.0
12008,2061-06-01,GW_storage_CO_DEN_GW[AF],177806.0,31781944019.0,79475706.0
12009,2061-07-01,GW_storage_CO_DEN_GW[AF],177737.0,31940594248.0,79653443.0
12010,2061-08-01,GW_storage_CO_DEN_GW[AF],177727.0,32097666692.0,79831170.0
12011,2061-09-01,GW_storage_CO_DEN_GW[AF],177728.0,32253244922.0,80008898.0
12012,2061-10-01,GW_storage_CO_DEN_GW[AF],177717.0,32407132898.0,80186615.0
12013,2061-11-01,GW_storage_CO_DEN_GW[AF],177690.0,32559108380.0,80364305.0
12014,2061-12-01,GW_storage_CO_DEN_GW[AF],177681.0,32709321481.0,80541986.0
12015,2062-01-01,GW_storage_CO_DEN_GW[AF],177685.0,32858735378.0,80719671.0
12016,2062-02-01,GW_storage_CO_DEN_GW[AF],177680.0,33022044851.0,80897351.0
12017,2062-03-01,GW_storage_CO_DEN_GW[AF],177691.0,33198837130.0,81075042.0
12018,2062-04-01,GW_storage_CO_DEN_GW[AF],177094.0,33390837210.0,81252136.0
12019,2062-05-01,GW_storage_CO_DEN_GW[AF],176399.0,33584259641.0,81428535.0
12020,2062-06-01,GW_storage_CO_DEN_GW[AF],176424.0,33776858517.0,81604959.0
12021,2062-07-01,GW_storage_CO_DEN_GW[AF],176221.0,33967635736.0,81781180.0
12022,2062-08-01,GW_storage_CO_DEN_GW[AF],176273.0,34156855847.0,81957453.0
12023,2062-09-01,GW_storage_CO_DEN_GW[AF],176226.0,34344548104.0,82133679.0
12024,2062-10-01,GW_storage_CO_DEN_GW[AF],176273.0,34530332137.0,82309952.0
12025,2062-11-01,GW_storage_CO_DEN_GW[AF],176315.0,34714073091.0,82486267.0
12026,2062-12-01,GW_storage_CO_DEN_GW[AF],176321.0,34895778448.0,82662588.0
12027,2063-01-01,GW_storage_CO_DEN_GW[AF],176317.0,35079072230.0,82838905.0
12028,2063-02-01,GW_storage_CO_DEN_GW[AF],176319.0,35269350335.0,83015224.0
12029,2063-03-01,GW_storage_CO_DEN_GW[AF],176322.0,35470064786.0,83191546.0
12030,2063-04-01,GW_storage_CO_DEN_GW[AF],176295.0,35683040547.0,83367841.0
12031,2063-05-01,GW_storage_CO_DEN_GW[AF],175561.0,35907121073.0,83543402.0
12032,2063-06-01,GW_storage_CO_DEN_GW[AF],175550.0,36134854310.0,83718952.0
12033,2063-07-01,GW_storage_CO_DEN_GW[AF],175519.0,36361472567.0,83894471.0
12034,2063-08-01,GW_storage_CO_DEN_GW[AF],175533.0,36586142514.0,84070004.0
12035,2063-09-01,GW_storage_CO_DEN_GW[AF],175537.0,36808934029.0,84245541.0
12036,2063-10-01,GW_storage_CO_DEN_GW[AF],175549.0,37029507927.0,84421090.0
12037,2063-11-01,GW_storage_CO_DEN_GW[AF],175484.0,37248012309.0,84596574.0
12038,2063-12-01,GW_storage_CO_DEN_GW[AF],175531.0,37465671472.0,84772105.0
12039,2064-01-01,GW_storage_CO_DEN_GW[AF],175528.0,37694815963.0,84947633.0
12040,2064-02-01,GW_storage_CO_DEN_GW[AF],175529.0,37945097639.0,85123162.0
12041,2064-03-01,GW_storage_CO_DEN_GW[AF],175548.0,38213638934.0,85298710.0
12042,2064-04-01,GW_storage_CO_DEN_GW[AF],175553.0,38493367090.0,85474263.0
12043,2064-05-01,GW_storage_CO_DEN_GW[AF],174882.0,38776738105.0,85649145.0
12044,2064-06-01,GW_storage_CO_DEN_GW[AF],174883.0,39060661713.0,85824028.0
12045,2064-07-01,GW_storage_CO_DEN_GW[AF],174907.0,39341932866.0,85998935.0
12046,2064-08-01,GW_storage_CO_DEN_GW[AF],174674.0,39620711220.0,86173609.0
12047,2064-09-01,GW_storage_CO_DEN_GW[AF],174734.0,39897002798.0,86348343.0
12048,2064-10-01,GW_storage_CO_DEN_GW[AF],174716.0,40170736712.0,86523059.0
12049,2064-11-01,GW_storage_CO_DEN_GW[AF],174714.0,40442044957.0,86697773.0
12050,2064-12-01,GW_storage_CO_DEN_GW[AF],174727.0,40711834451.0,86872500.0
12051,2065-01-01,GW_storage_CO_DEN_GW[AF],174728.0,40982757097.0,87047228.0
12052,2065-02-01,GW_storage_CO_DEN_GW[AF],174731.0,41255716076.0,87221959.0
12053,2065-03-01,GW_storage_CO_DEN_GW[AF],174739.0,41533378347.0,87396698.0
12054,2065-04-01,GW_storage_CO_DEN_GW[AF],174098.0,41819419395.0,87570796.0
12055,2065-05-01,GW_storage_CO_DEN_GW[AF],173904.0,42107659636.0,87744700.0
12056,2065-06-01,GW_storage_CO_DEN_GW[AF],173820.0,42393392346.0,87918520.0
12057,2065-07-01,GW_storage_CO_DEN_GW[AF],173783.0,42678359041.0,88092303.0
12058,2065-08-01,GW_storage_CO_DEN_GW[AF],173783.0,42960938762.0,88266086.0
12059,2065-09-01,GW_storage_CO_DEN_GW[AF],173801.0,43241061639.0,88439887.0
12060,2065-10-01,GW_storage_CO_DEN_GW[AF],173819.0,43518553408.0,88613706.0
12061,2065-11-01,GW_storage_CO_DEN_GW[AF],173826.0,43793351378.0,88787532.0
12062,2065-12-01,GW_storage_CO_DEN_GW[AF],173835.0,44065325818.0,88961367.0
12063,2066-01-01,GW_storage_CO_DEN_GW[AF],173816.0,44334625115.0,89135183.0
12064,2066-02-01,GW_storage_CO_DEN_GW[AF],173820.0,44601575728.0,89309003.0
12065,2066-03-01,GW_storage_CO_DEN_GW[AF],173824.0,44865977654.0,89482827.0
12066,2066-04-01,GW_storage_CO_DEN_GW[AF],173829.0,45130939542.0,89656656.0
12067,2066-05-01,GW_storage_CO_DEN_GW[AF],174212.0,45393925169.0,89830868.0
12068,2066-06-01,GW_storage_CO_DEN_GW[AF],174577.0,45654573916.0,90005445.0
12069,2066-07-01,GW_storage_CO_DEN_GW[AF],174582.0,45912927675.0,90180027.0
12070,2066-08-01,GW_storage_CO_DEN_GW[AF],174582.0,46169111465.0,90354609.0
12071,2066-09-01,GW_storage_CO_DEN_GW[AF],174595.0,46423600426.0,90529204.0
12072,2066-10-01,GW_storage_CO_DEN_GW[AF],174602.0,46676263355.0,90703806.0
12073,2066-11-01,GW_storage_CO_DEN_GW[AF],174588.0,46927228863.0,90878394.0
12074,2066-12-01,GW_storage_CO_DEN_GW[AF],174583.0,47176198480.0,91052977.0
12075,2067-01-01,GW_storage_CO_DEN_GW[AF],174574.0,47422896821.0,91227551.0
12076,2067-02-01,GW_storage_CO_DEN_GW[AF],174568.0,47667661431.0,91402119.0
12077,2067-03-01,GW_storage_CO_DEN_GW[AF],174545.0,47910308464.0,91576664.0
12078,2067-04-01,GW_storage_CO_DEN_GW[AF],174446.0,48151085524.0,91751110.0
12079,2067-05-01,GW_storage_CO_DEN_GW[AF],174431.0,48389950965.0,91925541.0
12080,2067-06-01,GW_storage_CO_DEN_GW[AF],174317.0,48627002221.0,92099858.0
12081,2067-07-01,GW_storage_CO_DEN_GW[AF],174307.0,48862124917.0,92274165.0
12082,2067-08-01,GW_storage_CO_DEN_GW[AF],174288.0,49095321876.0,92448453.0
12083,2067-09-01,GW_storage_CO_DEN_GW[AF],174317.0,49326841519.0,92622770.0
12084,2067-10-01,GW_storage_CO_DEN_GW[AF],174331.0,49556552267.0,92797101.0
12085,2067-11-01,GW_storage_CO_DEN_GW[AF],174322.0,49784868208.0,92971423.0
12086,2067-12-01,GW_storage_CO_DEN_GW[AF],174307.0,50011545293.0,93145730.0
12087,2068-01-01,GW_storage_CO_DEN_GW[AF],174921.0,50238331069.0,93320651.0
12088,2068-02-01,GW_storage_CO_DEN_GW[AF],174432.0,50478937732.0,93495083.0
12089,2068-03-01,GW_storage_CO_DEN_GW[AF],174403.0,50739381265.0,93669486.0
12090,2068-04-01,GW_storage_CO_DEN_GW[AF],174386.0,51011294375.0,93843872.0
12091,2068-05-01,GW_storage_CO_DEN_GW[AF],174384.0,51290774772.0,94018256.0
12092,2068-06-01,GW_storage_CO_DEN_GW[AF],174356.0,51571539123.0,94192612.0
12093,2068-07-01,GW_storage_CO_DEN_GW[AF],174318.0,51851333229.0,94366930.0
12094,2068-08-01,GW_storage_CO_DEN_GW[AF],174323.0,52129191774.0,94541253.0
12095,2068-09-01,GW_storage_CO_DEN_GW[AF],174314.0,52405096290.0,94715567.0
12096,2068-10-01,GW_storage_CO_DEN_GW[AF],174420.0,52678907664.0,94889987.0
12097,2068-11-01,GW_storage_CO_DEN_GW[AF],174464.0,52950483517.0,95064451.0
12098,2068-12-01,GW_storage_CO_DEN_GW[AF],174477.0,53219819895.0,95238928.0
12099,2069-01-01,GW_storage_CO_DEN_GW[AF],174481.0,53487155316.0,95413409.0
12100,2069-02-01,GW_storage_CO_DEN_GW[AF],174499.0,53760870931.0,95587908.0
12101,2069-03-01,GW_storage_CO_DEN_GW[AF],174492.0,54039428849.0,95762400.0
12102,2069-04-01,GW_storage_CO_DEN_GW[AF],174269.0,54324092180.0,95936669.0
12103,2069-05-01,GW_storage_CO_DEN_GW[AF],174258.0,54609436481.0,96110927.0
12104,2069-06-01,GW_storage_CO_DEN_GW[AF],174248.0,54894337917.0,96285175.0
12105,2069-07-01,GW_storage_CO_DEN_GW[AF],174248.0,55177218144.0,96459423.0
12106,2069-08-01,GW_storage_CO_DEN_GW[AF],174168.0,55458179949.0,96633591.0
12107,2069-09-01,GW_storage_CO_DEN_GW[AF],174135.0,55737226700.0,96807726.0
12108,2069-10-01,GW_storage_CO_DEN_GW[AF],174149.0,56014313112.0,96981875.0
12109,2069-11-01,GW_storage_CO_DEN_GW[AF],158531.0,56289244905.0,97140406.0
12110,2069-12-01,GW_storage_CO_DEN_GW[AF],158510.0,56561948550.0,97298916.0
12111,2070-01-01,GW_storage_CO_DEN_GW[AF],158509.0,56832455571.0,97457425.0
12112,2070-02-01,GW_storage_CO_DEN_GW[AF],158509.0,57101031869.0,97615934.0
12113,2070-03-01,GW_storage_CO_DEN_GW[AF],158504.0,57367456127.0,97774438.0
12114,2070-04-01,GW_storage_CO_DEN_GW[AF],158464.0,57631884127.0,97932902.0
12115,2070-05-01,GW_storage_CO_DEN_GW[AF],158598.0,57894580730.0,98091500.0
12116,2070-06-01,GW_storage_CO_DEN_GW[AF],158645.0,58156625113.0,98250145.0
12117,2070-07-01,GW_storage_CO_DEN_GW[AF],158623.0,58417720429.0,98408768.0
12118,2070-08-01,GW_storage_CO_DEN_GW[AF],158630.0,58677125935.0,98567398.0
12119,2070-09-01,GW_storage_CO_DEN_GW[AF],158613.0,58935122487.0,98726011.0
12120,2070-10-01,GW_storage_CO_DEN_GW[AF],158636.0,59191573450.0,98884647.0
12121,2070-11-01,GW_storage_CO_DEN_GW[AF],158639.0,59446278042.0,99043286.0
12122,2070-12-01,GW_storage_CO_DEN_GW[AF],158653.0,59699129256.0,99201939.0
12123,2025-07-01,GW_storage_CO_E_GW[AF],-1018.0,59233291.0,-1018.0
12124,2025-08-01,GW_storage_CO_E_GW[AF],-39463.0,60752330.0,-40481.0
12125,2025-09-01,GW_storage_CO_E_GW[AF],-28201.0,63291561.0,-68682.0
12126,2025-10-01,GW_storage_CO_E_GW[AF],-27084.0,66117192.0,-95766.0
12127,2025-11-01,GW_storage_CO_E_GW[AF],-26154.0,69169207.0,-121920.0
12128,2025-12-01,GW_storage_CO_E_GW[AF],-25825.0,72377661.0,-147745.0
12129,2026-01-01,GW_storage_CO_E_GW[AF],-25547.0,75644729.0,-173292.0
12130,2026-02-01,GW_storage_CO_E_GW[AF],-24921.0,83025589.0,-198213.0
12131,2026-03-01,GW_storage_CO_E_GW[AF],-24179.0,93674924.0,-222392.0
12132,2026-04-01,GW_storage_CO_E_GW[AF],-22309.0,112497734.0,-244701.0
12133,2026-05-01,GW_storage_CO_E_GW[AF],-21013.0,136460613.0,-265714.0
12134,2026-06-01,GW_storage_CO_E_GW[AF],-20100.0,160180041.0,-285814.0
12135,2026-07-01,GW_storage_CO_E_GW[AF],-19381.0,184580314.0,-305195.0
12136,2026-08-01,GW_storage_CO_E_GW[AF],-18778.0,208538131.0,-323973.0
12137,2026-09-01,GW_storage_CO_E_GW[AF],-18256.0,232132273.0,-342229.0
12138,2026-10-01,GW_storage_CO_E_GW[AF],-18244.0,255250646.0,-360473.0
12139,2026-11-01,GW_storage_CO_E_GW[AF],-18241.0,277908394.0,-378714.0
12140,2026-12-01,GW_storage_CO_E_GW[AF],-18240.0,300103214.0,-396954.0
12141,2027-01-01,GW_storage_CO_E_GW[AF],-18239.0,321847786.0,-415193.0
12142,2027-02-01,GW_storage_CO_E_GW[AF],-18238.0,343199646.0,-433431.0
12143,2027-03-01,GW_storage_CO_E_GW[AF],-18237.0,369620421.0,-451668.0
12144,2027-04-01,GW_storage_CO_E_GW[AF],-17797.0,409179141.0,-469465.0
12145,2027-05-01,GW_storage_CO_E_GW[AF],-17356.0,455970259.0,-486821.0
12146,2027-06-01,GW_storage_CO_E_GW[AF],-16931.0,506103237.0,-503752.0
12147,2027-07-01,GW_storage_CO_E_GW[AF],-16535.0,558027240.0,-520287.0
12148,2027-08-01,GW_storage_CO_E_GW[AF],-16138.0,610747556.0,-536425.0
12149,2027-09-01,GW_storage_CO_E_GW[AF],-15759.0,662576568.0,-552184.0
12150,2027-10-01,GW_storage_CO_E_GW[AF],-15372.0,713531026.0,-567556.0
12151,2027-11-01,GW_storage_CO_E_GW[AF],-15006.0,763602436.0,-582562.0
12152,2027-12-01,GW_storage_CO_E_GW[AF],-14637.0,812846873.0,-597199.0
12153,2028-01-01,GW_storage_CO_E_GW[AF],-14276.0,861121911.0,-611475.0
12154,2028-02-01,GW_storage_CO_E_GW[AF],-13948.0,908650771.0,-625423.0
12155,2028-03-01,GW_storage_CO_E_GW[AF],-13602.0,959000163.0,-639025.0
12156,2028-04-01,GW_storage_CO_E_GW[AF],-13284.0,1012039411.0,-652309.0
12157,2028-05-01,GW_storage_CO_E_GW[AF],-12958.0,1068060916.0,-665267.0
12158,2028-06-01,GW_storage_CO_E_GW[AF],-12697.0,1125203670.0,-677964.0
12159,2028-07-01,GW_storage_CO_E_GW[AF],-12419.0,1183903968.0,-690383.0
12160,2028-08-01,GW_storage_CO_E_GW[AF],-12133.0,1241633200.0,-702516.0
12161,2028-09-01,GW_storage_CO_E_GW[AF],-11860.0,1298536546.0,-714376.0
12162,2028-10-01,GW_storage_CO_E_GW[AF],-11868.0,1354465802.0,-726244.0
12163,2028-11-01,GW_storage_CO_E_GW[AF],-11875.0,1409406877.0,-738119.0
12164,2028-12-01,GW_storage_CO_E_GW[AF],-11880.0,1463330743.0,-749999.0
12165,2029-01-01,GW_storage_CO_E_GW[AF],-11885.0,1516331973.0,-761884.0
12166,2029-02-01,GW_storage_CO_E_GW[AF],-11674.0,1568436361.0,-773558.0
12167,2029-03-01,GW_storage_CO_E_GW[AF],-11388.0,1622957905.0,-784946.0
12168,2029-04-01,GW_storage_CO_E_GW[AF],-11122.0,1679352962.0,-796068.0
12169,2029-05-01,GW_storage_CO_E_GW[AF],-10852.0,1742904338.0,-806920.0
12170,2029-06-01,GW_storage_CO_E_GW[AF],-10613.0,1807169538.0,-817533.0
12171,2029-07-01,GW_storage_CO_E_GW[AF],-10575.0,1872474684.0,-828108.0
12172,2029-08-01,GW_storage_CO_E_GW[AF],-10446.0,1936569687.0,-838554.0
12173,2029-09-01,GW_storage_CO_E_GW[AF],-10283.0,1999536921.0,-848837.0
12174,2029-10-01,GW_storage_CO_E_GW[AF],-10036.0,2061251234.0,-858873.0
12175,2029-11-01,GW_storage_CO_E_GW[AF],-9803.0,2121792309.0,-868676.0
12176,2029-12-01,GW_storage_CO_E_GW[AF],-9565.0,2181276298.0,-878241.0
12177,2030-01-01,GW_storage_CO_E_GW[AF],-9574.0,2239598911.0,-887815.0
12178,2030-02-01,GW_storage_CO_E_GW[AF],-9407.0,2296908282.0,-897222.0
12179,2030-03-01,GW_storage_CO_E_GW[AF],-9180.0,2353273149.0,-906402.0
12180,2030-04-01,GW_storage_CO_E_GW[AF],-8992.0,2408813513.0,-915394.0
12181,2030-05-01,GW_storage_CO_E_GW[AF],-8778.0,2463288321.0,-924172.0
12182,2030-06-01,GW_storage_CO_E_GW[AF],286373.0,2519189259.0,-637799.0
12183,2030-07-01,GW_storage_CO_E_GW[AF],412010.0,2574987711.0,-225789.0
12184,2030-08-01,GW_storage_CO_E_GW[AF],453738.0,2629845780.0,227949.0
12185,2030-09-01,GW_storage_CO_E_GW[AF],443172.0,2683731630.0,671121.0
12186,2030-10-01,GW_storage_CO_E_GW[AF],432241.0,2736573135.0,1103362.0
12187,2030-11-01,GW_storage_CO_E_GW[AF],421909.0,2788437015.0,1525271.0
12188,2030-12-01,GW_storage_CO_E_GW[AF],411481.0,2839371858.0,1936752.0
12189,2031-01-01,GW_storage_CO_E_GW[AF],401305.0,2889285425.0,2338057.0
12190,2031-02-01,GW_storage_CO_E_GW[AF],392341.0,2938331300.0,2730398.0
12191,2031-03-01,GW_storage_CO_E_GW[AF],382632.0,2986403207.0,3113030.0
12192,2031-04-01,GW_storage_CO_E_GW[AF],373574.0,3034117058.0,3486604.0
12193,2031-05-01,GW_storage_CO_E_GW[AF],364433.0,3081639947.0,3851037.0
12194,2031-06-01,GW_storage_CO_E_GW[AF],356350.0,3128466639.0,4207387.0
12195,2031-07-01,GW_storage_CO_E_GW[AF],348270.0,3175256040.0,4555657.0
12196,2031-08-01,GW_storage_CO_E_GW[AF],340064.0,3221201089.0,4895721.0
12197,2031-09-01,GW_storage_CO_E_GW[AF],332184.0,3266538806.0,5227905.0
12198,2031-10-01,GW_storage_CO_E_GW[AF],324007.0,3311005126.0,5551912.0
12199,2031-11-01,GW_storage_CO_E_GW[AF],316289.0,3354843436.0,5868201.0
12200,2031-12-01,GW_storage_CO_E_GW[AF],308491.0,3397917039.0,6176692.0
12201,2032-01-01,GW_storage_CO_E_GW[AF],301014.0,3440765830.0,6477706.0
12202,2032-02-01,GW_storage_CO_E_GW[AF],295347.0,3500332884.0,6773053.0
12203,2032-03-01,GW_storage_CO_E_GW[AF],288617.0,3570397039.0,7061670.0
12204,2032-04-01,GW_storage_CO_E_GW[AF],281813.0,3645988541.0,7343483.0
12205,2032-05-01,GW_storage_CO_E_GW[AF],274889.0,3723860841.0,7618372.0
12206,2032-06-01,GW_storage_CO_E_GW[AF],268386.0,3803847465.0,7886758.0
12207,2032-07-01,GW_storage_CO_E_GW[AF],262199.0,3884065220.0,8148957.0
12208,2032-08-01,GW_storage_CO_E_GW[AF],256312.0,3963910669.0,8405269.0
12209,2032-09-01,GW_storage_CO_E_GW[AF],250548.0,4042724779.0,8655817.0
12210,2032-10-01,GW_storage_CO_E_GW[AF],248341.0,4120308321.0,8904158.0
12211,2032-11-01,GW_storage_CO_E_GW[AF],242393.0,4196679403.0,9146551.0
12212,2032-12-01,GW_storage_CO_E_GW[AF],236391.0,4271822754.0,9382942.0
12213,2033-01-01,GW_storage_CO_E_GW[AF],230537.0,4345538492.0,9613479.0
12214,2033-02-01,GW_storage_CO_E_GW[AF],225380.0,4423218301.0,9838859.0
12215,2033-03-01,GW_storage_CO_E_GW[AF],219796.0,4505470297.0,10058655.0
12216,2033-04-01,GW_storage_CO_E_GW[AF],214636.0,4590681136.0,10273291.0
12217,2033-05-01,GW_storage_CO_E_GW[AF],209404.0,4675360581.0,10482695.0
12218,2033-06-01,GW_storage_CO_E_GW[AF],204699.0,4760708398.0,10687394.0
12219,2033-07-01,GW_storage_CO_E_GW[AF],199798.0,4846138178.0,10887192.0
12220,2033-08-01,GW_storage_CO_E_GW[AF],194941.0,4931118427.0,11082133.0
12221,2033-09-01,GW_storage_CO_E_GW[AF],190341.0,5014914731.0,11272474.0
12222,2033-10-01,GW_storage_CO_E_GW[AF],185663.0,5097508172.0,11458137.0
12223,2033-11-01,GW_storage_CO_E_GW[AF],184874.0,5178663669.0,11643011.0
12224,2033-12-01,GW_storage_CO_E_GW[AF],184942.0,5258443309.0,11827953.0
12225,2034-01-01,GW_storage_CO_E_GW[AF],183582.0,5339163828.0,12011535.0
12226,2034-02-01,GW_storage_CO_E_GW[AF],180319.0,5418722190.0,12191854.0
12227,2034-03-01,GW_storage_CO_E_GW[AF],175888.0,5500220744.0,12367742.0
12228,2034-04-01,GW_storage_CO_E_GW[AF],171717.0,5584032903.0,12539459.0
12229,2034-05-01,GW_storage_CO_E_GW[AF],167505.0,5676873319.0,12706964.0
12230,2034-06-01,GW_storage_CO_E_GW[AF],163523.0,5773341236.0,12870487.0
12231,2034-07-01,GW_storage_CO_E_GW[AF],159508.0,5871231225.0,13029995.0
12232,2034-08-01,GW_storage_CO_E_GW[AF],155582.0,5968392389.0,13185577.0
12233,2034-09-01,GW_storage_CO_E_GW[AF],151882.0,6064112138.0,13337459.0
12234,2034-10-01,GW_storage_CO_E_GW[AF],148157.0,6158273690.0,13485616.0
12235,2034-11-01,GW_storage_CO_E_GW[AF],145986.0,6251013792.0,13631602.0
12236,2034-12-01,GW_storage_CO_E_GW[AF],143132.0,6342469856.0,13774734.0
12237,2035-01-01,GW_storage_CO_E_GW[AF],140333.0,6432436397.0,13915067.0
12238,2035-02-01,GW_storage_CO_E_GW[AF],137857.0,6520973109.0,14052924.0
12239,2035-03-01,GW_storage_CO_E_GW[AF],134479.0,6608114132.0,14187403.0
12240,2035-04-01,GW_storage_CO_E_GW[AF],131303.0,6694040771.0,14318706.0
12241,2035-05-01,GW_storage_CO_E_GW[AF],128099.0,6778544504.0,14446805.0
12242,2035-06-01,GW_storage_CO_E_GW[AF],125274.0,6863239534.0,14572079.0
12243,2035-07-01,GW_storage_CO_E_GW[AF],122550.0,6947511289.0,14694629.0
12244,2035-08-01,GW_storage_CO_E_GW[AF],119727.0,7030376153.0,14814356.0
12245,2035-09-01,GW_storage_CO_E_GW[AF],116991.0,7112119087.0,14931347.0
12246,2035-10-01,GW_storage_CO_E_GW[AF],114116.0,7192574428.0,15045463.0
12247,2035-11-01,GW_storage_CO_E_GW[AF],181215.0,7271865334.0,15226678.0
12248,2035-12-01,GW_storage_CO_E_GW[AF],176738.0,7350179909.0,15403416.0
12249,2036-01-01,GW_storage_CO_E_GW[AF],172369.0,7427195979.0,15575785.0
12250,2036-02-01,GW_storage_CO_E_GW[AF],168383.0,7503024891.0,15744168.0
12251,2036-03-01,GW_storage_CO_E_GW[AF],164213.0,7577632108.0,15908381.0
12252,2036-04-01,GW_storage_CO_E_GW[AF],160315.0,7651185144.0,16068696.0
12253,2036-05-01,GW_storage_CO_E_GW[AF],156369.0,7724300240.0,16225065.0
12254,2036-06-01,GW_storage_CO_E_GW[AF],152645.0,7796353708.0,16377710.0
12255,2036-07-01,GW_storage_CO_E_GW[AF],148894.0,7867314948.0,16526604.0
12256,2036-08-01,GW_storage_CO_E_GW[AF],145253.0,7937241278.0,16671857.0
12257,2036-09-01,GW_storage_CO_E_GW[AF],141834.0,8006295323.0,16813691.0
12258,2036-10-01,GW_storage_CO_E_GW[AF],138373.0,8074305646.0,16952064.0
12259,2036-11-01,GW_storage_CO_E_GW[AF],138477.0,8141376577.0,17090541.0
12260,2036-12-01,GW_storage_CO_E_GW[AF],138562.0,8207644541.0,17229103.0
12261,2037-01-01,GW_storage_CO_E_GW[AF],138635.0,8273161410.0,17367738.0
12262,2037-02-01,GW_storage_CO_E_GW[AF],138700.0,8337733681.0,17506438.0
12263,2037-03-01,GW_storage_CO_E_GW[AF],135303.0,8401237350.0,17641741.0
12264,2037-04-01,GW_storage_CO_E_GW[AF],132135.0,8463716442.0,17773876.0
12265,2037-05-01,GW_storage_CO_E_GW[AF],128930.0,8525229166.0,17902806.0
12266,2037-06-01,GW_storage_CO_E_GW[AF],126198.0,8585780498.0,18029004.0
12267,2037-07-01,GW_storage_CO_E_GW[AF],123833.0,8645518277.0,18152837.0
12268,2037-08-01,GW_storage_CO_E_GW[AF],121191.0,8704580765.0,18274028.0
12269,2037-09-01,GW_storage_CO_E_GW[AF],118543.0,8763159684.0,18392571.0
12270,2037-10-01,GW_storage_CO_E_GW[AF],115641.0,8821181815.0,18508212.0
12271,2037-11-01,GW_storage_CO_E_GW[AF],112906.0,8878677095.0,18621118.0
12272,2037-12-01,GW_storage_CO_E_GW[AF],110154.0,8935618642.0,18731272.0
12273,2038-01-01,GW_storage_CO_E_GW[AF],108809.0,8991690289.0,18840081.0
12274,2038-02-01,GW_storage_CO_E_GW[AF],106885.0,9049081585.0,18946966.0
12275,2038-03-01,GW_storage_CO_E_GW[AF],104261.0,9108044798.0,19051227.0
12276,2038-04-01,GW_storage_CO_E_GW[AF],101846.0,9168794933.0,19153073.0
12277,2038-05-01,GW_storage_CO_E_GW[AF],99391.0,9229969082.0,19252464.0
12278,2038-06-01,GW_storage_CO_E_GW[AF],97036.0,9290494843.0,19349500.0
12279,2038-07-01,GW_storage_CO_E_GW[AF],94662.0,9350294408.0,19444162.0
12280,2038-08-01,GW_storage_CO_E_GW[AF],92334.0,9409318940.0,19536496.0
12281,2038-09-01,GW_storage_CO_E_GW[AF],90123.0,9467673979.0,19626619.0
12282,2038-10-01,GW_storage_CO_E_GW[AF],87905.0,9525253636.0,19714524.0
12283,2038-11-01,GW_storage_CO_E_GW[AF],85814.0,9582098472.0,19800338.0
12284,2038-12-01,GW_storage_CO_E_GW[AF],83700.0,9638248766.0,19884038.0
12285,2039-01-01,GW_storage_CO_E_GW[AF],81637.0,9693650977.0,19965675.0
12286,2039-02-01,GW_storage_CO_E_GW[AF],79818.0,9750458830.0,20045493.0
12287,2039-03-01,GW_storage_CO_E_GW[AF],77852.0,9809156458.0,20123345.0
12288,2039-04-01,GW_storage_CO_E_GW[AF],76003.0,9868559467.0,20199348.0
12289,2039-05-01,GW_storage_CO_E_GW[AF],74157.0,9927385773.0,20273505.0
12290,2039-06-01,GW_storage_CO_E_GW[AF],72659.0,9986965256.0,20346164.0
12291,2039-07-01,GW_storage_CO_E_GW[AF],71217.0,10046475029.0,20417381.0
12292,2039-08-01,GW_storage_CO_E_GW[AF],69654.0,10105238592.0,20487035.0
12293,2039-09-01,GW_storage_CO_E_GW[AF],68103.0,10163363477.0,20555138.0
12294,2039-10-01,GW_storage_CO_E_GW[AF],66439.0,10220781260.0,20621577.0
12295,2039-11-01,GW_storage_CO_E_GW[AF],66481.0,10277373162.0,20688058.0
12296,2039-12-01,GW_storage_CO_E_GW[AF],66514.0,10333185165.0,20754572.0
12297,2040-01-01,GW_storage_CO_E_GW[AF],66539.0,10388289039.0,20821111.0
12298,2040-02-01,GW_storage_CO_E_GW[AF],66563.0,10442633493.0,20887674.0
12299,2040-03-01,GW_storage_CO_E_GW[AF],64933.0,10496196844.0,20952607.0
12300,2040-04-01,GW_storage_CO_E_GW[AF],63403.0,10549040409.0,21016010.0
12301,2040-05-01,GW_storage_CO_E_GW[AF],61856.0,10601395194.0,21077866.0
12302,2040-06-01,GW_storage_CO_E_GW[AF],60390.0,10653107949.0,21138256.0
12303,2040-07-01,GW_storage_CO_E_GW[AF],58906.0,10704171007.0,21197162.0
12304,2040-08-01,GW_storage_CO_E_GW[AF],57457.0,10754605305.0,21254619.0
12305,2040-09-01,GW_storage_CO_E_GW[AF],56091.0,10804445973.0,21310710.0
12306,2040-10-01,GW_storage_CO_E_GW[AF],56106.0,10853648570.0,21366816.0
12307,2040-11-01,GW_storage_CO_E_GW[AF],56121.0,10902484914.0,21422937.0
12308,2040-12-01,GW_storage_CO_E_GW[AF],56133.0,10950730644.0,21479070.0
12309,2041-01-01,GW_storage_CO_E_GW[AF],56145.0,10998281298.0,21535215.0
12310,2041-02-01,GW_storage_CO_E_GW[AF],56156.0,11047818234.0,21591371.0
12311,2041-03-01,GW_storage_CO_E_GW[AF],54776.0,11099139984.0,21646147.0
12312,2041-04-01,GW_storage_CO_E_GW[AF],53483.0,11151170281.0,21699630.0
12313,2041-05-01,GW_storage_CO_E_GW[AF],52183.0,11202540882.0,21751813.0
12314,2041-06-01,GW_storage_CO_E_GW[AF],131191.0,11253584926.0,21883004.0
12315,2041-07-01,GW_storage_CO_E_GW[AF],128109.0,11304087287.0,22011113.0
12316,2041-08-01,GW_storage_CO_E_GW[AF],125023.0,11354085428.0,22136136.0
12317,2041-09-01,GW_storage_CO_E_GW[AF],122099.0,11403615397.0,22258235.0
12318,2041-10-01,GW_storage_CO_E_GW[AF],119120.0,11452671944.0,22377355.0
12319,2041-11-01,GW_storage_CO_E_GW[AF],116313.0,11501212889.0,22493668.0
12320,2041-12-01,GW_storage_CO_E_GW[AF],114001.0,11549056939.0,22607669.0
12321,2042-01-01,GW_storage_CO_E_GW[AF],113092.0,11596204581.0,22720761.0
12322,2042-02-01,GW_storage_CO_E_GW[AF],111100.0,11642935334.0,22831861.0
12323,2042-03-01,GW_storage_CO_E_GW[AF],108380.0,11689092595.0,22940241.0
12324,2042-04-01,GW_storage_CO_E_GW[AF],105839.0,11735022869.0,23046080.0
12325,2042-05-01,GW_storage_CO_E_GW[AF],103269.0,11780876718.0,23149349.0
12326,2042-06-01,GW_storage_CO_E_GW[AF],100841.0,11826092725.0,23250190.0
12327,2042-07-01,GW_storage_CO_E_GW[AF],98497.0,11871546727.0,23348687.0
12328,2042-08-01,GW_storage_CO_E_GW[AF],96148.0,11916431990.0,23444835.0
12329,2042-09-01,GW_storage_CO_E_GW[AF],93907.0,11960791410.0,23538742.0
12330,2042-10-01,GW_storage_CO_E_GW[AF],93785.0,12004660184.0,23632527.0
12331,2042-11-01,GW_storage_CO_E_GW[AF],93817.0,12048130811.0,23726344.0
12332,2042-12-01,GW_storage_CO_E_GW[AF],93841.0,12091062837.0,23820185.0
12333,2043-01-01,GW_storage_CO_E_GW[AF],93861.0,12133444088.0,23914046.0
12334,2043-02-01,GW_storage_CO_E_GW[AF],93878.0,12175363925.0,24007924.0
12335,2043-03-01,GW_storage_CO_E_GW[AF],93892.0,12216725340.0,24101816.0
12336,2043-04-01,GW_storage_CO_E_GW[AF],91637.0,12257666079.0,24193453.0
12337,2043-05-01,GW_storage_CO_E_GW[AF],89399.0,12298078753.0,24282852.0
12338,2043-06-01,GW_storage_CO_E_GW[AF],87290.0,12338040338.0,24370142.0
12339,2043-07-01,GW_storage_CO_E_GW[AF],85152.0,12377535688.0,24455294.0
12340,2043-08-01,GW_storage_CO_E_GW[AF],83054.0,12416568319.0,24538348.0
12341,2043-09-01,GW_storage_CO_E_GW[AF],81094.0,12455234071.0,24619442.0
12342,2043-10-01,GW_storage_CO_E_GW[AF],79114.0,12493493716.0,24698556.0
12343,2043-11-01,GW_storage_CO_E_GW[AF],79172.0,12531340494.0,24777728.0
12344,2043-12-01,GW_storage_CO_E_GW[AF],79221.0,12568703212.0,24856949.0
12345,2044-01-01,GW_storage_CO_E_GW[AF],79261.0,12605614127.0,24936210.0
12346,2044-02-01,GW_storage_CO_E_GW[AF],79294.0,12642100391.0,25015504.0
12347,2044-03-01,GW_storage_CO_E_GW[AF],78623.0,12678094207.0,25094127.0
12348,2044-04-01,GW_storage_CO_E_GW[AF],76765.0,12715489683.0,25170892.0
12349,2044-05-01,GW_storage_CO_E_GW[AF],74893.0,12757376464.0,25245785.0
12350,2044-06-01,GW_storage_CO_E_GW[AF],73156.0,12798680033.0,25318941.0
12351,2044-07-01,GW_storage_CO_E_GW[AF],71393.0,12840178366.0,25390334.0
12352,2044-08-01,GW_storage_CO_E_GW[AF],69661.0,12881238666.0,25459995.0
12353,2044-09-01,GW_storage_CO_E_GW[AF],68011.0,12921922929.0,25528006.0
12354,2044-10-01,GW_storage_CO_E_GW[AF],68049.0,12962137170.0,25596055.0
12355,2044-11-01,GW_storage_CO_E_GW[AF],68084.0,13001917872.0,25664139.0
12356,2044-12-01,GW_storage_CO_E_GW[AF],68113.0,13041192913.0,25732252.0
12357,2045-01-01,GW_storage_CO_E_GW[AF],68138.0,13079996277.0,25800390.0
12358,2045-02-01,GW_storage_CO_E_GW[AF],68160.0,13119222084.0,25868550.0
12359,2045-03-01,GW_storage_CO_E_GW[AF],68177.0,13158364150.0,25936727.0
12360,2045-04-01,GW_storage_CO_E_GW[AF],66577.0,13198157185.0,26003304.0
12361,2045-05-01,GW_storage_CO_E_GW[AF],64955.0,13237869018.0,26068259.0
12362,2045-06-01,GW_storage_CO_E_GW[AF],63423.0,13278774379.0,26131682.0
12363,2045-07-01,GW_storage_CO_E_GW[AF],61984.0,13324244062.0,26193666.0
12364,2045-08-01,GW_storage_CO_E_GW[AF],60541.0,13372386542.0,26254207.0
12365,2045-09-01,GW_storage_CO_E_GW[AF],60621.0,13419876881.0,26314828.0
12366,2045-10-01,GW_storage_CO_E_GW[AF],60653.0,13466818785.0,26375481.0
12367,2045-11-01,GW_storage_CO_E_GW[AF],60674.0,13513160105.0,26436155.0
12368,2045-12-01,GW_storage_CO_E_GW[AF],60692.0,13560745919.0,26496847.0
12369,2046-01-01,GW_storage_CO_E_GW[AF],60707.0,13615290772.0,26557554.0
12370,2046-02-01,GW_storage_CO_E_GW[AF],60721.0,13677811710.0,26618275.0
12371,2046-03-01,GW_storage_CO_E_GW[AF],60744.0,13748607831.0,26679019.0
12372,2046-04-01,GW_storage_CO_E_GW[AF],59305.0,13826873589.0,26738324.0
12373,2046-05-01,GW_storage_CO_E_GW[AF],60733.0,13907944967.0,26799057.0
12374,2046-06-01,GW_storage_CO_E_GW[AF],59303.0,13989979852.0,26858360.0
12375,2046-07-01,GW_storage_CO_E_GW[AF],61384.0,14071604903.0,26919744.0
12376,2046-08-01,GW_storage_CO_E_GW[AF],59913.0,14152131683.0,26979657.0
12377,2046-09-01,GW_storage_CO_E_GW[AF],58496.0,14231617714.0,27038153.0
12378,2046-10-01,GW_storage_CO_E_GW[AF],57053.0,14310005025.0,27095206.0
12379,2046-11-01,GW_storage_CO_E_GW[AF],55685.0,14387273527.0,27150891.0
12380,2046-12-01,GW_storage_CO_E_GW[AF],54306.0,14463437376.0,27205197.0
12381,2047-01-01,GW_storage_CO_E_GW[AF],52960.0,14538457981.0,27258157.0
12382,2047-02-01,GW_storage_CO_E_GW[AF],51775.0,14612508014.0,27309932.0
12383,2047-03-01,GW_storage_CO_E_GW[AF],50785.0,14685452283.0,27360717.0
12384,2047-04-01,GW_storage_CO_E_GW[AF],49576.0,14764472816.0,27410293.0
12385,2047-05-01,GW_storage_CO_E_GW[AF],48369.0,14860897341.0,27458662.0
12386,2047-06-01,GW_storage_CO_E_GW[AF],47434.0,14972506362.0,27506096.0
12387,2047-07-01,GW_storage_CO_E_GW[AF],46565.0,15088231692.0,27552661.0
12388,2047-08-01,GW_storage_CO_E_GW[AF],45587.0,15203332934.0,27598248.0
12389,2047-09-01,GW_storage_CO_E_GW[AF],44506.0,15317492289.0,27642754.0
12390,2047-10-01,GW_storage_CO_E_GW[AF],127147.0,15430042333.0,27769901.0
12391,2047-11-01,GW_storage_CO_E_GW[AF],260432.0,15542831934.0,28030333.0
12392,2047-12-01,GW_storage_CO_E_GW[AF],253980.0,15653870877.0,28284313.0
12393,2048-01-01,GW_storage_CO_E_GW[AF],247687.0,15763169397.0,28532000.0
12394,2048-02-01,GW_storage_CO_E_GW[AF],241947.0,15872138297.0,28773947.0
12395,2048-03-01,GW_storage_CO_E_GW[AF],235951.0,15987897138.0,29009898.0
12396,2048-04-01,GW_storage_CO_E_GW[AF],230341.0,16106751114.0,29240239.0
12397,2048-05-01,GW_storage_CO_E_GW[AF],361420.0,16226738594.0,29601659.0
12398,2048-06-01,GW_storage_CO_E_GW[AF],420976.0,16346930466.0,30022635.0
12399,2048-07-01,GW_storage_CO_E_GW[AF],410598.0,16466203172.0,30433233.0
12400,2048-08-01,GW_storage_CO_E_GW[AF],400495.0,16583670765.0,30833728.0
12401,2048-09-01,GW_storage_CO_E_GW[AF],390958.0,16699553017.0,31224686.0
12402,2048-10-01,GW_storage_CO_E_GW[AF],381326.0,16813788962.0,31606012.0
12403,2048-11-01,GW_storage_CO_E_GW[AF],517943.0,16926416472.0,32123955.0
12404,2048-12-01,GW_storage_CO_E_GW[AF],563621.0,17038918116.0,32687576.0
12405,2049-01-01,GW_storage_CO_E_GW[AF],549677.0,17150214903.0,33237253.0
12406,2049-02-01,GW_storage_CO_E_GW[AF],537393.0,17259849423.0,33774646.0
12407,2049-03-01,GW_storage_CO_E_GW[AF],524092.0,17374140295.0,34298738.0
12408,2049-04-01,GW_storage_CO_E_GW[AF],511551.0,17496980626.0,34810289.0
12409,2049-05-01,GW_storage_CO_E_GW[AF],498942.0,17623520262.0,35309231.0
12410,2049-06-01,GW_storage_CO_E_GW[AF],530461.0,17749882278.0,35839692.0
12411,2049-07-01,GW_storage_CO_E_GW[AF],517475.0,17875311834.0,36357167.0
12412,2049-08-01,GW_storage_CO_E_GW[AF],504754.0,17998950915.0,36861921.0
12413,2049-09-01,GW_storage_CO_E_GW[AF],492741.0,18120987592.0,37354662.0
12414,2049-10-01,GW_storage_CO_E_GW[AF],480591.0,18241422265.0,37835253.0
12415,2049-11-01,GW_storage_CO_E_GW[AF],469116.0,18360102830.0,38304369.0
12416,2049-12-01,GW_storage_CO_E_GW[AF],457529.0,18476910369.0,38761898.0
12417,2050-01-01,GW_storage_CO_E_GW[AF],446221.0,18591916831.0,39208119.0
12418,2050-02-01,GW_storage_CO_E_GW[AF],436696.0,18705272956.0,39644815.0
12419,2050-03-01,GW_storage_CO_E_GW[AF],425903.0,18821028859.0,40070718.0
12420,2050-04-01,GW_storage_CO_E_GW[AF],415758.0,18940506995.0,40486476.0
12421,2050-05-01,GW_storage_CO_E_GW[AF],405528.0,19059600483.0,40892004.0
12422,2050-06-01,GW_storage_CO_E_GW[AF],396070.0,19178428021.0,41288074.0
12423,2050-07-01,GW_storage_CO_E_GW[AF],386404.0,19296435077.0,41674478.0
12424,2050-08-01,GW_storage_CO_E_GW[AF],376931.0,19412834260.0,42051409.0
12425,2050-09-01,GW_storage_CO_E_GW[AF],367990.0,19527808893.0,42419399.0
12426,2050-10-01,GW_storage_CO_E_GW[AF],364350.0,19641173895.0,42783749.0
12427,2050-11-01,GW_storage_CO_E_GW[AF],355612.0,19752769080.0,43139361.0
12428,2050-12-01,GW_storage_CO_E_GW[AF],346800.0,19862611454.0,43486161.0
12429,2051-01-01,GW_storage_CO_E_GW[AF],338204.0,19970764786.0,43824365.0
12430,2051-02-01,GW_storage_CO_E_GW[AF],331471.0,20077395432.0,44155836.0
12431,2051-03-01,GW_storage_CO_E_GW[AF],323254.0,20182370827.0,44479090.0
12432,2051-04-01,GW_storage_CO_E_GW[AF],315513.0,20291580463.0,44794603.0
12433,2051-05-01,GW_storage_CO_E_GW[AF],307714.0,20400038326.0,45102317.0
12434,2051-06-01,GW_storage_CO_E_GW[AF],300358.0,20508257786.0,45402675.0
12435,2051-07-01,GW_storage_CO_E_GW[AF],292947.0,20615875318.0,45695622.0
12436,2051-08-01,GW_storage_CO_E_GW[AF],285695.0,20722198437.0,45981317.0
12437,2051-09-01,GW_storage_CO_E_GW[AF],278875.0,20827038775.0,46260192.0
12438,2051-10-01,GW_storage_CO_E_GW[AF],271994.0,20930437548.0,46532186.0
12439,2051-11-01,GW_storage_CO_E_GW[AF],265498.0,21032468769.0,46797684.0
12440,2051-12-01,GW_storage_CO_E_GW[AF],258941.0,21133705710.0,47056625.0
12441,2052-01-01,GW_storage_CO_E_GW[AF],252947.0,21233433839.0,47309572.0
12442,2052-02-01,GW_storage_CO_E_GW[AF],247885.0,21331717041.0,47557457.0
12443,2052-03-01,GW_storage_CO_E_GW[AF],241762.0,21429607427.0,47799219.0
12444,2052-04-01,GW_storage_CO_E_GW[AF],235972.0,21527851494.0,48035191.0
12445,2052-05-01,GW_storage_CO_E_GW[AF],230128.0,21624977785.0,48265319.0
12446,2052-06-01,GW_storage_CO_E_GW[AF],224645.0,21720857498.0,48489964.0
12447,2052-07-01,GW_storage_CO_E_GW[AF],219102.0,21815421513.0,48709066.0
12448,2052-08-01,GW_storage_CO_E_GW[AF],213697.0,21908765850.0,48922763.0
12449,2052-09-01,GW_storage_CO_E_GW[AF],208596.0,22001026854.0,49131359.0
12450,2052-10-01,GW_storage_CO_E_GW[AF],203466.0,22092179195.0,49334825.0
12451,2052-11-01,GW_storage_CO_E_GW[AF],199610.0,22182158688.0,49534435.0
12452,2052-12-01,GW_storage_CO_E_GW[AF],195692.0,22270990851.0,49730127.0
12453,2053-01-01,GW_storage_CO_E_GW[AF],191846.0,22358572318.0,49921973.0
12454,2053-02-01,GW_storage_CO_E_GW[AF],188440.0,22445234888.0,50110413.0
12455,2053-03-01,GW_storage_CO_E_GW[AF],183803.0,22531338210.0,50294216.0
12456,2053-04-01,GW_storage_CO_E_GW[AF],179442.0,22618197854.0,50473658.0
12457,2053-05-01,GW_storage_CO_E_GW[AF],175037.0,22705000235.0,50648695.0
12458,2053-06-01,GW_storage_CO_E_GW[AF],170871.0,22792005107.0,50819566.0
12459,2053-07-01,GW_storage_CO_E_GW[AF],166677.0,22878611714.0,50986243.0
12460,2053-08-01,GW_storage_CO_E_GW[AF],162595.0,22964123789.0,51148838.0
12461,2053-09-01,GW_storage_CO_E_GW[AF],158752.0,23048536524.0,51307590.0
12462,2053-10-01,GW_storage_CO_E_GW[AF],157085.0,23131866519.0,51464675.0
12463,2053-11-01,GW_storage_CO_E_GW[AF],157173.0,23214276747.0,51621848.0
12464,2053-12-01,GW_storage_CO_E_GW[AF],157245.0,23295578937.0,51779093.0
12465,2054-01-01,GW_storage_CO_E_GW[AF],157306.0,23375761806.0,51936399.0
12466,2054-02-01,GW_storage_CO_E_GW[AF],157362.0,23454991045.0,52093761.0
12467,2054-03-01,GW_storage_CO_E_GW[AF],153500.0,23533194281.0,52247261.0
12468,2054-04-01,GW_storage_CO_E_GW[AF],149875.0,23610840643.0,52397136.0
12469,2054-05-01,GW_storage_CO_E_GW[AF],146214.0,23687968757.0,52543350.0
12470,2054-06-01,GW_storage_CO_E_GW[AF],142754.0,23764134532.0,52686104.0
12471,2054-07-01,GW_storage_CO_E_GW[AF],139250.0,23839346953.0,52825354.0
12472,2054-08-01,GW_storage_CO_E_GW[AF],135839.0,23913680649.0,52961193.0
12473,2054-09-01,GW_storage_CO_E_GW[AF],132601.0,23987275722.0,53093794.0
12474,2054-10-01,GW_storage_CO_E_GW[AF],129351.0,24060063673.0,53223145.0
12475,2054-11-01,GW_storage_CO_E_GW[AF],129422.0,24132040073.0,53352567.0
12476,2054-12-01,GW_storage_CO_E_GW[AF],129476.0,24203075252.0,53482043.0
12477,2055-01-01,GW_storage_CO_E_GW[AF],129520.0,24273232069.0,53611563.0
12478,2055-02-01,GW_storage_CO_E_GW[AF],129559.0,24346983422.0,53741122.0
12479,2055-03-01,GW_storage_CO_E_GW[AF],129590.0,24429418525.0,53870712.0
12480,2055-04-01,GW_storage_CO_E_GW[AF],126505.0,24519974284.0,53997217.0
12481,2055-05-01,GW_storage_CO_E_GW[AF],123392.0,24612887460.0,54120609.0
12482,2055-06-01,GW_storage_CO_E_GW[AF],120457.0,24705731755.0,54241066.0
12483,2055-07-01,GW_storage_CO_E_GW[AF],117485.0,24797561549.0,54358551.0
12484,2055-08-01,GW_storage_CO_E_GW[AF],114580.0,24888417864.0,54473131.0
12485,2055-09-01,GW_storage_CO_E_GW[AF],111859.0,24978247446.0,54584990.0
12486,2055-10-01,GW_storage_CO_E_GW[AF],109115.0,25067037402.0,54694105.0
12487,2055-11-01,GW_storage_CO_E_GW[AF],109178.0,25154620871.0,54803283.0
12488,2055-12-01,GW_storage_CO_E_GW[AF],109228.0,25240958786.0,54912511.0
12489,2056-01-01,GW_storage_CO_E_GW[AF],109271.0,25326085001.0,55021782.0
12490,2056-02-01,GW_storage_CO_E_GW[AF],109308.0,25410115783.0,55131090.0
12491,2056-03-01,GW_storage_CO_E_GW[AF],106626.0,25493046199.0,55237716.0
12492,2056-04-01,GW_storage_CO_E_GW[AF],104104.0,25579867650.0,55341820.0
12493,2056-05-01,GW_storage_CO_E_GW[AF],101554.0,25665994452.0,55443374.0
12494,2056-06-01,GW_storage_CO_E_GW[AF],99149.0,25751014051.0,55542523.0
12495,2056-07-01,GW_storage_CO_E_GW[AF],96729.0,25834999057.0,55639252.0
12496,2056-08-01,GW_storage_CO_E_GW[AF],94356.0,25918012980.0,55733608.0
12497,2056-09-01,GW_storage_CO_E_GW[AF],92103.0,26000006720.0,55825711.0
12498,2056-10-01,GW_storage_CO_E_GW[AF],89852.0,26080893812.0,55915563.0
12499,2056-11-01,GW_storage_CO_E_GW[AF],88160.0,26160908259.0,56003723.0
12500,2056-12-01,GW_storage_CO_E_GW[AF],86438.0,26240212456.0,56090161.0
12501,2057-01-01,GW_storage_CO_E_GW[AF],84747.0,26318587848.0,56174908.0
12502,2057-02-01,GW_storage_CO_E_GW[AF],83248.0,26395985372.0,56258156.0
12503,2057-03-01,GW_storage_CO_E_GW[AF],81205.0,26472734266.0,56339361.0
12504,2057-04-01,GW_storage_CO_E_GW[AF],79278.0,26556295278.0,56418639.0
12505,2057-05-01,GW_storage_CO_E_GW[AF],77337.0,26638790503.0,56495976.0
12506,2057-06-01,GW_storage_CO_E_GW[AF],75497.0,26720263696.0,56571473.0
12507,2057-07-01,GW_storage_CO_E_GW[AF],73654.0,26800720453.0,56645127.0
12508,2057-08-01,GW_storage_CO_E_GW[AF],71847.0,26880212595.0,56716974.0
12509,2057-09-01,GW_storage_CO_E_GW[AF],70138.0,26958875022.0,56787112.0
12510,2057-10-01,GW_storage_CO_E_GW[AF],68416.0,27036568588.0,56855528.0
12511,2057-11-01,GW_storage_CO_E_GW[AF],66789.0,27113396201.0,56922317.0
12512,2057-12-01,GW_storage_CO_E_GW[AF],65146.0,27189264327.0,56987463.0
12513,2058-01-01,GW_storage_CO_E_GW[AF],63804.0,27264124633.0,57051267.0
12514,2058-02-01,GW_storage_CO_E_GW[AF],62670.0,27348265847.0,57113937.0
12515,2058-03-01,GW_storage_CO_E_GW[AF],61125.0,27440889382.0,57175062.0
12516,2058-04-01,GW_storage_CO_E_GW[AF],81523.0,27539133274.0,57256585.0
12517,2058-05-01,GW_storage_CO_E_GW[AF],79524.0,27639449314.0,57336109.0
12518,2058-06-01,GW_storage_CO_E_GW[AF],77816.0,27738779306.0,57413925.0
12519,2058-07-01,GW_storage_CO_E_GW[AF],75994.0,27837531793.0,57489919.0
12520,2058-08-01,GW_storage_CO_E_GW[AF],74192.0,27935280444.0,57564111.0
12521,2058-09-01,GW_storage_CO_E_GW[AF],72479.0,28031862865.0,57636590.0
12522,2058-10-01,GW_storage_CO_E_GW[AF],72507.0,28127260463.0,57709097.0
12523,2058-11-01,GW_storage_CO_E_GW[AF],72543.0,28221366217.0,57781640.0
12524,2058-12-01,GW_storage_CO_E_GW[AF],72568.0,28314157055.0,57854208.0
12525,2059-01-01,GW_storage_CO_E_GW[AF],72589.0,28405540773.0,57926797.0
12526,2059-02-01,GW_storage_CO_E_GW[AF],72609.0,28502067677.0,57999406.0
12527,2059-03-01,GW_storage_CO_E_GW[AF],70824.0,28605457246.0,58070230.0
12528,2059-04-01,GW_storage_CO_E_GW[AF],69148.0,28717814838.0,58139378.0
12529,2059-05-01,GW_storage_CO_E_GW[AF],67445.0,28830913147.0,58206823.0
12530,2059-06-01,GW_storage_CO_E_GW[AF],65846.0,28943770190.0,58272669.0
12531,2059-07-01,GW_storage_CO_E_GW[AF],64231.0,29055182582.0,58336900.0
12532,2059-08-01,GW_storage_CO_E_GW[AF],62651.0,29165160032.0,58399551.0
12533,2059-09-01,GW_storage_CO_E_GW[AF],61162.0,29273920291.0,58460713.0
12534,2059-10-01,GW_storage_CO_E_GW[AF],60715.0,29381402010.0,58521428.0
12535,2059-11-01,GW_storage_CO_E_GW[AF],138163.0,29487451547.0,58659591.0
12536,2059-12-01,GW_storage_CO_E_GW[AF],210707.0,29592083281.0,58870298.0
12537,2060-01-01,GW_storage_CO_E_GW[AF],205482.0,29695071869.0,59075780.0
12538,2060-02-01,GW_storage_CO_E_GW[AF],200717.0,29797999369.0,59276497.0
12539,2060-03-01,GW_storage_CO_E_GW[AF],195739.0,29907235449.0,59472236.0
12540,2060-04-01,GW_storage_CO_E_GW[AF],212370.0,30022282651.0,59684606.0
12541,2060-05-01,GW_storage_CO_E_GW[AF],207118.0,30138204137.0,59891724.0
12542,2060-06-01,GW_storage_CO_E_GW[AF],202173.0,30253989194.0,60093897.0
12543,2060-07-01,GW_storage_CO_E_GW[AF],197194.0,30369445165.0,60291091.0
12544,2060-08-01,GW_storage_CO_E_GW[AF],192348.0,30483354195.0,60483439.0
12545,2060-09-01,GW_storage_CO_E_GW[AF],187773.0,30595912136.0,60671212.0
12546,2060-10-01,GW_storage_CO_E_GW[AF],183191.0,30707058453.0,60854403.0
12547,2060-11-01,GW_storage_CO_E_GW[AF],260823.0,30816686913.0,61115226.0
12548,2060-12-01,GW_storage_CO_E_GW[AF],260917.0,30924630927.0,61376143.0
12549,2061-01-01,GW_storage_CO_E_GW[AF],260015.0,31038058188.0,61636158.0
12550,2061-02-01,GW_storage_CO_E_GW[AF],256609.0,31163247262.0,61892767.0
12551,2061-03-01,GW_storage_CO_E_GW[AF],250296.0,31301926464.0,62143063.0
12552,2061-04-01,GW_storage_CO_E_GW[AF],244343.0,31460043743.0,62387406.0
12553,2061-05-01,GW_storage_CO_E_GW[AF],238335.0,31621719240.0,62625741.0
12554,2061-06-01,GW_storage_CO_E_GW[AF],232658.0,31781944019.0,62858399.0
12555,2061-07-01,GW_storage_CO_E_GW[AF],226947.0,31940594248.0,63085346.0
12556,2061-08-01,GW_storage_CO_E_GW[AF],221397.0,32097666692.0,63306743.0
12557,2061-09-01,GW_storage_CO_E_GW[AF],216197.0,32253244922.0,63522940.0
12558,2061-10-01,GW_storage_CO_E_GW[AF],211699.0,32407132898.0,63734639.0
12559,2061-11-01,GW_storage_CO_E_GW[AF],211862.0,32559108380.0,63946501.0
12560,2061-12-01,GW_storage_CO_E_GW[AF],211995.0,32709321481.0,64158496.0
12561,2062-01-01,GW_storage_CO_E_GW[AF],212113.0,32858735378.0,64370609.0
12562,2062-02-01,GW_storage_CO_E_GW[AF],211933.0,33022044851.0,64582542.0
12563,2062-03-01,GW_storage_CO_E_GW[AF],206751.0,33198837130.0,64789293.0
12564,2062-04-01,GW_storage_CO_E_GW[AF],201900.0,33390837210.0,64991193.0
12565,2062-05-01,GW_storage_CO_E_GW[AF],197010.0,33584259641.0,65188203.0
12566,2062-06-01,GW_storage_CO_E_GW[AF],192368.0,33776858517.0,65380571.0
12567,2062-07-01,GW_storage_CO_E_GW[AF],187656.0,33967635736.0,65568227.0
12568,2062-08-01,GW_storage_CO_E_GW[AF],183053.0,34156855847.0,65751280.0
12569,2062-09-01,GW_storage_CO_E_GW[AF],178705.0,34344548104.0,65929985.0
12570,2062-10-01,GW_storage_CO_E_GW[AF],174312.0,34530332137.0,66104297.0
12571,2062-11-01,GW_storage_CO_E_GW[AF],251682.0,34714073091.0,66355979.0
12572,2062-12-01,GW_storage_CO_E_GW[AF],323282.0,34895778448.0,66679261.0
12573,2063-01-01,GW_storage_CO_E_GW[AF],316887.0,35079072230.0,66996148.0
12574,2063-02-01,GW_storage_CO_E_GW[AF],311225.0,35269350335.0,67307373.0
12575,2063-03-01,GW_storage_CO_E_GW[AF],305059.0,35470064786.0,67612432.0
12576,2063-04-01,GW_storage_CO_E_GW[AF],297750.0,35683040547.0,67910182.0
12577,2063-05-01,GW_storage_CO_E_GW[AF],290402.0,35907121073.0,68200584.0
12578,2063-06-01,GW_storage_CO_E_GW[AF],283466.0,36134854310.0,68484050.0
12579,2063-07-01,GW_storage_CO_E_GW[AF],276472.0,36361472567.0,68760522.0
12580,2063-08-01,GW_storage_CO_E_GW[AF],269621.0,36586142514.0,69030143.0
12581,2063-09-01,GW_storage_CO_E_GW[AF],263194.0,36808934029.0,69293337.0
12582,2063-10-01,GW_storage_CO_E_GW[AF],256692.0,37029507927.0,69550029.0
12583,2063-11-01,GW_storage_CO_E_GW[AF],329810.0,37248012309.0,69879839.0
12584,2063-12-01,GW_storage_CO_E_GW[AF],397827.0,37465671472.0,70277666.0
12585,2064-01-01,GW_storage_CO_E_GW[AF],387965.0,37694815963.0,70665631.0
12586,2064-02-01,GW_storage_CO_E_GW[AF],378966.0,37945097639.0,71044597.0
12587,2064-03-01,GW_storage_CO_E_GW[AF],369569.0,38213638934.0,71414166.0
12588,2064-04-01,GW_storage_CO_E_GW[AF],385917.0,38493367090.0,71800083.0
12589,2064-05-01,GW_storage_CO_E_GW[AF],376374.0,38776738105.0,72176457.0
12590,2064-06-01,GW_storage_CO_E_GW[AF],367348.0,39060661713.0,72543805.0
12591,2064-07-01,GW_storage_CO_E_GW[AF],358274.0,39341932866.0,72902079.0
12592,2064-08-01,GW_storage_CO_E_GW[AF],349426.0,39620711220.0,73251505.0
12593,2064-09-01,GW_storage_CO_E_GW[AF],341083.0,39897002798.0,73592588.0
12594,2064-10-01,GW_storage_CO_E_GW[AF],332671.0,40170736712.0,73925259.0
12595,2064-11-01,GW_storage_CO_E_GW[AF],404361.0,40442044957.0,74329620.0
12596,2064-12-01,GW_storage_CO_E_GW[AF],471431.0,40711834451.0,74801051.0
12597,2065-01-01,GW_storage_CO_E_GW[AF],462107.0,40982757097.0,75263158.0
12598,2065-02-01,GW_storage_CO_E_GW[AF],453853.0,41255716076.0,75717011.0
12599,2065-03-01,GW_storage_CO_E_GW[AF],447257.0,41533378347.0,76164268.0
12600,2065-04-01,GW_storage_CO_E_GW[AF],452691.0,41819419395.0,76616959.0
12601,2065-05-01,GW_storage_CO_E_GW[AF],441492.0,42107659636.0,77058451.0
12602,2065-06-01,GW_storage_CO_E_GW[AF],430940.0,42393392346.0,77489391.0
12603,2065-07-01,GW_storage_CO_E_GW[AF],420297.0,42678359041.0,77909688.0
12604,2065-08-01,GW_storage_CO_E_GW[AF],409925.0,42960938762.0,78319613.0
12605,2065-09-01,GW_storage_CO_E_GW[AF],400131.0,43241061639.0,78719744.0
12606,2065-10-01,GW_storage_CO_E_GW[AF],390291.0,43518553408.0,79110035.0
12607,2065-11-01,GW_storage_CO_E_GW[AF],459148.0,43793351378.0,79569183.0
12608,2065-12-01,GW_storage_CO_E_GW[AF],450126.0,44065325818.0,80019309.0
12609,2066-01-01,GW_storage_CO_E_GW[AF],441271.0,44334625115.0,80460580.0
12610,2066-02-01,GW_storage_CO_E_GW[AF],433428.0,44601575728.0,80894008.0
12611,2066-03-01,GW_storage_CO_E_GW[AF],422749.0,44865977654.0,81316757.0
12612,2066-04-01,GW_storage_CO_E_GW[AF],412680.0,45130939542.0,81729437.0
12613,2066-05-01,GW_storage_CO_E_GW[AF],402537.0,45393925169.0,82131974.0
12614,2066-06-01,GW_storage_CO_E_GW[AF],397752.0,45654573916.0,82529726.0
12615,2066-07-01,GW_storage_CO_E_GW[AF],391893.0,45912927675.0,82921619.0
12616,2066-08-01,GW_storage_CO_E_GW[AF],382273.0,46169111465.0,83303892.0
12617,2066-09-01,GW_storage_CO_E_GW[AF],373171.0,46423600426.0,83677063.0
12618,2066-10-01,GW_storage_CO_E_GW[AF],364007.0,46676263355.0,84041070.0
12619,2066-11-01,GW_storage_CO_E_GW[AF],435040.0,46927228863.0,84476110.0
12620,2066-12-01,GW_storage_CO_E_GW[AF],426481.0,47176198480.0,84902591.0
12621,2067-01-01,GW_storage_CO_E_GW[AF],418083.0,47422896821.0,85320674.0
12622,2067-02-01,GW_storage_CO_E_GW[AF],410650.0,47667661431.0,85731324.0
12623,2067-03-01,GW_storage_CO_E_GW[AF],484683.0,47910308464.0,86216007.0
12624,2067-04-01,GW_storage_CO_E_GW[AF],492314.0,48151085524.0,86708321.0
12625,2067-05-01,GW_storage_CO_E_GW[AF],480147.0,48389950965.0,87188468.0
12626,2067-06-01,GW_storage_CO_E_GW[AF],468695.0,48627002221.0,87657163.0
12627,2067-07-01,GW_storage_CO_E_GW[AF],457126.0,48862124917.0,88114289.0
12628,2067-08-01,GW_storage_CO_E_GW[AF],445848.0,49095321876.0,88560137.0
12629,2067-09-01,GW_storage_CO_E_GW[AF],435210.0,49326841519.0,88995347.0
12630,2067-10-01,GW_storage_CO_E_GW[AF],424500.0,49556552267.0,89419847.0
12631,2067-11-01,GW_storage_CO_E_GW[AF],496134.0,49784868208.0,89915981.0
12632,2067-12-01,GW_storage_CO_E_GW[AF],563418.0,50011545293.0,90479399.0
12633,2068-01-01,GW_storage_CO_E_GW[AF],552307.0,50238331069.0,91031706.0
12634,2068-02-01,GW_storage_CO_E_GW[AF],542115.0,50478937732.0,91573821.0
12635,2068-03-01,GW_storage_CO_E_GW[AF],528738.0,50739381265.0,92102559.0
12636,2068-04-01,GW_storage_CO_E_GW[AF],533263.0,51011294375.0,92635822.0
12637,2068-05-01,GW_storage_CO_E_GW[AF],520145.0,51290774772.0,93155967.0
12638,2068-06-01,GW_storage_CO_E_GW[AF],507756.0,51571539123.0,93663723.0
12639,2068-07-01,GW_storage_CO_E_GW[AF],495218.0,51851333229.0,94158941.0
12640,2068-08-01,GW_storage_CO_E_GW[AF],483024.0,52129191774.0,94641965.0
12641,2068-09-01,GW_storage_CO_E_GW[AF],471522.0,52405096290.0,95113487.0
12642,2068-10-01,GW_storage_CO_E_GW[AF],459916.0,52678907664.0,95573403.0
12643,2068-11-01,GW_storage_CO_E_GW[AF],533148.0,52950483517.0,96106551.0
12644,2068-12-01,GW_storage_CO_E_GW[AF],601916.0,53219819895.0,96708467.0
12645,2069-01-01,GW_storage_CO_E_GW[AF],668965.0,53487155316.0,97377432.0
12646,2069-02-01,GW_storage_CO_E_GW[AF],736554.0,53760870931.0,98113986.0
12647,2069-03-01,GW_storage_CO_E_GW[AF],800897.0,54039428849.0,98914883.0
12648,2069-04-01,GW_storage_CO_E_GW[AF],801684.0,54324092180.0,99716567.0
12649,2069-05-01,GW_storage_CO_E_GW[AF],781923.0,54609436481.0,100498490.0
12650,2069-06-01,GW_storage_CO_E_GW[AF],763247.0,54894337917.0,101261737.0
12651,2069-07-01,GW_storage_CO_E_GW[AF],744425.0,55177218144.0,102006162.0
12652,2069-08-01,GW_storage_CO_E_GW[AF],726060.0,55458179949.0,102732222.0
12653,2069-09-01,GW_storage_CO_E_GW[AF],708743.0,55737226700.0,103440965.0
12654,2069-10-01,GW_storage_CO_E_GW[AF],694578.0,56014313112.0,104135543.0
12655,2069-11-01,GW_storage_CO_E_GW[AF],782660.0,56289244905.0,104918203.0
12656,2069-12-01,GW_storage_CO_E_GW[AF],851421.0,56561948550.0,105769624.0
12657,2070-01-01,GW_storage_CO_E_GW[AF],843487.0,56832455571.0,106613111.0
12658,2070-02-01,GW_storage_CO_E_GW[AF],833310.0,57101031869.0,107446421.0
12659,2070-03-01,GW_storage_CO_E_GW[AF],819208.0,57367456127.0,108265629.0
12660,2070-04-01,GW_storage_CO_E_GW[AF],800938.0,57631884127.0,109066567.0
12661,2070-05-01,GW_storage_CO_E_GW[AF],785263.0,57894580730.0,109851830.0
12662,2070-06-01,GW_storage_CO_E_GW[AF],781070.0,58156625113.0,110632900.0
12663,2070-07-01,GW_storage_CO_E_GW[AF],781162.0,58417720429.0,111414062.0
12664,2070-08-01,GW_storage_CO_E_GW[AF],781197.0,58677125935.0,112195259.0
12665,2070-09-01,GW_storage_CO_E_GW[AF],779853.0,58935122487.0,112975112.0
12666,2070-10-01,GW_storage_CO_E_GW[AF],779867.0,59191573450.0,113754979.0
12667,2070-11-01,GW_storage_CO_E_GW[AF],779899.0,59446278042.0,114534878.0
12668,2070-12-01,GW_storage_CO_E_GW[AF],779923.0,59699129256.0,115314801.0
12669,2025-07-01,GW_storage_CO_NW_GW[AF],-528.0,59233291.0,-528.0
12670,2025-08-01,GW_storage_CO_NW_GW[AF],15392.0,60752330.0,14864.0
12671,2025-09-01,GW_storage_CO_NW_GW[AF],15407.0,63291561.0,30271.0
12672,2025-10-01,GW_storage_CO_NW_GW[AF],15320.0,66117192.0,45591.0
12673,2025-11-01,GW_storage_CO_NW_GW[AF],15229.0,69169207.0,60820.0
12674,2025-12-01,GW_storage_CO_NW_GW[AF],15133.0,72377661.0,75953.0
12675,2026-01-01,GW_storage_CO_NW_GW[AF],15036.0,75644729.0,90989.0
12676,2026-02-01,GW_storage_CO_NW_GW[AF],14948.0,83025589.0,105937.0
12677,2026-03-01,GW_storage_CO_NW_GW[AF],14850.0,93674924.0,120787.0
12678,2026-04-01,GW_storage_CO_NW_GW[AF],14756.0,112497734.0,135543.0
12679,2026-05-01,GW_storage_CO_NW_GW[AF],14656.0,136460613.0,150199.0
12680,2026-06-01,GW_storage_CO_NW_GW[AF],14555.0,160180041.0,164754.0
12681,2026-07-01,GW_storage_CO_NW_GW[AF],14447.0,184580314.0,179201.0
12682,2026-08-01,GW_storage_CO_NW_GW[AF],14340.0,208538131.0,193541.0
12683,2026-09-01,GW_storage_CO_NW_GW[AF],14237.0,232132273.0,207778.0
12684,2026-10-01,GW_storage_CO_NW_GW[AF],14131.0,255250646.0,221909.0
12685,2026-11-01,GW_storage_CO_NW_GW[AF],14029.0,277908394.0,235938.0
12686,2026-12-01,GW_storage_CO_NW_GW[AF],13924.0,300103214.0,249862.0
12687,2027-01-01,GW_storage_CO_NW_GW[AF],13821.0,321847786.0,263683.0
12688,2027-02-01,GW_storage_CO_NW_GW[AF],13729.0,343199646.0,277412.0
12689,2027-03-01,GW_storage_CO_NW_GW[AF],13627.0,369620421.0,291039.0
12690,2027-04-01,GW_storage_CO_NW_GW[AF],13529.0,409179141.0,304568.0
12691,2027-05-01,GW_storage_CO_NW_GW[AF],13428.0,455970259.0,317996.0
12692,2027-06-01,GW_storage_CO_NW_GW[AF],13331.0,506103237.0,331327.0
12693,2027-07-01,GW_storage_CO_NW_GW[AF],13231.0,558027240.0,344558.0
12694,2027-08-01,GW_storage_CO_NW_GW[AF],13131.0,610747556.0,357689.0
12695,2027-09-01,GW_storage_CO_NW_GW[AF],13037.0,662576568.0,370726.0
12696,2027-10-01,GW_storage_CO_NW_GW[AF],12940.0,713531026.0,383666.0
12697,2027-11-01,GW_storage_CO_NW_GW[AF],12844.0,763602436.0,396510.0
12698,2027-12-01,GW_storage_CO_NW_GW[AF],12749.0,812846873.0,409259.0
12699,2028-01-01,GW_storage_CO_NW_GW[AF],12654.0,861121911.0,421913.0
12700,2028-02-01,GW_storage_CO_NW_GW[AF],12565.0,908650771.0,434478.0
12701,2028-03-01,GW_storage_CO_NW_GW[AF],12472.0,959000163.0,446950.0
12702,2028-04-01,GW_storage_CO_NW_GW[AF],12382.0,1012039411.0,459332.0
12703,2028-05-01,GW_storage_CO_NW_GW[AF],12290.0,1068060916.0,471622.0
12704,2028-06-01,GW_storage_CO_NW_GW[AF],12201.0,1125203670.0,483823.0
12705,2028-07-01,GW_storage_CO_NW_GW[AF],12110.0,1183903968.0,495933.0
12706,2028-08-01,GW_storage_CO_NW_GW[AF],12020.0,1241633200.0,507953.0
12707,2028-09-01,GW_storage_CO_NW_GW[AF],11934.0,1298536546.0,519887.0
12708,2028-10-01,GW_storage_CO_NW_GW[AF],11846.0,1354465802.0,531733.0
12709,2028-11-01,GW_storage_CO_NW_GW[AF],11760.0,1409406877.0,543493.0
12710,2028-12-01,GW_storage_CO_NW_GW[AF],11673.0,1463330743.0,555166.0
12711,2029-01-01,GW_storage_CO_NW_GW[AF],11585.0,1516331973.0,566751.0
12712,2029-02-01,GW_storage_CO_NW_GW[AF],11508.0,1568436361.0,578259.0
12713,2029-03-01,GW_storage_CO_NW_GW[AF],11422.0,1622957905.0,589681.0
12714,2029-04-01,GW_storage_CO_NW_GW[AF],11340.0,1679352962.0,601021.0
12715,2029-05-01,GW_storage_CO_NW_GW[AF],11255.0,1742904338.0,612276.0
12716,2029-06-01,GW_storage_CO_NW_GW[AF],11173.0,1807169538.0,623449.0
12717,2029-07-01,GW_storage_CO_NW_GW[AF],11090.0,1872474684.0,634539.0
12718,2029-08-01,GW_storage_CO_NW_GW[AF],11007.0,1936569687.0,645546.0
12719,2029-09-01,GW_storage_CO_NW_GW[AF],10931.0,1999536921.0,656477.0
12720,2029-10-01,GW_storage_CO_NW_GW[AF],10850.0,2061251234.0,667327.0
12721,2029-11-01,GW_storage_CO_NW_GW[AF],10772.0,2121792309.0,678099.0
12722,2029-12-01,GW_storage_CO_NW_GW[AF],10692.0,2181276298.0,688791.0
12723,2030-01-01,GW_storage_CO_NW_GW[AF],10612.0,2239598911.0,699403.0
12724,2030-02-01,GW_storage_CO_NW_GW[AF],10541.0,2296908282.0,709944.0
12725,2030-03-01,GW_storage_CO_NW_GW[AF],10462.0,2353273149.0,720406.0
12726,2030-04-01,GW_storage_CO_NW_GW[AF],10388.0,2408813513.0,730794.0
12727,2030-05-01,GW_storage_CO_NW_GW[AF],10309.0,2463288321.0,741103.0
12728,2030-06-01,GW_storage_CO_NW_GW[AF],10236.0,2519189259.0,751339.0
12729,2030-07-01,GW_storage_CO_NW_GW[AF],10159.0,2574987711.0,761498.0
12730,2030-08-01,GW_storage_CO_NW_GW[AF],10084.0,2629845780.0,771582.0
12731,2030-09-01,GW_storage_CO_NW_GW[AF],10010.0,2683731630.0,781592.0
12732,2030-10-01,GW_storage_CO_NW_GW[AF],9936.0,2736573135.0,791528.0
12733,2030-11-01,GW_storage_CO_NW_GW[AF],9865.0,2788437015.0,801393.0
12734,2030-12-01,GW_storage_CO_NW_GW[AF],9791.0,2839371858.0,811184.0
12735,2031-01-01,GW_storage_CO_NW_GW[AF],9719.0,2889285425.0,820903.0
12736,2031-02-01,GW_storage_CO_NW_GW[AF],9653.0,2938331300.0,830556.0
12737,2031-03-01,GW_storage_CO_NW_GW[AF],9582.0,2986403207.0,840138.0
12738,2031-04-01,GW_storage_CO_NW_GW[AF],9512.0,3034117058.0,849650.0
12739,2031-05-01,GW_storage_CO_NW_GW[AF],9441.0,3081639947.0,859091.0
12740,2031-06-01,GW_storage_CO_NW_GW[AF],9373.0,3128466639.0,868464.0
12741,2031-07-01,GW_storage_CO_NW_GW[AF],9303.0,3175256040.0,877767.0
12742,2031-08-01,GW_storage_CO_NW_GW[AF],9234.0,3221201089.0,887001.0
12743,2031-09-01,GW_storage_CO_NW_GW[AF],9168.0,3266538806.0,896169.0
12744,2031-10-01,GW_storage_CO_NW_GW[AF],9099.0,3311005126.0,905268.0
12745,2031-11-01,GW_storage_CO_NW_GW[AF],9034.0,3354843436.0,914302.0
12746,2031-12-01,GW_storage_CO_NW_GW[AF],8967.0,3397917039.0,923269.0
12747,2032-01-01,GW_storage_CO_NW_GW[AF],8900.0,3440765830.0,932169.0
12748,2032-02-01,GW_storage_CO_NW_GW[AF],8838.0,3500332884.0,941007.0
12749,2032-03-01,GW_storage_CO_NW_GW[AF],8772.0,3570397039.0,949779.0
12750,2032-04-01,GW_storage_CO_NW_GW[AF],8709.0,3645988541.0,958488.0
12751,2032-05-01,GW_storage_CO_NW_GW[AF],8645.0,3723860841.0,967133.0
12752,2032-06-01,GW_storage_CO_NW_GW[AF],8582.0,3803847465.0,975715.0
12753,2032-07-01,GW_storage_CO_NW_GW[AF],8519.0,3884065220.0,984234.0
12754,2032-08-01,GW_storage_CO_NW_GW[AF],8455.0,3963910669.0,992689.0
12755,2032-09-01,GW_storage_CO_NW_GW[AF],8394.0,4042724779.0,1001083.0
12756,2032-10-01,GW_storage_CO_NW_GW[AF],8331.0,4120308321.0,1009414.0
12757,2032-11-01,GW_storage_CO_NW_GW[AF],8272.0,4196679403.0,1017686.0
12758,2032-12-01,GW_storage_CO_NW_GW[AF],8210.0,4271822754.0,1025896.0
12759,2033-01-01,GW_storage_CO_NW_GW[AF],8149.0,4345538492.0,1034045.0
12760,2033-02-01,GW_storage_CO_NW_GW[AF],8094.0,4423218301.0,1042139.0
12761,2033-03-01,GW_storage_CO_NW_GW[AF],8034.0,4505470297.0,1050173.0
12762,2033-04-01,GW_storage_CO_NW_GW[AF],7976.0,4590681136.0,1058149.0
12763,2033-05-01,GW_storage_CO_NW_GW[AF],7917.0,4675360581.0,1066066.0
12764,2033-06-01,GW_storage_CO_NW_GW[AF],7860.0,4760708398.0,1073926.0
12765,2033-07-01,GW_storage_CO_NW_GW[AF],7801.0,4846138178.0,1081727.0
12766,2033-08-01,GW_storage_CO_NW_GW[AF],7744.0,4931118427.0,1089471.0
12767,2033-09-01,GW_storage_CO_NW_GW[AF],7688.0,5014914731.0,1097159.0
12768,2033-10-01,GW_storage_CO_NW_GW[AF],7631.0,5097508172.0,1104790.0
12769,2033-11-01,GW_storage_CO_NW_GW[AF],7576.0,5178663669.0,1112366.0
12770,2033-12-01,GW_storage_CO_NW_GW[AF],7519.0,5258443309.0,1119885.0
12771,2034-01-01,GW_storage_CO_NW_GW[AF],7463.0,5339163828.0,1127348.0
12772,2034-02-01,GW_storage_CO_NW_GW[AF],7414.0,5418722190.0,1134762.0
12773,2034-03-01,GW_storage_CO_NW_GW[AF],7358.0,5500220744.0,1142120.0
12774,2034-04-01,GW_storage_CO_NW_GW[AF],7304.0,5584032903.0,1149424.0
12775,2034-05-01,GW_storage_CO_NW_GW[AF],7250.0,5676873319.0,1156674.0
12776,2034-06-01,GW_storage_CO_NW_GW[AF],7199.0,5773341236.0,1163873.0
12777,2034-07-01,GW_storage_CO_NW_GW[AF],7148.0,5871231225.0,1171021.0
12778,2034-08-01,GW_storage_CO_NW_GW[AF],7095.0,5968392389.0,1178116.0
12779,2034-09-01,GW_storage_CO_NW_GW[AF],7044.0,6064112138.0,1185160.0
12780,2034-10-01,GW_storage_CO_NW_GW[AF],6992.0,6158273690.0,1192152.0
12781,2034-11-01,GW_storage_CO_NW_GW[AF],6941.0,6251013792.0,1199093.0
12782,2034-12-01,GW_storage_CO_NW_GW[AF],6890.0,6342469856.0,1205983.0
12783,2035-01-01,GW_storage_CO_NW_GW[AF],6839.0,6432436397.0,1212822.0
12784,2035-02-01,GW_storage_CO_NW_GW[AF],6792.0,6520973109.0,1219614.0
12785,2035-03-01,GW_storage_CO_NW_GW[AF],6742.0,6608114132.0,1226356.0
12786,2035-04-01,GW_storage_CO_NW_GW[AF],6694.0,6694040771.0,1233050.0
12787,2035-05-01,GW_storage_CO_NW_GW[AF],6644.0,6778544504.0,1239694.0
12788,2035-06-01,GW_storage_CO_NW_GW[AF],6597.0,6863239534.0,1246291.0
12789,2035-07-01,GW_storage_CO_NW_GW[AF],6548.0,6947511289.0,1252839.0
12790,2035-08-01,GW_storage_CO_NW_GW[AF],6498.0,7030376153.0,1259337.0
12791,2035-09-01,GW_storage_CO_NW_GW[AF],6451.0,7112119087.0,1265788.0
12792,2035-10-01,GW_storage_CO_NW_GW[AF],6403.0,7192574428.0,1272191.0
12793,2035-11-01,GW_storage_CO_NW_GW[AF],6357.0,7271865334.0,1278548.0
12794,2035-12-01,GW_storage_CO_NW_GW[AF],6310.0,7350179909.0,1284858.0
12795,2036-01-01,GW_storage_CO_NW_GW[AF],6264.0,7427195979.0,1291122.0
12796,2036-02-01,GW_storage_CO_NW_GW[AF],6220.0,7503024891.0,1297342.0
12797,2036-03-01,GW_storage_CO_NW_GW[AF],6174.0,7577632108.0,1303516.0
12798,2036-04-01,GW_storage_CO_NW_GW[AF],6129.0,7651185144.0,1309645.0
12799,2036-05-01,GW_storage_CO_NW_GW[AF],6083.0,7724300240.0,1315728.0
12800,2036-06-01,GW_storage_CO_NW_GW[AF],6040.0,7796353708.0,1321768.0
12801,2036-07-01,GW_storage_CO_NW_GW[AF],6000.0,7867314948.0,1327768.0
12802,2036-08-01,GW_storage_CO_NW_GW[AF],8068.0,7937241278.0,1335836.0
12803,2036-09-01,GW_storage_CO_NW_GW[AF],8010.0,8006295323.0,1343846.0
12804,2036-10-01,GW_storage_CO_NW_GW[AF],7951.0,8074305646.0,1351797.0
12805,2036-11-01,GW_storage_CO_NW_GW[AF],7894.0,8141376577.0,1359691.0
12806,2036-12-01,GW_storage_CO_NW_GW[AF],7835.0,8207644541.0,1367526.0
12807,2037-01-01,GW_storage_CO_NW_GW[AF],7777.0,8273161410.0,1375303.0
12808,2037-02-01,GW_storage_CO_NW_GW[AF],7725.0,8337733681.0,1383028.0
12809,2037-03-01,GW_storage_CO_NW_GW[AF],7667.0,8401237350.0,1390695.0
12810,2037-04-01,GW_storage_CO_NW_GW[AF],7612.0,8463716442.0,1398307.0
12811,2037-05-01,GW_storage_CO_NW_GW[AF],7555.0,8525229166.0,1405862.0
12812,2037-06-01,GW_storage_CO_NW_GW[AF],7501.0,8585780498.0,1413363.0
12813,2037-07-01,GW_storage_CO_NW_GW[AF],7445.0,8645518277.0,1420808.0
12814,2037-08-01,GW_storage_CO_NW_GW[AF],7389.0,8704580765.0,1428197.0
12815,2037-09-01,GW_storage_CO_NW_GW[AF],7336.0,8763159684.0,1435533.0
12816,2037-10-01,GW_storage_CO_NW_GW[AF],7282.0,8821181815.0,1442815.0
12817,2037-11-01,GW_storage_CO_NW_GW[AF],7229.0,8878677095.0,1450044.0
12818,2037-12-01,GW_storage_CO_NW_GW[AF],7176.0,8935618642.0,1457220.0
12819,2038-01-01,GW_storage_CO_NW_GW[AF],7122.0,8991690289.0,1464342.0
12820,2038-02-01,GW_storage_CO_NW_GW[AF],7075.0,9049081585.0,1471417.0
12821,2038-03-01,GW_storage_CO_NW_GW[AF],7021.0,9108044798.0,1478438.0
12822,2038-04-01,GW_storage_CO_NW_GW[AF],6972.0,9168794933.0,1485410.0
12823,2038-05-01,GW_storage_CO_NW_GW[AF],6920.0,9229969082.0,1492330.0
12824,2038-06-01,GW_storage_CO_NW_GW[AF],6870.0,9290494843.0,1499200.0
12825,2038-07-01,GW_storage_CO_NW_GW[AF],6819.0,9350294408.0,1506019.0
12826,2038-08-01,GW_storage_CO_NW_GW[AF],6768.0,9409318940.0,1512787.0
12827,2038-09-01,GW_storage_CO_NW_GW[AF],6719.0,9467673979.0,1519506.0
12828,2038-10-01,GW_storage_CO_NW_GW[AF],6670.0,9525253636.0,1526176.0
12829,2038-11-01,GW_storage_CO_NW_GW[AF],6622.0,9582098472.0,1532798.0
12830,2038-12-01,GW_storage_CO_NW_GW[AF],6572.0,9638248766.0,1539370.0
12831,2039-01-01,GW_storage_CO_NW_GW[AF],6524.0,9693650977.0,1545894.0
12832,2039-02-01,GW_storage_CO_NW_GW[AF],6479.0,9750458830.0,1552373.0
12833,2039-03-01,GW_storage_CO_NW_GW[AF],6431.0,9809156458.0,1558804.0
12834,2039-04-01,GW_storage_CO_NW_GW[AF],6385.0,9868559467.0,1565189.0
12835,2039-05-01,GW_storage_CO_NW_GW[AF],6337.0,9927385773.0,1571526.0
12836,2039-06-01,GW_storage_CO_NW_GW[AF],6292.0,9986965256.0,1577818.0
12837,2039-07-01,GW_storage_CO_NW_GW[AF],6246.0,10046475029.0,1584064.0
12838,2039-08-01,GW_storage_CO_NW_GW[AF],6199.0,10105238592.0,1590263.0
12839,2039-09-01,GW_storage_CO_NW_GW[AF],6155.0,10163363477.0,1596418.0
12840,2039-10-01,GW_storage_CO_NW_GW[AF],6109.0,10220781260.0,1602527.0
12841,2039-11-01,GW_storage_CO_NW_GW[AF],6065.0,10277373162.0,1608592.0
12842,2039-12-01,GW_storage_CO_NW_GW[AF],6019.0,10333185165.0,1614611.0
12843,2040-01-01,GW_storage_CO_NW_GW[AF],5975.0,10388289039.0,1620586.0
12844,2040-02-01,GW_storage_CO_NW_GW[AF],5933.0,10442633493.0,1626519.0
12845,2040-03-01,GW_storage_CO_NW_GW[AF],5889.0,10496196844.0,1632408.0
12846,2040-04-01,GW_storage_CO_NW_GW[AF],5847.0,10549040409.0,1638255.0
12847,2040-05-01,GW_storage_CO_NW_GW[AF],5804.0,10601395194.0,1644059.0
12848,2040-06-01,GW_storage_CO_NW_GW[AF],5761.0,10653107949.0,1649820.0
12849,2040-07-01,GW_storage_CO_NW_GW[AF],5719.0,10704171007.0,1655539.0
12850,2040-08-01,GW_storage_CO_NW_GW[AF],5676.0,10754605305.0,1661215.0
12851,2040-09-01,GW_storage_CO_NW_GW[AF],5636.0,10804445973.0,1666851.0
12852,2040-10-01,GW_storage_CO_NW_GW[AF],5593.0,10853648570.0,1672444.0
12853,2040-11-01,GW_storage_CO_NW_GW[AF],5553.0,10902484914.0,1677997.0
12854,2040-12-01,GW_storage_CO_NW_GW[AF],5512.0,10950730644.0,1683509.0
12855,2041-01-01,GW_storage_CO_NW_GW[AF],5471.0,10998281298.0,1688980.0
12856,2041-02-01,GW_storage_CO_NW_GW[AF],5434.0,11047818234.0,1694414.0
12857,2041-03-01,GW_storage_CO_NW_GW[AF],5394.0,11099139984.0,1699808.0
12858,2041-04-01,GW_storage_CO_NW_GW[AF],5354.0,11151170281.0,1705162.0
12859,2041-05-01,GW_storage_CO_NW_GW[AF],5315.0,11202540882.0,1710477.0
12860,2041-06-01,GW_storage_CO_NW_GW[AF],5277.0,11253584926.0,1715754.0
12861,2041-07-01,GW_storage_CO_NW_GW[AF],5237.0,11304087287.0,1720991.0
12862,2041-08-01,GW_storage_CO_NW_GW[AF],5198.0,11354085428.0,1726189.0
12863,2041-09-01,GW_storage_CO_NW_GW[AF],5161.0,11403615397.0,1731350.0
12864,2041-10-01,GW_storage_CO_NW_GW[AF],5122.0,11452671944.0,1736472.0
12865,2041-11-01,GW_storage_CO_NW_GW[AF],5085.0,11501212889.0,1741557.0
12866,2041-12-01,GW_storage_CO_NW_GW[AF],5047.0,11549056939.0,1746604.0
12867,2042-01-01,GW_storage_CO_NW_GW[AF],5010.0,11596204581.0,1751614.0
12868,2042-02-01,GW_storage_CO_NW_GW[AF],4976.0,11642935334.0,1756590.0
12869,2042-03-01,GW_storage_CO_NW_GW[AF],4940.0,11689092595.0,1761530.0
12870,2042-04-01,GW_storage_CO_NW_GW[AF],4904.0,11735022869.0,1766434.0
12871,2042-05-01,GW_storage_CO_NW_GW[AF],4867.0,11780876718.0,1771301.0
12872,2042-06-01,GW_storage_CO_NW_GW[AF],4832.0,11826092725.0,1776133.0
12873,2042-07-01,GW_storage_CO_NW_GW[AF],4795.0,11871546727.0,1780928.0
12874,2042-08-01,GW_storage_CO_NW_GW[AF],4760.0,11916431990.0,1785688.0
12875,2042-09-01,GW_storage_CO_NW_GW[AF],4726.0,11960791410.0,1790414.0
12876,2042-10-01,GW_storage_CO_NW_GW[AF],4690.0,12004660184.0,1795104.0
12877,2042-11-01,GW_storage_CO_NW_GW[AF],4657.0,12048130811.0,1799761.0
12878,2042-12-01,GW_storage_CO_NW_GW[AF],4622.0,12091062837.0,1804383.0
12879,2043-01-01,GW_storage_CO_NW_GW[AF],4588.0,12133444088.0,1808971.0
12880,2043-02-01,GW_storage_CO_NW_GW[AF],4557.0,12175363925.0,1813528.0
12881,2043-03-01,GW_storage_CO_NW_GW[AF],4523.0,12216725340.0,1818051.0
12882,2043-04-01,GW_storage_CO_NW_GW[AF],4491.0,12257666079.0,1822542.0
12883,2043-05-01,GW_storage_CO_NW_GW[AF],4458.0,12298078753.0,1827000.0
12884,2043-06-01,GW_storage_CO_NW_GW[AF],4425.0,12338040338.0,1831425.0
12885,2043-07-01,GW_storage_CO_NW_GW[AF],4392.0,12377535688.0,1835817.0
12886,2043-08-01,GW_storage_CO_NW_GW[AF],4359.0,12416568319.0,1840176.0
12887,2043-09-01,GW_storage_CO_NW_GW[AF],4328.0,12455234071.0,1844504.0
12888,2043-10-01,GW_storage_CO_NW_GW[AF],4296.0,12493493716.0,1848800.0
12889,2043-11-01,GW_storage_CO_NW_GW[AF],4266.0,12531340494.0,1853066.0
12890,2043-12-01,GW_storage_CO_NW_GW[AF],4233.0,12568703212.0,1857299.0
12891,2044-01-01,GW_storage_CO_NW_GW[AF],4202.0,12605614127.0,1861501.0
12892,2044-02-01,GW_storage_CO_NW_GW[AF],4173.0,12642100391.0,1865674.0
12893,2044-03-01,GW_storage_CO_NW_GW[AF],4142.0,12678094207.0,1869816.0
12894,2044-04-01,GW_storage_CO_NW_GW[AF],4112.0,12715489683.0,1873928.0
12895,2044-05-01,GW_storage_CO_NW_GW[AF],4081.0,12757376464.0,1878009.0
12896,2044-06-01,GW_storage_CO_NW_GW[AF],4052.0,12798680033.0,1882061.0
12897,2044-07-01,GW_storage_CO_NW_GW[AF],4022.0,12840178366.0,1886083.0
12898,2044-08-01,GW_storage_CO_NW_GW[AF],3993.0,12881238666.0,1890076.0
12899,2044-09-01,GW_storage_CO_NW_GW[AF],3963.0,12921922929.0,1894039.0
12900,2044-10-01,GW_storage_CO_NW_GW[AF],3934.0,12962137170.0,1897973.0
12901,2044-11-01,GW_storage_CO_NW_GW[AF],3906.0,13001917872.0,1901879.0
12902,2044-12-01,GW_storage_CO_NW_GW[AF],3877.0,13041192913.0,1905756.0
12903,2045-01-01,GW_storage_CO_NW_GW[AF],3847.0,13079996277.0,1909603.0
12904,2045-02-01,GW_storage_CO_NW_GW[AF],3822.0,13119222084.0,1913425.0
12905,2045-03-01,GW_storage_CO_NW_GW[AF],3794.0,13158364150.0,1917219.0
12906,2045-04-01,GW_storage_CO_NW_GW[AF],3766.0,13198157185.0,1920985.0
12907,2045-05-01,GW_storage_CO_NW_GW[AF],3738.0,13237869018.0,1924723.0
12908,2045-06-01,GW_storage_CO_NW_GW[AF],3711.0,13278774379.0,1928434.0
12909,2045-07-01,GW_storage_CO_NW_GW[AF],3684.0,13324244062.0,1932118.0
12910,2045-08-01,GW_storage_CO_NW_GW[AF],3657.0,13372386542.0,1935775.0
12911,2045-09-01,GW_storage_CO_NW_GW[AF],3630.0,13419876881.0,1939405.0
12912,2045-10-01,GW_storage_CO_NW_GW[AF],3604.0,13466818785.0,1943009.0
12913,2045-11-01,GW_storage_CO_NW_GW[AF],3578.0,13513160105.0,1946587.0
12914,2045-12-01,GW_storage_CO_NW_GW[AF],3548.0,13560745919.0,1950135.0
12915,2046-01-01,GW_storage_CO_NW_GW[AF],3522.0,13615290772.0,1953657.0
12916,2046-02-01,GW_storage_CO_NW_GW[AF],3498.0,13677811710.0,1957155.0
12917,2046-03-01,GW_storage_CO_NW_GW[AF],3472.0,13748607831.0,1960627.0
12918,2046-04-01,GW_storage_CO_NW_GW[AF],3447.0,13826873589.0,1964074.0
12919,2046-05-01,GW_storage_CO_NW_GW[AF],3422.0,13907944967.0,1967496.0
12920,2046-06-01,GW_storage_CO_NW_GW[AF],3397.0,13989979852.0,1970893.0
12921,2046-07-01,GW_storage_CO_NW_GW[AF],3372.0,14071604903.0,1974265.0
12922,2046-08-01,GW_storage_CO_NW_GW[AF],3347.0,14152131683.0,1977612.0
12923,2046-09-01,GW_storage_CO_NW_GW[AF],3323.0,14231617714.0,1980935.0
12924,2046-10-01,GW_storage_CO_NW_GW[AF],3298.0,14310005025.0,1984233.0
12925,2046-11-01,GW_storage_CO_NW_GW[AF],3274.0,14387273527.0,1987507.0
12926,2046-12-01,GW_storage_CO_NW_GW[AF],3249.0,14463437376.0,1990756.0
12927,2047-01-01,GW_storage_CO_NW_GW[AF],3226.0,14538457981.0,1993982.0
12928,2047-02-01,GW_storage_CO_NW_GW[AF],3204.0,14612508014.0,1997186.0
12929,2047-03-01,GW_storage_CO_NW_GW[AF],3180.0,14685452283.0,2000366.0
12930,2047-04-01,GW_storage_CO_NW_GW[AF],3157.0,14764472816.0,2003523.0
12931,2047-05-01,GW_storage_CO_NW_GW[AF],3134.0,14860897341.0,2006657.0
12932,2047-06-01,GW_storage_CO_NW_GW[AF],3112.0,14972506362.0,2009769.0
12933,2047-07-01,GW_storage_CO_NW_GW[AF],3088.0,15088231692.0,2012857.0
12934,2047-08-01,GW_storage_CO_NW_GW[AF],3065.0,15203332934.0,2015922.0
12935,2047-09-01,GW_storage_CO_NW_GW[AF],3043.0,15317492289.0,2018965.0
12936,2047-10-01,GW_storage_CO_NW_GW[AF],3020.0,15430042333.0,2021985.0
12937,2047-11-01,GW_storage_CO_NW_GW[AF],2998.0,15542831934.0,2024983.0
12938,2047-12-01,GW_storage_CO_NW_GW[AF],2977.0,15653870877.0,2027960.0
12939,2048-01-01,GW_storage_CO_NW_GW[AF],2954.0,15763169397.0,2030914.0
12940,2048-02-01,GW_storage_CO_NW_GW[AF],2934.0,15872138297.0,2033848.0
12941,2048-03-01,GW_storage_CO_NW_GW[AF],2912.0,15987897138.0,2036760.0
12942,2048-04-01,GW_storage_CO_NW_GW[AF],2891.0,16106751114.0,2039651.0
12943,2048-05-01,GW_storage_CO_NW_GW[AF],2869.0,16226738594.0,2042520.0
12944,2048-06-01,GW_storage_CO_NW_GW[AF],2849.0,16346930466.0,2045369.0
12945,2048-07-01,GW_storage_CO_NW_GW[AF],2827.0,16466203172.0,2048196.0
12946,2048-08-01,GW_storage_CO_NW_GW[AF],2807.0,16583670765.0,2051003.0
12947,2048-09-01,GW_storage_CO_NW_GW[AF],2786.0,16699553017.0,2053789.0
12948,2048-10-01,GW_storage_CO_NW_GW[AF],2766.0,16813788962.0,2056555.0
12949,2048-11-01,GW_storage_CO_NW_GW[AF],2746.0,16926416472.0,2059301.0
12950,2048-12-01,GW_storage_CO_NW_GW[AF],2725.0,17038918116.0,2062026.0
12951,2049-01-01,GW_storage_CO_NW_GW[AF],2705.0,17150214903.0,2064731.0
12952,2049-02-01,GW_storage_CO_NW_GW[AF],2687.0,17259849423.0,2067418.0
12953,2049-03-01,GW_storage_CO_NW_GW[AF],2667.0,17374140295.0,2070085.0
12954,2049-04-01,GW_storage_CO_NW_GW[AF],2648.0,17496980626.0,2072733.0
12955,2049-05-01,GW_storage_CO_NW_GW[AF],2628.0,17623520262.0,2075361.0
12956,2049-06-01,GW_storage_CO_NW_GW[AF],2609.0,17749882278.0,2077970.0
12957,2049-07-01,GW_storage_CO_NW_GW[AF],2590.0,17875311834.0,2080560.0
12958,2049-08-01,GW_storage_CO_NW_GW[AF],2569.0,17998950915.0,2083129.0
12959,2049-09-01,GW_storage_CO_NW_GW[AF],2551.0,18120987592.0,2085680.0
12960,2049-10-01,GW_storage_CO_NW_GW[AF],2532.0,18241422265.0,2088212.0
12961,2049-11-01,GW_storage_CO_NW_GW[AF],2514.0,18360102830.0,2090726.0
12962,2049-12-01,GW_storage_CO_NW_GW[AF],2496.0,18476910369.0,2093222.0
12963,2050-01-01,GW_storage_CO_NW_GW[AF],2477.0,18591916831.0,2095699.0
12964,2050-02-01,GW_storage_CO_NW_GW[AF],2460.0,18705272956.0,2098159.0
12965,2050-03-01,GW_storage_CO_NW_GW[AF],2442.0,18821028859.0,2100601.0
12966,2050-04-01,GW_storage_CO_NW_GW[AF],2424.0,18940506995.0,2103025.0
12967,2050-05-01,GW_storage_CO_NW_GW[AF],2406.0,19059600483.0,2105431.0
12968,2050-06-01,GW_storage_CO_NW_GW[AF],2389.0,19178428021.0,2107820.0
12969,2050-07-01,GW_storage_CO_NW_GW[AF],2371.0,19296435077.0,2110191.0
12970,2050-08-01,GW_storage_CO_NW_GW[AF],2346.0,19412834260.0,2112537.0
12971,2050-09-01,GW_storage_CO_NW_GW[AF],2329.0,19527808893.0,2114866.0
12972,2050-10-01,GW_storage_CO_NW_GW[AF],2311.0,19641173895.0,2117177.0
12973,2050-11-01,GW_storage_CO_NW_GW[AF],2294.0,19752769080.0,2119471.0
12974,2050-12-01,GW_storage_CO_NW_GW[AF],2278.0,19862611454.0,2121749.0
12975,2051-01-01,GW_storage_CO_NW_GW[AF],2260.0,19970764786.0,2124009.0
12976,2051-02-01,GW_storage_CO_NW_GW[AF],2245.0,20077395432.0,2126254.0
12977,2051-03-01,GW_storage_CO_NW_GW[AF],2229.0,20182370827.0,2128483.0
12978,2051-04-01,GW_storage_CO_NW_GW[AF],2212.0,20291580463.0,2130695.0
12979,2051-05-01,GW_storage_CO_NW_GW[AF],2196.0,20400038326.0,2132891.0
12980,2051-06-01,GW_storage_CO_NW_GW[AF],2180.0,20508257786.0,2135071.0
12981,2051-07-01,GW_storage_CO_NW_GW[AF],2164.0,20615875318.0,2137235.0
12982,2051-08-01,GW_storage_CO_NW_GW[AF],2148.0,20722198437.0,2139383.0
12983,2051-09-01,GW_storage_CO_NW_GW[AF],2133.0,20827038775.0,2141516.0
12984,2051-10-01,GW_storage_CO_NW_GW[AF],2117.0,20930437548.0,2143633.0
12985,2051-11-01,GW_storage_CO_NW_GW[AF],2102.0,21032468769.0,2145735.0
12986,2051-12-01,GW_storage_CO_NW_GW[AF],2086.0,21133705710.0,2147821.0
12987,2052-01-01,GW_storage_CO_NW_GW[AF],2070.0,21233433839.0,2149891.0
12988,2052-02-01,GW_storage_CO_NW_GW[AF],2056.0,21331717041.0,2151947.0
12989,2052-03-01,GW_storage_CO_NW_GW[AF],2041.0,21429607427.0,2153988.0
12990,2052-04-01,GW_storage_CO_NW_GW[AF],2026.0,21527851494.0,2156014.0
12991,2052-05-01,GW_storage_CO_NW_GW[AF],2011.0,21624977785.0,2158025.0
12992,2052-06-01,GW_storage_CO_NW_GW[AF],2004.0,21720857498.0,2160029.0
12993,2052-07-01,GW_storage_CO_NW_GW[AF],1990.0,21815421513.0,2162019.0
12994,2052-08-01,GW_storage_CO_NW_GW[AF],1975.0,21908765850.0,2163994.0
12995,2052-09-01,GW_storage_CO_NW_GW[AF],1960.0,22001026854.0,2165954.0
12996,2052-10-01,GW_storage_CO_NW_GW[AF],1945.0,22092179195.0,2167899.0
12997,2052-11-01,GW_storage_CO_NW_GW[AF],1932.0,22182158688.0,2169831.0
12998,2052-12-01,GW_storage_CO_NW_GW[AF],1917.0,22270990851.0,2171748.0
12999,2053-01-01,GW_storage_CO_NW_GW[AF],1903.0,22358572318.0,2173651.0
13000,2053-02-01,GW_storage_CO_NW_GW[AF],1890.0,22445234888.0,2175541.0
13001,2053-03-01,GW_storage_CO_NW_GW[AF],1876.0,22531338210.0,2177417.0
13002,2053-04-01,GW_storage_CO_NW_GW[AF],1862.0,22618197854.0,2179279.0
13003,2053-05-01,GW_storage_CO_NW_GW[AF],1849.0,22705000235.0,2181128.0
13004,2053-06-01,GW_storage_CO_NW_GW[AF],1835.0,22792005107.0,2182963.0
13005,2053-07-01,GW_storage_CO_NW_GW[AF],1822.0,22878611714.0,2184785.0
13006,2053-08-01,GW_storage_CO_NW_GW[AF],1809.0,22964123789.0,2186594.0
13007,2053-09-01,GW_storage_CO_NW_GW[AF],1795.0,23048536524.0,2188389.0
13008,2053-10-01,GW_storage_CO_NW_GW[AF],1782.0,23131866519.0,2190171.0
13009,2053-11-01,GW_storage_CO_NW_GW[AF],1770.0,23214276747.0,2191941.0
13010,2053-12-01,GW_storage_CO_NW_GW[AF],1756.0,23295578937.0,2193697.0
13011,2054-01-01,GW_storage_CO_NW_GW[AF],1743.0,23375761806.0,2195440.0
13012,2054-02-01,GW_storage_CO_NW_GW[AF],1732.0,23454991045.0,2197172.0
13013,2054-03-01,GW_storage_CO_NW_GW[AF],1718.0,23533194281.0,2198890.0
13014,2054-04-01,GW_storage_CO_NW_GW[AF],1706.0,23610840643.0,2200596.0
13015,2054-05-01,GW_storage_CO_NW_GW[AF],1693.0,23687968757.0,2202289.0
13016,2054-06-01,GW_storage_CO_NW_GW[AF],1681.0,23764134532.0,2203970.0
13017,2054-07-01,GW_storage_CO_NW_GW[AF],1668.0,23839346953.0,2205638.0
13018,2054-08-01,GW_storage_CO_NW_GW[AF],1656.0,23913680649.0,2207294.0
13019,2054-09-01,GW_storage_CO_NW_GW[AF],1643.0,23987275722.0,2208937.0
13020,2054-10-01,GW_storage_CO_NW_GW[AF],1631.0,24060063673.0,2210568.0
13021,2054-11-01,GW_storage_CO_NW_GW[AF],1619.0,24132040073.0,2212187.0
13022,2054-12-01,GW_storage_CO_NW_GW[AF],1608.0,24203075252.0,2213795.0
13023,2055-01-01,GW_storage_CO_NW_GW[AF],1595.0,24273232069.0,2215390.0
13024,2055-02-01,GW_storage_CO_NW_GW[AF],1585.0,24346983422.0,2216975.0
13025,2055-03-01,GW_storage_CO_NW_GW[AF],1573.0,24429418525.0,2218548.0
13026,2055-04-01,GW_storage_CO_NW_GW[AF],1562.0,24519974284.0,2220110.0
13027,2055-05-01,GW_storage_CO_NW_GW[AF],1551.0,24612887460.0,2221661.0
13028,2055-06-01,GW_storage_CO_NW_GW[AF],1539.0,24705731755.0,2223200.0
13029,2055-07-01,GW_storage_CO_NW_GW[AF],1528.0,24797561549.0,2224728.0
13030,2055-08-01,GW_storage_CO_NW_GW[AF],1516.0,24888417864.0,2226244.0
13031,2055-09-01,GW_storage_CO_NW_GW[AF],1505.0,24978247446.0,2227749.0
13032,2055-10-01,GW_storage_CO_NW_GW[AF],1494.0,25067037402.0,2229243.0
13033,2055-11-01,GW_storage_CO_NW_GW[AF],1483.0,25154620871.0,2230726.0
13034,2055-12-01,GW_storage_CO_NW_GW[AF],1472.0,25240958786.0,2232198.0
13035,2056-01-01,GW_storage_CO_NW_GW[AF],1461.0,25326085001.0,2233659.0
13036,2056-02-01,GW_storage_CO_NW_GW[AF],1451.0,25410115783.0,2235110.0
13037,2056-03-01,GW_storage_CO_NW_GW[AF],1440.0,25493046199.0,2236550.0
13038,2056-04-01,GW_storage_CO_NW_GW[AF],1430.0,25579867650.0,2237980.0
13039,2056-05-01,GW_storage_CO_NW_GW[AF],1420.0,25665994452.0,2239400.0
13040,2056-06-01,GW_storage_CO_NW_GW[AF],1410.0,25751014051.0,2240810.0
13041,2056-07-01,GW_storage_CO_NW_GW[AF],1399.0,25834999057.0,2242209.0
13042,2056-08-01,GW_storage_CO_NW_GW[AF],1237.0,25918012980.0,2243446.0
13043,2056-09-01,GW_storage_CO_NW_GW[AF],1228.0,26000006720.0,2244674.0
13044,2056-10-01,GW_storage_CO_NW_GW[AF],1219.0,26080893812.0,2245893.0
13045,2056-11-01,GW_storage_CO_NW_GW[AF],1210.0,26160908259.0,2247103.0
13046,2056-12-01,GW_storage_CO_NW_GW[AF],1202.0,26240212456.0,2248305.0
13047,2057-01-01,GW_storage_CO_NW_GW[AF],1192.0,26318587848.0,2249497.0
13048,2057-02-01,GW_storage_CO_NW_GW[AF],1185.0,26395985372.0,2250682.0
13049,2057-03-01,GW_storage_CO_NW_GW[AF],1176.0,26472734266.0,2251858.0
13050,2057-04-01,GW_storage_CO_NW_GW[AF],1167.0,26556295278.0,2253025.0
13051,2057-05-01,GW_storage_CO_NW_GW[AF],1158.0,26638790503.0,2254183.0
13052,2057-06-01,GW_storage_CO_NW_GW[AF],1150.0,26720263696.0,2255333.0
13053,2057-07-01,GW_storage_CO_NW_GW[AF],1143.0,26800720453.0,2256476.0
13054,2057-08-01,GW_storage_CO_NW_GW[AF],1134.0,26880212595.0,2257610.0
13055,2057-09-01,GW_storage_CO_NW_GW[AF],1126.0,26958875022.0,2258736.0
13056,2057-10-01,GW_storage_CO_NW_GW[AF],1117.0,27036568588.0,2259853.0
13057,2057-11-01,GW_storage_CO_NW_GW[AF],1109.0,27113396201.0,2260962.0
13058,2057-12-01,GW_storage_CO_NW_GW[AF],1101.0,27189264327.0,2262063.0
13059,2058-01-01,GW_storage_CO_NW_GW[AF],1093.0,27264124633.0,2263156.0
13060,2058-02-01,GW_storage_CO_NW_GW[AF],1086.0,27348265847.0,2264242.0
13061,2058-03-01,GW_storage_CO_NW_GW[AF],1078.0,27440889382.0,2265320.0
13062,2058-04-01,GW_storage_CO_NW_GW[AF],1070.0,27539133274.0,2266390.0
13063,2058-05-01,GW_storage_CO_NW_GW[AF],1061.0,27639449314.0,2267451.0
13064,2058-06-01,GW_storage_CO_NW_GW[AF],1053.0,27738779306.0,2268504.0
13065,2058-07-01,GW_storage_CO_NW_GW[AF],1046.0,27837531793.0,2269550.0
13066,2058-08-01,GW_storage_CO_NW_GW[AF],1039.0,27935280444.0,2270589.0
13067,2058-09-01,GW_storage_CO_NW_GW[AF],1030.0,28031862865.0,2271619.0
13068,2058-10-01,GW_storage_CO_NW_GW[AF],1023.0,28127260463.0,2272642.0
13069,2058-11-01,GW_storage_CO_NW_GW[AF],1016.0,28221366217.0,2273658.0
13070,2058-12-01,GW_storage_CO_NW_GW[AF],1008.0,28314157055.0,2274666.0
13071,2059-01-01,GW_storage_CO_NW_GW[AF],1001.0,28405540773.0,2275667.0
13072,2059-02-01,GW_storage_CO_NW_GW[AF],994.0,28502067677.0,2276661.0
13073,2059-03-01,GW_storage_CO_NW_GW[AF],987.0,28605457246.0,2277648.0
13074,2059-04-01,GW_storage_CO_NW_GW[AF],979.0,28717814838.0,2278627.0
13075,2059-05-01,GW_storage_CO_NW_GW[AF],972.0,28830913147.0,2279599.0
13076,2059-06-01,GW_storage_CO_NW_GW[AF],966.0,28943770190.0,2280565.0
13077,2059-07-01,GW_storage_CO_NW_GW[AF],958.0,29055182582.0,2281523.0
13078,2059-08-01,GW_storage_CO_NW_GW[AF],952.0,29165160032.0,2282475.0
13079,2059-09-01,GW_storage_CO_NW_GW[AF],945.0,29273920291.0,2283420.0
13080,2059-10-01,GW_storage_CO_NW_GW[AF],938.0,29381402010.0,2284358.0
13081,2059-11-01,GW_storage_CO_NW_GW[AF],931.0,29487451547.0,2285289.0
13082,2059-12-01,GW_storage_CO_NW_GW[AF],924.0,29592083281.0,2286213.0
13083,2060-01-01,GW_storage_CO_NW_GW[AF],917.0,29695071869.0,2287130.0
13084,2060-02-01,GW_storage_CO_NW_GW[AF],911.0,29797999369.0,2288041.0
13085,2060-03-01,GW_storage_CO_NW_GW[AF],905.0,29907235449.0,2288946.0
13086,2060-04-01,GW_storage_CO_NW_GW[AF],898.0,30022282651.0,2289844.0
13087,2060-05-01,GW_storage_CO_NW_GW[AF],891.0,30138204137.0,2290735.0
13088,2060-06-01,GW_storage_CO_NW_GW[AF],885.0,30253989194.0,2291620.0
13089,2060-07-01,GW_storage_CO_NW_GW[AF],878.0,30369445165.0,2292498.0
13090,2060-08-01,GW_storage_CO_NW_GW[AF],872.0,30483354195.0,2293370.0
13091,2060-09-01,GW_storage_CO_NW_GW[AF],865.0,30595912136.0,2294235.0
13092,2060-10-01,GW_storage_CO_NW_GW[AF],860.0,30707058453.0,2295095.0
13093,2060-11-01,GW_storage_CO_NW_GW[AF],853.0,30816686913.0,2295948.0
13094,2060-12-01,GW_storage_CO_NW_GW[AF],847.0,30924630927.0,2296795.0
13095,2061-01-01,GW_storage_CO_NW_GW[AF],841.0,31038058188.0,2297636.0
13096,2061-02-01,GW_storage_CO_NW_GW[AF],836.0,31163247262.0,2298472.0
13097,2061-03-01,GW_storage_CO_NW_GW[AF],829.0,31301926464.0,2299301.0
13098,2061-04-01,GW_storage_CO_NW_GW[AF],823.0,31460043743.0,2300124.0
13099,2061-05-01,GW_storage_CO_NW_GW[AF],818.0,31621719240.0,2300942.0
13100,2061-06-01,GW_storage_CO_NW_GW[AF],812.0,31781944019.0,2301754.0
13101,2061-07-01,GW_storage_CO_NW_GW[AF],805.0,31940594248.0,2302559.0
13102,2061-08-01,GW_storage_CO_NW_GW[AF],799.0,32097666692.0,2303358.0
13103,2061-09-01,GW_storage_CO_NW_GW[AF],794.0,32253244922.0,2304152.0
13104,2061-10-01,GW_storage_CO_NW_GW[AF],788.0,32407132898.0,2304940.0
13105,2061-11-01,GW_storage_CO_NW_GW[AF],782.0,32559108380.0,2305722.0
13106,2061-12-01,GW_storage_CO_NW_GW[AF],776.0,32709321481.0,2306498.0
13107,2062-01-01,GW_storage_CO_NW_GW[AF],770.0,32858735378.0,2307268.0
13108,2062-02-01,GW_storage_CO_NW_GW[AF],765.0,33022044851.0,2308033.0
13109,2062-03-01,GW_storage_CO_NW_GW[AF],760.0,33198837130.0,2308793.0
13110,2062-04-01,GW_storage_CO_NW_GW[AF],754.0,33390837210.0,2309547.0
13111,2062-05-01,GW_storage_CO_NW_GW[AF],748.0,33584259641.0,2310295.0
13112,2062-06-01,GW_storage_CO_NW_GW[AF],743.0,33776858517.0,2311038.0
13113,2062-07-01,GW_storage_CO_NW_GW[AF],737.0,33967635736.0,2311775.0
13114,2062-08-01,GW_storage_CO_NW_GW[AF],732.0,34156855847.0,2312507.0
13115,2062-09-01,GW_storage_CO_NW_GW[AF],726.0,34344548104.0,2313233.0
13116,2062-10-01,GW_storage_CO_NW_GW[AF],722.0,34530332137.0,2313955.0
13117,2062-11-01,GW_storage_CO_NW_GW[AF],716.0,34714073091.0,2314671.0
13118,2062-12-01,GW_storage_CO_NW_GW[AF],711.0,34895778448.0,2315382.0
13119,2063-01-01,GW_storage_CO_NW_GW[AF],706.0,35079072230.0,2316088.0
13120,2063-02-01,GW_storage_CO_NW_GW[AF],701.0,35269350335.0,2316789.0
13121,2063-03-01,GW_storage_CO_NW_GW[AF],695.0,35470064786.0,2317484.0
13122,2063-04-01,GW_storage_CO_NW_GW[AF],690.0,35683040547.0,2318174.0
13123,2063-05-01,GW_storage_CO_NW_GW[AF],685.0,35907121073.0,2318859.0
13124,2063-06-01,GW_storage_CO_NW_GW[AF],681.0,36134854310.0,2319540.0
13125,2063-07-01,GW_storage_CO_NW_GW[AF],676.0,36361472567.0,2320216.0
13126,2063-08-01,GW_storage_CO_NW_GW[AF],672.0,36586142514.0,2320888.0
13127,2063-09-01,GW_storage_CO_NW_GW[AF],666.0,36808934029.0,2321554.0
13128,2063-10-01,GW_storage_CO_NW_GW[AF],-23023.0,37029507927.0,2298531.0
13129,2063-11-01,GW_storage_CO_NW_GW[AF],-22858.0,37248012309.0,2275673.0
13130,2063-12-01,GW_storage_CO_NW_GW[AF],-22687.0,37465671472.0,2252986.0
13131,2064-01-01,GW_storage_CO_NW_GW[AF],-22519.0,37694815963.0,2230467.0
13132,2064-02-01,GW_storage_CO_NW_GW[AF],-22362.0,37945097639.0,2208105.0
13133,2064-03-01,GW_storage_CO_NW_GW[AF],-22196.0,38213638934.0,2185909.0
13134,2064-04-01,GW_storage_CO_NW_GW[AF],-22036.0,38493367090.0,2163873.0
13135,2064-05-01,GW_storage_CO_NW_GW[AF],-46612.0,38776738105.0,2117261.0
13136,2064-06-01,GW_storage_CO_NW_GW[AF],-46277.0,39060661713.0,2070984.0
13137,2064-07-01,GW_storage_CO_NW_GW[AF],-45933.0,39341932866.0,2025051.0
13138,2064-08-01,GW_storage_CO_NW_GW[AF],-45590.0,39620711220.0,1979461.0
13139,2064-09-01,GW_storage_CO_NW_GW[AF],-45262.0,39897002798.0,1934199.0
13140,2064-10-01,GW_storage_CO_NW_GW[AF],-44926.0,40170736712.0,1889273.0
13141,2064-11-01,GW_storage_CO_NW_GW[AF],-44602.0,40442044957.0,1844671.0
13142,2064-12-01,GW_storage_CO_NW_GW[AF],-44270.0,40711834451.0,1800401.0
13143,2065-01-01,GW_storage_CO_NW_GW[AF],-43941.0,40982757097.0,1756460.0
13144,2065-02-01,GW_storage_CO_NW_GW[AF],-43646.0,41255716076.0,1712814.0
13145,2065-03-01,GW_storage_CO_NW_GW[AF],-43321.0,41533378347.0,1669493.0
13146,2065-04-01,GW_storage_CO_NW_GW[AF],-43009.0,41819419395.0,1626484.0
13147,2065-05-01,GW_storage_CO_NW_GW[AF],-42689.0,42107659636.0,1583795.0
13148,2065-06-01,GW_storage_CO_NW_GW[AF],-42388.0,42393392346.0,1541407.0
13149,2065-07-01,GW_storage_CO_NW_GW[AF],-42072.0,42678359041.0,1499335.0
13150,2065-08-01,GW_storage_CO_NW_GW[AF],-41759.0,42960938762.0,1457576.0
13151,2065-09-01,GW_storage_CO_NW_GW[AF],-41458.0,43241061639.0,1416118.0
13152,2065-10-01,GW_storage_CO_NW_GW[AF],-41150.0,43518553408.0,1374968.0
13153,2065-11-01,GW_storage_CO_NW_GW[AF],-40854.0,43793351378.0,1334114.0
13154,2065-12-01,GW_storage_CO_NW_GW[AF],-40550.0,44065325818.0,1293564.0
13155,2066-01-01,GW_storage_CO_NW_GW[AF],-40248.0,44334625115.0,1253316.0
13156,2066-02-01,GW_storage_CO_NW_GW[AF],-39978.0,44601575728.0,1213338.0
13157,2066-03-01,GW_storage_CO_NW_GW[AF],-39680.0,44865977654.0,1173658.0
13158,2066-04-01,GW_storage_CO_NW_GW[AF],-39395.0,45130939542.0,1134263.0
13159,2066-05-01,GW_storage_CO_NW_GW[AF],-39101.0,45393925169.0,1095162.0
13160,2066-06-01,GW_storage_CO_NW_GW[AF],-38820.0,45654573916.0,1056342.0
13161,2066-07-01,GW_storage_CO_NW_GW[AF],-38639.0,45912927675.0,1017703.0
13162,2066-08-01,GW_storage_CO_NW_GW[AF],-38452.0,46169111465.0,979251.0
13163,2066-09-01,GW_storage_CO_NW_GW[AF],-38175.0,46423600426.0,941076.0
13164,2066-10-01,GW_storage_CO_NW_GW[AF],-37891.0,46676263355.0,903185.0
13165,2066-11-01,GW_storage_CO_NW_GW[AF],-37619.0,46927228863.0,865566.0
13166,2066-12-01,GW_storage_CO_NW_GW[AF],-37338.0,47176198480.0,828228.0
13167,2067-01-01,GW_storage_CO_NW_GW[AF],-37061.0,47422896821.0,791167.0
13168,2067-02-01,GW_storage_CO_NW_GW[AF],-36811.0,47667661431.0,754356.0
13169,2067-03-01,GW_storage_CO_NW_GW[AF],-36538.0,47910308464.0,717818.0
13170,2067-04-01,GW_storage_CO_NW_GW[AF],-36274.0,48151085524.0,681544.0
13171,2067-05-01,GW_storage_CO_NW_GW[AF],-36005.0,48389950965.0,645539.0
13172,2067-06-01,GW_storage_CO_NW_GW[AF],-35746.0,48627002221.0,609793.0
13173,2067-07-01,GW_storage_CO_NW_GW[AF],-35480.0,48862124917.0,574313.0
13174,2067-08-01,GW_storage_CO_NW_GW[AF],-35215.0,49095321876.0,539098.0
13175,2067-09-01,GW_storage_CO_NW_GW[AF],-34962.0,49326841519.0,504136.0
13176,2067-10-01,GW_storage_CO_NW_GW[AF],-34702.0,49556552267.0,469434.0
13177,2067-11-01,GW_storage_CO_NW_GW[AF],-34452.0,49784868208.0,434982.0
13178,2067-12-01,GW_storage_CO_NW_GW[AF],-34195.0,50011545293.0,400787.0
13179,2068-01-01,GW_storage_CO_NW_GW[AF],-33941.0,50238331069.0,366846.0
13180,2068-02-01,GW_storage_CO_NW_GW[AF],-33705.0,50478937732.0,333141.0
13181,2068-03-01,GW_storage_CO_NW_GW[AF],-33454.0,50739381265.0,299687.0
13182,2068-04-01,GW_storage_CO_NW_GW[AF],-33214.0,51011294375.0,266473.0
13183,2068-05-01,GW_storage_CO_NW_GW[AF],-32967.0,51290774772.0,233506.0
13184,2068-06-01,GW_storage_CO_NW_GW[AF],-32729.0,51571539123.0,200777.0
13185,2068-07-01,GW_storage_CO_NW_GW[AF],-32495.0,51851333229.0,168282.0
13186,2068-08-01,GW_storage_CO_NW_GW[AF],-32253.0,52129191774.0,136029.0
13187,2068-09-01,GW_storage_CO_NW_GW[AF],-32021.0,52405096290.0,104008.0
13188,2068-10-01,GW_storage_CO_NW_GW[AF],-31783.0,52678907664.0,72225.0
13189,2068-11-01,GW_storage_CO_NW_GW[AF],-31553.0,52950483517.0,40672.0
13190,2068-12-01,GW_storage_CO_NW_GW[AF],-31319.0,53219819895.0,9353.0
13191,2069-01-01,GW_storage_CO_NW_GW[AF],-31086.0,53487155316.0,-21733.0
13192,2069-02-01,GW_storage_CO_NW_GW[AF],-30877.0,53760870931.0,-52610.0
13193,2069-03-01,GW_storage_CO_NW_GW[AF],-30647.0,54039428849.0,-83257.0
13194,2069-04-01,GW_storage_CO_NW_GW[AF],-30427.0,54324092180.0,-113684.0
13195,2069-05-01,GW_storage_CO_NW_GW[AF],-30200.0,54609436481.0,-143884.0
13196,2069-06-01,GW_storage_CO_NW_GW[AF],-29983.0,54894337917.0,-173867.0
13197,2069-07-01,GW_storage_CO_NW_GW[AF],-29760.0,55177218144.0,-203627.0
13198,2069-08-01,GW_storage_CO_NW_GW[AF],-29539.0,55458179949.0,-233166.0
13199,2069-09-01,GW_storage_CO_NW_GW[AF],-29325.0,55737226700.0,-262491.0
13200,2069-10-01,GW_storage_CO_NW_GW[AF],-29108.0,56014313112.0,-291599.0
13201,2069-11-01,GW_storage_CO_NW_GW[AF],-28898.0,56289244905.0,-320497.0
13202,2069-12-01,GW_storage_CO_NW_GW[AF],-28683.0,56561948550.0,-349180.0
13203,2070-01-01,GW_storage_CO_NW_GW[AF],-28470.0,56832455571.0,-377650.0
13204,2070-02-01,GW_storage_CO_NW_GW[AF],-28278.0,57101031869.0,-405928.0
13205,2070-03-01,GW_storage_CO_NW_GW[AF],-28068.0,57367456127.0,-433996.0
13206,2070-04-01,GW_storage_CO_NW_GW[AF],-27866.0,57631884127.0,-461862.0
13207,2070-05-01,GW_storage_CO_NW_GW[AF],-27658.0,57894580730.0,-489520.0
13208,2070-06-01,GW_storage_CO_NW_GW[AF],-27459.0,58156625113.0,-516979.0
13209,2070-07-01,GW_storage_CO_NW_GW[AF],-27284.0,58417720429.0,-544263.0
13210,2070-08-01,GW_storage_CO_NW_GW[AF],-27112.0,58677125935.0,-571375.0
13211,2070-09-01,GW_storage_CO_NW_GW[AF],-26916.0,58935122487.0,-598291.0
13212,2070-10-01,GW_storage_CO_NW_GW[AF],-26716.0,59191573450.0,-625007.0
13213,2070-11-01,GW_storage_CO_NW_GW[AF],-26524.0,59446278042.0,-651531.0
13214,2070-12-01,GW_storage_CO_NW_GW[AF],-26326.0,59699129256.0,-677857.0
13215,2021-05-01,GW_storage_CO_SW_GW[AF],-11656.0,212369.0,-11656.0
13216,2021-06-01,GW_storage_CO_SW_GW[AF],-11572.0,422066.0,-23228.0
13217,2021-07-01,GW_storage_CO_SW_GW[AF],-11485.0,628985.0,-34713.0
13218,2021-08-01,GW_storage_CO_SW_GW[AF],-11401.0,833341.0,-46114.0
13219,2021-09-01,GW_storage_CO_SW_GW[AF],-11378.0,1034591.0,-57492.0
13220,2021-10-01,GW_storage_CO_SW_GW[AF],-11293.0,1228184.0,-68785.0
13221,2021-11-01,GW_storage_CO_SW_GW[AF],-11212.0,1408873.0,-79997.0
13222,2021-12-01,GW_storage_CO_SW_GW[AF],-11129.0,1583705.0,-91126.0
13223,2022-01-01,GW_storage_CO_SW_GW[AF],-11046.0,1753848.0,-102172.0
13224,2022-02-01,GW_storage_CO_SW_GW[AF],-10972.0,1920342.0,-113144.0
13225,2022-03-01,GW_storage_CO_SW_GW[AF],-10890.0,2083476.0,-124034.0
13226,2022-04-01,GW_storage_CO_SW_GW[AF],-10816.0,2243387.0,-134850.0
13227,2022-05-01,GW_storage_CO_SW_GW[AF],-10736.0,2522880.0,-145586.0
13228,2022-06-01,GW_storage_CO_SW_GW[AF],-10659.0,3551564.0,-156245.0
13229,2022-07-01,GW_storage_CO_SW_GW[AF],-10579.0,4562843.0,-166824.0
13230,2022-08-01,GW_storage_CO_SW_GW[AF],-10500.0,5557441.0,-177324.0
13231,2022-09-01,GW_storage_CO_SW_GW[AF],-10425.0,6536311.0,-187749.0
13232,2022-10-01,GW_storage_CO_SW_GW[AF],-10348.0,7499151.0,-198097.0
13233,2022-11-01,GW_storage_CO_SW_GW[AF],-10273.0,8445383.0,-208370.0
13234,2022-12-01,GW_storage_CO_SW_GW[AF],-10197.0,9374562.0,-218567.0
13235,2023-01-01,GW_storage_CO_SW_GW[AF],-10121.0,10287031.0,-228688.0
13236,2023-02-01,GW_storage_CO_SW_GW[AF],-10052.0,11192982.0,-238740.0
13237,2023-03-01,GW_storage_CO_SW_GW[AF],-9978.0,12082492.0,-248718.0
13238,2023-04-01,GW_storage_CO_SW_GW[AF],-9906.0,12955603.0,-258624.0
13239,2023-05-01,GW_storage_CO_SW_GW[AF],-9833.0,13813215.0,-268457.0
13240,2023-06-01,GW_storage_CO_SW_GW[AF],-9761.0,15164430.0,-278218.0
13241,2023-07-01,GW_storage_CO_SW_GW[AF],-9688.0,17236845.0,-287906.0
13242,2023-08-01,GW_storage_CO_SW_GW[AF],-9617.0,19274971.0,-297523.0
13243,2023-09-01,GW_storage_CO_SW_GW[AF],-9547.0,21282260.0,-307070.0
13244,2023-10-01,GW_storage_CO_SW_GW[AF],-9476.0,23279746.0,-316546.0
13245,2023-11-01,GW_storage_CO_SW_GW[AF],-9408.0,25247116.0,-325954.0
13246,2023-12-01,GW_storage_CO_SW_GW[AF],-9338.0,27178503.0,-335292.0
13247,2024-01-01,GW_storage_CO_SW_GW[AF],-9269.0,29079026.0,-344561.0
13248,2024-02-01,GW_storage_CO_SW_GW[AF],-9204.0,30951693.0,-353765.0
13249,2024-03-01,GW_storage_CO_SW_GW[AF],-9136.0,32794640.0,-362901.0
13250,2024-04-01,GW_storage_CO_SW_GW[AF],-9070.0,34598451.0,-371971.0
13251,2024-05-01,GW_storage_CO_SW_GW[AF],-9003.0,36379549.0,-380974.0
13252,2024-06-01,GW_storage_CO_SW_GW[AF],-8938.0,38134426.0,-389912.0
13253,2024-07-01,GW_storage_CO_SW_GW[AF],-8871.0,39862715.0,-398783.0
13254,2024-08-01,GW_storage_CO_SW_GW[AF],-8805.0,41565221.0,-407588.0
13255,2024-09-01,GW_storage_CO_SW_GW[AF],-8742.0,43242727.0,-416330.0
13256,2024-10-01,GW_storage_CO_SW_GW[AF],-8679.0,44894530.0,-425009.0
13257,2024-11-01,GW_storage_CO_SW_GW[AF],-8614.0,46522142.0,-433623.0
13258,2024-12-01,GW_storage_CO_SW_GW[AF],-8551.0,48125394.0,-442174.0
13259,2025-01-01,GW_storage_CO_SW_GW[AF],-8487.0,49704625.0,-450661.0
13260,2025-02-01,GW_storage_CO_SW_GW[AF],-8430.0,51264049.0,-459091.0
13261,2025-03-01,GW_storage_CO_SW_GW[AF],-8377.0,52800150.0,-467468.0
13262,2025-04-01,GW_storage_CO_SW_GW[AF],-8317.0,54422403.0,-475785.0
13263,2025-05-01,GW_storage_CO_SW_GW[AF],-8255.0,56023530.0,-484040.0
13264,2025-06-01,GW_storage_CO_SW_GW[AF],-8175.0,57673121.0,-492215.0
13265,2025-07-01,GW_storage_CO_SW_GW[AF],-8166.0,59233291.0,-500381.0
13266,2025-08-01,GW_storage_CO_SW_GW[AF],-14080.0,60752330.0,-514461.0
13267,2025-09-01,GW_storage_CO_SW_GW[AF],-4071.0,63291561.0,-518532.0
13268,2025-10-01,GW_storage_CO_SW_GW[AF],-3994.0,66117192.0,-522526.0
13269,2025-11-01,GW_storage_CO_SW_GW[AF],-3912.0,69169207.0,-526438.0
13270,2025-12-01,GW_storage_CO_SW_GW[AF],-3838.0,72377661.0,-530276.0
13271,2026-01-01,GW_storage_CO_SW_GW[AF],-3770.0,75644729.0,-534046.0
13272,2026-02-01,GW_storage_CO_SW_GW[AF],-3489.0,83025589.0,-537535.0
13273,2026-03-01,GW_storage_CO_SW_GW[AF],-3432.0,93674924.0,-540967.0
13274,2026-04-01,GW_storage_CO_SW_GW[AF],-2286.0,112497734.0,-543253.0
13275,2026-05-01,GW_storage_CO_SW_GW[AF],-1842.0,136460613.0,-545095.0
13276,2026-06-01,GW_storage_CO_SW_GW[AF],-1807.0,160180041.0,-546902.0
13277,2026-07-01,GW_storage_CO_SW_GW[AF],-1786.0,184580314.0,-548688.0
13278,2026-08-01,GW_storage_CO_SW_GW[AF],-1331.0,208538131.0,-550019.0
13279,2026-09-01,GW_storage_CO_SW_GW[AF],-1086.0,232132273.0,-551105.0
13280,2026-10-01,GW_storage_CO_SW_GW[AF],-761.0,255250646.0,-551866.0
13281,2026-11-01,GW_storage_CO_SW_GW[AF],-472.0,277908394.0,-552338.0
13282,2026-12-01,GW_storage_CO_SW_GW[AF],-180.0,300103214.0,-552518.0
13283,2027-01-01,GW_storage_CO_SW_GW[AF],91.0,321847786.0,-552427.0
13284,2027-02-01,GW_storage_CO_SW_GW[AF],338.0,343199646.0,-552089.0
13285,2027-03-01,GW_storage_CO_SW_GW[AF],646.0,369620421.0,-551443.0
13286,2027-04-01,GW_storage_CO_SW_GW[AF],635.0,409179141.0,-550808.0
13287,2027-05-01,GW_storage_CO_SW_GW[AF],630.0,455970259.0,-550178.0
13288,2027-06-01,GW_storage_CO_SW_GW[AF],626.0,506103237.0,-549552.0
13289,2027-07-01,GW_storage_CO_SW_GW[AF],621.0,558027240.0,-548931.0
13290,2027-08-01,GW_storage_CO_SW_GW[AF],616.0,610747556.0,-548315.0
13291,2027-09-01,GW_storage_CO_SW_GW[AF],612.0,662576568.0,-547703.0
13292,2027-10-01,GW_storage_CO_SW_GW[AF],607.0,713531026.0,-547096.0
13293,2027-11-01,GW_storage_CO_SW_GW[AF],602.0,763602436.0,-546494.0
13294,2027-12-01,GW_storage_CO_SW_GW[AF],598.0,812846873.0,-545896.0
13295,2028-01-01,GW_storage_CO_SW_GW[AF],594.0,861121911.0,-545302.0
13296,2028-02-01,GW_storage_CO_SW_GW[AF],589.0,908650771.0,-544713.0
13297,2028-03-01,GW_storage_CO_SW_GW[AF],585.0,959000163.0,-544128.0
13298,2028-04-01,GW_storage_CO_SW_GW[AF],581.0,1012039411.0,-543547.0
13299,2028-05-01,GW_storage_CO_SW_GW[AF],577.0,1068060916.0,-542970.0
13300,2028-06-01,GW_storage_CO_SW_GW[AF],572.0,1125203670.0,-542398.0
13301,2028-07-01,GW_storage_CO_SW_GW[AF],568.0,1183903968.0,-541830.0
13302,2028-08-01,GW_storage_CO_SW_GW[AF],708.0,1241633200.0,-541122.0
13303,2028-09-01,GW_storage_CO_SW_GW[AF],549.0,1298536546.0,-540573.0
13304,2028-10-01,GW_storage_CO_SW_GW[AF],-6396.0,1354465802.0,-546969.0
13305,2028-11-01,GW_storage_CO_SW_GW[AF],-6246.0,1409406877.0,-553215.0
13306,2028-12-01,GW_storage_CO_SW_GW[AF],-6093.0,1463330743.0,-559308.0
13307,2029-01-01,GW_storage_CO_SW_GW[AF],-5952.0,1516331973.0,-565260.0
13308,2029-02-01,GW_storage_CO_SW_GW[AF],-5821.0,1568436361.0,-571081.0
13309,2029-03-01,GW_storage_CO_SW_GW[AF],-5665.0,1622957905.0,-576746.0
13310,2029-04-01,GW_storage_CO_SW_GW[AF],-5629.0,1679352962.0,-582375.0
13311,2029-05-01,GW_storage_CO_SW_GW[AF],-5022.0,1742904338.0,-587397.0
13312,2029-06-01,GW_storage_CO_SW_GW[AF],-4870.0,1807169538.0,-592267.0
13313,2029-07-01,GW_storage_CO_SW_GW[AF],-4698.0,1872474684.0,-596965.0
13314,2029-08-01,GW_storage_CO_SW_GW[AF],-4692.0,1936569687.0,-601657.0
13315,2029-09-01,GW_storage_CO_SW_GW[AF],-4730.0,1999536921.0,-606387.0
13316,2029-10-01,GW_storage_CO_SW_GW[AF],-4612.0,2061251234.0,-610999.0
13317,2029-11-01,GW_storage_CO_SW_GW[AF],-4536.0,2121792309.0,-615535.0
13318,2029-12-01,GW_storage_CO_SW_GW[AF],7760.0,2181276298.0,-607775.0
13319,2030-01-01,GW_storage_CO_SW_GW[AF],19383.0,2239598911.0,-588392.0
13320,2030-02-01,GW_storage_CO_SW_GW[AF],19474.0,2296908282.0,-568918.0
13321,2030-03-01,GW_storage_CO_SW_GW[AF],19560.0,2353273149.0,-549358.0
13322,2030-04-01,GW_storage_CO_SW_GW[AF],19418.0,2408813513.0,-529940.0
13323,2030-05-01,GW_storage_CO_SW_GW[AF],19274.0,2463288321.0,-510666.0
13324,2030-06-01,GW_storage_CO_SW_GW[AF],19135.0,2519189259.0,-491531.0
13325,2030-07-01,GW_storage_CO_SW_GW[AF],18993.0,2574987711.0,-472538.0
13326,2030-08-01,GW_storage_CO_SW_GW[AF],19140.0,2629845780.0,-453398.0
13327,2030-09-01,GW_storage_CO_SW_GW[AF],18988.0,2683731630.0,-434410.0
13328,2030-10-01,GW_storage_CO_SW_GW[AF],19104.0,2736573135.0,-415306.0
13329,2030-11-01,GW_storage_CO_SW_GW[AF],19184.0,2788437015.0,-396122.0
13330,2030-12-01,GW_storage_CO_SW_GW[AF],19279.0,2839371858.0,-376843.0
13331,2031-01-01,GW_storage_CO_SW_GW[AF],19373.0,2889285425.0,-357470.0
13332,2031-02-01,GW_storage_CO_SW_GW[AF],19458.0,2938331300.0,-338012.0
13333,2031-03-01,GW_storage_CO_SW_GW[AF],19549.0,2986403207.0,-318463.0
13334,2031-04-01,GW_storage_CO_SW_GW[AF],19256.0,3034117058.0,-299207.0
13335,2031-05-01,GW_storage_CO_SW_GW[AF],19106.0,3081639947.0,-280101.0
13336,2031-06-01,GW_storage_CO_SW_GW[AF],18979.0,3128466639.0,-261122.0
13337,2031-07-01,GW_storage_CO_SW_GW[AF],19281.0,3175256040.0,-241841.0
13338,2031-08-01,GW_storage_CO_SW_GW[AF],19296.0,3221201089.0,-222545.0
13339,2031-09-01,GW_storage_CO_SW_GW[AF],18910.0,3266538806.0,-203635.0
13340,2031-10-01,GW_storage_CO_SW_GW[AF],18967.0,3311005126.0,-184668.0
13341,2031-11-01,GW_storage_CO_SW_GW[AF],19022.0,3354843436.0,-165646.0
13342,2031-12-01,GW_storage_CO_SW_GW[AF],19090.0,3397917039.0,-146556.0
13343,2032-01-01,GW_storage_CO_SW_GW[AF],19152.0,3440765830.0,-127404.0
13344,2032-02-01,GW_storage_CO_SW_GW[AF],19215.0,3500332884.0,-108189.0
13345,2032-03-01,GW_storage_CO_SW_GW[AF],19282.0,3570397039.0,-88907.0
13346,2032-04-01,GW_storage_CO_SW_GW[AF],19126.0,3645988541.0,-69781.0
13347,2032-05-01,GW_storage_CO_SW_GW[AF],18983.0,3723860841.0,-50798.0
13348,2032-06-01,GW_storage_CO_SW_GW[AF],18847.0,3803847465.0,-31951.0
13349,2032-07-01,GW_storage_CO_SW_GW[AF],18707.0,3884065220.0,-13244.0
13350,2032-08-01,GW_storage_CO_SW_GW[AF],20637.0,3963910669.0,7393.0
13351,2032-09-01,GW_storage_CO_SW_GW[AF],20489.0,4042724779.0,27882.0
13352,2032-10-01,GW_storage_CO_SW_GW[AF],20337.0,4120308321.0,48219.0
13353,2032-11-01,GW_storage_CO_SW_GW[AF],20753.0,4196679403.0,68972.0
13354,2032-12-01,GW_storage_CO_SW_GW[AF],20600.0,4271822754.0,89572.0
13355,2033-01-01,GW_storage_CO_SW_GW[AF],20446.0,4345538492.0,110018.0
13356,2033-02-01,GW_storage_CO_SW_GW[AF],20739.0,4423218301.0,130757.0
13357,2033-03-01,GW_storage_CO_SW_GW[AF],20586.0,4505470297.0,151343.0
13358,2033-04-01,GW_storage_CO_SW_GW[AF],20437.0,4590681136.0,171780.0
13359,2033-05-01,GW_storage_CO_SW_GW[AF],20285.0,4675360581.0,192065.0
13360,2033-06-01,GW_storage_CO_SW_GW[AF],20140.0,4760708398.0,212205.0
13361,2033-07-01,GW_storage_CO_SW_GW[AF],19992.0,4846138178.0,232197.0
13362,2033-08-01,GW_storage_CO_SW_GW[AF],20288.0,4931118427.0,252485.0
13363,2033-09-01,GW_storage_CO_SW_GW[AF],20452.0,5014914731.0,272937.0
13364,2033-10-01,GW_storage_CO_SW_GW[AF],20569.0,5097508172.0,293506.0
13365,2033-11-01,GW_storage_CO_SW_GW[AF],20674.0,5178663669.0,314180.0
13366,2033-12-01,GW_storage_CO_SW_GW[AF],20777.0,5258443309.0,334957.0
13367,2034-01-01,GW_storage_CO_SW_GW[AF],20873.0,5339163828.0,355830.0
13368,2034-02-01,GW_storage_CO_SW_GW[AF],20958.0,5418722190.0,376788.0
13369,2034-03-01,GW_storage_CO_SW_GW[AF],21069.0,5500220744.0,397857.0
13370,2034-04-01,GW_storage_CO_SW_GW[AF],20919.0,5584032903.0,418776.0
13371,2034-05-01,GW_storage_CO_SW_GW[AF],20766.0,5676873319.0,439542.0
13372,2034-06-01,GW_storage_CO_SW_GW[AF],20690.0,5773341236.0,460232.0
13373,2034-07-01,GW_storage_CO_SW_GW[AF],20757.0,5871231225.0,480989.0
13374,2034-08-01,GW_storage_CO_SW_GW[AF],21030.0,5968392389.0,502019.0
13375,2034-09-01,GW_storage_CO_SW_GW[AF],33706.0,6064112138.0,535725.0
13376,2034-10-01,GW_storage_CO_SW_GW[AF],33725.0,6158273690.0,569450.0
13377,2034-11-01,GW_storage_CO_SW_GW[AF],33735.0,6251013792.0,603185.0
13378,2034-12-01,GW_storage_CO_SW_GW[AF],33771.0,6342469856.0,636956.0
13379,2035-01-01,GW_storage_CO_SW_GW[AF],33812.0,6432436397.0,670768.0
13380,2035-02-01,GW_storage_CO_SW_GW[AF],33850.0,6520973109.0,704618.0
13381,2035-03-01,GW_storage_CO_SW_GW[AF],33891.0,6608114132.0,738509.0
13382,2035-04-01,GW_storage_CO_SW_GW[AF],33650.0,6694040771.0,772159.0
13383,2035-05-01,GW_storage_CO_SW_GW[AF],33399.0,6778544504.0,805558.0
13384,2035-06-01,GW_storage_CO_SW_GW[AF],33159.0,6863239534.0,838717.0
13385,2035-07-01,GW_storage_CO_SW_GW[AF],32912.0,6947511289.0,871629.0
13386,2035-08-01,GW_storage_CO_SW_GW[AF],32974.0,7030376153.0,904603.0
13387,2035-09-01,GW_storage_CO_SW_GW[AF],37520.0,7112119087.0,942123.0
13388,2035-10-01,GW_storage_CO_SW_GW[AF],39836.0,7192574428.0,981959.0
13389,2035-11-01,GW_storage_CO_SW_GW[AF],39847.0,7271865334.0,1021806.0
13390,2035-12-01,GW_storage_CO_SW_GW[AF],39856.0,7350179909.0,1061662.0
13391,2036-01-01,GW_storage_CO_SW_GW[AF],39876.0,7427195979.0,1101538.0
13392,2036-02-01,GW_storage_CO_SW_GW[AF],39890.0,7503024891.0,1141428.0
13393,2036-03-01,GW_storage_CO_SW_GW[AF],39911.0,7577632108.0,1181339.0
13394,2036-04-01,GW_storage_CO_SW_GW[AF],39624.0,7651185144.0,1220963.0
13395,2036-05-01,GW_storage_CO_SW_GW[AF],39329.0,7724300240.0,1260292.0
13396,2036-06-01,GW_storage_CO_SW_GW[AF],39062.0,7796353708.0,1299354.0
13397,2036-07-01,GW_storage_CO_SW_GW[AF],38751.0,7867314948.0,1338105.0
13398,2036-08-01,GW_storage_CO_SW_GW[AF],38665.0,7937241278.0,1376770.0
13399,2036-09-01,GW_storage_CO_SW_GW[AF],51260.0,8006295323.0,1428030.0
13400,2036-10-01,GW_storage_CO_SW_GW[AF],43973.0,8074305646.0,1472003.0
13401,2036-11-01,GW_storage_CO_SW_GW[AF],43976.0,8141376577.0,1515979.0
13402,2036-12-01,GW_storage_CO_SW_GW[AF],43937.0,8207644541.0,1559916.0
13403,2037-01-01,GW_storage_CO_SW_GW[AF],43902.0,8273161410.0,1603818.0
13404,2037-02-01,GW_storage_CO_SW_GW[AF],43867.0,8337733681.0,1647685.0
13405,2037-03-01,GW_storage_CO_SW_GW[AF],43837.0,8401237350.0,1691522.0
13406,2037-04-01,GW_storage_CO_SW_GW[AF],43523.0,8463716442.0,1735045.0
13407,2037-05-01,GW_storage_CO_SW_GW[AF],43374.0,8525229166.0,1778419.0
13408,2037-06-01,GW_storage_CO_SW_GW[AF],43071.0,8585780498.0,1821490.0
13409,2037-07-01,GW_storage_CO_SW_GW[AF],42781.0,8645518277.0,1864271.0
13410,2037-08-01,GW_storage_CO_SW_GW[AF],42672.0,8704580765.0,1906943.0
13411,2037-09-01,GW_storage_CO_SW_GW[AF],42587.0,8763159684.0,1949530.0
13412,2037-10-01,GW_storage_CO_SW_GW[AF],41489.0,8821181815.0,1991019.0
13413,2037-11-01,GW_storage_CO_SW_GW[AF],41479.0,8878677095.0,2032498.0
13414,2037-12-01,GW_storage_CO_SW_GW[AF],41209.0,8935618642.0,2073707.0
13415,2038-01-01,GW_storage_CO_SW_GW[AF],41217.0,8991690289.0,2114924.0
13416,2038-02-01,GW_storage_CO_SW_GW[AF],41222.0,9049081585.0,2156146.0
13417,2038-03-01,GW_storage_CO_SW_GW[AF],41230.0,9108044798.0,2197376.0
13418,2038-04-01,GW_storage_CO_SW_GW[AF],40932.0,9168794933.0,2238308.0
13419,2038-05-01,GW_storage_CO_SW_GW[AF],40627.0,9229969082.0,2278935.0
13420,2038-06-01,GW_storage_CO_SW_GW[AF],40341.0,9290494843.0,2319276.0
13421,2038-07-01,GW_storage_CO_SW_GW[AF],40339.0,9350294408.0,2359615.0
13422,2038-08-01,GW_storage_CO_SW_GW[AF],40437.0,9409318940.0,2400052.0
13423,2038-09-01,GW_storage_CO_SW_GW[AF],40418.0,9467673979.0,2440470.0
13424,2038-10-01,GW_storage_CO_SW_GW[AF],40376.0,9525253636.0,2480846.0
13425,2038-11-01,GW_storage_CO_SW_GW[AF],40343.0,9582098472.0,2521189.0
13426,2038-12-01,GW_storage_CO_SW_GW[AF],40313.0,9638248766.0,2561502.0
13427,2039-01-01,GW_storage_CO_SW_GW[AF],40292.0,9693650977.0,2601794.0
13428,2039-02-01,GW_storage_CO_SW_GW[AF],40278.0,9750458830.0,2642072.0
13429,2039-03-01,GW_storage_CO_SW_GW[AF],40266.0,9809156458.0,2682338.0
13430,2039-04-01,GW_storage_CO_SW_GW[AF],39974.0,9868559467.0,2722312.0
13431,2039-05-01,GW_storage_CO_SW_GW[AF],39676.0,9927385773.0,2761988.0
13432,2039-06-01,GW_storage_CO_SW_GW[AF],39390.0,9986965256.0,2801378.0
13433,2039-07-01,GW_storage_CO_SW_GW[AF],39112.0,10046475029.0,2840490.0
13434,2039-08-01,GW_storage_CO_SW_GW[AF],39616.0,10105238592.0,2880106.0
13435,2039-09-01,GW_storage_CO_SW_GW[AF],39906.0,10163363477.0,2920012.0
13436,2039-10-01,GW_storage_CO_SW_GW[AF],47695.0,10220781260.0,2967707.0
13437,2039-11-01,GW_storage_CO_SW_GW[AF],47613.0,10277373162.0,3015320.0
13438,2039-12-01,GW_storage_CO_SW_GW[AF],47529.0,10333185165.0,3062849.0
13439,2040-01-01,GW_storage_CO_SW_GW[AF],47457.0,10388289039.0,3110306.0
13440,2040-02-01,GW_storage_CO_SW_GW[AF],47395.0,10442633493.0,3157701.0
13441,2040-03-01,GW_storage_CO_SW_GW[AF],47321.0,10496196844.0,3205022.0
13442,2040-04-01,GW_storage_CO_SW_GW[AF],46989.0,10549040409.0,3252011.0
13443,2040-05-01,GW_storage_CO_SW_GW[AF],46640.0,10601395194.0,3298651.0
13444,2040-06-01,GW_storage_CO_SW_GW[AF],46345.0,10653107949.0,3344996.0
13445,2040-07-01,GW_storage_CO_SW_GW[AF],46342.0,10704171007.0,3391338.0
13446,2040-08-01,GW_storage_CO_SW_GW[AF],46276.0,10754605305.0,3437614.0
13447,2040-09-01,GW_storage_CO_SW_GW[AF],46271.0,10804445973.0,3483885.0
13448,2040-10-01,GW_storage_CO_SW_GW[AF],46161.0,10853648570.0,3530046.0
13449,2040-11-01,GW_storage_CO_SW_GW[AF],35238.0,10902484914.0,3565284.0
13450,2040-12-01,GW_storage_CO_SW_GW[AF],24687.0,10950730644.0,3589971.0
13451,2041-01-01,GW_storage_CO_SW_GW[AF],24627.0,10998281298.0,3614598.0
13452,2041-02-01,GW_storage_CO_SW_GW[AF],24577.0,11047818234.0,3639175.0
13453,2041-03-01,GW_storage_CO_SW_GW[AF],24526.0,11099139984.0,3663701.0
13454,2041-04-01,GW_storage_CO_SW_GW[AF],24352.0,11151170281.0,3688053.0
13455,2041-05-01,GW_storage_CO_SW_GW[AF],24171.0,11202540882.0,3712224.0
13456,2041-06-01,GW_storage_CO_SW_GW[AF],23996.0,11253584926.0,3736220.0
13457,2041-07-01,GW_storage_CO_SW_GW[AF],23893.0,11304087287.0,3760113.0
13458,2041-08-01,GW_storage_CO_SW_GW[AF],23767.0,11354085428.0,3783880.0
13459,2041-09-01,GW_storage_CO_SW_GW[AF],23194.0,11403615397.0,3807074.0
13460,2041-10-01,GW_storage_CO_SW_GW[AF],23123.0,11452671944.0,3830197.0
13461,2041-11-01,GW_storage_CO_SW_GW[AF],23066.0,11501212889.0,3853263.0
13462,2041-12-01,GW_storage_CO_SW_GW[AF],23005.0,11549056939.0,3876268.0
13463,2042-01-01,GW_storage_CO_SW_GW[AF],22958.0,11596204581.0,3899226.0
13464,2042-02-01,GW_storage_CO_SW_GW[AF],22915.0,11642935334.0,3922141.0
13465,2042-03-01,GW_storage_CO_SW_GW[AF],22858.0,11689092595.0,3944999.0
13466,2042-04-01,GW_storage_CO_SW_GW[AF],22695.0,11735022869.0,3967694.0
13467,2042-05-01,GW_storage_CO_SW_GW[AF],22527.0,11780876718.0,3990221.0
13468,2042-06-01,GW_storage_CO_SW_GW[AF],22365.0,11826092725.0,4012586.0
13469,2042-07-01,GW_storage_CO_SW_GW[AF],22198.0,11871546727.0,4034784.0
13470,2042-08-01,GW_storage_CO_SW_GW[AF],22146.0,11916431990.0,4056930.0
13471,2042-09-01,GW_storage_CO_SW_GW[AF],22145.0,11960791410.0,4079075.0
13472,2042-10-01,GW_storage_CO_SW_GW[AF],22118.0,12004660184.0,4101193.0
13473,2042-11-01,GW_storage_CO_SW_GW[AF],22093.0,12048130811.0,4123286.0
13474,2042-12-01,GW_storage_CO_SW_GW[AF],22059.0,12091062837.0,4145345.0
13475,2043-01-01,GW_storage_CO_SW_GW[AF],22033.0,12133444088.0,4167378.0
13476,2043-02-01,GW_storage_CO_SW_GW[AF],22008.0,12175363925.0,4189386.0
13477,2043-03-01,GW_storage_CO_SW_GW[AF],21977.0,12216725340.0,4211363.0
13478,2043-04-01,GW_storage_CO_SW_GW[AF],21979.0,12257666079.0,4233342.0
13479,2043-05-01,GW_storage_CO_SW_GW[AF],21993.0,12298078753.0,4255335.0
13480,2043-06-01,GW_storage_CO_SW_GW[AF],22732.0,12338040338.0,4278067.0
13481,2043-07-01,GW_storage_CO_SW_GW[AF],23044.0,12377535688.0,4301111.0
13482,2043-08-01,GW_storage_CO_SW_GW[AF],23204.0,12416568319.0,4324315.0
13483,2043-09-01,GW_storage_CO_SW_GW[AF],19177.0,12455234071.0,4343492.0
13484,2043-10-01,GW_storage_CO_SW_GW[AF],30862.0,12493493716.0,4374354.0
13485,2043-11-01,GW_storage_CO_SW_GW[AF],30902.0,12531340494.0,4405256.0
13486,2043-12-01,GW_storage_CO_SW_GW[AF],30906.0,12568703212.0,4436162.0
13487,2044-01-01,GW_storage_CO_SW_GW[AF],42468.0,12605614127.0,4478630.0
13488,2044-02-01,GW_storage_CO_SW_GW[AF],42466.0,12642100391.0,4521096.0
13489,2044-03-01,GW_storage_CO_SW_GW[AF],32119.0,12678094207.0,4553215.0
13490,2044-04-01,GW_storage_CO_SW_GW[AF],32002.0,12715489683.0,4585217.0
13491,2044-05-01,GW_storage_CO_SW_GW[AF],31882.0,12757376464.0,4617099.0
13492,2044-06-01,GW_storage_CO_SW_GW[AF],30631.0,12798680033.0,4647730.0
13493,2044-07-01,GW_storage_CO_SW_GW[AF],30628.0,12840178366.0,4678358.0
13494,2044-08-01,GW_storage_CO_SW_GW[AF],30628.0,12881238666.0,4708986.0
13495,2044-09-01,GW_storage_CO_SW_GW[AF],30628.0,12921922929.0,4739614.0
13496,2044-10-01,GW_storage_CO_SW_GW[AF],18982.0,12962137170.0,4758596.0
13497,2044-11-01,GW_storage_CO_SW_GW[AF],18845.0,13001917872.0,4777441.0
13498,2044-12-01,GW_storage_CO_SW_GW[AF],18707.0,13041192913.0,4796148.0
13499,2045-01-01,GW_storage_CO_SW_GW[AF],18529.0,13079996277.0,4814677.0
13500,2045-02-01,GW_storage_CO_SW_GW[AF],18340.0,13119222084.0,4833017.0
13501,2045-03-01,GW_storage_CO_SW_GW[AF],18088.0,13158364150.0,4851105.0
13502,2045-04-01,GW_storage_CO_SW_GW[AF],17958.0,13198157185.0,4869063.0
13503,2045-05-01,GW_storage_CO_SW_GW[AF],17825.0,13237869018.0,4886888.0
13504,2045-06-01,GW_storage_CO_SW_GW[AF],17692.0,13278774379.0,4904580.0
13505,2045-07-01,GW_storage_CO_SW_GW[AF],17357.0,13324244062.0,4921937.0
13506,2045-08-01,GW_storage_CO_SW_GW[AF],16891.0,13372386542.0,4938828.0
13507,2045-09-01,GW_storage_CO_SW_GW[AF],19687.0,13419876881.0,4958515.0
13508,2045-10-01,GW_storage_CO_SW_GW[AF],5215.0,13466818785.0,4963730.0
13509,2045-11-01,GW_storage_CO_SW_GW[AF],-8887.0,13513160105.0,4954843.0
13510,2045-12-01,GW_storage_CO_SW_GW[AF],-9012.0,13560745919.0,4945831.0
13511,2046-01-01,GW_storage_CO_SW_GW[AF],-22121.0,13615290772.0,4923710.0
13512,2046-02-01,GW_storage_CO_SW_GW[AF],-22148.0,13677811710.0,4901562.0
13513,2046-03-01,GW_storage_CO_SW_GW[AF],-22191.0,13748607831.0,4879371.0
13514,2046-04-01,GW_storage_CO_SW_GW[AF],-22064.0,13826873589.0,4857307.0
13515,2046-05-01,GW_storage_CO_SW_GW[AF],-23416.0,13907944967.0,4833891.0
13516,2046-06-01,GW_storage_CO_SW_GW[AF],-23434.0,13989979852.0,4810457.0
13517,2046-07-01,GW_storage_CO_SW_GW[AF],-23256.0,14071604903.0,4787201.0
13518,2046-08-01,GW_storage_CO_SW_GW[AF],-23323.0,14152131683.0,4763878.0
13519,2046-09-01,GW_storage_CO_SW_GW[AF],-23370.0,14231617714.0,4740508.0
13520,2046-10-01,GW_storage_CO_SW_GW[AF],-23342.0,14310005025.0,4717166.0
13521,2046-11-01,GW_storage_CO_SW_GW[AF],-33425.0,14387273527.0,4683741.0
13522,2046-12-01,GW_storage_CO_SW_GW[AF],-33569.0,14463437376.0,4650172.0
13523,2047-01-01,GW_storage_CO_SW_GW[AF],-33695.0,14538457981.0,4616477.0
13524,2047-02-01,GW_storage_CO_SW_GW[AF],-33847.0,14612508014.0,4582630.0
13525,2047-03-01,GW_storage_CO_SW_GW[AF],-33990.0,14685452283.0,4548640.0
13526,2047-04-01,GW_storage_CO_SW_GW[AF],-33701.0,14764472816.0,4514939.0
13527,2047-05-01,GW_storage_CO_SW_GW[AF],-30874.0,14860897341.0,4484065.0
13528,2047-06-01,GW_storage_CO_SW_GW[AF],-30607.0,14972506362.0,4453458.0
13529,2047-07-01,GW_storage_CO_SW_GW[AF],-30386.0,15088231692.0,4423072.0
13530,2047-08-01,GW_storage_CO_SW_GW[AF],-30523.0,15203332934.0,4392549.0
13531,2047-09-01,GW_storage_CO_SW_GW[AF],-30616.0,15317492289.0,4361933.0
13532,2047-10-01,GW_storage_CO_SW_GW[AF],-30732.0,15430042333.0,4331201.0
13533,2047-11-01,GW_storage_CO_SW_GW[AF],-30827.0,15542831934.0,4300374.0
13534,2047-12-01,GW_storage_CO_SW_GW[AF],-30932.0,15653870877.0,4269442.0
13535,2048-01-01,GW_storage_CO_SW_GW[AF],-31040.0,15763169397.0,4238402.0
13536,2048-02-01,GW_storage_CO_SW_GW[AF],-31140.0,15872138297.0,4207262.0
13537,2048-03-01,GW_storage_CO_SW_GW[AF],-31253.0,15987897138.0,4176009.0
13538,2048-04-01,GW_storage_CO_SW_GW[AF],-31030.0,16106751114.0,4144979.0
13539,2048-05-01,GW_storage_CO_SW_GW[AF],-30799.0,16226738594.0,4114180.0
13540,2048-06-01,GW_storage_CO_SW_GW[AF],-30578.0,16346930466.0,4083602.0
13541,2048-07-01,GW_storage_CO_SW_GW[AF],-30350.0,16466203172.0,4053252.0
13542,2048-08-01,GW_storage_CO_SW_GW[AF],-30124.0,16583670765.0,4023128.0
13543,2048-09-01,GW_storage_CO_SW_GW[AF],-29907.0,16699553017.0,3993221.0
13544,2048-10-01,GW_storage_CO_SW_GW[AF],-29685.0,16813788962.0,3963536.0
13545,2048-11-01,GW_storage_CO_SW_GW[AF],-29471.0,16926416472.0,3934065.0
13546,2048-12-01,GW_storage_CO_SW_GW[AF],-29252.0,17038918116.0,3904813.0
13547,2049-01-01,GW_storage_CO_SW_GW[AF],-29529.0,17150214903.0,3875284.0
13548,2049-02-01,GW_storage_CO_SW_GW[AF],-29330.0,17259849423.0,3845954.0
13549,2049-03-01,GW_storage_CO_SW_GW[AF],-29592.0,17374140295.0,3816362.0
13550,2049-04-01,GW_storage_CO_SW_GW[AF],-29379.0,17496980626.0,3786983.0
13551,2049-05-01,GW_storage_CO_SW_GW[AF],-29161.0,17623520262.0,3757822.0
13552,2049-06-01,GW_storage_CO_SW_GW[AF],-28951.0,17749882278.0,3728871.0
13553,2049-07-01,GW_storage_CO_SW_GW[AF],-28735.0,17875311834.0,3700136.0
13554,2049-08-01,GW_storage_CO_SW_GW[AF],-28733.0,17998950915.0,3671403.0
13555,2049-09-01,GW_storage_CO_SW_GW[AF],-28736.0,18120987592.0,3642667.0
13556,2049-10-01,GW_storage_CO_SW_GW[AF],-28730.0,18241422265.0,3613937.0
13557,2049-11-01,GW_storage_CO_SW_GW[AF],-28734.0,18360102830.0,3585203.0
13558,2049-12-01,GW_storage_CO_SW_GW[AF],-28732.0,18476910369.0,3556471.0
13559,2050-01-01,GW_storage_CO_SW_GW[AF],-28732.0,18591916831.0,3527739.0
13560,2050-02-01,GW_storage_CO_SW_GW[AF],-28732.0,18705272956.0,3499007.0
13561,2050-03-01,GW_storage_CO_SW_GW[AF],-28731.0,18821028859.0,3470276.0
13562,2050-04-01,GW_storage_CO_SW_GW[AF],-28525.0,18940506995.0,3441751.0
13563,2050-05-01,GW_storage_CO_SW_GW[AF],-28312.0,19059600483.0,3413439.0
13564,2050-06-01,GW_storage_CO_SW_GW[AF],-28111.0,19178428021.0,3385328.0
13565,2050-07-01,GW_storage_CO_SW_GW[AF],-28207.0,19296435077.0,3357121.0
13566,2050-08-01,GW_storage_CO_SW_GW[AF],-28238.0,19412834260.0,3328883.0
13567,2050-09-01,GW_storage_CO_SW_GW[AF],-28237.0,19527808893.0,3300646.0
13568,2050-10-01,GW_storage_CO_SW_GW[AF],-28239.0,19641173895.0,3272407.0
13569,2050-11-01,GW_storage_CO_SW_GW[AF],-28239.0,19752769080.0,3244168.0
13570,2050-12-01,GW_storage_CO_SW_GW[AF],-28241.0,19862611454.0,3215927.0
13571,2051-01-01,GW_storage_CO_SW_GW[AF],-28236.0,19970764786.0,3187691.0
13572,2051-02-01,GW_storage_CO_SW_GW[AF],-28046.0,20077395432.0,3159645.0
13573,2051-03-01,GW_storage_CO_SW_GW[AF],-28009.0,20182370827.0,3131636.0
13574,2051-04-01,GW_storage_CO_SW_GW[AF],-27969.0,20291580463.0,3103667.0
13575,2051-05-01,GW_storage_CO_SW_GW[AF],-27761.0,20400038326.0,3075906.0
13576,2051-06-01,GW_storage_CO_SW_GW[AF],-27564.0,20508257786.0,3048342.0
13577,2051-07-01,GW_storage_CO_SW_GW[AF],-27466.0,20615875318.0,3020876.0
13578,2051-08-01,GW_storage_CO_SW_GW[AF],-27274.0,20722198437.0,2993602.0
13579,2051-09-01,GW_storage_CO_SW_GW[AF],-27274.0,20827038775.0,2966328.0
13580,2051-10-01,GW_storage_CO_SW_GW[AF],-27275.0,20930437548.0,2939053.0
13581,2051-11-01,GW_storage_CO_SW_GW[AF],-27217.0,21032468769.0,2911836.0
13582,2051-12-01,GW_storage_CO_SW_GW[AF],-27162.0,21133705710.0,2884674.0
13583,2052-01-01,GW_storage_CO_SW_GW[AF],-27110.0,21233433839.0,2857564.0
13584,2052-02-01,GW_storage_CO_SW_GW[AF],-27091.0,21331717041.0,2830473.0
13585,2052-03-01,GW_storage_CO_SW_GW[AF],-27063.0,21429607427.0,2803410.0
13586,2052-04-01,GW_storage_CO_SW_GW[AF],-26869.0,21527851494.0,2776541.0
13587,2052-05-01,GW_storage_CO_SW_GW[AF],-26668.0,21624977785.0,2749873.0
13588,2052-06-01,GW_storage_CO_SW_GW[AF],-26479.0,21720857498.0,2723394.0
13589,2052-07-01,GW_storage_CO_SW_GW[AF],-26589.0,21815421513.0,2696805.0
13590,2052-08-01,GW_storage_CO_SW_GW[AF],-26632.0,21908765850.0,2670173.0
13591,2052-09-01,GW_storage_CO_SW_GW[AF],-26599.0,22001026854.0,2643574.0
13592,2052-10-01,GW_storage_CO_SW_GW[AF],-26562.0,22092179195.0,2617012.0
13593,2052-11-01,GW_storage_CO_SW_GW[AF],-26522.0,22182158688.0,2590490.0
13594,2052-12-01,GW_storage_CO_SW_GW[AF],-26485.0,22270990851.0,2564005.0
13595,2053-01-01,GW_storage_CO_SW_GW[AF],-26448.0,22358572318.0,2537557.0
13596,2053-02-01,GW_storage_CO_SW_GW[AF],-26416.0,22445234888.0,2511141.0
13597,2053-03-01,GW_storage_CO_SW_GW[AF],-26384.0,22531338210.0,2484757.0
13598,2053-04-01,GW_storage_CO_SW_GW[AF],-26197.0,22618197854.0,2458560.0
13599,2053-05-01,GW_storage_CO_SW_GW[AF],-26091.0,22705000235.0,2432469.0
13600,2053-06-01,GW_storage_CO_SW_GW[AF],-26097.0,22792005107.0,2406372.0
13601,2053-07-01,GW_storage_CO_SW_GW[AF],-26099.0,22878611714.0,2380273.0
13602,2053-08-01,GW_storage_CO_SW_GW[AF],-26058.0,22964123789.0,2354215.0
13603,2053-09-01,GW_storage_CO_SW_GW[AF],-32906.0,23048536524.0,2321309.0
13604,2053-10-01,GW_storage_CO_SW_GW[AF],-46402.0,23131866519.0,2274907.0
13605,2053-11-01,GW_storage_CO_SW_GW[AF],-59028.0,23214276747.0,2215879.0
13606,2053-12-01,GW_storage_CO_SW_GW[AF],-71169.0,23295578937.0,2144710.0
13607,2054-01-01,GW_storage_CO_SW_GW[AF],-71004.0,23375761806.0,2073706.0
13608,2054-02-01,GW_storage_CO_SW_GW[AF],-70818.0,23454991045.0,2002888.0
13609,2054-03-01,GW_storage_CO_SW_GW[AF],-70781.0,23533194281.0,1932107.0
13610,2054-04-01,GW_storage_CO_SW_GW[AF],-70272.0,23610840643.0,1861835.0
13611,2054-05-01,GW_storage_CO_SW_GW[AF],-69749.0,23687968757.0,1792086.0
13612,2054-06-01,GW_storage_CO_SW_GW[AF],-69044.0,23764134532.0,1723042.0
13613,2054-07-01,GW_storage_CO_SW_GW[AF],-68161.0,23839346953.0,1654881.0
13614,2054-08-01,GW_storage_CO_SW_GW[AF],-68081.0,23913680649.0,1586800.0
13615,2054-09-01,GW_storage_CO_SW_GW[AF],-68042.0,23987275722.0,1518758.0
13616,2054-10-01,GW_storage_CO_SW_GW[AF],-68004.0,24060063673.0,1450754.0
13617,2054-11-01,GW_storage_CO_SW_GW[AF],-56417.0,24132040073.0,1394337.0
13618,2054-12-01,GW_storage_CO_SW_GW[AF],-56213.0,24203075252.0,1338124.0
13619,2055-01-01,GW_storage_CO_SW_GW[AF],-56471.0,24273232069.0,1281653.0
13620,2055-02-01,GW_storage_CO_SW_GW[AF],-41601.0,24346983422.0,1240052.0
13621,2055-03-01,GW_storage_CO_SW_GW[AF],-56785.0,24429418525.0,1183267.0
13622,2055-04-01,GW_storage_CO_SW_GW[AF],-56424.0,24519974284.0,1126843.0
13623,2055-05-01,GW_storage_CO_SW_GW[AF],-58900.0,24612887460.0,1067943.0
13624,2055-06-01,GW_storage_CO_SW_GW[AF],-58866.0,24705731755.0,1009077.0
13625,2055-07-01,GW_storage_CO_SW_GW[AF],-58552.0,24797561549.0,950525.0
13626,2055-08-01,GW_storage_CO_SW_GW[AF],-58755.0,24888417864.0,891770.0
13627,2055-09-01,GW_storage_CO_SW_GW[AF],-58693.0,24978247446.0,833077.0
13628,2055-10-01,GW_storage_CO_SW_GW[AF],-58633.0,25067037402.0,774444.0
13629,2055-11-01,GW_storage_CO_SW_GW[AF],-75521.0,25154620871.0,698923.0
13630,2055-12-01,GW_storage_CO_SW_GW[AF],-87299.0,25240958786.0,611624.0
13631,2056-01-01,GW_storage_CO_SW_GW[AF],-87045.0,25326085001.0,524579.0
13632,2056-02-01,GW_storage_CO_SW_GW[AF],-86810.0,25410115783.0,437769.0
13633,2056-03-01,GW_storage_CO_SW_GW[AF],-86391.0,25493046199.0,351378.0
13634,2056-04-01,GW_storage_CO_SW_GW[AF],-85835.0,25579867650.0,265543.0
13635,2056-05-01,GW_storage_CO_SW_GW[AF],-85199.0,25665994452.0,180344.0
13636,2056-06-01,GW_storage_CO_SW_GW[AF],-85202.0,25751014051.0,95142.0
13637,2056-07-01,GW_storage_CO_SW_GW[AF],-85198.0,25834999057.0,9944.0
13638,2056-08-01,GW_storage_CO_SW_GW[AF],-84962.0,25918012980.0,-75018.0
13639,2056-09-01,GW_storage_CO_SW_GW[AF],-84892.0,26000006720.0,-159910.0
13640,2056-10-01,GW_storage_CO_SW_GW[AF],-84856.0,26080893812.0,-244766.0
13641,2056-11-01,GW_storage_CO_SW_GW[AF],-84627.0,26160908259.0,-329393.0
13642,2056-12-01,GW_storage_CO_SW_GW[AF],-96125.0,26240212456.0,-425518.0
13643,2057-01-01,GW_storage_CO_SW_GW[AF],-95794.0,26318587848.0,-521312.0
13644,2057-02-01,GW_storage_CO_SW_GW[AF],-95501.0,26395985372.0,-616813.0
13645,2057-03-01,GW_storage_CO_SW_GW[AF],-94791.0,26472734266.0,-711604.0
13646,2057-04-01,GW_storage_CO_SW_GW[AF],-94116.0,26556295278.0,-805720.0
13647,2057-05-01,GW_storage_CO_SW_GW[AF],-93417.0,26638790503.0,-899137.0
13648,2057-06-01,GW_storage_CO_SW_GW[AF],-92747.0,26720263696.0,-991884.0
13649,2057-07-01,GW_storage_CO_SW_GW[AF],-91994.0,26800720453.0,-1083878.0
13650,2057-08-01,GW_storage_CO_SW_GW[AF],-96487.0,26880212595.0,-1180365.0
13651,2057-09-01,GW_storage_CO_SW_GW[AF],-95929.0,26958875022.0,-1276294.0
13652,2057-10-01,GW_storage_CO_SW_GW[AF],-95466.0,27036568588.0,-1371760.0
13653,2057-11-01,GW_storage_CO_SW_GW[AF],-95072.0,27113396201.0,-1466832.0
13654,2057-12-01,GW_storage_CO_SW_GW[AF],-94702.0,27189264327.0,-1561534.0
13655,2058-01-01,GW_storage_CO_SW_GW[AF],-94371.0,27264124633.0,-1655905.0
13656,2058-02-01,GW_storage_CO_SW_GW[AF],-94069.0,27348265847.0,-1749974.0
13657,2058-03-01,GW_storage_CO_SW_GW[AF],-93368.0,27440889382.0,-1843342.0
13658,2058-04-01,GW_storage_CO_SW_GW[AF],-92695.0,27539133274.0,-1936037.0
13659,2058-05-01,GW_storage_CO_SW_GW[AF],-92005.0,27639449314.0,-2028042.0
13660,2058-06-01,GW_storage_CO_SW_GW[AF],-91343.0,27738779306.0,-2119385.0
13661,2058-07-01,GW_storage_CO_SW_GW[AF],-90652.0,27837531793.0,-2210037.0
13662,2058-08-01,GW_storage_CO_SW_GW[AF],-89985.0,27935280444.0,-2300022.0
13663,2058-09-01,GW_storage_CO_SW_GW[AF],-89817.0,28031862865.0,-2389839.0
13664,2058-10-01,GW_storage_CO_SW_GW[AF],-89662.0,28127260463.0,-2479501.0
13665,2058-11-01,GW_storage_CO_SW_GW[AF],-89526.0,28221366217.0,-2569027.0
13666,2058-12-01,GW_storage_CO_SW_GW[AF],-89391.0,28314157055.0,-2658418.0
13667,2059-01-01,GW_storage_CO_SW_GW[AF],-89263.0,28405540773.0,-2747681.0
13668,2059-02-01,GW_storage_CO_SW_GW[AF],-89138.0,28502067677.0,-2836819.0
13669,2059-03-01,GW_storage_CO_SW_GW[AF],-88917.0,28605457246.0,-2925736.0
13670,2059-04-01,GW_storage_CO_SW_GW[AF],-88276.0,28717814838.0,-3014012.0
13671,2059-05-01,GW_storage_CO_SW_GW[AF],-87620.0,28830913147.0,-3101632.0
13672,2059-06-01,GW_storage_CO_SW_GW[AF],-86974.0,28943770190.0,-3188606.0
13673,2059-07-01,GW_storage_CO_SW_GW[AF],-86903.0,29055182582.0,-3275509.0
13674,2059-08-01,GW_storage_CO_SW_GW[AF],-86707.0,29165160032.0,-3362216.0
13675,2059-09-01,GW_storage_CO_SW_GW[AF],-86551.0,29273920291.0,-3448767.0
13676,2059-10-01,GW_storage_CO_SW_GW[AF],-86292.0,29381402010.0,-3535059.0
13677,2059-11-01,GW_storage_CO_SW_GW[AF],-69619.0,29487451547.0,-3604678.0
13678,2059-12-01,GW_storage_CO_SW_GW[AF],-69363.0,29592083281.0,-3674041.0
13679,2060-01-01,GW_storage_CO_SW_GW[AF],-69136.0,29695071869.0,-3743177.0
13680,2060-02-01,GW_storage_CO_SW_GW[AF],-68924.0,29797999369.0,-3812101.0
13681,2060-03-01,GW_storage_CO_SW_GW[AF],-68411.0,29907235449.0,-3880512.0
13682,2060-04-01,GW_storage_CO_SW_GW[AF],-67950.0,30022282651.0,-3948462.0
13683,2060-05-01,GW_storage_CO_SW_GW[AF],-67445.0,30138204137.0,-4015907.0
13684,2060-06-01,GW_storage_CO_SW_GW[AF],-67047.0,30253989194.0,-4082954.0
13685,2060-07-01,GW_storage_CO_SW_GW[AF],-67041.0,30369445165.0,-4149995.0
13686,2060-08-01,GW_storage_CO_SW_GW[AF],-66903.0,30483354195.0,-4216898.0
13687,2060-09-01,GW_storage_CO_SW_GW[AF],-68385.0,30595912136.0,-4285283.0
13688,2060-10-01,GW_storage_CO_SW_GW[AF],-83396.0,30707058453.0,-4368679.0
13689,2060-11-01,GW_storage_CO_SW_GW[AF],-83017.0,30816686913.0,-4451696.0
13690,2060-12-01,GW_storage_CO_SW_GW[AF],-97085.0,30924630927.0,-4548781.0
13691,2061-01-01,GW_storage_CO_SW_GW[AF],-96932.0,31038058188.0,-4645713.0
13692,2061-02-01,GW_storage_CO_SW_GW[AF],-96762.0,31163247262.0,-4742475.0
13693,2061-03-01,GW_storage_CO_SW_GW[AF],-96043.0,31301926464.0,-4838518.0
13694,2061-04-01,GW_storage_CO_SW_GW[AF],-95356.0,31460043743.0,-4933874.0
13695,2061-05-01,GW_storage_CO_SW_GW[AF],-94647.0,31621719240.0,-5028521.0
13696,2061-06-01,GW_storage_CO_SW_GW[AF],-93957.0,31781944019.0,-5122478.0
13697,2061-07-01,GW_storage_CO_SW_GW[AF],-93966.0,31940594248.0,-5216444.0
13698,2061-08-01,GW_storage_CO_SW_GW[AF],-93736.0,32097666692.0,-5310180.0
13699,2061-09-01,GW_storage_CO_SW_GW[AF],-93440.0,32253244922.0,-5403620.0
13700,2061-10-01,GW_storage_CO_SW_GW[AF],-90366.0,32407132898.0,-5493986.0
13701,2061-11-01,GW_storage_CO_SW_GW[AF],-101942.0,32559108380.0,-5595928.0
13702,2061-12-01,GW_storage_CO_SW_GW[AF],-101795.0,32709321481.0,-5697723.0
13703,2062-01-01,GW_storage_CO_SW_GW[AF],-112992.0,32858735378.0,-5810715.0
13704,2062-02-01,GW_storage_CO_SW_GW[AF],-112732.0,33022044851.0,-5923447.0
13705,2062-03-01,GW_storage_CO_SW_GW[AF],-112305.0,33198837130.0,-6035752.0
13706,2062-04-01,GW_storage_CO_SW_GW[AF],-111573.0,33390837210.0,-6147325.0
13707,2062-05-01,GW_storage_CO_SW_GW[AF],-110746.0,33584259641.0,-6258071.0
13708,2062-06-01,GW_storage_CO_SW_GW[AF],-109894.0,33776858517.0,-6367965.0
13709,2062-07-01,GW_storage_CO_SW_GW[AF],-109882.0,33967635736.0,-6477847.0
13710,2062-08-01,GW_storage_CO_SW_GW[AF],-109579.0,34156855847.0,-6587426.0
13711,2062-09-01,GW_storage_CO_SW_GW[AF],-109466.0,34344548104.0,-6696892.0
13712,2062-10-01,GW_storage_CO_SW_GW[AF],-109132.0,34530332137.0,-6806024.0
13713,2062-11-01,GW_storage_CO_SW_GW[AF],-108819.0,34714073091.0,-6914843.0
13714,2062-12-01,GW_storage_CO_SW_GW[AF],-108538.0,34895778448.0,-7023381.0
13715,2063-01-01,GW_storage_CO_SW_GW[AF],-108281.0,35079072230.0,-7131662.0
13716,2063-02-01,GW_storage_CO_SW_GW[AF],-108044.0,35269350335.0,-7239706.0
13717,2063-03-01,GW_storage_CO_SW_GW[AF],-107825.0,35470064786.0,-7347531.0
13718,2063-04-01,GW_storage_CO_SW_GW[AF],-107062.0,35683040547.0,-7454593.0
13719,2063-05-01,GW_storage_CO_SW_GW[AF],-106266.0,35907121073.0,-7560859.0
13720,2063-06-01,GW_storage_CO_SW_GW[AF],-105501.0,36134854310.0,-7666360.0
13721,2063-07-01,GW_storage_CO_SW_GW[AF],-104716.0,36361472567.0,-7771076.0
13722,2063-08-01,GW_storage_CO_SW_GW[AF],-104346.0,36586142514.0,-7875422.0
13723,2063-09-01,GW_storage_CO_SW_GW[AF],-103983.0,36808934029.0,-7979405.0
13724,2063-10-01,GW_storage_CO_SW_GW[AF],-103682.0,37029507927.0,-8083087.0
13725,2063-11-01,GW_storage_CO_SW_GW[AF],-103441.0,37248012309.0,-8186528.0
13726,2063-12-01,GW_storage_CO_SW_GW[AF],-103216.0,37465671472.0,-8289744.0
13727,2064-01-01,GW_storage_CO_SW_GW[AF],-103008.0,37694815963.0,-8392752.0
13728,2064-02-01,GW_storage_CO_SW_GW[AF],-102827.0,37945097639.0,-8495579.0
13729,2064-03-01,GW_storage_CO_SW_GW[AF],-102063.0,38213638934.0,-8597642.0
13730,2064-04-01,GW_storage_CO_SW_GW[AF],-81028.0,38493367090.0,-8678670.0
13731,2064-05-01,GW_storage_CO_SW_GW[AF],-121714.0,38776738105.0,-8800384.0
13732,2064-06-01,GW_storage_CO_SW_GW[AF],-121708.0,39060661713.0,-8922092.0
13733,2064-07-01,GW_storage_CO_SW_GW[AF],-121703.0,39341932866.0,-9043795.0
13734,2064-08-01,GW_storage_CO_SW_GW[AF],-121701.0,39620711220.0,-9165496.0
13735,2064-09-01,GW_storage_CO_SW_GW[AF],-121703.0,39897002798.0,-9287199.0
13736,2064-10-01,GW_storage_CO_SW_GW[AF],-115066.0,40170736712.0,-9402265.0
13737,2064-11-01,GW_storage_CO_SW_GW[AF],-114840.0,40442044957.0,-9517105.0
13738,2064-12-01,GW_storage_CO_SW_GW[AF],-114623.0,40711834451.0,-9631728.0
13739,2065-01-01,GW_storage_CO_SW_GW[AF],-114427.0,40982757097.0,-9746155.0
13740,2065-02-01,GW_storage_CO_SW_GW[AF],-114244.0,41255716076.0,-9860399.0
13741,2065-03-01,GW_storage_CO_SW_GW[AF],-113911.0,41533378347.0,-9974310.0
13742,2065-04-01,GW_storage_CO_SW_GW[AF],-113091.0,41819419395.0,-10087401.0
13743,2065-05-01,GW_storage_CO_SW_GW[AF],-112250.0,42107659636.0,-10199651.0
13744,2065-06-01,GW_storage_CO_SW_GW[AF],-112270.0,42393392346.0,-10311921.0
13745,2065-07-01,GW_storage_CO_SW_GW[AF],-113203.0,42678359041.0,-10425124.0
13746,2065-08-01,GW_storage_CO_SW_GW[AF],-113331.0,42960938762.0,-10538455.0
13747,2065-09-01,GW_storage_CO_SW_GW[AF],-113909.0,43241061639.0,-10652364.0
13748,2065-10-01,GW_storage_CO_SW_GW[AF],-113817.0,43518553408.0,-10766181.0
13749,2065-11-01,GW_storage_CO_SW_GW[AF],-113722.0,43793351378.0,-10879903.0
13750,2065-12-01,GW_storage_CO_SW_GW[AF],-113634.0,44065325818.0,-10993537.0
13751,2066-01-01,GW_storage_CO_SW_GW[AF],-113610.0,44334625115.0,-11107147.0
13752,2066-02-01,GW_storage_CO_SW_GW[AF],-113557.0,44601575728.0,-11220704.0
13753,2066-03-01,GW_storage_CO_SW_GW[AF],-113489.0,44865977654.0,-11334193.0
13754,2066-04-01,GW_storage_CO_SW_GW[AF],-112511.0,45130939542.0,-11446704.0
13755,2066-05-01,GW_storage_CO_SW_GW[AF],-112449.0,45393925169.0,-11559153.0
13756,2066-06-01,GW_storage_CO_SW_GW[AF],-112475.0,45654573916.0,-11671628.0
13757,2066-07-01,GW_storage_CO_SW_GW[AF],-112821.0,45912927675.0,-11784449.0
13758,2066-08-01,GW_storage_CO_SW_GW[AF],-113931.0,46169111465.0,-11898380.0
13759,2066-09-01,GW_storage_CO_SW_GW[AF],-114575.0,46423600426.0,-12012955.0
13760,2066-10-01,GW_storage_CO_SW_GW[AF],-98577.0,46676263355.0,-12111532.0
13761,2066-11-01,GW_storage_CO_SW_GW[AF],-84108.0,46927228863.0,-12195640.0
13762,2066-12-01,GW_storage_CO_SW_GW[AF],-66424.0,47176198480.0,-12262064.0
13763,2067-01-01,GW_storage_CO_SW_GW[AF],-66348.0,47422896821.0,-12328412.0
13764,2067-02-01,GW_storage_CO_SW_GW[AF],-66303.0,47667661431.0,-12394715.0
13765,2067-03-01,GW_storage_CO_SW_GW[AF],-65811.0,47910308464.0,-12460526.0
13766,2067-04-01,GW_storage_CO_SW_GW[AF],-65362.0,48151085524.0,-12525888.0
13767,2067-05-01,GW_storage_CO_SW_GW[AF],-64877.0,48389950965.0,-12590765.0
13768,2067-06-01,GW_storage_CO_SW_GW[AF],-64878.0,48627002221.0,-12655643.0
13769,2067-07-01,GW_storage_CO_SW_GW[AF],-65135.0,48862124917.0,-12720778.0
13770,2067-08-01,GW_storage_CO_SW_GW[AF],-65332.0,49095321876.0,-12786110.0
13771,2067-09-01,GW_storage_CO_SW_GW[AF],-65302.0,49326841519.0,-12851412.0
13772,2067-10-01,GW_storage_CO_SW_GW[AF],-65238.0,49556552267.0,-12916650.0
13773,2067-11-01,GW_storage_CO_SW_GW[AF],-48286.0,49784868208.0,-12964936.0
13774,2067-12-01,GW_storage_CO_SW_GW[AF],-48323.0,50011545293.0,-13013259.0
13775,2068-01-01,GW_storage_CO_SW_GW[AF],-48304.0,50238331069.0,-13061563.0
13776,2068-02-01,GW_storage_CO_SW_GW[AF],-48252.0,50478937732.0,-13109815.0
13777,2068-03-01,GW_storage_CO_SW_GW[AF],-48219.0,50739381265.0,-13158034.0
13778,2068-04-01,GW_storage_CO_SW_GW[AF],-47872.0,51011294375.0,-13205906.0
13779,2068-05-01,GW_storage_CO_SW_GW[AF],-47516.0,51290774772.0,-13253422.0
13780,2068-06-01,GW_storage_CO_SW_GW[AF],-47202.0,51571539123.0,-13300624.0
13781,2068-07-01,GW_storage_CO_SW_GW[AF],-48077.0,51851333229.0,-13348701.0
13782,2068-08-01,GW_storage_CO_SW_GW[AF],-26501.0,52129191774.0,-13375202.0
13783,2068-09-01,GW_storage_CO_SW_GW[AF],-26510.0,52405096290.0,-13401712.0
13784,2068-10-01,GW_storage_CO_SW_GW[AF],-26491.0,52678907664.0,-13428203.0
13785,2068-11-01,GW_storage_CO_SW_GW[AF],-26440.0,52950483517.0,-13454643.0
13786,2068-12-01,GW_storage_CO_SW_GW[AF],-26327.0,53219819895.0,-13480970.0
13787,2069-01-01,GW_storage_CO_SW_GW[AF],-26253.0,53487155316.0,-13507223.0
13788,2069-02-01,GW_storage_CO_SW_GW[AF],-42477.0,53760870931.0,-13549700.0
13789,2069-03-01,GW_storage_CO_SW_GW[AF],-42162.0,54039428849.0,-13591862.0
13790,2069-04-01,GW_storage_CO_SW_GW[AF],-41859.0,54324092180.0,-13633721.0
13791,2069-05-01,GW_storage_CO_SW_GW[AF],-41548.0,54609436481.0,-13675269.0
13792,2069-06-01,GW_storage_CO_SW_GW[AF],-41556.0,54894337917.0,-13716825.0
13793,2069-07-01,GW_storage_CO_SW_GW[AF],-41556.0,55177218144.0,-13758381.0
13794,2069-08-01,GW_storage_CO_SW_GW[AF],-41510.0,55458179949.0,-13799891.0
13795,2069-09-01,GW_storage_CO_SW_GW[AF],-41461.0,55737226700.0,-13841352.0
13796,2069-10-01,GW_storage_CO_SW_GW[AF],-25773.0,56014313112.0,-13867125.0
13797,2069-11-01,GW_storage_CO_SW_GW[AF],-40102.0,56289244905.0,-13907227.0
13798,2069-12-01,GW_storage_CO_SW_GW[AF],-40186.0,56561948550.0,-13947413.0
13799,2070-01-01,GW_storage_CO_SW_GW[AF],-40172.0,56832455571.0,-13987585.0
13800,2070-02-01,GW_storage_CO_SW_GW[AF],-24541.0,57101031869.0,-14012126.0
13801,2070-03-01,GW_storage_CO_SW_GW[AF],-24537.0,57367456127.0,-14036663.0
13802,2070-04-01,GW_storage_CO_SW_GW[AF],-24541.0,57631884127.0,-14061204.0
13803,2070-05-01,GW_storage_CO_SW_GW[AF],-24541.0,57894580730.0,-14085745.0
13804,2070-06-01,GW_storage_CO_SW_GW[AF],-24537.0,58156625113.0,-14110282.0
13805,2070-07-01,GW_storage_CO_SW_GW[AF],-24537.0,58417720429.0,-14134819.0
13806,2070-08-01,GW_storage_CO_SW_GW[AF],-24530.0,58677125935.0,-14159349.0
13807,2070-09-01,GW_storage_CO_SW_GW[AF],-24531.0,58935122487.0,-14183880.0
13808,2070-10-01,GW_storage_CO_SW_GW[AF],-24528.0,59191573450.0,-14208408.0
13809,2070-11-01,GW_storage_CO_SW_GW[AF],-23265.0,59446278042.0,-14231673.0
13810,2070-12-01,GW_storage_CO_SW_GW[AF],-23252.0,59699129256.0,-14254925.0
13811,2023-05-01,GW_storage_ID_E_GW[AF],16.0,13813215.0,16.0
13812,2023-06-01,GW_storage_ID_E_GW[AF],16.0,15164430.0,32.0
13813,2023-07-01,GW_storage_ID_E_GW[AF],19.0,17236845.0,51.0
13814,2023-08-01,GW_storage_ID_E_GW[AF],28.0,19274971.0,79.0
13815,2023-09-01,GW_storage_ID_E_GW[AF],34.0,21282260.0,113.0
13816,2023-10-01,GW_storage_ID_E_GW[AF],34.0,23279746.0,147.0
13817,2023-11-01,GW_storage_ID_E_GW[AF],33.0,25247116.0,180.0
13818,2023-12-01,GW_storage_ID_E_GW[AF],33.0,27178503.0,213.0
13819,2024-01-01,GW_storage_ID_E_GW[AF],33.0,29079026.0,246.0
13820,2024-02-01,GW_storage_ID_E_GW[AF],32.0,30951693.0,278.0
13821,2024-03-01,GW_storage_ID_E_GW[AF],31.0,32794640.0,309.0
13822,2024-04-01,GW_storage_ID_E_GW[AF],33.0,34598451.0,342.0
13823,2024-05-01,GW_storage_ID_E_GW[AF],42.0,36379549.0,384.0
13824,2024-06-01,GW_storage_ID_E_GW[AF],43.0,38134426.0,427.0
13825,2024-07-01,GW_storage_ID_E_GW[AF],44.0,39862715.0,471.0
13826,2024-08-01,GW_storage_ID_E_GW[AF],47.0,41565221.0,518.0
13827,2024-09-01,GW_storage_ID_E_GW[AF],62.0,43242727.0,580.0
13828,2024-10-01,GW_storage_ID_E_GW[AF],66.0,44894530.0,646.0
13829,2024-11-01,GW_storage_ID_E_GW[AF],68.0,46522142.0,714.0
13830,2024-12-01,GW_storage_ID_E_GW[AF],71.0,48125394.0,785.0
13831,2025-01-01,GW_storage_ID_E_GW[AF],72.0,49704625.0,857.0
13832,2025-02-01,GW_storage_ID_E_GW[AF],73.0,51264049.0,930.0
13833,2025-03-01,GW_storage_ID_E_GW[AF],75.0,52800150.0,1005.0
13834,2025-04-01,GW_storage_ID_E_GW[AF],88.0,54422403.0,1093.0
13835,2025-05-01,GW_storage_ID_E_GW[AF],80.0,56023530.0,1173.0
13836,2025-06-01,GW_storage_ID_E_GW[AF],79.0,57673121.0,1252.0
13837,2025-07-01,GW_storage_ID_E_GW[AF],76.0,59233291.0,1328.0
13838,2025-08-01,GW_storage_ID_E_GW[AF],12734.0,60752330.0,14062.0
13839,2025-09-01,GW_storage_ID_E_GW[AF],48590.0,63291561.0,62652.0
13840,2025-10-01,GW_storage_ID_E_GW[AF],55433.0,66117192.0,118085.0
13841,2025-11-01,GW_storage_ID_E_GW[AF],60342.0,69169207.0,178427.0
13842,2025-12-01,GW_storage_ID_E_GW[AF],63863.0,72377661.0,242290.0
13843,2026-01-01,GW_storage_ID_E_GW[AF],66592.0,75644729.0,308882.0
13844,2026-02-01,GW_storage_ID_E_GW[AF],68857.0,83025589.0,377739.0
13845,2026-03-01,GW_storage_ID_E_GW[AF],70762.0,93674924.0,448501.0
13846,2026-04-01,GW_storage_ID_E_GW[AF],71153.0,112497734.0,519654.0
13847,2026-05-01,GW_storage_ID_E_GW[AF],69962.0,136460613.0,589616.0
13848,2026-06-01,GW_storage_ID_E_GW[AF],68671.0,160180041.0,658287.0
13849,2026-07-01,GW_storage_ID_E_GW[AF],73580.0,184580314.0,731867.0
13850,2026-08-01,GW_storage_ID_E_GW[AF],78657.0,208538131.0,810524.0
13851,2026-09-01,GW_storage_ID_E_GW[AF],77235.0,232132273.0,887759.0
13852,2026-10-01,GW_storage_ID_E_GW[AF],75772.0,255250646.0,963531.0
13853,2026-11-01,GW_storage_ID_E_GW[AF],74376.0,277908394.0,1037907.0
13854,2026-12-01,GW_storage_ID_E_GW[AF],72956.0,300103214.0,1110863.0
13855,2027-01-01,GW_storage_ID_E_GW[AF],71560.0,321847786.0,1182423.0
13856,2027-02-01,GW_storage_ID_E_GW[AF],70322.0,343199646.0,1252745.0
13857,2027-03-01,GW_storage_ID_E_GW[AF],68973.0,369620421.0,1321718.0
13858,2027-04-01,GW_storage_ID_E_GW[AF],67686.0,409179141.0,1389404.0
13859,2027-05-01,GW_storage_ID_E_GW[AF],66375.0,455970259.0,1455779.0
13860,2027-06-01,GW_storage_ID_E_GW[AF],65132.0,506103237.0,1520911.0
13861,2027-07-01,GW_storage_ID_E_GW[AF],63870.0,558027240.0,1584781.0
13862,2027-08-01,GW_storage_ID_E_GW[AF],76107.0,610747556.0,1660888.0
13863,2027-09-01,GW_storage_ID_E_GW[AF],74679.0,662576568.0,1735567.0
13864,2027-10-01,GW_storage_ID_E_GW[AF],73233.0,713531026.0,1808800.0
13865,2027-11-01,GW_storage_ID_E_GW[AF],71860.0,763602436.0,1880660.0
13866,2027-12-01,GW_storage_ID_E_GW[AF],70468.0,812846873.0,1951128.0
13867,2028-01-01,GW_storage_ID_E_GW[AF],69102.0,861121911.0,2020230.0
13868,2028-02-01,GW_storage_ID_E_GW[AF],67850.0,908650771.0,2088080.0
13869,2028-03-01,GW_storage_ID_E_GW[AF],66536.0,959000163.0,2154616.0
13870,2028-04-01,GW_storage_ID_E_GW[AF],65289.0,1012039411.0,2219905.0
13871,2028-05-01,GW_storage_ID_E_GW[AF],64024.0,1068060916.0,2283929.0
13872,2028-06-01,GW_storage_ID_E_GW[AF],62823.0,1125203670.0,2346752.0
13873,2028-07-01,GW_storage_ID_E_GW[AF],62133.0,1183903968.0,2408885.0
13874,2028-08-01,GW_storage_ID_E_GW[AF],63498.0,1241633200.0,2472383.0
13875,2028-09-01,GW_storage_ID_E_GW[AF],63072.0,1298536546.0,2535455.0
13876,2028-10-01,GW_storage_ID_E_GW[AF],61961.0,1354465802.0,2597416.0
13877,2028-11-01,GW_storage_ID_E_GW[AF],60883.0,1409406877.0,2658299.0
13878,2028-12-01,GW_storage_ID_E_GW[AF],59767.0,1463330743.0,2718066.0
13879,2029-01-01,GW_storage_ID_E_GW[AF],58662.0,1516331973.0,2776728.0
13880,2029-02-01,GW_storage_ID_E_GW[AF],57679.0,1568436361.0,2834407.0
13881,2029-03-01,GW_storage_ID_E_GW[AF],56602.0,1622957905.0,2891009.0
13882,2029-04-01,GW_storage_ID_E_GW[AF],55566.0,1679352962.0,2946575.0
13883,2029-05-01,GW_storage_ID_E_GW[AF],54491.0,1742904338.0,3001066.0
13884,2029-06-01,GW_storage_ID_E_GW[AF],53877.0,1807169538.0,3054943.0
13885,2029-07-01,GW_storage_ID_E_GW[AF],54893.0,1872474684.0,3109836.0
13886,2029-08-01,GW_storage_ID_E_GW[AF],56821.0,1936569687.0,3166657.0
13887,2029-09-01,GW_storage_ID_E_GW[AF],65098.0,1999536921.0,3231755.0
13888,2029-10-01,GW_storage_ID_E_GW[AF],64621.0,2061251234.0,3296376.0
13889,2029-11-01,GW_storage_ID_E_GW[AF],63976.0,2121792309.0,3360352.0
13890,2029-12-01,GW_storage_ID_E_GW[AF],63180.0,2181276298.0,3423532.0
13891,2030-01-01,GW_storage_ID_E_GW[AF],62322.0,2239598911.0,3485854.0
13892,2030-02-01,GW_storage_ID_E_GW[AF],61537.0,2296908282.0,3547391.0
13893,2030-03-01,GW_storage_ID_E_GW[AF],60614.0,2353273149.0,3608005.0
13894,2030-04-01,GW_storage_ID_E_GW[AF],60694.0,2408813513.0,3668699.0
13895,2030-05-01,GW_storage_ID_E_GW[AF],62786.0,2463288321.0,3731485.0
13896,2030-06-01,GW_storage_ID_E_GW[AF],65348.0,2519189259.0,3796833.0
13897,2030-07-01,GW_storage_ID_E_GW[AF],68384.0,2574987711.0,3865217.0
13898,2030-08-01,GW_storage_ID_E_GW[AF],71911.0,2629845780.0,3937128.0
13899,2030-09-01,GW_storage_ID_E_GW[AF],76288.0,2683731630.0,4013416.0
13900,2030-10-01,GW_storage_ID_E_GW[AF],76793.0,2736573135.0,4090209.0
13901,2030-11-01,GW_storage_ID_E_GW[AF],76818.0,2788437015.0,4167027.0
13902,2030-12-01,GW_storage_ID_E_GW[AF],76480.0,2839371858.0,4243507.0
13903,2031-01-01,GW_storage_ID_E_GW[AF],75925.0,2889285425.0,4319432.0
13904,2031-02-01,GW_storage_ID_E_GW[AF],75372.0,2938331300.0,4394804.0
13905,2031-03-01,GW_storage_ID_E_GW[AF],74648.0,2986403207.0,4469452.0
13906,2031-04-01,GW_storage_ID_E_GW[AF],73675.0,3034117058.0,4543127.0
13907,2031-05-01,GW_storage_ID_E_GW[AF],72296.0,3081639947.0,4615423.0
13908,2031-06-01,GW_storage_ID_E_GW[AF],71352.0,3128466639.0,4686775.0
13909,2031-07-01,GW_storage_ID_E_GW[AF],72023.0,3175256040.0,4758798.0
13910,2031-08-01,GW_storage_ID_E_GW[AF],73799.0,3221201089.0,4832597.0
13911,2031-09-01,GW_storage_ID_E_GW[AF],73266.0,3266538806.0,4905863.0
13912,2031-10-01,GW_storage_ID_E_GW[AF],71975.0,3311005126.0,4977838.0
13913,2031-11-01,GW_storage_ID_E_GW[AF],70722.0,3354843436.0,5048560.0
13914,2031-12-01,GW_storage_ID_E_GW[AF],69430.0,3397917039.0,5117990.0
13915,2032-01-01,GW_storage_ID_E_GW[AF],68148.0,3440765830.0,5186138.0
13916,2032-02-01,GW_storage_ID_E_GW[AF],66965.0,3500332884.0,5253103.0
13917,2032-03-01,GW_storage_ID_E_GW[AF],65714.0,3570397039.0,5318817.0
13918,2032-04-01,GW_storage_ID_E_GW[AF],64507.0,3645988541.0,5383324.0
13919,2032-05-01,GW_storage_ID_E_GW[AF],63261.0,3723860841.0,5446585.0
13920,2032-06-01,GW_storage_ID_E_GW[AF],62072.0,3803847465.0,5508657.0
13921,2032-07-01,GW_storage_ID_E_GW[AF],67056.0,3884065220.0,5575713.0
13922,2032-08-01,GW_storage_ID_E_GW[AF],66026.0,3963910669.0,5641739.0
13923,2032-09-01,GW_storage_ID_E_GW[AF],65059.0,4042724779.0,5706798.0
13924,2032-10-01,GW_storage_ID_E_GW[AF],63837.0,4120308321.0,5770635.0
13925,2032-11-01,GW_storage_ID_E_GW[AF],62669.0,4196679403.0,5833304.0
13926,2032-12-01,GW_storage_ID_E_GW[AF],61478.0,4271822754.0,5894782.0
13927,2033-01-01,GW_storage_ID_E_GW[AF],60305.0,4345538492.0,5955087.0
13928,2033-02-01,GW_storage_ID_E_GW[AF],59268.0,4423218301.0,6014355.0
13929,2033-03-01,GW_storage_ID_E_GW[AF],58134.0,4505470297.0,6072489.0
13930,2033-04-01,GW_storage_ID_E_GW[AF],57053.0,4590681136.0,6129542.0
13931,2033-05-01,GW_storage_ID_E_GW[AF],55942.0,4675360581.0,6185484.0
13932,2033-06-01,GW_storage_ID_E_GW[AF],62273.0,4760708398.0,6247757.0
13933,2033-07-01,GW_storage_ID_E_GW[AF],65413.0,4846138178.0,6313170.0
13934,2033-08-01,GW_storage_ID_E_GW[AF],65622.0,4931118427.0,6378792.0
13935,2033-09-01,GW_storage_ID_E_GW[AF],64974.0,5014914731.0,6443766.0
13936,2033-10-01,GW_storage_ID_E_GW[AF],63797.0,5097508172.0,6507563.0
13937,2033-11-01,GW_storage_ID_E_GW[AF],62661.0,5178663669.0,6570224.0
13938,2033-12-01,GW_storage_ID_E_GW[AF],61495.0,5258443309.0,6631719.0
13939,2034-01-01,GW_storage_ID_E_GW[AF],60343.0,5339163828.0,6692062.0
13940,2034-02-01,GW_storage_ID_E_GW[AF],59318.0,5418722190.0,6751380.0
13941,2034-03-01,GW_storage_ID_E_GW[AF],58195.0,5500220744.0,6809575.0
13942,2034-04-01,GW_storage_ID_E_GW[AF],57122.0,5584032903.0,6866697.0
13943,2034-05-01,GW_storage_ID_E_GW[AF],56016.0,5676873319.0,6922713.0
13944,2034-06-01,GW_storage_ID_E_GW[AF],58893.0,5773341236.0,6981606.0
13945,2034-07-01,GW_storage_ID_E_GW[AF],57962.0,5871231225.0,7039568.0
13946,2034-08-01,GW_storage_ID_E_GW[AF],57927.0,5968392389.0,7097495.0
13947,2034-09-01,GW_storage_ID_E_GW[AF],57216.0,6064112138.0,7154711.0
13948,2034-10-01,GW_storage_ID_E_GW[AF],56163.0,6158273690.0,7210874.0
13949,2034-11-01,GW_storage_ID_E_GW[AF],55150.0,6251013792.0,7266024.0
13950,2034-12-01,GW_storage_ID_E_GW[AF],54114.0,6342469856.0,7320138.0
13951,2035-01-01,GW_storage_ID_E_GW[AF],53091.0,6432436397.0,7373229.0
13952,2035-02-01,GW_storage_ID_E_GW[AF],52183.0,6520973109.0,7425412.0
13953,2035-03-01,GW_storage_ID_E_GW[AF],51191.0,6608114132.0,7476603.0
13954,2035-04-01,GW_storage_ID_E_GW[AF],55265.0,6694040771.0,7531868.0
13955,2035-05-01,GW_storage_ID_E_GW[AF],54199.0,6778544504.0,7586067.0
13956,2035-06-01,GW_storage_ID_E_GW[AF],53414.0,6863239534.0,7639481.0
13957,2035-07-01,GW_storage_ID_E_GW[AF],53526.0,6947511289.0,7693007.0
13958,2035-08-01,GW_storage_ID_E_GW[AF],54123.0,7030376153.0,7747130.0
13959,2035-09-01,GW_storage_ID_E_GW[AF],54979.0,7112119087.0,7802109.0
13960,2035-10-01,GW_storage_ID_E_GW[AF],54452.0,7192574428.0,7856561.0
13961,2035-11-01,GW_storage_ID_E_GW[AF],53826.0,7271865334.0,7910387.0
13962,2035-12-01,GW_storage_ID_E_GW[AF],53101.0,7350179909.0,7963488.0
13963,2036-01-01,GW_storage_ID_E_GW[AF],52334.0,7427195979.0,8015822.0
13964,2036-02-01,GW_storage_ID_E_GW[AF],51604.0,7503024891.0,8067426.0
13965,2036-03-01,GW_storage_ID_E_GW[AF],50795.0,7577632108.0,8118221.0
13966,2036-04-01,GW_storage_ID_E_GW[AF],56113.0,7651185144.0,8174334.0
13967,2036-05-01,GW_storage_ID_E_GW[AF],58692.0,7724300240.0,8233026.0
13968,2036-06-01,GW_storage_ID_E_GW[AF],57736.0,7796353708.0,8290762.0
13969,2036-07-01,GW_storage_ID_E_GW[AF],57306.0,7867314948.0,8348068.0
13970,2036-08-01,GW_storage_ID_E_GW[AF],57166.0,7937241278.0,8405234.0
13971,2036-09-01,GW_storage_ID_E_GW[AF],57254.0,8006295323.0,8462488.0
13972,2036-10-01,GW_storage_ID_E_GW[AF],56541.0,8074305646.0,8519029.0
13973,2036-11-01,GW_storage_ID_E_GW[AF],55784.0,8141376577.0,8574813.0
13974,2036-12-01,GW_storage_ID_E_GW[AF],54938.0,8207644541.0,8629751.0
13975,2037-01-01,GW_storage_ID_E_GW[AF],54062.0,8273161410.0,8683813.0
13976,2037-02-01,GW_storage_ID_E_GW[AF],53280.0,8337733681.0,8737093.0
13977,2037-03-01,GW_storage_ID_E_GW[AF],52395.0,8401237350.0,8789488.0
13978,2037-04-01,GW_storage_ID_E_GW[AF],51485.0,8463716442.0,8840973.0
13979,2037-05-01,GW_storage_ID_E_GW[AF],50494.0,8525229166.0,8891467.0
13980,2037-06-01,GW_storage_ID_E_GW[AF],49718.0,8585780498.0,8941185.0
13981,2037-07-01,GW_storage_ID_E_GW[AF],49593.0,8645518277.0,8990778.0
13982,2037-08-01,GW_storage_ID_E_GW[AF],49811.0,8704580765.0,9040589.0
13983,2037-09-01,GW_storage_ID_E_GW[AF],50264.0,8763159684.0,9090853.0
13984,2037-10-01,GW_storage_ID_E_GW[AF],49738.0,8821181815.0,9140591.0
13985,2037-11-01,GW_storage_ID_E_GW[AF],49132.0,8878677095.0,9189723.0
13986,2037-12-01,GW_storage_ID_E_GW[AF],48438.0,8935618642.0,9238161.0
13987,2038-01-01,GW_storage_ID_E_GW[AF],47714.0,8991690289.0,9285875.0
13988,2038-02-01,GW_storage_ID_E_GW[AF],47071.0,9049081585.0,9332946.0
13989,2038-03-01,GW_storage_ID_E_GW[AF],46334.0,9108044798.0,9379280.0
13990,2038-04-01,GW_storage_ID_E_GW[AF],45562.0,9168794933.0,9424842.0
13991,2038-05-01,GW_storage_ID_E_GW[AF],44691.0,9229969082.0,9469533.0
13992,2038-06-01,GW_storage_ID_E_GW[AF],44055.0,9290494843.0,9513588.0
13993,2038-07-01,GW_storage_ID_E_GW[AF],44187.0,9350294408.0,9557775.0
13994,2038-08-01,GW_storage_ID_E_GW[AF],44760.0,9409318940.0,9602535.0
13995,2038-09-01,GW_storage_ID_E_GW[AF],52746.0,9467673979.0,9655281.0
13996,2038-10-01,GW_storage_ID_E_GW[AF],51777.0,9525253636.0,9707058.0
13997,2038-11-01,GW_storage_ID_E_GW[AF],50847.0,9582098472.0,9757905.0
13998,2038-12-01,GW_storage_ID_E_GW[AF],49895.0,9638248766.0,9807800.0
13999,2039-01-01,GW_storage_ID_E_GW[AF],48956.0,9693650977.0,9856756.0
14000,2039-02-01,GW_storage_ID_E_GW[AF],48122.0,9750458830.0,9904878.0
14001,2039-03-01,GW_storage_ID_E_GW[AF],47209.0,9809156458.0,9952087.0
14002,2039-04-01,GW_storage_ID_E_GW[AF],46330.0,9868559467.0,9998417.0
14003,2039-05-01,GW_storage_ID_E_GW[AF],45427.0,9927385773.0,10043844.0
14004,2039-06-01,GW_storage_ID_E_GW[AF],46678.0,9986965256.0,10090522.0
14005,2039-07-01,GW_storage_ID_E_GW[AF],45936.0,10046475029.0,10136458.0
14006,2039-08-01,GW_storage_ID_E_GW[AF],45845.0,10105238592.0,10182303.0
14007,2039-09-01,GW_storage_ID_E_GW[AF],45231.0,10163363477.0,10227534.0
14008,2039-10-01,GW_storage_ID_E_GW[AF],44391.0,10220781260.0,10271925.0
14009,2039-11-01,GW_storage_ID_E_GW[AF],43587.0,10277373162.0,10315512.0
14010,2039-12-01,GW_storage_ID_E_GW[AF],42765.0,10333185165.0,10358277.0
14011,2040-01-01,GW_storage_ID_E_GW[AF],41954.0,10388289039.0,10400231.0
14012,2040-02-01,GW_storage_ID_E_GW[AF],41208.0,10442633493.0,10441439.0
14013,2040-03-01,GW_storage_ID_E_GW[AF],40422.0,10496196844.0,10481861.0
14014,2040-04-01,GW_storage_ID_E_GW[AF],39676.0,10549040409.0,10521537.0
14015,2040-05-01,GW_storage_ID_E_GW[AF],39120.0,10601395194.0,10560657.0
14016,2040-06-01,GW_storage_ID_E_GW[AF],39551.0,10653107949.0,10600208.0
14017,2040-07-01,GW_storage_ID_E_GW[AF],40380.0,10704171007.0,10640588.0
14018,2040-08-01,GW_storage_ID_E_GW[AF],41425.0,10754605305.0,10682013.0
14019,2040-09-01,GW_storage_ID_E_GW[AF],42613.0,10804445973.0,10724626.0
14020,2040-10-01,GW_storage_ID_E_GW[AF],42423.0,10853648570.0,10767049.0
14021,2040-11-01,GW_storage_ID_E_GW[AF],42103.0,10902484914.0,10809152.0
14022,2040-12-01,GW_storage_ID_E_GW[AF],41664.0,10950730644.0,10850816.0
14023,2041-01-01,GW_storage_ID_E_GW[AF],41167.0,10998281298.0,10891983.0
14024,2041-02-01,GW_storage_ID_E_GW[AF],40712.0,11047818234.0,10932695.0
14025,2041-03-01,GW_storage_ID_E_GW[AF],40159.0,11099139984.0,10972854.0
14026,2041-04-01,GW_storage_ID_E_GW[AF],48158.0,11151170281.0,11021012.0
14027,2041-05-01,GW_storage_ID_E_GW[AF],51306.0,11202540882.0,11072318.0
14028,2041-06-01,GW_storage_ID_E_GW[AF],50521.0,11253584926.0,11122839.0
14029,2041-07-01,GW_storage_ID_E_GW[AF],50354.0,11304087287.0,11173193.0
14030,2041-08-01,GW_storage_ID_E_GW[AF],50396.0,11354085428.0,11223589.0
14031,2041-09-01,GW_storage_ID_E_GW[AF],55633.0,11403615397.0,11279222.0
14032,2041-10-01,GW_storage_ID_E_GW[AF],54591.0,11452671944.0,11333813.0
14033,2041-11-01,GW_storage_ID_E_GW[AF],53594.0,11501212889.0,11387407.0
14034,2041-12-01,GW_storage_ID_E_GW[AF],52577.0,11549056939.0,11439984.0
14035,2042-01-01,GW_storage_ID_E_GW[AF],51574.0,11596204581.0,11491558.0
14036,2042-02-01,GW_storage_ID_E_GW[AF],50685.0,11642935334.0,11542243.0
14037,2042-03-01,GW_storage_ID_E_GW[AF],49716.0,11689092595.0,11591959.0
14038,2042-04-01,GW_storage_ID_E_GW[AF],48790.0,11735022869.0,11640749.0
14039,2042-05-01,GW_storage_ID_E_GW[AF],47848.0,11780876718.0,11688597.0
14040,2042-06-01,GW_storage_ID_E_GW[AF],47084.0,11826092725.0,11735681.0
14041,2042-07-01,GW_storage_ID_E_GW[AF],46849.0,11871546727.0,11782530.0
14042,2042-08-01,GW_storage_ID_E_GW[AF],46897.0,11916431990.0,11829427.0
14043,2042-09-01,GW_storage_ID_E_GW[AF],51719.0,11960791410.0,11881146.0
14044,2042-10-01,GW_storage_ID_E_GW[AF],50751.0,12004660184.0,11931897.0
14045,2042-11-01,GW_storage_ID_E_GW[AF],49825.0,12048130811.0,11981722.0
14046,2042-12-01,GW_storage_ID_E_GW[AF],48880.0,12091062837.0,12030602.0
14047,2043-01-01,GW_storage_ID_E_GW[AF],47948.0,12133444088.0,12078550.0
14048,2043-02-01,GW_storage_ID_E_GW[AF],47123.0,12175363925.0,12125673.0
14049,2043-03-01,GW_storage_ID_E_GW[AF],46221.0,12216725340.0,12171894.0
14050,2043-04-01,GW_storage_ID_E_GW[AF],45509.0,12257666079.0,12217403.0
14051,2043-05-01,GW_storage_ID_E_GW[AF],45406.0,12298078753.0,12262809.0
14052,2043-06-01,GW_storage_ID_E_GW[AF],45532.0,12338040338.0,12308341.0
14053,2043-07-01,GW_storage_ID_E_GW[AF],45702.0,12377535688.0,12354043.0
14054,2043-08-01,GW_storage_ID_E_GW[AF],45898.0,12416568319.0,12399941.0
14055,2043-09-01,GW_storage_ID_E_GW[AF],46126.0,12455234071.0,12446067.0
14056,2043-10-01,GW_storage_ID_E_GW[AF],45576.0,12493493716.0,12491643.0
14057,2043-11-01,GW_storage_ID_E_GW[AF],44992.0,12531340494.0,12536635.0
14058,2043-12-01,GW_storage_ID_E_GW[AF],44336.0,12568703212.0,12580971.0
14059,2044-01-01,GW_storage_ID_E_GW[AF],43650.0,12605614127.0,12624621.0
14060,2044-02-01,GW_storage_ID_E_GW[AF],43003.0,12642100391.0,12667624.0
14061,2044-03-01,GW_storage_ID_E_GW[AF],42294.0,12678094207.0,12709918.0
14062,2044-04-01,GW_storage_ID_E_GW[AF],41567.0,12715489683.0,12751485.0
14063,2044-05-01,GW_storage_ID_E_GW[AF],40769.0,12757376464.0,12792254.0
14064,2044-06-01,GW_storage_ID_E_GW[AF],42613.0,12798680033.0,12834867.0
14065,2044-07-01,GW_storage_ID_E_GW[AF],41933.0,12840178366.0,12876800.0
14066,2044-08-01,GW_storage_ID_E_GW[AF],41791.0,12881238666.0,12918591.0
14067,2044-09-01,GW_storage_ID_E_GW[AF],41182.0,12921922929.0,12959773.0
14068,2044-10-01,GW_storage_ID_E_GW[AF],40410.0,12962137170.0,13000183.0
14069,2044-11-01,GW_storage_ID_E_GW[AF],39670.0,13001917872.0,13039853.0
14070,2044-12-01,GW_storage_ID_E_GW[AF],38916.0,13041192913.0,13078769.0
14071,2045-01-01,GW_storage_ID_E_GW[AF],38173.0,13079996277.0,13116942.0
14072,2045-02-01,GW_storage_ID_E_GW[AF],37514.0,13119222084.0,13154456.0
14073,2045-03-01,GW_storage_ID_E_GW[AF],36796.0,13158364150.0,13191252.0
14074,2045-04-01,GW_storage_ID_E_GW[AF],36114.0,13198157185.0,13227366.0
14075,2045-05-01,GW_storage_ID_E_GW[AF],35414.0,13237869018.0,13262780.0
14076,2045-06-01,GW_storage_ID_E_GW[AF],75630.0,13278774379.0,13338410.0
14077,2045-07-01,GW_storage_ID_E_GW[AF],76314.0,13324244062.0,13414724.0
14078,2045-08-01,GW_storage_ID_E_GW[AF],74945.0,13372386542.0,13489669.0
14079,2045-09-01,GW_storage_ID_E_GW[AF],73647.0,13419876881.0,13563316.0
14080,2045-10-01,GW_storage_ID_E_GW[AF],72238.0,13466818785.0,13635554.0
14081,2045-11-01,GW_storage_ID_E_GW[AF],70898.0,13513160105.0,13706452.0
14082,2045-12-01,GW_storage_ID_E_GW[AF],69536.0,13560745919.0,13775988.0
14083,2046-01-01,GW_storage_ID_E_GW[AF],68199.0,13615290772.0,13844187.0
14084,2046-02-01,GW_storage_ID_E_GW[AF],67013.0,13677811710.0,13911200.0
14085,2046-03-01,GW_storage_ID_E_GW[AF],65721.0,13748607831.0,13976921.0
14086,2046-04-01,GW_storage_ID_E_GW[AF],64493.0,13826873589.0,14041414.0
14087,2046-05-01,GW_storage_ID_E_GW[AF],1032126.0,13907944967.0,15073540.0
14088,2046-06-01,GW_storage_ID_E_GW[AF],1027742.0,13989979852.0,16101282.0
14089,2046-07-01,GW_storage_ID_E_GW[AF],1022241.0,14071604903.0,17123523.0
14090,2046-08-01,GW_storage_ID_E_GW[AF],1004791.0,14152131683.0,18128314.0
14091,2046-09-01,GW_storage_ID_E_GW[AF],987082.0,14231617714.0,19115396.0
14092,2046-10-01,GW_storage_ID_E_GW[AF],968137.0,14310005025.0,20083533.0
14093,2046-11-01,GW_storage_ID_E_GW[AF],950126.0,14387273527.0,21033659.0
14094,2046-12-01,GW_storage_ID_E_GW[AF],931830.0,14463437376.0,21965489.0
14095,2047-01-01,GW_storage_ID_E_GW[AF],913865.0,14538457981.0,22879354.0
14096,2047-02-01,GW_storage_ID_E_GW[AF],897944.0,14612508014.0,23777298.0
14097,2047-03-01,GW_storage_ID_E_GW[AF],880607.0,14685452283.0,24657905.0
14098,2047-04-01,GW_storage_ID_E_GW[AF],864128.0,14764472816.0,25522033.0
14099,2047-05-01,GW_storage_ID_E_GW[AF],847389.0,14860897341.0,26369422.0
14100,2047-06-01,GW_storage_ID_E_GW[AF],1435402.0,14972506362.0,27804824.0
14101,2047-07-01,GW_storage_ID_E_GW[AF],1407591.0,15088231692.0,29212415.0
14102,2047-08-01,GW_storage_ID_E_GW[AF],1407178.0,15203332934.0,30619593.0
14103,2047-09-01,GW_storage_ID_E_GW[AF],1380793.0,15317492289.0,32000386.0
14104,2047-10-01,GW_storage_ID_E_GW[AF],1354040.0,15430042333.0,33354426.0
14105,2047-11-01,GW_storage_ID_E_GW[AF],1328652.0,15542831934.0,34683078.0
14106,2047-12-01,GW_storage_ID_E_GW[AF],1302910.0,15653870877.0,35985988.0
14107,2048-01-01,GW_storage_ID_E_GW[AF],1277665.0,15763169397.0,37263653.0
14108,2048-02-01,GW_storage_ID_E_GW[AF],1254508.0,15872138297.0,38518161.0
14109,2048-03-01,GW_storage_ID_E_GW[AF],1230201.0,15987897138.0,39748362.0
14110,2048-04-01,GW_storage_ID_E_GW[AF],1207135.0,16106751114.0,40955497.0
14111,2048-05-01,GW_storage_ID_E_GW[AF],2306989.0,16226738594.0,43262486.0
14112,2048-06-01,GW_storage_ID_E_GW[AF],2294792.0,16346930466.0,45557278.0
14113,2048-07-01,GW_storage_ID_E_GW[AF],2252069.0,16466203172.0,47809347.0
14114,2048-08-01,GW_storage_ID_E_GW[AF],2216364.0,16583670765.0,50025711.0
14115,2048-09-01,GW_storage_ID_E_GW[AF],2176832.0,16699553017.0,52202543.0
14116,2048-10-01,GW_storage_ID_E_GW[AF],2134999.0,16813788962.0,54337542.0
14117,2048-11-01,GW_storage_ID_E_GW[AF],2095229.0,16926416472.0,56432771.0
14118,2048-12-01,GW_storage_ID_E_GW[AF],2054842.0,17038918116.0,58487613.0
14119,2049-01-01,GW_storage_ID_E_GW[AF],2015195.0,17150214903.0,60502808.0
14120,2049-02-01,GW_storage_ID_E_GW[AF],1980067.0,17259849423.0,62482875.0
14121,2049-03-01,GW_storage_ID_E_GW[AF],1941824.0,17374140295.0,64424699.0
14122,2049-04-01,GW_storage_ID_E_GW[AF],1905481.0,17496980626.0,66330180.0
14123,2049-05-01,GW_storage_ID_E_GW[AF],1868573.0,17623520262.0,68198753.0
14124,2049-06-01,GW_storage_ID_E_GW[AF],1864154.0,17749882278.0,70062907.0
14125,2049-07-01,GW_storage_ID_E_GW[AF],1829420.0,17875311834.0,71892327.0
14126,2049-08-01,GW_storage_ID_E_GW[AF],1800448.0,17998950915.0,73692775.0
14127,2049-09-01,GW_storage_ID_E_GW[AF],1768414.0,18120987592.0,75461189.0
14128,2049-10-01,GW_storage_ID_E_GW[AF],1734418.0,18241422265.0,77195607.0
14129,2049-11-01,GW_storage_ID_E_GW[AF],1702097.0,18360102830.0,78897704.0
14130,2049-12-01,GW_storage_ID_E_GW[AF],1669270.0,18476910369.0,80566974.0
14131,2050-01-01,GW_storage_ID_E_GW[AF],1637050.0,18591916831.0,82204024.0
14132,2050-02-01,GW_storage_ID_E_GW[AF],1608508.0,18705272956.0,83812532.0
14133,2050-03-01,GW_storage_ID_E_GW[AF],1577441.0,18821028859.0,85389973.0
14134,2050-04-01,GW_storage_ID_E_GW[AF],1547915.0,18940506995.0,86937888.0
14135,2050-05-01,GW_storage_ID_E_GW[AF],1517931.0,19059600483.0,88455819.0
14136,2050-06-01,GW_storage_ID_E_GW[AF],1503751.0,19178428021.0,89959570.0
14137,2050-07-01,GW_storage_ID_E_GW[AF],1477844.0,19296435077.0,91437414.0
14138,2050-08-01,GW_storage_ID_E_GW[AF],1455422.0,19412834260.0,92892836.0
14139,2050-09-01,GW_storage_ID_E_GW[AF],1429682.0,19527808893.0,94322518.0
14140,2050-10-01,GW_storage_ID_E_GW[AF],1402220.0,19641173895.0,95724738.0
14141,2050-11-01,GW_storage_ID_E_GW[AF],1376115.0,19752769080.0,97100853.0
14142,2050-12-01,GW_storage_ID_E_GW[AF],1349600.0,19862611454.0,98450453.0
14143,2051-01-01,GW_storage_ID_E_GW[AF],1323568.0,19970764786.0,99774021.0
14144,2051-02-01,GW_storage_ID_E_GW[AF],1300499.0,20077395432.0,101074520.0
14145,2051-03-01,GW_storage_ID_E_GW[AF],1275386.0,20182370827.0,102349906.0
14146,2051-04-01,GW_storage_ID_E_GW[AF],1251517.0,20291580463.0,103601423.0
14147,2051-05-01,GW_storage_ID_E_GW[AF],1619787.0,20400038326.0,105221210.0
14148,2051-06-01,GW_storage_ID_E_GW[AF],1612540.0,20508257786.0,106833750.0
14149,2051-07-01,GW_storage_ID_E_GW[AF],1587056.0,20615875318.0,108420806.0
14150,2051-08-01,GW_storage_ID_E_GW[AF],1567748.0,20722198437.0,109988554.0
14151,2051-09-01,GW_storage_ID_E_GW[AF],1538481.0,20827038775.0,111527035.0
14152,2051-10-01,GW_storage_ID_E_GW[AF],1508692.0,20930437548.0,113035727.0
14153,2051-11-01,GW_storage_ID_E_GW[AF],1480419.0,21032468769.0,114516146.0
14154,2051-12-01,GW_storage_ID_E_GW[AF],1451746.0,21133705710.0,115967892.0
14155,2052-01-01,GW_storage_ID_E_GW[AF],1423628.0,21233433839.0,117391520.0
14156,2052-02-01,GW_storage_ID_E_GW[AF],1397831.0,21331717041.0,118789351.0
14157,2052-03-01,GW_storage_ID_E_GW[AF],1370755.0,21429607427.0,120160106.0
14158,2052-04-01,GW_storage_ID_E_GW[AF],1345058.0,21527851494.0,121505164.0
14159,2052-05-01,GW_storage_ID_E_GW[AF],1328473.0,21624977785.0,122833637.0
14160,2052-06-01,GW_storage_ID_E_GW[AF],1307999.0,21720857498.0,124141636.0
14161,2052-07-01,GW_storage_ID_E_GW[AF],1288056.0,21815421513.0,125429692.0
14162,2052-08-01,GW_storage_ID_E_GW[AF],1268820.0,21908765850.0,126698512.0
14163,2052-09-01,GW_storage_ID_E_GW[AF],1251087.0,22001026854.0,127949599.0
14164,2052-10-01,GW_storage_ID_E_GW[AF],1228777.0,22092179195.0,129178376.0
14165,2052-11-01,GW_storage_ID_E_GW[AF],1207212.0,22182158688.0,130385588.0
14166,2052-12-01,GW_storage_ID_E_GW[AF],1185013.0,22270990851.0,131570601.0
14167,2053-01-01,GW_storage_ID_E_GW[AF],1163032.0,22358572318.0,132733633.0
14168,2053-02-01,GW_storage_ID_E_GW[AF],1143517.0,22445234888.0,133877150.0
14169,2053-03-01,GW_storage_ID_E_GW[AF],1122138.0,22531338210.0,134999288.0
14170,2053-04-01,GW_storage_ID_E_GW[AF],1101516.0,22618197854.0,136100804.0
14171,2053-05-01,GW_storage_ID_E_GW[AF],1080217.0,22705000235.0,137181021.0
14172,2053-06-01,GW_storage_ID_E_GW[AF],1060867.0,22792005107.0,138241888.0
14173,2053-07-01,GW_storage_ID_E_GW[AF],1044798.0,22878611714.0,139286686.0
14174,2053-08-01,GW_storage_ID_E_GW[AF],1031331.0,22964123789.0,140318017.0
14175,2053-09-01,GW_storage_ID_E_GW[AF],1014608.0,23048536524.0,141332625.0
14176,2053-10-01,GW_storage_ID_E_GW[AF],995229.0,23131866519.0,142327854.0
14177,2053-11-01,GW_storage_ID_E_GW[AF],976771.0,23214276747.0,143304625.0
14178,2053-12-01,GW_storage_ID_E_GW[AF],958006.0,23295578937.0,144262631.0
14179,2054-01-01,GW_storage_ID_E_GW[AF],939574.0,23375761806.0,145202205.0
14180,2054-02-01,GW_storage_ID_E_GW[AF],923239.0,23454991045.0,146125444.0
14181,2054-03-01,GW_storage_ID_E_GW[AF],905454.0,23533194281.0,147030898.0
14182,2054-04-01,GW_storage_ID_E_GW[AF],888535.0,23610840643.0,147919433.0
14183,2054-05-01,GW_storage_ID_E_GW[AF],906741.0,23687968757.0,148826174.0
14184,2054-06-01,GW_storage_ID_E_GW[AF],890730.0,23764134532.0,149716904.0
14185,2054-07-01,GW_storage_ID_E_GW[AF],878119.0,23839346953.0,150595023.0
14186,2054-08-01,GW_storage_ID_E_GW[AF],866460.0,23913680649.0,151461483.0
14187,2054-09-01,GW_storage_ID_E_GW[AF],856644.0,23987275722.0,152318127.0
14188,2054-10-01,GW_storage_ID_E_GW[AF],842013.0,24060063673.0,153160140.0
14189,2054-11-01,GW_storage_ID_E_GW[AF],827710.0,24132040073.0,153987850.0
14190,2054-12-01,GW_storage_ID_E_GW[AF],812933.0,24203075252.0,154800783.0
14191,2055-01-01,GW_storage_ID_E_GW[AF],798229.0,24273232069.0,155599012.0
14192,2055-02-01,GW_storage_ID_E_GW[AF],785173.0,24346983422.0,156384185.0
14193,2055-03-01,GW_storage_ID_E_GW[AF],770800.0,24429418525.0,157154985.0
14194,2055-04-01,GW_storage_ID_E_GW[AF],756789.0,24519974284.0,157911774.0
14195,2055-05-01,GW_storage_ID_E_GW[AF],742176.0,24612887460.0,158653950.0
14196,2055-06-01,GW_storage_ID_E_GW[AF],728267.0,24705731755.0,159382217.0
14197,2055-07-01,GW_storage_ID_E_GW[AF],729197.0,24797561549.0,160111414.0
14198,2055-08-01,GW_storage_ID_E_GW[AF],733798.0,24888417864.0,160845212.0
14199,2055-09-01,GW_storage_ID_E_GW[AF],720039.0,24978247446.0,161565251.0
14200,2055-10-01,GW_storage_ID_E_GW[AF],706089.0,25067037402.0,162271340.0
14201,2055-11-01,GW_storage_ID_E_GW[AF],692849.0,25154620871.0,162964189.0
14202,2055-12-01,GW_storage_ID_E_GW[AF],679426.0,25240958786.0,163643615.0
14203,2056-01-01,GW_storage_ID_E_GW[AF],666262.0,25326085001.0,164309877.0
14204,2056-02-01,GW_storage_ID_E_GW[AF],654186.0,25410115783.0,164964063.0
14205,2056-03-01,GW_storage_ID_E_GW[AF],641511.0,25493046199.0,165605574.0
14206,2056-04-01,GW_storage_ID_E_GW[AF],629483.0,25579867650.0,166235057.0
14207,2056-05-01,GW_storage_ID_E_GW[AF],624631.0,25665994452.0,166859688.0
14208,2056-06-01,GW_storage_ID_E_GW[AF],613237.0,25751014051.0,167472925.0
14209,2056-07-01,GW_storage_ID_E_GW[AF],602901.0,25834999057.0,168075826.0
14210,2056-08-01,GW_storage_ID_E_GW[AF],593351.0,25918012980.0,168669177.0
14211,2056-09-01,GW_storage_ID_E_GW[AF],584711.0,26000006720.0,169253888.0
14212,2056-10-01,GW_storage_ID_E_GW[AF],574178.0,26080893812.0,169828066.0
14213,2056-11-01,GW_storage_ID_E_GW[AF],563996.0,26160908259.0,170392062.0
14214,2056-12-01,GW_storage_ID_E_GW[AF],553530.0,26240212456.0,170945592.0
14215,2057-01-01,GW_storage_ID_E_GW[AF],543210.0,26318587848.0,171488802.0
14216,2057-02-01,GW_storage_ID_E_GW[AF],534071.0,26395985372.0,172022873.0
14217,2057-03-01,GW_storage_ID_E_GW[AF],524034.0,26472734266.0,172546907.0
14218,2057-04-01,GW_storage_ID_E_GW[AF],523665.0,26556295278.0,173070572.0
14219,2057-05-01,GW_storage_ID_E_GW[AF],524174.0,26638790503.0,173594746.0
14220,2057-06-01,GW_storage_ID_E_GW[AF],514642.0,26720263696.0,174109388.0
14221,2057-07-01,GW_storage_ID_E_GW[AF],506081.0,26800720453.0,174615469.0
14222,2057-08-01,GW_storage_ID_E_GW[AF],498207.0,26880212595.0,175113676.0
14223,2057-09-01,GW_storage_ID_E_GW[AF],497900.0,26958875022.0,175611576.0
14224,2057-10-01,GW_storage_ID_E_GW[AF],488602.0,27036568588.0,176100178.0
14225,2057-11-01,GW_storage_ID_E_GW[AF],479698.0,27113396201.0,176579876.0
14226,2057-12-01,GW_storage_ID_E_GW[AF],470613.0,27189264327.0,177050489.0
14227,2058-01-01,GW_storage_ID_E_GW[AF],461667.0,27264124633.0,177512156.0
14228,2058-02-01,GW_storage_ID_E_GW[AF],453734.0,27348265847.0,177965890.0
14229,2058-03-01,GW_storage_ID_E_GW[AF],445075.0,27440889382.0,178410965.0
14230,2058-04-01,GW_storage_ID_E_GW[AF],436803.0,27539133274.0,178847768.0
14231,2058-05-01,GW_storage_ID_E_GW[AF],428349.0,27639449314.0,179276117.0
14232,2058-06-01,GW_storage_ID_E_GW[AF],420315.0,27738779306.0,179696432.0
14233,2058-07-01,GW_storage_ID_E_GW[AF],412534.0,27837531793.0,180108966.0
14234,2058-08-01,GW_storage_ID_E_GW[AF],406316.0,27935280444.0,180515282.0
14235,2058-09-01,GW_storage_ID_E_GW[AF],399242.0,28031862865.0,180914524.0
14236,2058-10-01,GW_storage_ID_E_GW[AF],391596.0,28127260463.0,181306120.0
14237,2058-11-01,GW_storage_ID_E_GW[AF],384320.0,28221366217.0,181690440.0
14238,2058-12-01,GW_storage_ID_E_GW[AF],376927.0,28314157055.0,182067367.0
14239,2059-01-01,GW_storage_ID_E_GW[AF],369667.0,28405540773.0,182437034.0
14240,2059-02-01,GW_storage_ID_E_GW[AF],363234.0,28502067677.0,182800268.0
14241,2059-03-01,GW_storage_ID_E_GW[AF],356229.0,28605457246.0,183156497.0
14242,2059-04-01,GW_storage_ID_E_GW[AF],349568.0,28717814838.0,183506065.0
14243,2059-05-01,GW_storage_ID_E_GW[AF],342797.0,28830913147.0,183848862.0
14244,2059-06-01,GW_storage_ID_E_GW[AF],336707.0,28943770190.0,184185569.0
14245,2059-07-01,GW_storage_ID_E_GW[AF],331865.0,29055182582.0,184517434.0
14246,2059-08-01,GW_storage_ID_E_GW[AF],327829.0,29165160032.0,184845263.0
14247,2059-09-01,GW_storage_ID_E_GW[AF],322238.0,29273920291.0,185167501.0
14248,2059-10-01,GW_storage_ID_E_GW[AF],316077.0,29381402010.0,185483578.0
14249,2059-11-01,GW_storage_ID_E_GW[AF],310212.0,29487451547.0,185793790.0
14250,2059-12-01,GW_storage_ID_E_GW[AF],304252.0,29592083281.0,186098042.0
14251,2060-01-01,GW_storage_ID_E_GW[AF],298398.0,29695071869.0,186396440.0
14252,2060-02-01,GW_storage_ID_E_GW[AF],293024.0,29797999369.0,186689464.0
14253,2060-03-01,GW_storage_ID_E_GW[AF],287376.0,29907235449.0,186976840.0
14254,2060-04-01,GW_storage_ID_E_GW[AF],282003.0,30022282651.0,187258843.0
14255,2060-05-01,GW_storage_ID_E_GW[AF],276541.0,30138204137.0,187535384.0
14256,2060-06-01,GW_storage_ID_E_GW[AF],274034.0,30253989194.0,187809418.0
14257,2060-07-01,GW_storage_ID_E_GW[AF],270954.0,30369445165.0,188080372.0
14258,2060-08-01,GW_storage_ID_E_GW[AF],268976.0,30483354195.0,188349348.0
14259,2060-09-01,GW_storage_ID_E_GW[AF],269025.0,30595912136.0,188618373.0
14260,2060-10-01,GW_storage_ID_E_GW[AF],263913.0,30707058453.0,188882286.0
14261,2060-11-01,GW_storage_ID_E_GW[AF],259043.0,30816686913.0,189141329.0
14262,2060-12-01,GW_storage_ID_E_GW[AF],254089.0,30924630927.0,189395418.0
14263,2061-01-01,GW_storage_ID_E_GW[AF],249223.0,31038058188.0,189644641.0
14264,2061-02-01,GW_storage_ID_E_GW[AF],244910.0,31163247262.0,189889551.0
14265,2061-03-01,GW_storage_ID_E_GW[AF],240204.0,31301926464.0,190129755.0
14266,2061-04-01,GW_storage_ID_E_GW[AF],235718.0,31460043743.0,190365473.0
14267,2061-05-01,GW_storage_ID_E_GW[AF],1126908.0,31621719240.0,191492381.0
14268,2061-06-01,GW_storage_ID_E_GW[AF],1112294.0,31781944019.0,192604675.0
14269,2061-07-01,GW_storage_ID_E_GW[AF],1093955.0,31940594248.0,193698630.0
14270,2061-08-01,GW_storage_ID_E_GW[AF],1078410.0,32097666692.0,194777040.0
14271,2061-09-01,GW_storage_ID_E_GW[AF],1059780.0,32253244922.0,195836820.0
14272,2061-10-01,GW_storage_ID_E_GW[AF],1039495.0,32407132898.0,196876315.0
14273,2061-11-01,GW_storage_ID_E_GW[AF],1020190.0,32559108380.0,197896505.0
14274,2061-12-01,GW_storage_ID_E_GW[AF],1000572.0,32709321481.0,198897077.0
14275,2062-01-01,GW_storage_ID_E_GW[AF],981307.0,32858735378.0,199878384.0
14276,2062-02-01,GW_storage_ID_E_GW[AF],964240.0,33022044851.0,200842624.0
14277,2062-03-01,GW_storage_ID_E_GW[AF],945655.0,33198837130.0,201788279.0
14278,2062-04-01,GW_storage_ID_E_GW[AF],927977.0,33390837210.0,202716256.0
14279,2062-05-01,GW_storage_ID_E_GW[AF],910007.0,33584259641.0,203626263.0
14280,2062-06-01,GW_storage_ID_E_GW[AF],893564.0,33776858517.0,204519827.0
14281,2062-07-01,GW_storage_ID_E_GW[AF],879430.0,33967635736.0,205399257.0
14282,2062-08-01,GW_storage_ID_E_GW[AF],866860.0,34156855847.0,206266117.0
14283,2062-09-01,GW_storage_ID_E_GW[AF],860743.0,34344548104.0,207126860.0
14284,2062-10-01,GW_storage_ID_E_GW[AF],844209.0,34530332137.0,207971069.0
14285,2062-11-01,GW_storage_ID_E_GW[AF],828485.0,34714073091.0,208799554.0
14286,2062-12-01,GW_storage_ID_E_GW[AF],812516.0,34895778448.0,209612070.0
14287,2063-01-01,GW_storage_ID_E_GW[AF],796844.0,35079072230.0,210408914.0
14288,2063-02-01,GW_storage_ID_E_GW[AF],782957.0,35269350335.0,211191871.0
14289,2063-03-01,GW_storage_ID_E_GW[AF],767843.0,35470064786.0,211959714.0
14290,2063-04-01,GW_storage_ID_E_GW[AF],753502.0,35683040547.0,212713216.0
14291,2063-05-01,GW_storage_ID_E_GW[AF],3056895.0,35907121073.0,215770111.0
14292,2063-06-01,GW_storage_ID_E_GW[AF],2999586.0,36134854310.0,218769697.0
14293,2063-07-01,GW_storage_ID_E_GW[AF],2967393.0,36361472567.0,221737090.0
14294,2063-08-01,GW_storage_ID_E_GW[AF],2911393.0,36586142514.0,224648483.0
14295,2063-09-01,GW_storage_ID_E_GW[AF],2858300.0,36808934029.0,227506783.0
14296,2063-10-01,GW_storage_ID_E_GW[AF],2803163.0,37029507927.0,230309946.0
14297,2063-11-01,GW_storage_ID_E_GW[AF],2750787.0,37248012309.0,233060733.0
14298,2063-12-01,GW_storage_ID_E_GW[AF],2697639.0,37465671472.0,235758372.0
14299,2064-01-01,GW_storage_ID_E_GW[AF],2645499.0,37694815963.0,238403871.0
14300,2064-02-01,GW_storage_ID_E_GW[AF],2597659.0,37945097639.0,241001530.0
14301,2064-03-01,GW_storage_ID_E_GW[AF],2547424.0,38213638934.0,243548954.0
14302,2064-04-01,GW_storage_ID_E_GW[AF],2499709.0,38493367090.0,246048663.0
14303,2064-05-01,GW_storage_ID_E_GW[AF],3065027.0,38776738105.0,249113690.0
14304,2064-06-01,GW_storage_ID_E_GW[AF],3036145.0,39060661713.0,252149835.0
14305,2064-07-01,GW_storage_ID_E_GW[AF],2978890.0,39341932866.0,255128725.0
14306,2064-08-01,GW_storage_ID_E_GW[AF],2928605.0,39620711220.0,258057330.0
14307,2064-09-01,GW_storage_ID_E_GW[AF],2875796.0,39897002798.0,260933126.0
14308,2064-10-01,GW_storage_ID_E_GW[AF],2820393.0,40170736712.0,263753519.0
14309,2064-11-01,GW_storage_ID_E_GW[AF],2767754.0,40442044957.0,266521273.0
14310,2064-12-01,GW_storage_ID_E_GW[AF],2714328.0,40711834451.0,269235601.0
14311,2065-01-01,GW_storage_ID_E_GW[AF],2661897.0,40982757097.0,271897498.0
14312,2065-02-01,GW_storage_ID_E_GW[AF],2615451.0,41255716076.0,274512949.0
14313,2065-03-01,GW_storage_ID_E_GW[AF],2564895.0,41533378347.0,277077844.0
14314,2065-04-01,GW_storage_ID_E_GW[AF],2516863.0,41819419395.0,279594707.0
14315,2065-05-01,GW_storage_ID_E_GW[AF],2581686.0,42107659636.0,282176393.0
14316,2065-06-01,GW_storage_ID_E_GW[AF],2534070.0,42393392346.0,284710463.0
14317,2065-07-01,GW_storage_ID_E_GW[AF],2488947.0,42678359041.0,287199410.0
14318,2065-08-01,GW_storage_ID_E_GW[AF],2446460.0,42960938762.0,289645870.0
14319,2065-09-01,GW_storage_ID_E_GW[AF],2402184.0,43241061639.0,292048054.0
14320,2065-10-01,GW_storage_ID_E_GW[AF],2355883.0,43518553408.0,294403937.0
14321,2065-11-01,GW_storage_ID_E_GW[AF],2311888.0,43793351378.0,296715825.0
14322,2065-12-01,GW_storage_ID_E_GW[AF],2267232.0,44065325818.0,298983057.0
14323,2066-01-01,GW_storage_ID_E_GW[AF],2223413.0,44334625115.0,301206470.0
14324,2066-02-01,GW_storage_ID_E_GW[AF],2184594.0,44601575728.0,303391064.0
14325,2066-03-01,GW_storage_ID_E_GW[AF],2142346.0,44865977654.0,305533410.0
14326,2066-04-01,GW_storage_ID_E_GW[AF],2111971.0,45130939542.0,307645381.0
14327,2066-05-01,GW_storage_ID_E_GW[AF],2094896.0,45393925169.0,309740277.0
14328,2066-06-01,GW_storage_ID_E_GW[AF],2056610.0,45654573916.0,311796887.0
14329,2066-07-01,GW_storage_ID_E_GW[AF],2021321.0,45912927675.0,313818208.0
14330,2066-08-01,GW_storage_ID_E_GW[AF],1987573.0,46169111465.0,315805781.0
14331,2066-09-01,GW_storage_ID_E_GW[AF],1956404.0,46423600426.0,317762185.0
14332,2066-10-01,GW_storage_ID_E_GW[AF],1920433.0,46676263355.0,319682618.0
14333,2066-11-01,GW_storage_ID_E_GW[AF],1885808.0,46927228863.0,321568426.0
14334,2066-12-01,GW_storage_ID_E_GW[AF],1850366.0,47176198480.0,323418792.0
14335,2067-01-01,GW_storage_ID_E_GW[AF],1815411.0,47422896821.0,325234203.0
14336,2067-02-01,GW_storage_ID_E_GW[AF],1784413.0,47667661431.0,327018616.0
14337,2067-03-01,GW_storage_ID_E_GW[AF],1750503.0,47910308464.0,328769119.0
14338,2067-04-01,GW_storage_ID_E_GW[AF],1720529.0,48151085524.0,330489648.0
14339,2067-05-01,GW_storage_ID_E_GW[AF],1703030.0,48389950965.0,332192678.0
14340,2067-06-01,GW_storage_ID_E_GW[AF],1678817.0,48627002221.0,333871495.0
14341,2067-07-01,GW_storage_ID_E_GW[AF],1655345.0,48862124917.0,335526840.0
14342,2067-08-01,GW_storage_ID_E_GW[AF],1632127.0,49095321876.0,337158967.0
14343,2067-09-01,GW_storage_ID_E_GW[AF],1610606.0,49326841519.0,338769573.0
14344,2067-10-01,GW_storage_ID_E_GW[AF],1582734.0,49556552267.0,340352307.0
14345,2067-11-01,GW_storage_ID_E_GW[AF],1555555.0,49784868208.0,341907862.0
14346,2067-12-01,GW_storage_ID_E_GW[AF],1527449.0,50011545293.0,343435311.0
14347,2068-01-01,GW_storage_ID_E_GW[AF],1499535.0,50238331069.0,344934846.0
14348,2068-02-01,GW_storage_ID_E_GW[AF],1473821.0,50478937732.0,346408667.0
14349,2068-03-01,GW_storage_ID_E_GW[AF],1446648.0,50739381265.0,347855315.0
14350,2068-04-01,GW_storage_ID_E_GW[AF],1420241.0,51011294375.0,349275556.0
14351,2068-05-01,GW_storage_ID_E_GW[AF],1392800.0,51290774772.0,350668356.0
14352,2068-06-01,GW_storage_ID_E_GW[AF],1366691.0,51571539123.0,352035047.0
14353,2068-07-01,GW_storage_ID_E_GW[AF],1348139.0,51851333229.0,353383186.0
14354,2068-08-01,GW_storage_ID_E_GW[AF],1334961.0,52129191774.0,354718147.0
14355,2068-09-01,GW_storage_ID_E_GW[AF],1311667.0,52405096290.0,356029814.0
14356,2068-10-01,GW_storage_ID_E_GW[AF],1286534.0,52678907664.0,357316348.0
14357,2068-11-01,GW_storage_ID_E_GW[AF],1262618.0,52950483517.0,358578966.0
14358,2068-12-01,GW_storage_ID_E_GW[AF],1238323.0,53219819895.0,359817289.0
14359,2069-01-01,GW_storage_ID_E_GW[AF],1214472.0,53487155316.0,361031761.0
14360,2069-02-01,GW_storage_ID_E_GW[AF],1193345.0,53760870931.0,362225106.0
14361,2069-03-01,GW_storage_ID_E_GW[AF],1170334.0,54039428849.0,363395440.0
14362,2069-04-01,GW_storage_ID_E_GW[AF],1148447.0,54324092180.0,364543887.0
14363,2069-05-01,GW_storage_ID_E_GW[AF],1126205.0,54609436481.0,365670092.0
14364,2069-06-01,GW_storage_ID_E_GW[AF],1106620.0,54894337917.0,366776712.0
14365,2069-07-01,GW_storage_ID_E_GW[AF],1092651.0,55177218144.0,367869363.0
14366,2069-08-01,GW_storage_ID_E_GW[AF],1080966.0,55458179949.0,368950329.0
14367,2069-09-01,GW_storage_ID_E_GW[AF],1062883.0,55737226700.0,370013212.0
14368,2069-10-01,GW_storage_ID_E_GW[AF],1042622.0,56014313112.0,371055834.0
14369,2069-11-01,GW_storage_ID_E_GW[AF],1023314.0,56289244905.0,372079148.0
14370,2069-12-01,GW_storage_ID_E_GW[AF],1003678.0,56561948550.0,373082826.0
14371,2070-01-01,GW_storage_ID_E_GW[AF],984383.0,56832455571.0,374067209.0
14372,2070-02-01,GW_storage_ID_E_GW[AF],967282.0,57101031869.0,375034491.0
14373,2070-03-01,GW_storage_ID_E_GW[AF],948650.0,57367456127.0,375983141.0
14374,2070-04-01,GW_storage_ID_E_GW[AF],949417.0,57631884127.0,376932558.0
14375,2070-05-01,GW_storage_ID_E_GW[AF],960803.0,57894580730.0,377893361.0
14376,2070-06-01,GW_storage_ID_E_GW[AF],944058.0,58156625113.0,378837419.0
14377,2070-07-01,GW_storage_ID_E_GW[AF],931609.0,58417720429.0,379769028.0
14378,2070-08-01,GW_storage_ID_E_GW[AF],920234.0,58677125935.0,380689262.0
14379,2070-09-01,GW_storage_ID_E_GW[AF],930444.0,58935122487.0,381619706.0
14380,2070-10-01,GW_storage_ID_E_GW[AF],913325.0,59191573450.0,382533031.0
14381,2070-11-01,GW_storage_ID_E_GW[AF],896887.0,59446278042.0,383429918.0
14382,2070-12-01,GW_storage_ID_E_GW[AF],880084.0,59699129256.0,384310002.0
14383,2022-10-01,GW_storage_ID_S_OR_E_GW1[AF],25783.0,7499151.0,25783.0
14384,2022-11-01,GW_storage_ID_S_OR_E_GW1[AF],25381.0,8445383.0,51164.0
14385,2022-12-01,GW_storage_ID_S_OR_E_GW1[AF],24972.0,9374562.0,76136.0
14386,2023-01-01,GW_storage_ID_S_OR_E_GW1[AF],24569.0,10287031.0,100705.0
14387,2023-02-01,GW_storage_ID_S_OR_E_GW1[AF],24212.0,11192982.0,124917.0
14388,2023-03-01,GW_storage_ID_S_OR_E_GW1[AF],23822.0,12082492.0,148739.0
14389,2023-04-01,GW_storage_ID_S_OR_E_GW1[AF],23450.0,12955603.0,172189.0
14390,2023-05-01,GW_storage_ID_S_OR_E_GW1[AF],23088.0,13813215.0,195277.0
14391,2023-06-01,GW_storage_ID_S_OR_E_GW1[AF],22731.0,15164430.0,218008.0
14392,2023-07-01,GW_storage_ID_S_OR_E_GW1[AF],22377.0,17236845.0,240385.0
14393,2023-08-01,GW_storage_ID_S_OR_E_GW1[AF],22032.0,19274971.0,262417.0
14394,2023-09-01,GW_storage_ID_S_OR_E_GW1[AF],21699.0,21282260.0,284116.0
14395,2023-10-01,GW_storage_ID_S_OR_E_GW1[AF],21350.0,23279746.0,305466.0
14396,2023-11-01,GW_storage_ID_S_OR_E_GW1[AF],21018.0,25247116.0,326484.0
14397,2023-12-01,GW_storage_ID_S_OR_E_GW1[AF],20680.0,27178503.0,347164.0
14398,2024-01-01,GW_storage_ID_S_OR_E_GW1[AF],20347.0,29079026.0,367511.0
14399,2024-02-01,GW_storage_ID_S_OR_E_GW1[AF],20041.0,30951693.0,387552.0
14400,2024-03-01,GW_storage_ID_S_OR_E_GW1[AF],19718.0,32794640.0,407270.0
14401,2024-04-01,GW_storage_ID_S_OR_E_GW1[AF],19412.0,34598451.0,426682.0
14402,2024-05-01,GW_storage_ID_S_OR_E_GW1[AF],19141.0,36379549.0,445823.0
14403,2024-06-01,GW_storage_ID_S_OR_E_GW1[AF],18847.0,38134426.0,464670.0
14404,2024-07-01,GW_storage_ID_S_OR_E_GW1[AF],18562.0,39862715.0,483232.0
14405,2024-08-01,GW_storage_ID_S_OR_E_GW1[AF],18306.0,41565221.0,501538.0
14406,2024-09-01,GW_storage_ID_S_OR_E_GW1[AF],18053.0,43242727.0,519591.0
14407,2024-10-01,GW_storage_ID_S_OR_E_GW1[AF],17773.0,44894530.0,537364.0
14408,2024-11-01,GW_storage_ID_S_OR_E_GW1[AF],17502.0,46522142.0,554866.0
14409,2024-12-01,GW_storage_ID_S_OR_E_GW1[AF],17225.0,48125394.0,572091.0
14410,2025-01-01,GW_storage_ID_S_OR_E_GW1[AF],16951.0,49704625.0,589042.0
14411,2025-02-01,GW_storage_ID_S_OR_E_GW1[AF],16708.0,51264049.0,605750.0
14412,2025-03-01,GW_storage_ID_S_OR_E_GW1[AF],16442.0,52800150.0,622192.0
14413,2025-04-01,GW_storage_ID_S_OR_E_GW1[AF],16254.0,54422403.0,638446.0
14414,2025-05-01,GW_storage_ID_S_OR_E_GW1[AF],15996.0,56023530.0,654442.0
14415,2025-06-01,GW_storage_ID_S_OR_E_GW1[AF],15780.0,57673121.0,670222.0
14416,2025-07-01,GW_storage_ID_S_OR_E_GW1[AF],-3699.0,59233291.0,666523.0
14417,2025-08-01,GW_storage_ID_S_OR_E_GW1[AF],-4220.0,60752330.0,662303.0
14418,2025-09-01,GW_storage_ID_S_OR_E_GW1[AF],143423.0,63291561.0,805726.0
14419,2025-10-01,GW_storage_ID_S_OR_E_GW1[AF],157365.0,66117192.0,963091.0
14420,2025-11-01,GW_storage_ID_S_OR_E_GW1[AF],167079.0,69169207.0,1130170.0
14421,2025-12-01,GW_storage_ID_S_OR_E_GW1[AF],174024.0,72377661.0,1304194.0
14422,2026-01-01,GW_storage_ID_S_OR_E_GW1[AF],179428.0,75644729.0,1483622.0
14423,2026-02-01,GW_storage_ID_S_OR_E_GW1[AF],184184.0,83025589.0,1667806.0
14424,2026-03-01,GW_storage_ID_S_OR_E_GW1[AF],188230.0,93674924.0,1856036.0
14425,2026-04-01,GW_storage_ID_S_OR_E_GW1[AF],3355558.0,112497734.0,5211594.0
14426,2026-05-01,GW_storage_ID_S_OR_E_GW1[AF],3255948.0,136460613.0,8467542.0
14427,2026-06-01,GW_storage_ID_S_OR_E_GW1[AF],3205264.0,160180041.0,11672806.0
14428,2026-07-01,GW_storage_ID_S_OR_E_GW1[AF],3168712.0,184580314.0,14841518.0
14429,2026-08-01,GW_storage_ID_S_OR_E_GW1[AF],3125670.0,208538131.0,17967188.0
14430,2026-09-01,GW_storage_ID_S_OR_E_GW1[AF],3077549.0,232132273.0,21044737.0
14431,2026-10-01,GW_storage_ID_S_OR_E_GW1[AF],3028152.0,255250646.0,24072889.0
14432,2026-11-01,GW_storage_ID_S_OR_E_GW1[AF],2981069.0,277908394.0,27053958.0
14433,2026-12-01,GW_storage_ID_S_OR_E_GW1[AF],2933141.0,300103214.0,29987099.0
14434,2027-01-01,GW_storage_ID_S_OR_E_GW1[AF],2885961.0,321847786.0,32873060.0
14435,2027-02-01,GW_storage_ID_S_OR_E_GW1[AF],2844027.0,343199646.0,35717087.0
14436,2027-03-01,GW_storage_ID_S_OR_E_GW1[AF],2798262.0,369620421.0,38515349.0
14437,2027-04-01,GW_storage_ID_S_OR_E_GW1[AF],6353097.0,409179141.0,44868446.0
14438,2027-05-01,GW_storage_ID_S_OR_E_GW1[AF],6250715.0,455970259.0,51119161.0
14439,2027-06-01,GW_storage_ID_S_OR_E_GW1[AF],6153205.0,506103237.0,57272366.0
14440,2027-07-01,GW_storage_ID_S_OR_E_GW1[AF],6054017.0,558027240.0,63326383.0
14441,2027-08-01,GW_storage_ID_S_OR_E_GW1[AF],5983611.0,610747556.0,69309994.0
14442,2027-09-01,GW_storage_ID_S_OR_E_GW1[AF],5890266.0,662576568.0,75200260.0
14443,2027-10-01,GW_storage_ID_S_OR_E_GW1[AF],5795316.0,713531026.0,80995576.0
14444,2027-11-01,GW_storage_ID_S_OR_E_GW1[AF],5704909.0,763602436.0,86700485.0
14445,2027-12-01,GW_storage_ID_S_OR_E_GW1[AF],5612946.0,812846873.0,92313431.0
14446,2028-01-01,GW_storage_ID_S_OR_E_GW1[AF],5522465.0,861121911.0,97835896.0
14447,2028-02-01,GW_storage_ID_S_OR_E_GW1[AF],5439186.0,908650771.0,103275082.0
14448,2028-03-01,GW_storage_ID_S_OR_E_GW1[AF],5351506.0,959000163.0,108626588.0
14449,2028-04-01,GW_storage_ID_S_OR_E_GW1[AF],6918849.0,1012039411.0,115545437.0
14450,2028-05-01,GW_storage_ID_S_OR_E_GW1[AF],6807317.0,1068060916.0,122352754.0
14451,2028-06-01,GW_storage_ID_S_OR_E_GW1[AF],6701123.0,1125203670.0,129053877.0
14452,2028-07-01,GW_storage_ID_S_OR_E_GW1[AF],6605657.0,1183903968.0,135659534.0
14453,2028-08-01,GW_storage_ID_S_OR_E_GW1[AF],6502502.0,1241633200.0,142162036.0
14454,2028-09-01,GW_storage_ID_S_OR_E_GW1[AF],6452822.0,1298536546.0,148614858.0
14455,2028-10-01,GW_storage_ID_S_OR_E_GW1[AF],6349169.0,1354465802.0,154964027.0
14456,2028-11-01,GW_storage_ID_S_OR_E_GW1[AF],6250390.0,1409406877.0,161214417.0
14457,2028-12-01,GW_storage_ID_S_OR_E_GW1[AF],6149842.0,1463330743.0,167364259.0
14458,2029-01-01,GW_storage_ID_S_OR_E_GW1[AF],6094179.0,1516331973.0,173458438.0
14459,2029-02-01,GW_storage_ID_S_OR_E_GW1[AF],6005597.0,1568436361.0,179464035.0
14460,2029-03-01,GW_storage_ID_S_OR_E_GW1[AF],5908923.0,1622957905.0,185372958.0
14461,2029-04-01,GW_storage_ID_S_OR_E_GW1[AF],5816813.0,1679352962.0,191189771.0
14462,2029-05-01,GW_storage_ID_S_OR_E_GW1[AF],5723052.0,1742904338.0,196912823.0
14463,2029-06-01,GW_storage_ID_S_OR_E_GW1[AF],5634453.0,1807169538.0,202547276.0
14464,2029-07-01,GW_storage_ID_S_OR_E_GW1[AF],5548313.0,1872474684.0,208095589.0
14465,2029-08-01,GW_storage_ID_S_OR_E_GW1[AF],5463089.0,1936569687.0,213558678.0
14466,2029-09-01,GW_storage_ID_S_OR_E_GW1[AF],5404392.0,1999536921.0,218963070.0
14467,2029-10-01,GW_storage_ID_S_OR_E_GW1[AF],5318781.0,2061251234.0,224281851.0
14468,2029-11-01,GW_storage_ID_S_OR_E_GW1[AF],5236885.0,2121792309.0,229518736.0
14469,2029-12-01,GW_storage_ID_S_OR_E_GW1[AF],5153325.0,2181276298.0,234672061.0
14470,2030-01-01,GW_storage_ID_S_OR_E_GW1[AF],5070975.0,2239598911.0,239743036.0
14471,2030-02-01,GW_storage_ID_S_OR_E_GW1[AF],4997764.0,2296908282.0,244740800.0
14472,2030-03-01,GW_storage_ID_S_OR_E_GW1[AF],4917727.0,2353273149.0,249658527.0
14473,2030-04-01,GW_storage_ID_S_OR_E_GW1[AF],4852395.0,2408813513.0,254510922.0
14474,2030-05-01,GW_storage_ID_S_OR_E_GW1[AF],4776764.0,2463288321.0,259287686.0
14475,2030-06-01,GW_storage_ID_S_OR_E_GW1[AF],4706967.0,2519189259.0,263994653.0
14476,2030-07-01,GW_storage_ID_S_OR_E_GW1[AF],4636592.0,2574987711.0,268631245.0
14477,2030-08-01,GW_storage_ID_S_OR_E_GW1[AF],4567864.0,2629845780.0,273199109.0
14478,2030-09-01,GW_storage_ID_S_OR_E_GW1[AF],4509963.0,2683731630.0,277709072.0
14479,2030-10-01,GW_storage_ID_S_OR_E_GW1[AF],4441900.0,2736573135.0,282150972.0
14480,2030-11-01,GW_storage_ID_S_OR_E_GW1[AF],4376036.0,2788437015.0,286527008.0
14481,2030-12-01,GW_storage_ID_S_OR_E_GW1[AF],4308198.0,2839371858.0,290835206.0
14482,2031-01-01,GW_storage_ID_S_OR_E_GW1[AF],4240952.0,2889285425.0,295076158.0
14483,2031-02-01,GW_storage_ID_S_OR_E_GW1[AF],4181080.0,2938331300.0,299257238.0
14484,2031-03-01,GW_storage_ID_S_OR_E_GW1[AF],4115490.0,2986403207.0,303372728.0
14485,2031-04-01,GW_storage_ID_S_OR_E_GW1[AF],4052310.0,3034117058.0,307425038.0
14486,2031-05-01,GW_storage_ID_S_OR_E_GW1[AF],3987101.0,3081639947.0,311412139.0
14487,2031-06-01,GW_storage_ID_S_OR_E_GW1[AF],3932640.0,3128466639.0,315344779.0
14488,2031-07-01,GW_storage_ID_S_OR_E_GW1[AF],3872120.0,3175256040.0,319216899.0
14489,2031-08-01,GW_storage_ID_S_OR_E_GW1[AF],3814829.0,3221201089.0,323031728.0
14490,2031-09-01,GW_storage_ID_S_OR_E_GW1[AF],3757600.0,3266538806.0,326789328.0
14491,2031-10-01,GW_storage_ID_S_OR_E_GW1[AF],3697377.0,3311005126.0,330486705.0
14492,2031-11-01,GW_storage_ID_S_OR_E_GW1[AF],3686092.0,3354843436.0,334172797.0
14493,2031-12-01,GW_storage_ID_S_OR_E_GW1[AF],3626876.0,3397917039.0,337799673.0
14494,2032-01-01,GW_storage_ID_S_OR_E_GW1[AF],3568577.0,3440765830.0,341368250.0
14495,2032-02-01,GW_storage_ID_S_OR_E_GW1[AF],3560265.0,3500332884.0,344928515.0
14496,2032-03-01,GW_storage_ID_S_OR_E_GW1[AF],3549100.0,3570397039.0,348477615.0
14497,2032-04-01,GW_storage_ID_S_OR_E_GW1[AF],3541055.0,3645988541.0,352018670.0
14498,2032-05-01,GW_storage_ID_S_OR_E_GW1[AF],3483969.0,3723860841.0,355502639.0
14499,2032-06-01,GW_storage_ID_S_OR_E_GW1[AF],3429620.0,3803847465.0,358932259.0
14500,2032-07-01,GW_storage_ID_S_OR_E_GW1[AF],3374337.0,3884065220.0,362306596.0
14501,2032-08-01,GW_storage_ID_S_OR_E_GW1[AF],3328309.0,3963910669.0,365634905.0
14502,2032-09-01,GW_storage_ID_S_OR_E_GW1[AF],3316919.0,4042724779.0,368951824.0
14503,2032-10-01,GW_storage_ID_S_OR_E_GW1[AF],3263585.0,4120308321.0,372215409.0
14504,2032-11-01,GW_storage_ID_S_OR_E_GW1[AF],3212770.0,4196679403.0,375428179.0
14505,2032-12-01,GW_storage_ID_S_OR_E_GW1[AF],3161057.0,4271822754.0,378589236.0
14506,2033-01-01,GW_storage_ID_S_OR_E_GW1[AF],3110166.0,4345538492.0,381699402.0
14507,2033-02-01,GW_storage_ID_S_OR_E_GW1[AF],3064940.0,4423218301.0,384764342.0
14508,2033-03-01,GW_storage_ID_S_OR_E_GW1[AF],3015585.0,4505470297.0,387779927.0
14509,2033-04-01,GW_storage_ID_S_OR_E_GW1[AF],2979687.0,4590681136.0,390759614.0
14510,2033-05-01,GW_storage_ID_S_OR_E_GW1[AF],2931653.0,4675360581.0,393691267.0
14511,2033-06-01,GW_storage_ID_S_OR_E_GW1[AF],2900177.0,4760708398.0,396591444.0
14512,2033-07-01,GW_storage_ID_S_OR_E_GW1[AF],2857352.0,4846138178.0,399448796.0
14513,2033-08-01,GW_storage_ID_S_OR_E_GW1[AF],2813301.0,4931118427.0,402262097.0
14514,2033-09-01,GW_storage_ID_S_OR_E_GW1[AF],2821949.0,5014914731.0,405084046.0
14515,2033-10-01,GW_storage_ID_S_OR_E_GW1[AF],2776648.0,5097508172.0,407860694.0
14516,2033-11-01,GW_storage_ID_S_OR_E_GW1[AF],2733473.0,5178663669.0,410594167.0
14517,2033-12-01,GW_storage_ID_S_OR_E_GW1[AF],2689520.0,5258443309.0,413283687.0
14518,2034-01-01,GW_storage_ID_S_OR_E_GW1[AF],2600333.0,5339163828.0,415884020.0
14519,2034-02-01,GW_storage_ID_S_OR_E_GW1[AF],2562547.0,5418722190.0,418446567.0
14520,2034-03-01,GW_storage_ID_S_OR_E_GW1[AF],2521301.0,5500220744.0,420967868.0
14521,2034-04-01,GW_storage_ID_S_OR_E_GW1[AF],2482003.0,5584032903.0,423449871.0
14522,2034-05-01,GW_storage_ID_S_OR_E_GW1[AF],2441997.0,5676873319.0,425891868.0
14523,2034-06-01,GW_storage_ID_S_OR_E_GW1[AF],2390410.0,5773341236.0,428282278.0
14524,2034-07-01,GW_storage_ID_S_OR_E_GW1[AF],2356872.0,5871231225.0,430639150.0
14525,2034-08-01,GW_storage_ID_S_OR_E_GW1[AF],2320965.0,5968392389.0,432960115.0
14526,2034-09-01,GW_storage_ID_S_OR_E_GW1[AF],2287110.0,6064112138.0,435247225.0
14527,2034-10-01,GW_storage_ID_S_OR_E_GW1[AF],2250414.0,6158273690.0,437497639.0
14528,2034-11-01,GW_storage_ID_S_OR_E_GW1[AF],2215431.0,6251013792.0,439713070.0
14529,2034-12-01,GW_storage_ID_S_OR_E_GW1[AF],2179816.0,6342469856.0,441892886.0
14530,2035-01-01,GW_storage_ID_S_OR_E_GW1[AF],2144757.0,6432436397.0,444037643.0
14531,2035-02-01,GW_storage_ID_S_OR_E_GW1[AF],2113595.0,6520973109.0,446151238.0
14532,2035-03-01,GW_storage_ID_S_OR_E_GW1[AF],2079579.0,6608114132.0,448230817.0
14533,2035-04-01,GW_storage_ID_S_OR_E_GW1[AF],2056309.0,6694040771.0,450287126.0
14534,2035-05-01,GW_storage_ID_S_OR_E_GW1[AF],2023168.0,6778544504.0,452310294.0
14535,2035-06-01,GW_storage_ID_S_OR_E_GW1[AF],1992116.0,6863239534.0,454302410.0
14536,2035-07-01,GW_storage_ID_S_OR_E_GW1[AF],1961652.0,6947511289.0,456264062.0
14537,2035-08-01,GW_storage_ID_S_OR_E_GW1[AF],1932281.0,7030376153.0,458196343.0
14538,2035-09-01,GW_storage_ID_S_OR_E_GW1[AF],1914223.0,7112119087.0,460110566.0
14539,2035-10-01,GW_storage_ID_S_OR_E_GW1[AF],1884561.0,7192574428.0,461995127.0
14540,2035-11-01,GW_storage_ID_S_OR_E_GW1[AF],1856035.0,7271865334.0,463851162.0
14541,2035-12-01,GW_storage_ID_S_OR_E_GW1[AF],1873044.0,7350179909.0,465724206.0
14542,2036-01-01,GW_storage_ID_S_OR_E_GW1[AF],1843431.0,7427195979.0,467567637.0
14543,2036-02-01,GW_storage_ID_S_OR_E_GW1[AF],1816139.0,7503024891.0,469383776.0
14544,2036-03-01,GW_storage_ID_S_OR_E_GW1[AF],1787307.0,7577632108.0,471171083.0
14545,2036-04-01,GW_storage_ID_S_OR_E_GW1[AF],1759661.0,7651185144.0,472930744.0
14546,2036-05-01,GW_storage_ID_S_OR_E_GW1[AF],1731318.0,7724300240.0,474662062.0
14547,2036-06-01,GW_storage_ID_S_OR_E_GW1[AF],1704952.0,7796353708.0,476367014.0
14548,2036-07-01,GW_storage_ID_S_OR_E_GW1[AF],1679185.0,7867314948.0,478046199.0
14549,2036-08-01,GW_storage_ID_S_OR_E_GW1[AF],1659283.0,7937241278.0,479705482.0
14550,2036-09-01,GW_storage_ID_S_OR_E_GW1[AF],1669553.0,8006295323.0,481375035.0
14551,2036-10-01,GW_storage_ID_S_OR_E_GW1[AF],1642854.0,8074305646.0,483017889.0
14552,2036-11-01,GW_storage_ID_S_OR_E_GW1[AF],1617386.0,8141376577.0,484635275.0
14553,2036-12-01,GW_storage_ID_S_OR_E_GW1[AF],1637868.0,8207644541.0,486273143.0
14554,2037-01-01,GW_storage_ID_S_OR_E_GW1[AF],1611570.0,8273161410.0,487884713.0
14555,2037-02-01,GW_storage_ID_S_OR_E_GW1[AF],1588198.0,8337733681.0,489472911.0
14556,2037-03-01,GW_storage_ID_S_OR_E_GW1[AF],1562675.0,8401237350.0,491035586.0
14557,2037-04-01,GW_storage_ID_S_OR_E_GW1[AF],1538334.0,8463716442.0,492573920.0
14558,2037-05-01,GW_storage_ID_S_OR_E_GW1[AF],1513548.0,8525229166.0,494087468.0
14559,2037-06-01,GW_storage_ID_S_OR_E_GW1[AF],1492842.0,8585780498.0,495580310.0
14560,2037-07-01,GW_storage_ID_S_OR_E_GW1[AF],1469571.0,8645518277.0,497049881.0
14561,2037-08-01,GW_storage_ID_S_OR_E_GW1[AF],1447445.0,8704580765.0,498497326.0
14562,2037-09-01,GW_storage_ID_S_OR_E_GW1[AF],1428463.0,8763159684.0,499925789.0
14563,2037-10-01,GW_storage_ID_S_OR_E_GW1[AF],1406674.0,8821181815.0,501332463.0
14564,2037-11-01,GW_storage_ID_S_OR_E_GW1[AF],1385624.0,8878677095.0,502718087.0
14565,2037-12-01,GW_storage_ID_S_OR_E_GW1[AF],1363997.0,8935618642.0,504082084.0
14566,2038-01-01,GW_storage_ID_S_OR_E_GW1[AF],1342609.0,8991690289.0,505424693.0
14567,2038-02-01,GW_storage_ID_S_OR_E_GW1[AF],1323610.0,9049081585.0,506748303.0
14568,2038-03-01,GW_storage_ID_S_OR_E_GW1[AF],1302765.0,9108044798.0,508051068.0
14569,2038-04-01,GW_storage_ID_S_OR_E_GW1[AF],1282701.0,9168794933.0,509333769.0
14570,2038-05-01,GW_storage_ID_S_OR_E_GW1[AF],1262049.0,9229969082.0,510595818.0
14571,2038-06-01,GW_storage_ID_S_OR_E_GW1[AF],1246632.0,9290494843.0,511842450.0
14572,2038-07-01,GW_storage_ID_S_OR_E_GW1[AF],1227627.0,9350294408.0,513070077.0
14573,2038-08-01,GW_storage_ID_S_OR_E_GW1[AF],1210039.0,9409318940.0,514280116.0
14574,2038-09-01,GW_storage_ID_S_OR_E_GW1[AF],1209532.0,9467673979.0,515489648.0
14575,2038-10-01,GW_storage_ID_S_OR_E_GW1[AF],1190176.0,9525253636.0,516679824.0
14576,2038-11-01,GW_storage_ID_S_OR_E_GW1[AF],1171715.0,9582098472.0,517851539.0
14577,2038-12-01,GW_storage_ID_S_OR_E_GW1[AF],1152912.0,9638248766.0,519004451.0
14578,2039-01-01,GW_storage_ID_S_OR_E_GW1[AF],1134398.0,9693650977.0,520138849.0
14579,2039-02-01,GW_storage_ID_S_OR_E_GW1[AF],1117941.0,9750458830.0,521256790.0
14580,2039-03-01,GW_storage_ID_S_OR_E_GW1[AF],1099972.0,9809156458.0,522356762.0
14581,2039-04-01,GW_storage_ID_S_OR_E_GW1[AF],1082837.0,9868559467.0,523439599.0
14582,2039-05-01,GW_storage_ID_S_OR_E_GW1[AF],1065381.0,9927385773.0,524504980.0
14583,2039-06-01,GW_storage_ID_S_OR_E_GW1[AF],1053906.0,9986965256.0,525558886.0
14584,2039-07-01,GW_storage_ID_S_OR_E_GW1[AF],1037280.0,10046475029.0,526596166.0
14585,2039-08-01,GW_storage_ID_S_OR_E_GW1[AF],1021676.0,10105238592.0,527617842.0
14586,2039-09-01,GW_storage_ID_S_OR_E_GW1[AF],1006296.0,10163363477.0,528624138.0
14587,2039-10-01,GW_storage_ID_S_OR_E_GW1[AF],990164.0,10220781260.0,529614302.0
14588,2039-11-01,GW_storage_ID_S_OR_E_GW1[AF],974784.0,10277373162.0,530589086.0
14589,2039-12-01,GW_storage_ID_S_OR_E_GW1[AF],959123.0,10333185165.0,531548209.0
14590,2040-01-01,GW_storage_ID_S_OR_E_GW1[AF],943705.0,10388289039.0,532491914.0
14591,2040-02-01,GW_storage_ID_S_OR_E_GW1[AF],929509.0,10442633493.0,533421423.0
14592,2040-03-01,GW_storage_ID_S_OR_E_GW1[AF],914556.0,10496196844.0,534335979.0
14593,2040-04-01,GW_storage_ID_S_OR_E_GW1[AF],905826.0,10549040409.0,535241805.0
14594,2040-05-01,GW_storage_ID_S_OR_E_GW1[AF],898858.0,10601395194.0,536140663.0
14595,2040-06-01,GW_storage_ID_S_OR_E_GW1[AF],888108.0,10653107949.0,537028771.0
14596,2040-07-01,GW_storage_ID_S_OR_E_GW1[AF],874798.0,10704171007.0,537903569.0
14597,2040-08-01,GW_storage_ID_S_OR_E_GW1[AF],862536.0,10754605305.0,538766105.0
14598,2040-09-01,GW_storage_ID_S_OR_E_GW1[AF],854629.0,10804445973.0,539620734.0
14599,2040-10-01,GW_storage_ID_S_OR_E_GW1[AF],842304.0,10853648570.0,540463038.0
14600,2040-11-01,GW_storage_ID_S_OR_E_GW1[AF],830227.0,10902484914.0,541293265.0
14601,2040-12-01,GW_storage_ID_S_OR_E_GW1[AF],817707.0,10950730644.0,542110972.0
14602,2041-01-01,GW_storage_ID_S_OR_E_GW1[AF],805258.0,10998281298.0,542916230.0
14603,2041-02-01,GW_storage_ID_S_OR_E_GW1[AF],794202.0,11047818234.0,543710432.0
14604,2041-03-01,GW_storage_ID_S_OR_E_GW1[AF],824441.0,11099139984.0,544534873.0
14605,2041-04-01,GW_storage_ID_S_OR_E_GW1[AF],811864.0,11151170281.0,545346737.0
14606,2041-05-01,GW_storage_ID_S_OR_E_GW1[AF],802063.0,11202540882.0,546148800.0
14607,2041-06-01,GW_storage_ID_S_OR_E_GW1[AF],790188.0,11253584926.0,546938988.0
14608,2041-07-01,GW_storage_ID_S_OR_E_GW1[AF],778984.0,11304087287.0,547717972.0
14609,2041-08-01,GW_storage_ID_S_OR_E_GW1[AF],768516.0,11354085428.0,548486488.0
14610,2041-09-01,GW_storage_ID_S_OR_E_GW1[AF],757460.0,11403615397.0,549243948.0
14611,2041-10-01,GW_storage_ID_S_OR_E_GW1[AF],745391.0,11452671944.0,549989339.0
14612,2041-11-01,GW_storage_ID_S_OR_E_GW1[AF],733866.0,11501212889.0,550723205.0
14613,2041-12-01,GW_storage_ID_S_OR_E_GW1[AF],722116.0,11549056939.0,551445321.0
14614,2042-01-01,GW_storage_ID_S_OR_E_GW1[AF],710539.0,11596204581.0,552155860.0
14615,2042-02-01,GW_storage_ID_S_OR_E_GW1[AF],700247.0,11642935334.0,552856107.0
14616,2042-03-01,GW_storage_ID_S_OR_E_GW1[AF],689008.0,11689092595.0,553545115.0
14617,2042-04-01,GW_storage_ID_S_OR_E_GW1[AF],678282.0,11735022869.0,554223397.0
14618,2042-05-01,GW_storage_ID_S_OR_E_GW1[AF],667349.0,11780876718.0,554890746.0
14619,2042-06-01,GW_storage_ID_S_OR_E_GW1[AF],659283.0,11826092725.0,555550029.0
14620,2042-07-01,GW_storage_ID_S_OR_E_GW1[AF],652145.0,11871546727.0,556202174.0
14621,2042-08-01,GW_storage_ID_S_OR_E_GW1[AF],642582.0,11916431990.0,556844756.0
14622,2042-09-01,GW_storage_ID_S_OR_E_GW1[AF],646060.0,11960791410.0,557490816.0
14623,2042-10-01,GW_storage_ID_S_OR_E_GW1[AF],635737.0,12004660184.0,558126553.0
14624,2042-11-01,GW_storage_ID_S_OR_E_GW1[AF],625886.0,12048130811.0,558752439.0
14625,2042-12-01,GW_storage_ID_S_OR_E_GW1[AF],615850.0,12091062837.0,559368289.0
14626,2043-01-01,GW_storage_ID_S_OR_E_GW1[AF],605967.0,12133444088.0,559974256.0
14627,2043-02-01,GW_storage_ID_S_OR_E_GW1[AF],597182.0,12175363925.0,560571438.0
14628,2043-03-01,GW_storage_ID_S_OR_E_GW1[AF],587587.0,12216725340.0,561159025.0
14629,2043-04-01,GW_storage_ID_S_OR_E_GW1[AF],583504.0,12257666079.0,561742529.0
14630,2043-05-01,GW_storage_ID_S_OR_E_GW1[AF],574338.0,12298078753.0,562316867.0
14631,2043-06-01,GW_storage_ID_S_OR_E_GW1[AF],566045.0,12338040338.0,562882912.0
14632,2043-07-01,GW_storage_ID_S_OR_E_GW1[AF],557957.0,12377535688.0,563440869.0
14633,2043-08-01,GW_storage_ID_S_OR_E_GW1[AF],550186.0,12416568319.0,563991055.0
14634,2043-09-01,GW_storage_ID_S_OR_E_GW1[AF],544193.0,12455234071.0,564535248.0
14635,2043-10-01,GW_storage_ID_S_OR_E_GW1[AF],536302.0,12493493716.0,565071550.0
14636,2043-11-01,GW_storage_ID_S_OR_E_GW1[AF],528617.0,12531340494.0,565600167.0
14637,2043-12-01,GW_storage_ID_S_OR_E_GW1[AF],520635.0,12568703212.0,566120802.0
14638,2044-01-01,GW_storage_ID_S_OR_E_GW1[AF],512675.0,12605614127.0,566633477.0
14639,2044-02-01,GW_storage_ID_S_OR_E_GW1[AF],505308.0,12642100391.0,567138785.0
14640,2044-03-01,GW_storage_ID_S_OR_E_GW1[AF],497481.0,12678094207.0,567636266.0
14641,2044-04-01,GW_storage_ID_S_OR_E_GW1[AF],1773162.0,12715489683.0,569409428.0
14642,2044-05-01,GW_storage_ID_S_OR_E_GW1[AF],2081812.0,12757376464.0,571491240.0
14643,2044-06-01,GW_storage_ID_S_OR_E_GW1[AF],2049516.0,12798680033.0,573540756.0
14644,2044-07-01,GW_storage_ID_S_OR_E_GW1[AF],2020684.0,12840178366.0,575561440.0
14645,2044-08-01,GW_storage_ID_S_OR_E_GW1[AF],1988964.0,12881238666.0,577550404.0
14646,2044-09-01,GW_storage_ID_S_OR_E_GW1[AF],1982001.0,12921922929.0,579532405.0
14647,2044-10-01,GW_storage_ID_S_OR_E_GW1[AF],1950140.0,12962137170.0,581482545.0
14648,2044-11-01,GW_storage_ID_S_OR_E_GW1[AF],1919780.0,13001917872.0,583402325.0
14649,2044-12-01,GW_storage_ID_S_OR_E_GW1[AF],1888882.0,13041192913.0,585291207.0
14650,2045-01-01,GW_storage_ID_S_OR_E_GW1[AF],1909701.0,13079996277.0,587200908.0
14651,2045-02-01,GW_storage_ID_S_OR_E_GW1[AF],1881928.0,13119222084.0,589082836.0
14652,2045-03-01,GW_storage_ID_S_OR_E_GW1[AF],1851619.0,13158364150.0,590934455.0
14653,2045-04-01,GW_storage_ID_S_OR_E_GW1[AF],1822748.0,13198157185.0,592757203.0
14654,2045-05-01,GW_storage_ID_S_OR_E_GW1[AF],1793367.0,13237869018.0,594550570.0
14655,2045-06-01,GW_storage_ID_S_OR_E_GW1[AF],3014160.0,13278774379.0,597564730.0
14656,2045-07-01,GW_storage_ID_S_OR_E_GW1[AF],3003512.0,13324244062.0,600568242.0
14657,2045-08-01,GW_storage_ID_S_OR_E_GW1[AF],2955498.0,13372386542.0,603523740.0
14658,2045-09-01,GW_storage_ID_S_OR_E_GW1[AF],2909794.0,13419876881.0,606433534.0
14659,2045-10-01,GW_storage_ID_S_OR_E_GW1[AF],2862950.0,13466818785.0,609296484.0
14660,2045-11-01,GW_storage_ID_S_OR_E_GW1[AF],2818335.0,13513160105.0,612114819.0
14661,2045-12-01,GW_storage_ID_S_OR_E_GW1[AF],4653455.0,13560745919.0,616768274.0
14662,2046-01-01,GW_storage_ID_S_OR_E_GW1[AF],6735113.0,13615290772.0,623503387.0
14663,2046-02-01,GW_storage_ID_S_OR_E_GW1[AF],9832813.0,13677811710.0,633336200.0
14664,2046-03-01,GW_storage_ID_S_OR_E_GW1[AF],13603196.0,13748607831.0,646939396.0
14665,2046-04-01,GW_storage_ID_S_OR_E_GW1[AF],15913923.0,13826873589.0,662853319.0
14666,2046-05-01,GW_storage_ID_S_OR_E_GW1[AF],15961771.0,13907944967.0,678815090.0
14667,2046-06-01,GW_storage_ID_S_OR_E_GW1[AF],15737845.0,13989979852.0,694552935.0
14668,2046-07-01,GW_storage_ID_S_OR_E_GW1[AF],15502323.0,14071604903.0,710055258.0
14669,2046-08-01,GW_storage_ID_S_OR_E_GW1[AF],15258851.0,14152131683.0,725314109.0
14670,2046-09-01,GW_storage_ID_S_OR_E_GW1[AF],15083152.0,14231617714.0,740397261.0
14671,2046-10-01,GW_storage_ID_S_OR_E_GW1[AF],14840618.0,14310005025.0,755237879.0
14672,2046-11-01,GW_storage_ID_S_OR_E_GW1[AF],14609574.0,14387273527.0,769847453.0
14673,2046-12-01,GW_storage_ID_S_OR_E_GW1[AF],14374440.0,14463437376.0,784221893.0
14674,2047-01-01,GW_storage_ID_S_OR_E_GW1[AF],14143023.0,14538457981.0,798364916.0
14675,2047-02-01,GW_storage_ID_S_OR_E_GW1[AF],13937349.0,14612508014.0,812302265.0
14676,2047-03-01,GW_storage_ID_S_OR_E_GW1[AF],13712890.0,14685452283.0,826015155.0
14677,2047-04-01,GW_storage_ID_S_OR_E_GW1[AF],14950328.0,14764472816.0,840965483.0
14678,2047-05-01,GW_storage_ID_S_OR_E_GW1[AF],15242341.0,14860897341.0,856207824.0
14679,2047-06-01,GW_storage_ID_S_OR_E_GW1[AF],15336176.0,14972506362.0,871544000.0
14680,2047-07-01,GW_storage_ID_S_OR_E_GW1[AF],15144026.0,15088231692.0,886688026.0
14681,2047-08-01,GW_storage_ID_S_OR_E_GW1[AF],14963793.0,15203332934.0,901651819.0
14682,2047-09-01,GW_storage_ID_S_OR_E_GW1[AF],14730645.0,15317492289.0,916382464.0
14683,2047-10-01,GW_storage_ID_S_OR_E_GW1[AF],14493231.0,15430042333.0,930875695.0
14684,2047-11-01,GW_storage_ID_S_OR_E_GW1[AF],15670377.0,15542831934.0,946546072.0
14685,2047-12-01,GW_storage_ID_S_OR_E_GW1[AF],15417796.0,15653870877.0,961963868.0
14686,2048-01-01,GW_storage_ID_S_OR_E_GW1[AF],15169283.0,15763169397.0,977133151.0
14687,2048-02-01,GW_storage_ID_S_OR_E_GW1[AF],14940548.0,15872138297.0,992073699.0
14688,2048-03-01,GW_storage_ID_S_OR_E_GW1[AF],14699722.0,15987897138.0,1006773421.0
14689,2048-04-01,GW_storage_ID_S_OR_E_GW1[AF],15177760.0,16106751114.0,1021951181.0
14690,2048-05-01,GW_storage_ID_S_OR_E_GW1[AF],14933095.0,16226738594.0,1036884276.0
14691,2048-06-01,GW_storage_ID_S_OR_E_GW1[AF],14771259.0,16346930466.0,1051655535.0
14692,2048-07-01,GW_storage_ID_S_OR_E_GW1[AF],14536736.0,16466203172.0,1066192271.0
14693,2048-08-01,GW_storage_ID_S_OR_E_GW1[AF],14314775.0,16583670765.0,1080507046.0
14694,2048-09-01,GW_storage_ID_S_OR_E_GW1[AF],14156905.0,16699553017.0,1094663951.0
14695,2048-10-01,GW_storage_ID_S_OR_E_GW1[AF],13929781.0,16813788962.0,1108593732.0
14696,2048-11-01,GW_storage_ID_S_OR_E_GW1[AF],13713294.0,16926416472.0,1122307026.0
14697,2048-12-01,GW_storage_ID_S_OR_E_GW1[AF],15163820.0,17038918116.0,1137470846.0
14698,2049-01-01,GW_storage_ID_S_OR_E_GW1[AF],15501929.0,17150214903.0,1152972775.0
14699,2049-02-01,GW_storage_ID_S_OR_E_GW1[AF],15276669.0,17259849423.0,1168249444.0
14700,2049-03-01,GW_storage_ID_S_OR_E_GW1[AF],17109514.0,17374140295.0,1185358958.0
14701,2049-04-01,GW_storage_ID_S_OR_E_GW1[AF],18966712.0,17496980626.0,1204325670.0
14702,2049-05-01,GW_storage_ID_S_OR_E_GW1[AF],19549042.0,17623520262.0,1223874712.0
14703,2049-06-01,GW_storage_ID_S_OR_E_GW1[AF],19292957.0,17749882278.0,1243167669.0
14704,2049-07-01,GW_storage_ID_S_OR_E_GW1[AF],19004363.0,17875311834.0,1262172032.0
14705,2049-08-01,GW_storage_ID_S_OR_E_GW1[AF],18719370.0,17998950915.0,1280891402.0
14706,2049-09-01,GW_storage_ID_S_OR_E_GW1[AF],18495562.0,18120987592.0,1299386964.0
14707,2049-10-01,GW_storage_ID_S_OR_E_GW1[AF],18198632.0,18241422265.0,1317585596.0
14708,2049-11-01,GW_storage_ID_S_OR_E_GW1[AF],17915643.0,18360102830.0,1335501239.0
14709,2049-12-01,GW_storage_ID_S_OR_E_GW1[AF],17627549.0,18476910369.0,1353128788.0
14710,2050-01-01,GW_storage_ID_S_OR_E_GW1[AF],17397328.0,18591916831.0,1370526116.0
14711,2050-02-01,GW_storage_ID_S_OR_E_GW1[AF],17144504.0,18705272956.0,1387670620.0
14712,2050-03-01,GW_storage_ID_S_OR_E_GW1[AF],16868555.0,18821028859.0,1404539175.0
14713,2050-04-01,GW_storage_ID_S_OR_E_GW1[AF],18565607.0,18940506995.0,1423104782.0
14714,2050-05-01,GW_storage_ID_S_OR_E_GW1[AF],18318924.0,19059600483.0,1441423706.0
14715,2050-06-01,GW_storage_ID_S_OR_E_GW1[AF],18064282.0,19178428021.0,1459487988.0
14716,2050-07-01,GW_storage_ID_S_OR_E_GW1[AF],17780417.0,19296435077.0,1477268405.0
14717,2050-08-01,GW_storage_ID_S_OR_E_GW1[AF],17510401.0,19412834260.0,1494778806.0
14718,2050-09-01,GW_storage_ID_S_OR_E_GW1[AF],17306379.0,19527808893.0,1512085185.0
14719,2050-10-01,GW_storage_ID_S_OR_E_GW1[AF],17028779.0,19641173895.0,1529113964.0
14720,2050-11-01,GW_storage_ID_S_OR_E_GW1[AF],16764174.0,19752769080.0,1545878138.0
14721,2050-12-01,GW_storage_ID_S_OR_E_GW1[AF],16494775.0,19862611454.0,1562372913.0
14722,2051-01-01,GW_storage_ID_S_OR_E_GW1[AF],16251386.0,19970764786.0,1578624299.0
14723,2051-02-01,GW_storage_ID_S_OR_E_GW1[AF],16015322.0,20077395432.0,1594639621.0
14724,2051-03-01,GW_storage_ID_S_OR_E_GW1[AF],15757675.0,20182370827.0,1610397296.0
14725,2051-04-01,GW_storage_ID_S_OR_E_GW1[AF],17796713.0,20291580463.0,1628194009.0
14726,2051-05-01,GW_storage_ID_S_OR_E_GW1[AF],17509875.0,20400038326.0,1645703884.0
14727,2051-06-01,GW_storage_ID_S_OR_E_GW1[AF],17270837.0,20508257786.0,1662974721.0
14728,2051-07-01,GW_storage_ID_S_OR_E_GW1[AF],17017986.0,20615875318.0,1679992707.0
14729,2051-08-01,GW_storage_ID_S_OR_E_GW1[AF],16775309.0,20722198437.0,1696768016.0
14730,2051-09-01,GW_storage_ID_S_OR_E_GW1[AF],16513898.0,20827038775.0,1713281914.0
14731,2051-10-01,GW_storage_ID_S_OR_E_GW1[AF],16247736.0,20930437548.0,1729529650.0
14732,2051-11-01,GW_storage_ID_S_OR_E_GW1[AF],15994301.0,21032468769.0,1745523951.0
14733,2051-12-01,GW_storage_ID_S_OR_E_GW1[AF],15736497.0,21133705710.0,1761260448.0
14734,2052-01-01,GW_storage_ID_S_OR_E_GW1[AF],15482844.0,21233433839.0,1776743292.0
14735,2052-02-01,GW_storage_ID_S_OR_E_GW1[AF],15249380.0,21331717041.0,1791992672.0
14736,2052-03-01,GW_storage_ID_S_OR_E_GW1[AF],15003575.0,21429607427.0,1806996247.0
14737,2052-04-01,GW_storage_ID_S_OR_E_GW1[AF],14769524.0,21527851494.0,1821765771.0
14738,2052-05-01,GW_storage_ID_S_OR_E_GW1[AF],14562774.0,21624977785.0,1836328545.0
14739,2052-06-01,GW_storage_ID_S_OR_E_GW1[AF],14342512.0,21720857498.0,1850671057.0
14740,2052-07-01,GW_storage_ID_S_OR_E_GW1[AF],14125055.0,21815421513.0,1864796112.0
14741,2052-08-01,GW_storage_ID_S_OR_E_GW1[AF],13914184.0,21908765850.0,1878710296.0
14742,2052-09-01,GW_storage_ID_S_OR_E_GW1[AF],13742128.0,22001026854.0,1892452424.0
14743,2052-10-01,GW_storage_ID_S_OR_E_GW1[AF],13591689.0,22092179195.0,1906044113.0
14744,2052-11-01,GW_storage_ID_S_OR_E_GW1[AF],13394529.0,22182158688.0,1919438642.0
14745,2052-12-01,GW_storage_ID_S_OR_E_GW1[AF],13240955.0,22270990851.0,1932679597.0
14746,2053-01-01,GW_storage_ID_S_OR_E_GW1[AF],13034048.0,22358572318.0,1945713645.0
14747,2053-02-01,GW_storage_ID_S_OR_E_GW1[AF],12905814.0,22445234888.0,1958619459.0
14748,2053-03-01,GW_storage_ID_S_OR_E_GW1[AF],12759712.0,22531338210.0,1971379171.0
14749,2053-04-01,GW_storage_ID_S_OR_E_GW1[AF],12563325.0,22618197854.0,1983942496.0
14750,2053-05-01,GW_storage_ID_S_OR_E_GW1[AF],12361055.0,22705000235.0,1996303551.0
14751,2053-06-01,GW_storage_ID_S_OR_E_GW1[AF],12173944.0,22792005107.0,2008477495.0
14752,2053-07-01,GW_storage_ID_S_OR_E_GW1[AF],11985449.0,22878611714.0,2020462944.0
14753,2053-08-01,GW_storage_ID_S_OR_E_GW1[AF],11803987.0,22964123789.0,2032266931.0
14754,2053-09-01,GW_storage_ID_S_OR_E_GW1[AF],11626674.0,23048536524.0,2043893605.0
14755,2053-10-01,GW_storage_ID_S_OR_E_GW1[AF],11439990.0,23131866519.0,2055333595.0
14756,2053-11-01,GW_storage_ID_S_OR_E_GW1[AF],11262059.0,23214276747.0,2066595654.0
14757,2053-12-01,GW_storage_ID_S_OR_E_GW1[AF],11080940.0,23295578937.0,2077676594.0
14758,2054-01-01,GW_storage_ID_S_OR_E_GW1[AF],10902659.0,23375761806.0,2088579253.0
14759,2054-02-01,GW_storage_ID_S_OR_E_GW1[AF],10744216.0,23454991045.0,2099323469.0
14760,2054-03-01,GW_storage_ID_S_OR_E_GW1[AF],10571299.0,23533194281.0,2109894768.0
14761,2054-04-01,GW_storage_ID_S_OR_E_GW1[AF],10406535.0,23610840643.0,2120301303.0
14762,2054-05-01,GW_storage_ID_S_OR_E_GW1[AF],10289710.0,23687968757.0,2130591013.0
14763,2054-06-01,GW_storage_ID_S_OR_E_GW1[AF],10147745.0,23764134532.0,2140738758.0
14764,2054-07-01,GW_storage_ID_S_OR_E_GW1[AF],9990554.0,23839346953.0,2150729312.0
14765,2054-08-01,GW_storage_ID_S_OR_E_GW1[AF],9841517.0,23913680649.0,2160570829.0
14766,2054-09-01,GW_storage_ID_S_OR_E_GW1[AF],9742070.0,23987275722.0,2170312899.0
14767,2054-10-01,GW_storage_ID_S_OR_E_GW1[AF],9590819.0,24060063673.0,2179903718.0
14768,2054-11-01,GW_storage_ID_S_OR_E_GW1[AF],9502441.0,24132040073.0,2189406159.0
14769,2054-12-01,GW_storage_ID_S_OR_E_GW1[AF],9352812.0,24203075252.0,2198758971.0
14770,2055-01-01,GW_storage_ID_S_OR_E_GW1[AF],9205006.0,24273232069.0,2207963977.0
14771,2055-02-01,GW_storage_ID_S_OR_E_GW1[AF],9073627.0,24346983422.0,2217037604.0
14772,2055-03-01,GW_storage_ID_S_OR_E_GW1[AF],8929704.0,24429418525.0,2225967308.0
14773,2055-04-01,GW_storage_ID_S_OR_E_GW1[AF],11066608.0,24519974284.0,2237033916.0
14774,2055-05-01,GW_storage_ID_S_OR_E_GW1[AF],10888340.0,24612887460.0,2247922256.0
14775,2055-06-01,GW_storage_ID_S_OR_E_GW1[AF],10718497.0,24705731755.0,2258640753.0
14776,2055-07-01,GW_storage_ID_S_OR_E_GW1[AF],10571793.0,24797561549.0,2269212546.0
14777,2055-08-01,GW_storage_ID_S_OR_E_GW1[AF],10450354.0,24888417864.0,2279662900.0
14778,2055-09-01,GW_storage_ID_S_OR_E_GW1[AF],10287328.0,24978247446.0,2289950228.0
14779,2055-10-01,GW_storage_ID_S_OR_E_GW1[AF],10121496.0,25067037402.0,2300071724.0
14780,2055-11-01,GW_storage_ID_S_OR_E_GW1[AF],9963600.0,25154620871.0,2310035324.0
14781,2055-12-01,GW_storage_ID_S_OR_E_GW1[AF],9802988.0,25240958786.0,2319838312.0
14782,2056-01-01,GW_storage_ID_S_OR_E_GW1[AF],9644963.0,25326085001.0,2329483275.0
14783,2056-02-01,GW_storage_ID_S_OR_E_GW1[AF],9499517.0,25410115783.0,2338982792.0
14784,2056-03-01,GW_storage_ID_S_OR_E_GW1[AF],9346385.0,25493046199.0,2348329177.0
14785,2056-04-01,GW_storage_ID_S_OR_E_GW1[AF],11206635.0,25579867650.0,2359535812.0
14786,2056-05-01,GW_storage_ID_S_OR_E_GW1[AF],11029397.0,25665994452.0,2370565209.0
14787,2056-06-01,GW_storage_ID_S_OR_E_GW1[AF],10859207.0,25751014051.0,2381424416.0
14788,2056-07-01,GW_storage_ID_S_OR_E_GW1[AF],10690231.0,25834999057.0,2392114647.0
14789,2056-08-01,GW_storage_ID_S_OR_E_GW1[AF],10525199.0,25918012980.0,2402639846.0
14790,2056-09-01,GW_storage_ID_S_OR_E_GW1[AF],10365556.0,26000006720.0,2413005402.0
14791,2056-10-01,GW_storage_ID_S_OR_E_GW1[AF],10199180.0,26080893812.0,2423204582.0
14792,2056-11-01,GW_storage_ID_S_OR_E_GW1[AF],10040583.0,26160908259.0,2433245165.0
14793,2056-12-01,GW_storage_ID_S_OR_E_GW1[AF],9936570.0,26240212456.0,2443181735.0
14794,2057-01-01,GW_storage_ID_S_OR_E_GW1[AF],9776736.0,26318587848.0,2452958471.0
14795,2057-02-01,GW_storage_ID_S_OR_E_GW1[AF],9634703.0,26395985372.0,2462593174.0
14796,2057-03-01,GW_storage_ID_S_OR_E_GW1[AF],9479667.0,26472734266.0,2472072841.0
14797,2057-04-01,GW_storage_ID_S_OR_E_GW1[AF],9697590.0,26556295278.0,2481770431.0
14798,2057-05-01,GW_storage_ID_S_OR_E_GW1[AF],9561407.0,26638790503.0,2491331838.0
14799,2057-06-01,GW_storage_ID_S_OR_E_GW1[AF],9414475.0,26720263696.0,2500746313.0
14800,2057-07-01,GW_storage_ID_S_OR_E_GW1[AF],9270020.0,26800720453.0,2510016333.0
14801,2057-08-01,GW_storage_ID_S_OR_E_GW1[AF],9131005.0,26880212595.0,2519147338.0
14802,2057-09-01,GW_storage_ID_S_OR_E_GW1[AF],9064050.0,26958875022.0,2528211388.0
14803,2057-10-01,GW_storage_ID_S_OR_E_GW1[AF],8981539.0,27036568588.0,2537192927.0
14804,2057-11-01,GW_storage_ID_S_OR_E_GW1[AF],8901290.0,27113396201.0,2546094217.0
14805,2057-12-01,GW_storage_ID_S_OR_E_GW1[AF],8758599.0,27189264327.0,2554852816.0
14806,2058-01-01,GW_storage_ID_S_OR_E_GW1[AF],8618081.0,27264124633.0,2563470897.0
14807,2058-02-01,GW_storage_ID_S_OR_E_GW1[AF],8551944.0,27348265847.0,2572022841.0
14808,2058-03-01,GW_storage_ID_S_OR_E_GW1[AF],8414613.0,27440889382.0,2580437454.0
14809,2058-04-01,GW_storage_ID_S_OR_E_GW1[AF],8360358.0,27539133274.0,2588797812.0
14810,2058-05-01,GW_storage_ID_S_OR_E_GW1[AF],8367690.0,27639449314.0,2597165502.0
14811,2058-06-01,GW_storage_ID_S_OR_E_GW1[AF],8237160.0,27738779306.0,2605402662.0
14812,2058-07-01,GW_storage_ID_S_OR_E_GW1[AF],8121246.0,27837531793.0,2613523908.0
14813,2058-08-01,GW_storage_ID_S_OR_E_GW1[AF],8003351.0,27935280444.0,2621527259.0
14814,2058-09-01,GW_storage_ID_S_OR_E_GW1[AF],7880994.0,28031862865.0,2629408253.0
14815,2058-10-01,GW_storage_ID_S_OR_E_GW1[AF],7754348.0,28127260463.0,2637162601.0
14816,2058-11-01,GW_storage_ID_S_OR_E_GW1[AF],7633678.0,28221366217.0,2644796279.0
14817,2058-12-01,GW_storage_ID_S_OR_E_GW1[AF],7510861.0,28314157055.0,2652307140.0
14818,2059-01-01,GW_storage_ID_S_OR_E_GW1[AF],7389983.0,28405540773.0,2659697123.0
14819,2059-02-01,GW_storage_ID_S_OR_E_GW1[AF],7282550.0,28502067677.0,2666979673.0
14820,2059-03-01,GW_storage_ID_S_OR_E_GW1[AF],7165300.0,28605457246.0,2674144973.0
14821,2059-04-01,GW_storage_ID_S_OR_E_GW1[AF],9465442.0,28717814838.0,2683610415.0
14822,2059-05-01,GW_storage_ID_S_OR_E_GW1[AF],9312868.0,28830913147.0,2692923283.0
14823,2059-06-01,GW_storage_ID_S_OR_E_GW1[AF],9182951.0,28943770190.0,2702106234.0
14824,2059-07-01,GW_storage_ID_S_OR_E_GW1[AF],9037202.0,29055182582.0,2711143436.0
14825,2059-08-01,GW_storage_ID_S_OR_E_GW1[AF],8899034.0,29165160032.0,2720042470.0
14826,2059-09-01,GW_storage_ID_S_OR_E_GW1[AF],8829231.0,29273920291.0,2728871701.0
14827,2059-10-01,GW_storage_ID_S_OR_E_GW1[AF],8687381.0,29381402010.0,2737559082.0
14828,2059-11-01,GW_storage_ID_S_OR_E_GW1[AF],8552206.0,29487451547.0,2746111288.0
14829,2059-12-01,GW_storage_ID_S_OR_E_GW1[AF],8414626.0,29592083281.0,2754525914.0
14830,2060-01-01,GW_storage_ID_S_OR_E_GW1[AF],8279215.0,29695071869.0,2762805129.0
14831,2060-02-01,GW_storage_ID_S_OR_E_GW1[AF],8154562.0,29797999369.0,2770959691.0
14832,2060-03-01,GW_storage_ID_S_OR_E_GW1[AF],10311784.0,29907235449.0,2781271475.0
14833,2060-04-01,GW_storage_ID_S_OR_E_GW1[AF],11712365.0,30022282651.0,2792983840.0
14834,2060-05-01,GW_storage_ID_S_OR_E_GW1[AF],11814426.0,30138204137.0,2804798266.0
14835,2060-06-01,GW_storage_ID_S_OR_E_GW1[AF],11630918.0,30253989194.0,2816429184.0
14836,2060-07-01,GW_storage_ID_S_OR_E_GW1[AF],11459380.0,30369445165.0,2827888564.0
14837,2060-08-01,GW_storage_ID_S_OR_E_GW1[AF],11280939.0,30483354195.0,2839169503.0
14838,2060-09-01,GW_storage_ID_S_OR_E_GW1[AF],11163701.0,30595912136.0,2850333204.0
14839,2060-10-01,GW_storage_ID_S_OR_E_GW1[AF],10984352.0,30707058453.0,2861317556.0
14840,2060-11-01,GW_storage_ID_S_OR_E_GW1[AF],10813453.0,30816686913.0,2872131009.0
14841,2060-12-01,GW_storage_ID_S_OR_E_GW1[AF],10639531.0,30924630927.0,2882770540.0
14842,2061-01-01,GW_storage_ID_S_OR_E_GW1[AF],10468365.0,31038058188.0,2893238905.0
14843,2061-02-01,GW_storage_ID_S_OR_E_GW1[AF],12521981.0,31163247262.0,2905760886.0
14844,2061-03-01,GW_storage_ID_S_OR_E_GW1[AF],16472346.0,31301926464.0,2922233232.0
14845,2061-04-01,GW_storage_ID_S_OR_E_GW1[AF],16953983.0,31460043743.0,2939187215.0
14846,2061-05-01,GW_storage_ID_S_OR_E_GW1[AF],16680698.0,31621719240.0,2955867913.0
14847,2061-06-01,GW_storage_ID_S_OR_E_GW1[AF],16434349.0,31781944019.0,2972302262.0
14848,2061-07-01,GW_storage_ID_S_OR_E_GW1[AF],16187987.0,31940594248.0,2988490249.0
14849,2061-08-01,GW_storage_ID_S_OR_E_GW1[AF],15950300.0,32097666692.0,3004440549.0
14850,2061-09-01,GW_storage_ID_S_OR_E_GW1[AF],15772924.0,32253244922.0,3020213473.0
14851,2061-10-01,GW_storage_ID_S_OR_E_GW1[AF],15519315.0,32407132898.0,3035732788.0
14852,2061-11-01,GW_storage_ID_S_OR_E_GW1[AF],15277708.0,32559108380.0,3051010496.0
14853,2061-12-01,GW_storage_ID_S_OR_E_GW1[AF],15031833.0,32709321481.0,3066042329.0
14854,2062-01-01,GW_storage_ID_S_OR_E_GW1[AF],14789843.0,32858735378.0,3080832172.0
14855,2062-02-01,GW_storage_ID_S_OR_E_GW1[AF],14574792.0,33022044851.0,3095406964.0
14856,2062-03-01,GW_storage_ID_S_OR_E_GW1[AF],16916027.0,33198837130.0,3112322991.0
14857,2062-04-01,GW_storage_ID_S_OR_E_GW1[AF],20694269.0,33390837210.0,3133017260.0
14858,2062-05-01,GW_storage_ID_S_OR_E_GW1[AF],20360702.0,33584259641.0,3153377962.0
14859,2062-06-01,GW_storage_ID_S_OR_E_GW1[AF],20070101.0,33776858517.0,3173448063.0
14860,2062-07-01,GW_storage_ID_S_OR_E_GW1[AF],19765919.0,33967635736.0,3193213982.0
14861,2062-08-01,GW_storage_ID_S_OR_E_GW1[AF],19479225.0,34156855847.0,3212693207.0
14862,2062-09-01,GW_storage_ID_S_OR_E_GW1[AF],19250107.0,34344548104.0,3231943314.0
14863,2062-10-01,GW_storage_ID_S_OR_E_GW1[AF],18940800.0,34530332137.0,3250884114.0
14864,2062-11-01,GW_storage_ID_S_OR_E_GW1[AF],18646056.0,34714073091.0,3269530170.0
14865,2062-12-01,GW_storage_ID_S_OR_E_GW1[AF],18346057.0,34895778448.0,3287876227.0
14866,2063-01-01,GW_storage_ID_S_OR_E_GW1[AF],18050807.0,35079072230.0,3305927034.0
14867,2063-02-01,GW_storage_ID_S_OR_E_GW1[AF],17830471.0,35269350335.0,3323757505.0
14868,2063-03-01,GW_storage_ID_S_OR_E_GW1[AF],17543415.0,35470064786.0,3341300920.0
14869,2063-04-01,GW_storage_ID_S_OR_E_GW1[AF],20676999.0,35683040547.0,3361977919.0
14870,2063-05-01,GW_storage_ID_S_OR_E_GW1[AF],21507613.0,35907121073.0,3383485532.0
14871,2063-06-01,GW_storage_ID_S_OR_E_GW1[AF],21172106.0,36134854310.0,3404657638.0
14872,2063-07-01,GW_storage_ID_S_OR_E_GW1[AF],20879530.0,36361472567.0,3425537168.0
14873,2063-08-01,GW_storage_ID_S_OR_E_GW1[AF],20555247.0,36586142514.0,3446092415.0
14874,2063-09-01,GW_storage_ID_S_OR_E_GW1[AF],20307136.0,36808934029.0,3466399551.0
14875,2063-10-01,GW_storage_ID_S_OR_E_GW1[AF],19980315.0,37029507927.0,3486379866.0
14876,2063-11-01,GW_storage_ID_S_OR_E_GW1[AF],19669009.0,37248012309.0,3506048875.0
14877,2063-12-01,GW_storage_ID_S_OR_E_GW1[AF],19352258.0,37465671472.0,3525401133.0
14878,2064-01-01,GW_storage_ID_S_OR_E_GW1[AF],19101913.0,37694815963.0,3544503046.0
14879,2064-02-01,GW_storage_ID_S_OR_E_GW1[AF],21145087.0,37945097639.0,3565648133.0
14880,2064-03-01,GW_storage_ID_S_OR_E_GW1[AF],24832048.0,38213638934.0,3590480181.0
14881,2064-04-01,GW_storage_ID_S_OR_E_GW1[AF],29056978.0,38493367090.0,3619537159.0
14882,2064-05-01,GW_storage_ID_S_OR_E_GW1[AF],29187380.0,38776738105.0,3648724539.0
14883,2064-06-01,GW_storage_ID_S_OR_E_GW1[AF],28765526.0,39060661713.0,3677490065.0
14884,2064-07-01,GW_storage_ID_S_OR_E_GW1[AF],28338394.0,39341932866.0,3705828459.0
14885,2064-08-01,GW_storage_ID_S_OR_E_GW1[AF],27892985.0,39620711220.0,3733721444.0
14886,2064-09-01,GW_storage_ID_S_OR_E_GW1[AF],27464675.0,39897002798.0,3761186119.0
14887,2064-10-01,GW_storage_ID_S_OR_E_GW1[AF],27022951.0,40170736712.0,3788209070.0
14888,2064-11-01,GW_storage_ID_S_OR_E_GW1[AF],26602139.0,40442044957.0,3814811209.0
14889,2064-12-01,GW_storage_ID_S_OR_E_GW1[AF],26173915.0,40711834451.0,3840985124.0
14890,2065-01-01,GW_storage_ID_S_OR_E_GW1[AF],25814436.0,40982757097.0,3866799560.0
14891,2065-02-01,GW_storage_ID_S_OR_E_GW1[AF],25439008.0,41255716076.0,3892238568.0
14892,2065-03-01,GW_storage_ID_S_OR_E_GW1[AF],27601049.0,41533378347.0,3919839617.0
14893,2065-04-01,GW_storage_ID_S_OR_E_GW1[AF],28356738.0,41819419395.0,3948196355.0
14894,2065-05-01,GW_storage_ID_S_OR_E_GW1[AF],27899647.0,42107659636.0,3976096002.0
14895,2065-06-01,GW_storage_ID_S_OR_E_GW1[AF],27475936.0,42393392346.0,4003571938.0
14896,2065-07-01,GW_storage_ID_S_OR_E_GW1[AF],27074806.0,42678359041.0,4030646744.0
14897,2065-08-01,GW_storage_ID_S_OR_E_GW1[AF],26690907.0,42960938762.0,4057337651.0
14898,2065-09-01,GW_storage_ID_S_OR_E_GW1[AF],26347699.0,43241061639.0,4083685350.0
14899,2065-10-01,GW_storage_ID_S_OR_E_GW1[AF],25924243.0,43518553408.0,4109609593.0
14900,2065-11-01,GW_storage_ID_S_OR_E_GW1[AF],25520756.0,43793351378.0,4135130349.0
14901,2065-12-01,GW_storage_ID_S_OR_E_GW1[AF],25110083.0,44065325818.0,4160240432.0
14902,2066-01-01,GW_storage_ID_S_OR_E_GW1[AF],24705887.0,44334625115.0,4184946319.0
14903,2066-02-01,GW_storage_ID_S_OR_E_GW1[AF],24346658.0,44601575728.0,4209292977.0
14904,2066-03-01,GW_storage_ID_S_OR_E_GW1[AF],23954615.0,44865977654.0,4233247592.0
14905,2066-04-01,GW_storage_ID_S_OR_E_GW1[AF],24020707.0,45130939542.0,4257268299.0
14906,2066-05-01,GW_storage_ID_S_OR_E_GW1[AF],23674832.0,45393925169.0,4280943131.0
14907,2066-06-01,GW_storage_ID_S_OR_E_GW1[AF],23308440.0,45654573916.0,4304251571.0
14908,2066-07-01,GW_storage_ID_S_OR_E_GW1[AF],22941768.0,45912927675.0,4327193339.0
14909,2066-08-01,GW_storage_ID_S_OR_E_GW1[AF],22586301.0,46169111465.0,4349779640.0
14910,2066-09-01,GW_storage_ID_S_OR_E_GW1[AF],22328156.0,46423600426.0,4372107796.0
14911,2066-10-01,GW_storage_ID_S_OR_E_GW1[AF],22042661.0,46676263355.0,4394150457.0
14912,2066-11-01,GW_storage_ID_S_OR_E_GW1[AF],21768282.0,46927228863.0,4415918739.0
14913,2066-12-01,GW_storage_ID_S_OR_E_GW1[AF],21420822.0,47176198480.0,4437339561.0
14914,2067-01-01,GW_storage_ID_S_OR_E_GW1[AF],21078354.0,47422896821.0,4458417915.0
14915,2067-02-01,GW_storage_ID_S_OR_E_GW1[AF],20773870.0,47667661431.0,4479191785.0
14916,2067-03-01,GW_storage_ID_S_OR_E_GW1[AF],20441012.0,47910308464.0,4499632797.0
14917,2067-04-01,GW_storage_ID_S_OR_E_GW1[AF],20129673.0,48151085524.0,4519762470.0
14918,2067-05-01,GW_storage_ID_S_OR_E_GW1[AF],19818937.0,48389950965.0,4539581407.0
14919,2067-06-01,GW_storage_ID_S_OR_E_GW1[AF],19518054.0,48627002221.0,4559099461.0
14920,2067-07-01,GW_storage_ID_S_OR_E_GW1[AF],19214168.0,48862124917.0,4578313629.0
14921,2067-08-01,GW_storage_ID_S_OR_E_GW1[AF],18917096.0,49095321876.0,4597230725.0
14922,2067-09-01,GW_storage_ID_S_OR_E_GW1[AF],18689418.0,49326841519.0,4615920143.0
14923,2067-10-01,GW_storage_ID_S_OR_E_GW1[AF],18397856.0,49556552267.0,4634317999.0
14924,2067-11-01,GW_storage_ID_S_OR_E_GW1[AF],18183336.0,49784868208.0,4652501335.0
14925,2067-12-01,GW_storage_ID_S_OR_E_GW1[AF],17895981.0,50011545293.0,4670397316.0
14926,2068-01-01,GW_storage_ID_S_OR_E_GW1[AF],17612412.0,50238331069.0,4688009728.0
14927,2068-02-01,GW_storage_ID_S_OR_E_GW1[AF],17389212.0,50478937732.0,4705398940.0
14928,2068-03-01,GW_storage_ID_S_OR_E_GW1[AF],17178928.0,50739381265.0,4722577868.0
14929,2068-04-01,GW_storage_ID_S_OR_E_GW1[AF],17471047.0,51011294375.0,4740048915.0
14930,2068-05-01,GW_storage_ID_S_OR_E_GW1[AF],17746440.0,51290774772.0,4757795355.0
14931,2068-06-01,GW_storage_ID_S_OR_E_GW1[AF],17469643.0,51571539123.0,4775264998.0
14932,2068-07-01,GW_storage_ID_S_OR_E_GW1[AF],17216423.0,51851333229.0,4792481421.0
14933,2068-08-01,GW_storage_ID_S_OR_E_GW1[AF],16966898.0,52129191774.0,4809448319.0
14934,2068-09-01,GW_storage_ID_S_OR_E_GW1[AF],16778877.0,52405096290.0,4826227196.0
14935,2068-10-01,GW_storage_ID_S_OR_E_GW1[AF],16509161.0,52678907664.0,4842736357.0
14936,2068-11-01,GW_storage_ID_S_OR_E_GW1[AF],16252172.0,52950483517.0,4858988529.0
14937,2068-12-01,GW_storage_ID_S_OR_E_GW1[AF],15990629.0,53219819895.0,4874979158.0
14938,2069-01-01,GW_storage_ID_S_OR_E_GW1[AF],15733245.0,53487155316.0,4890712403.0
14939,2069-02-01,GW_storage_ID_S_OR_E_GW1[AF],17421496.0,53760870931.0,4908133899.0
14940,2069-03-01,GW_storage_ID_S_OR_E_GW1[AF],19948661.0,54039428849.0,4928082560.0
14941,2069-04-01,GW_storage_ID_S_OR_E_GW1[AF],20903460.0,54324092180.0,4948986020.0
14942,2069-05-01,GW_storage_ID_S_OR_E_GW1[AF],20830424.0,54609436481.0,4969816444.0
14943,2069-06-01,GW_storage_ID_S_OR_E_GW1[AF],20529419.0,54894337917.0,4990345863.0
14944,2069-07-01,GW_storage_ID_S_OR_E_GW1[AF],20220010.0,55177218144.0,5010565873.0
14945,2069-08-01,GW_storage_ID_S_OR_E_GW1[AF],19913097.0,55458179949.0,5030478970.0
14946,2069-09-01,GW_storage_ID_S_OR_E_GW1[AF],19613150.0,55737226700.0,5050092120.0
14947,2069-10-01,GW_storage_ID_S_OR_E_GW1[AF],19298564.0,56014313112.0,5069390684.0
14948,2069-11-01,GW_storage_ID_S_OR_E_GW1[AF],18998675.0,56289244905.0,5088389359.0
14949,2069-12-01,GW_storage_ID_S_OR_E_GW1[AF],18693360.0,56561948550.0,5107082719.0
14950,2070-01-01,GW_storage_ID_S_OR_E_GW1[AF],18392770.0,56832455571.0,5125475489.0
14951,2070-02-01,GW_storage_ID_S_OR_E_GW1[AF],18125594.0,57101031869.0,5143601083.0
14952,2070-03-01,GW_storage_ID_S_OR_E_GW1[AF],17833949.0,57367456127.0,5161435032.0
14953,2070-04-01,GW_storage_ID_S_OR_E_GW1[AF],17556028.0,57631884127.0,5178991060.0
14954,2070-05-01,GW_storage_ID_S_OR_E_GW1[AF],17341549.0,57894580730.0,5196332609.0
14955,2070-06-01,GW_storage_ID_S_OR_E_GW1[AF],17090277.0,58156625113.0,5213422886.0
14956,2070-07-01,GW_storage_ID_S_OR_E_GW1[AF],16825682.0,58417720429.0,5230248568.0
14957,2070-08-01,GW_storage_ID_S_OR_E_GW1[AF],16572767.0,58677125935.0,5246821335.0
14958,2070-09-01,GW_storage_ID_S_OR_E_GW1[AF],16389868.0,58935122487.0,5263211203.0
14959,2070-10-01,GW_storage_ID_S_OR_E_GW1[AF],16197875.0,59191573450.0,5279409078.0
14960,2070-11-01,GW_storage_ID_S_OR_E_GW1[AF],15946272.0,59446278042.0,5295355350.0
14961,2070-12-01,GW_storage_ID_S_OR_E_GW1[AF],15750859.0,59699129256.0,5311106209.0
14962,2023-05-01,GW_storage_ID_S_OR_E_GW2[AF],24.0,13813215.0,24.0
14963,2023-06-01,GW_storage_ID_S_OR_E_GW2[AF],29.0,15164430.0,53.0
14964,2023-07-01,GW_storage_ID_S_OR_E_GW2[AF],43.0,17236845.0,96.0
14965,2023-08-01,GW_storage_ID_S_OR_E_GW2[AF],60.0,19274971.0,156.0
14966,2023-09-01,GW_storage_ID_S_OR_E_GW2[AF],63.0,21282260.0,219.0
14967,2023-10-01,GW_storage_ID_S_OR_E_GW2[AF],64.0,23279746.0,283.0
14968,2023-11-01,GW_storage_ID_S_OR_E_GW2[AF],63.0,25247116.0,346.0
14969,2023-12-01,GW_storage_ID_S_OR_E_GW2[AF],62.0,27178503.0,408.0
14970,2024-01-01,GW_storage_ID_S_OR_E_GW2[AF],63.0,29079026.0,471.0
14971,2024-02-01,GW_storage_ID_S_OR_E_GW2[AF],62.0,30951693.0,533.0
14972,2024-03-01,GW_storage_ID_S_OR_E_GW2[AF],62.0,32794640.0,595.0
14973,2024-04-01,GW_storage_ID_S_OR_E_GW2[AF],61.0,34598451.0,656.0
14974,2024-05-01,GW_storage_ID_S_OR_E_GW2[AF],57.0,36379549.0,713.0
14975,2024-06-01,GW_storage_ID_S_OR_E_GW2[AF],61.0,38134426.0,774.0
14976,2024-07-01,GW_storage_ID_S_OR_E_GW2[AF],68.0,39862715.0,842.0
14977,2024-08-01,GW_storage_ID_S_OR_E_GW2[AF],80.0,41565221.0,922.0
14978,2024-09-01,GW_storage_ID_S_OR_E_GW2[AF],97.0,43242727.0,1019.0
14979,2024-10-01,GW_storage_ID_S_OR_E_GW2[AF],107.0,44894530.0,1126.0
14980,2024-11-01,GW_storage_ID_S_OR_E_GW2[AF],107.0,46522142.0,1233.0
14981,2024-12-01,GW_storage_ID_S_OR_E_GW2[AF],107.0,48125394.0,1340.0
14982,2025-01-01,GW_storage_ID_S_OR_E_GW2[AF],107.0,49704625.0,1447.0
14983,2025-02-01,GW_storage_ID_S_OR_E_GW2[AF],106.0,51264049.0,1553.0
14984,2025-03-01,GW_storage_ID_S_OR_E_GW2[AF],105.0,52800150.0,1658.0
14985,2025-04-01,GW_storage_ID_S_OR_E_GW2[AF],147.0,54422403.0,1805.0
14986,2025-05-01,GW_storage_ID_S_OR_E_GW2[AF],146.0,56023530.0,1951.0
14987,2025-06-01,GW_storage_ID_S_OR_E_GW2[AF],145.0,57673121.0,2096.0
14988,2025-07-01,GW_storage_ID_S_OR_E_GW2[AF],-41.0,59233291.0,2055.0
14989,2025-08-01,GW_storage_ID_S_OR_E_GW2[AF],76311.0,60752330.0,78366.0
14990,2025-09-01,GW_storage_ID_S_OR_E_GW2[AF],118216.0,63291561.0,196582.0
14991,2025-10-01,GW_storage_ID_S_OR_E_GW2[AF],143479.0,66117192.0,340061.0
14992,2025-11-01,GW_storage_ID_S_OR_E_GW2[AF],161640.0,69169207.0,501701.0
14993,2025-12-01,GW_storage_ID_S_OR_E_GW2[AF],175164.0,72377661.0,676865.0
14994,2026-01-01,GW_storage_ID_S_OR_E_GW2[AF],186065.0,75644729.0,862930.0
14995,2026-02-01,GW_storage_ID_S_OR_E_GW2[AF],195439.0,83025589.0,1058369.0
14996,2026-03-01,GW_storage_ID_S_OR_E_GW2[AF],203552.0,93674924.0,1261921.0
14997,2026-04-01,GW_storage_ID_S_OR_E_GW2[AF],208496.0,112497734.0,1470417.0
14998,2026-05-01,GW_storage_ID_S_OR_E_GW2[AF],2261242.0,136460613.0,3731659.0
14999,2026-06-01,GW_storage_ID_S_OR_E_GW2[AF],2223585.0,160180041.0,5955244.0
15000,2026-07-01,GW_storage_ID_S_OR_E_GW2[AF],2202973.0,184580314.0,8158217.0
15001,2026-08-01,GW_storage_ID_S_OR_E_GW2[AF],2168217.0,208538131.0,10326434.0
15002,2026-09-01,GW_storage_ID_S_OR_E_GW2[AF],2132783.0,232132273.0,12459217.0
15003,2026-10-01,GW_storage_ID_S_OR_E_GW2[AF],2095912.0,255250646.0,14555129.0
15004,2026-11-01,GW_storage_ID_S_OR_E_GW2[AF],2060813.0,277908394.0,16615942.0
15005,2026-12-01,GW_storage_ID_S_OR_E_GW2[AF],2025127.0,300103214.0,18641069.0
15006,2027-01-01,GW_storage_ID_S_OR_E_GW2[AF],1990044.0,321847786.0,20631113.0
15007,2027-02-01,GW_storage_ID_S_OR_E_GW2[AF],1958899.0,343199646.0,22590012.0
15008,2027-03-01,GW_storage_ID_S_OR_E_GW2[AF],1924949.0,369620421.0,24514961.0
15009,2027-04-01,GW_storage_ID_S_OR_E_GW2[AF],1892643.0,409179141.0,26407604.0
15010,2027-05-01,GW_storage_ID_S_OR_E_GW2[AF],3658039.0,455970259.0,30065643.0
15011,2027-06-01,GW_storage_ID_S_OR_E_GW2[AF],3596591.0,506103237.0,33662234.0
15012,2027-07-01,GW_storage_ID_S_OR_E_GW2[AF],3534158.0,558027240.0,37196392.0
15013,2027-08-01,GW_storage_ID_S_OR_E_GW2[AF],3510918.0,610747556.0,40707310.0
15014,2027-09-01,GW_storage_ID_S_OR_E_GW2[AF],3451935.0,662576568.0,44159245.0
15015,2027-10-01,GW_storage_ID_S_OR_E_GW2[AF],3392009.0,713531026.0,47551254.0
15016,2027-11-01,GW_storage_ID_S_OR_E_GW2[AF],3335023.0,763602436.0,50886277.0
15017,2027-12-01,GW_storage_ID_S_OR_E_GW2[AF],3277127.0,812846873.0,54163404.0
15018,2028-01-01,GW_storage_ID_S_OR_E_GW2[AF],3220237.0,861121911.0,57383641.0
15019,2028-02-01,GW_storage_ID_S_OR_E_GW2[AF],3167940.0,908650771.0,60551581.0
15020,2028-03-01,GW_storage_ID_S_OR_E_GW2[AF],3112944.0,959000163.0,63664525.0
15021,2028-04-01,GW_storage_ID_S_OR_E_GW2[AF],3060647.0,1012039411.0,66725172.0
15022,2028-05-01,GW_storage_ID_S_OR_E_GW2[AF],3007514.0,1068060916.0,69732686.0
15023,2028-06-01,GW_storage_ID_S_OR_E_GW2[AF],2956988.0,1125203670.0,72689674.0
15024,2028-07-01,GW_storage_ID_S_OR_E_GW2[AF],2907122.0,1183903968.0,75596796.0
15025,2028-08-01,GW_storage_ID_S_OR_E_GW2[AF],2860506.0,1241633200.0,78457302.0
15026,2028-09-01,GW_storage_ID_S_OR_E_GW2[AF],2814428.0,1298536546.0,81271730.0
15027,2028-10-01,GW_storage_ID_S_OR_E_GW2[AF],2765857.0,1354465802.0,84037587.0
15028,2028-11-01,GW_storage_ID_S_OR_E_GW2[AF],2719601.0,1409406877.0,86757188.0
15029,2028-12-01,GW_storage_ID_S_OR_E_GW2[AF],2672552.0,1463330743.0,89429740.0
15030,2029-01-01,GW_storage_ID_S_OR_E_GW2[AF],2626288.0,1516331973.0,92056028.0
15031,2029-02-01,GW_storage_ID_S_OR_E_GW2[AF],2585219.0,1568436361.0,94641247.0
15032,2029-03-01,GW_storage_ID_S_OR_E_GW2[AF],2540439.0,1622957905.0,97181686.0
15033,2029-04-01,GW_storage_ID_S_OR_E_GW2[AF],2497820.0,1679352962.0,99679506.0
15034,2029-05-01,GW_storage_ID_S_OR_E_GW2[AF],2454463.0,1742904338.0,102133969.0
15035,2029-06-01,GW_storage_ID_S_OR_E_GW2[AF],2414366.0,1807169538.0,104548335.0
15036,2029-07-01,GW_storage_ID_S_OR_E_GW2[AF],2375864.0,1872474684.0,106924199.0
15037,2029-08-01,GW_storage_ID_S_OR_E_GW2[AF],2339407.0,1936569687.0,109263606.0
15038,2029-09-01,GW_storage_ID_S_OR_E_GW2[AF],2327594.0,1999536921.0,111591200.0
15039,2029-10-01,GW_storage_ID_S_OR_E_GW2[AF],2289723.0,2061251234.0,113880923.0
15040,2029-11-01,GW_storage_ID_S_OR_E_GW2[AF],2253052.0,2121792309.0,116133975.0
15041,2029-12-01,GW_storage_ID_S_OR_E_GW2[AF],2215343.0,2181276298.0,118349318.0
15042,2030-01-01,GW_storage_ID_S_OR_E_GW2[AF],2178040.0,2239598911.0,120527358.0
15043,2030-02-01,GW_storage_ID_S_OR_E_GW2[AF],2144867.0,2296908282.0,122672225.0
15044,2030-03-01,GW_storage_ID_S_OR_E_GW2[AF],2108477.0,2353273149.0,124780702.0
15045,2030-04-01,GW_storage_ID_S_OR_E_GW2[AF],2075188.0,2408813513.0,126855890.0
15046,2030-05-01,GW_storage_ID_S_OR_E_GW2[AF],2043958.0,2463288321.0,128899848.0
15047,2030-06-01,GW_storage_ID_S_OR_E_GW2[AF],2015514.0,2519189259.0,130915362.0
15048,2030-07-01,GW_storage_ID_S_OR_E_GW2[AF],1987262.0,2574987711.0,132902624.0
15049,2030-08-01,GW_storage_ID_S_OR_E_GW2[AF],1960217.0,2629845780.0,134862841.0
15050,2030-09-01,GW_storage_ID_S_OR_E_GW2[AF],1935915.0,2683731630.0,136798756.0
15051,2030-10-01,GW_storage_ID_S_OR_E_GW2[AF],1909236.0,2736573135.0,138707992.0
15052,2030-11-01,GW_storage_ID_S_OR_E_GW2[AF],1882263.0,2788437015.0,140590255.0
15053,2030-12-01,GW_storage_ID_S_OR_E_GW2[AF],1853606.0,2839371858.0,142443861.0
15054,2031-01-01,GW_storage_ID_S_OR_E_GW2[AF],1824696.0,2889285425.0,144268557.0
15055,2031-02-01,GW_storage_ID_S_OR_E_GW2[AF],1798829.0,2938331300.0,146067386.0
15056,2031-03-01,GW_storage_ID_S_OR_E_GW2[AF],1770215.0,2986403207.0,147837601.0
15057,2031-04-01,GW_storage_ID_S_OR_E_GW2[AF],1742043.0,3034117058.0,149579644.0
15058,2031-05-01,GW_storage_ID_S_OR_E_GW2[AF],1711975.0,3081639947.0,151291619.0
15059,2031-06-01,GW_storage_ID_S_OR_E_GW2[AF],1684226.0,3128466639.0,152975845.0
15060,2031-07-01,GW_storage_ID_S_OR_E_GW2[AF],1658319.0,3175256040.0,154634164.0
15061,2031-08-01,GW_storage_ID_S_OR_E_GW2[AF],1635141.0,3221201089.0,156269305.0
15062,2031-09-01,GW_storage_ID_S_OR_E_GW2[AF],1610733.0,3266538806.0,157880038.0
15063,2031-10-01,GW_storage_ID_S_OR_E_GW2[AF],1583233.0,3311005126.0,159463271.0
15064,2031-11-01,GW_storage_ID_S_OR_E_GW2[AF],1556976.0,3354843436.0,161020247.0
15065,2031-12-01,GW_storage_ID_S_OR_E_GW2[AF],1530220.0,3397917039.0,162550467.0
15066,2032-01-01,GW_storage_ID_S_OR_E_GW2[AF],1503881.0,3440765830.0,164054348.0
15067,2032-02-01,GW_storage_ID_S_OR_E_GW2[AF],1479646.0,3500332884.0,165533994.0
15068,2032-03-01,GW_storage_ID_S_OR_E_GW2[AF],1454123.0,3570397039.0,166988117.0
15069,2032-04-01,GW_storage_ID_S_OR_E_GW2[AF],1429791.0,3645988541.0,168417908.0
15070,2032-05-01,GW_storage_ID_S_OR_E_GW2[AF],1404974.0,3723860841.0,169822882.0
15071,2032-06-01,GW_storage_ID_S_OR_E_GW2[AF],1381374.0,3803847465.0,171204256.0
15072,2032-07-01,GW_storage_ID_S_OR_E_GW2[AF],1373904.0,3884065220.0,172578160.0
15073,2032-08-01,GW_storage_ID_S_OR_E_GW2[AF],1350795.0,3963910669.0,173928955.0
15074,2032-09-01,GW_storage_ID_S_OR_E_GW2[AF],1328812.0,4042724779.0,175257767.0
15075,2032-10-01,GW_storage_ID_S_OR_E_GW2[AF],1305847.0,4120308321.0,176563614.0
15076,2032-11-01,GW_storage_ID_S_OR_E_GW2[AF],1283983.0,4196679403.0,177847597.0
15077,2032-12-01,GW_storage_ID_S_OR_E_GW2[AF],1261752.0,4271822754.0,179109349.0
15078,2033-01-01,GW_storage_ID_S_OR_E_GW2[AF],1239897.0,4345538492.0,180349246.0
15079,2033-02-01,GW_storage_ID_S_OR_E_GW2[AF],1220500.0,4423218301.0,181569746.0
15080,2033-03-01,GW_storage_ID_S_OR_E_GW2[AF],1199352.0,4505470297.0,182769098.0
15081,2033-04-01,GW_storage_ID_S_OR_E_GW2[AF],2188553.0,4590681136.0,184957651.0
15082,2033-05-01,GW_storage_ID_S_OR_E_GW2[AF],2150563.0,4675360581.0,187108214.0
15083,2033-06-01,GW_storage_ID_S_OR_E_GW2[AF],2118115.0,4760708398.0,189226329.0
15084,2033-07-01,GW_storage_ID_S_OR_E_GW2[AF],2085107.0,4846138178.0,191311436.0
15085,2033-08-01,GW_storage_ID_S_OR_E_GW2[AF],2052381.0,4931118427.0,193363817.0
15086,2033-09-01,GW_storage_ID_S_OR_E_GW2[AF],2019781.0,5014914731.0,195383598.0
15087,2033-10-01,GW_storage_ID_S_OR_E_GW2[AF],1984987.0,5097508172.0,197368585.0
15088,2033-11-01,GW_storage_ID_S_OR_E_GW2[AF],1951835.0,5178663669.0,199320420.0
15089,2033-12-01,GW_storage_ID_S_OR_E_GW2[AF],1918106.0,5258443309.0,201238526.0
15090,2034-01-01,GW_storage_ID_S_OR_E_GW2[AF],1884932.0,5339163828.0,203123458.0
15091,2034-02-01,GW_storage_ID_S_OR_E_GW2[AF],1855476.0,5418722190.0,204978934.0
15092,2034-03-01,GW_storage_ID_S_OR_E_GW2[AF],1823348.0,5500220744.0,206802282.0
15093,2034-04-01,GW_storage_ID_S_OR_E_GW2[AF],1792772.0,5584032903.0,208595054.0
15094,2034-05-01,GW_storage_ID_S_OR_E_GW2[AF],1761654.0,5676873319.0,210356708.0
15095,2034-06-01,GW_storage_ID_S_OR_E_GW2[AF],1733891.0,5773341236.0,212090599.0
15096,2034-07-01,GW_storage_ID_S_OR_E_GW2[AF],1704841.0,5871231225.0,213795440.0
15097,2034-08-01,GW_storage_ID_S_OR_E_GW2[AF],1677450.0,5968392389.0,215472890.0
15098,2034-09-01,GW_storage_ID_S_OR_E_GW2[AF],1650613.0,6064112138.0,217123503.0
15099,2034-10-01,GW_storage_ID_S_OR_E_GW2[AF],1622156.0,6158273690.0,218745659.0
15100,2034-11-01,GW_storage_ID_S_OR_E_GW2[AF],1595047.0,6251013792.0,220340706.0
15101,2034-12-01,GW_storage_ID_S_OR_E_GW2[AF],1567470.0,6342469856.0,221908176.0
15102,2035-01-01,GW_storage_ID_S_OR_E_GW2[AF],1540348.0,6432436397.0,223448524.0
15103,2035-02-01,GW_storage_ID_S_OR_E_GW2[AF],1516269.0,6520973109.0,224964793.0
15104,2035-03-01,GW_storage_ID_S_OR_E_GW2[AF],1490008.0,6608114132.0,226454801.0
15105,2035-04-01,GW_storage_ID_S_OR_E_GW2[AF],1475570.0,6694040771.0,227930371.0
15106,2035-05-01,GW_storage_ID_S_OR_E_GW2[AF],1450006.0,6778544504.0,229380377.0
15107,2035-06-01,GW_storage_ID_S_OR_E_GW2[AF],1426267.0,6863239534.0,230806644.0
15108,2035-07-01,GW_storage_ID_S_OR_E_GW2[AF],1403261.0,6947511289.0,232209905.0
15109,2035-08-01,GW_storage_ID_S_OR_E_GW2[AF],1381324.0,7030376153.0,233591229.0
15110,2035-09-01,GW_storage_ID_S_OR_E_GW2[AF],1360932.0,7112119087.0,234952161.0
15111,2035-10-01,GW_storage_ID_S_OR_E_GW2[AF],1339423.0,7192574428.0,236291584.0
15112,2035-11-01,GW_storage_ID_S_OR_E_GW2[AF],1318454.0,7271865334.0,237610038.0
15113,2035-12-01,GW_storage_ID_S_OR_E_GW2[AF],1296779.0,7350179909.0,238906817.0
15114,2036-01-01,GW_storage_ID_S_OR_E_GW2[AF],1275264.0,7427195979.0,240182081.0
15115,2036-02-01,GW_storage_ID_S_OR_E_GW2[AF],1255393.0,7503024891.0,241437474.0
15116,2036-03-01,GW_storage_ID_S_OR_E_GW2[AF],1234324.0,7577632108.0,242671798.0
15117,2036-04-01,GW_storage_ID_S_OR_E_GW2[AF],1232644.0,7651185144.0,243904442.0
15118,2036-05-01,GW_storage_ID_S_OR_E_GW2[AF],1221038.0,7724300240.0,245125480.0
15119,2036-06-01,GW_storage_ID_S_OR_E_GW2[AF],1200900.0,7796353708.0,246326380.0
15120,2036-07-01,GW_storage_ID_S_OR_E_GW2[AF],1181060.0,7867314948.0,247507440.0
15121,2036-08-01,GW_storage_ID_S_OR_E_GW2[AF],1161966.0,7937241278.0,248669406.0
15122,2036-09-01,GW_storage_ID_S_OR_E_GW2[AF],1144272.0,8006295323.0,249813678.0
15123,2036-10-01,GW_storage_ID_S_OR_E_GW2[AF],1125927.0,8074305646.0,250939605.0
15124,2036-11-01,GW_storage_ID_S_OR_E_GW2[AF],1108147.0,8141376577.0,252047752.0
15125,2036-12-01,GW_storage_ID_S_OR_E_GW2[AF],1089804.0,8207644541.0,253137556.0
15126,2037-01-01,GW_storage_ID_S_OR_E_GW2[AF],1071605.0,8273161410.0,254209161.0
15127,2037-02-01,GW_storage_ID_S_OR_E_GW2[AF],1055440.0,8337733681.0,255264601.0
15128,2037-03-01,GW_storage_ID_S_OR_E_GW2[AF],1037681.0,8401237350.0,256302282.0
15129,2037-04-01,GW_storage_ID_S_OR_E_GW2[AF],1020541.0,8463716442.0,257322823.0
15130,2037-05-01,GW_storage_ID_S_OR_E_GW2[AF],1002846.0,8525229166.0,258325669.0
15131,2037-06-01,GW_storage_ID_S_OR_E_GW2[AF],986449.0,8585780498.0,259312118.0
15132,2037-07-01,GW_storage_ID_S_OR_E_GW2[AF],970617.0,8645518277.0,260282735.0
15133,2037-08-01,GW_storage_ID_S_OR_E_GW2[AF],955557.0,8704580765.0,261238292.0
15134,2037-09-01,GW_storage_ID_S_OR_E_GW2[AF],941666.0,8763159684.0,262179958.0
15135,2037-10-01,GW_storage_ID_S_OR_E_GW2[AF],927009.0,8821181815.0,263106967.0
15136,2037-11-01,GW_storage_ID_S_OR_E_GW2[AF],912654.0,8878677095.0,264019621.0
15137,2037-12-01,GW_storage_ID_S_OR_E_GW2[AF],897773.0,8935618642.0,264917394.0
15138,2038-01-01,GW_storage_ID_S_OR_E_GW2[AF],882991.0,8991690289.0,265800385.0
15139,2038-02-01,GW_storage_ID_S_OR_E_GW2[AF],869871.0,9049081585.0,266670256.0
15140,2038-03-01,GW_storage_ID_S_OR_E_GW2[AF],855427.0,9108044798.0,267525683.0
15141,2038-04-01,GW_storage_ID_S_OR_E_GW2[AF],841412.0,9168794933.0,268367095.0
15142,2038-05-01,GW_storage_ID_S_OR_E_GW2[AF],826838.0,9229969082.0,269193933.0
15143,2038-06-01,GW_storage_ID_S_OR_E_GW2[AF],813527.0,9290494843.0,270007460.0
15144,2038-07-01,GW_storage_ID_S_OR_E_GW2[AF],801063.0,9350294408.0,270808523.0
15145,2038-08-01,GW_storage_ID_S_OR_E_GW2[AF],789456.0,9409318940.0,271597979.0
15146,2038-09-01,GW_storage_ID_S_OR_E_GW2[AF],807290.0,9467673979.0,272405269.0
15147,2038-10-01,GW_storage_ID_S_OR_E_GW2[AF],793446.0,9525253636.0,273198715.0
15148,2038-11-01,GW_storage_ID_S_OR_E_GW2[AF],780244.0,9582098472.0,273978959.0
15149,2038-12-01,GW_storage_ID_S_OR_E_GW2[AF],766805.0,9638248766.0,274745764.0
15150,2039-01-01,GW_storage_ID_S_OR_E_GW2[AF],753580.0,9693650977.0,275499344.0
15151,2039-02-01,GW_storage_ID_S_OR_E_GW2[AF],741837.0,9750458830.0,276241181.0
15152,2039-03-01,GW_storage_ID_S_OR_E_GW2[AF],729023.0,9809156458.0,276970204.0
15153,2039-04-01,GW_storage_ID_S_OR_E_GW2[AF],716809.0,9868559467.0,277687013.0
15154,2039-05-01,GW_storage_ID_S_OR_E_GW2[AF],704376.0,9927385773.0,278391389.0
15155,2039-06-01,GW_storage_ID_S_OR_E_GW2[AF],698612.0,9986965256.0,279090001.0
15156,2039-07-01,GW_storage_ID_S_OR_E_GW2[AF],686950.0,10046475029.0,279776951.0
15157,2039-08-01,GW_storage_ID_S_OR_E_GW2[AF],676340.0,10105238592.0,280453291.0
15158,2039-09-01,GW_storage_ID_S_OR_E_GW2[AF],665713.0,10163363477.0,281119004.0
15159,2039-10-01,GW_storage_ID_S_OR_E_GW2[AF],654265.0,10220781260.0,281773269.0
15160,2039-11-01,GW_storage_ID_S_OR_E_GW2[AF],643354.0,10277373162.0,282416623.0
15161,2039-12-01,GW_storage_ID_S_OR_E_GW2[AF],632251.0,10333185165.0,283048874.0
15162,2040-01-01,GW_storage_ID_S_OR_E_GW2[AF],621326.0,10388289039.0,283670200.0
15163,2040-02-01,GW_storage_ID_S_OR_E_GW2[AF],611279.0,10442633493.0,284281479.0
15164,2040-03-01,GW_storage_ID_S_OR_E_GW2[AF],600703.0,10496196844.0,284882182.0
15165,2040-04-01,GW_storage_ID_S_OR_E_GW2[AF],590628.0,10549040409.0,285472810.0
15166,2040-05-01,GW_storage_ID_S_OR_E_GW2[AF],580919.0,10601395194.0,286053729.0
15167,2040-06-01,GW_storage_ID_S_OR_E_GW2[AF],572852.0,10653107949.0,286626581.0
15168,2040-07-01,GW_storage_ID_S_OR_E_GW2[AF],565238.0,10704171007.0,287191819.0
15169,2040-08-01,GW_storage_ID_S_OR_E_GW2[AF],558164.0,10754605305.0,287749983.0
15170,2040-09-01,GW_storage_ID_S_OR_E_GW2[AF],551904.0,10804445973.0,288301887.0
15171,2040-10-01,GW_storage_ID_S_OR_E_GW2[AF],544756.0,10853648570.0,288846643.0
15172,2040-11-01,GW_storage_ID_S_OR_E_GW2[AF],537399.0,10902484914.0,289384042.0
15173,2040-12-01,GW_storage_ID_S_OR_E_GW2[AF],529522.0,10950730644.0,289913564.0
15174,2041-01-01,GW_storage_ID_S_OR_E_GW2[AF],521550.0,10998281298.0,290435114.0
15175,2041-02-01,GW_storage_ID_S_OR_E_GW2[AF],514463.0,11047818234.0,290949577.0
15176,2041-03-01,GW_storage_ID_S_OR_E_GW2[AF],506498.0,11099139984.0,291456075.0
15177,2041-04-01,GW_storage_ID_S_OR_E_GW2[AF],522353.0,11151170281.0,291978428.0
15178,2041-05-01,GW_storage_ID_S_OR_E_GW2[AF],515230.0,11202540882.0,292493658.0
15179,2041-06-01,GW_storage_ID_S_OR_E_GW2[AF],507552.0,11253584926.0,293001210.0
15180,2041-07-01,GW_storage_ID_S_OR_E_GW2[AF],500093.0,11304087287.0,293501303.0
15181,2041-08-01,GW_storage_ID_S_OR_E_GW2[AF],492992.0,11354085428.0,293994295.0
15182,2041-09-01,GW_storage_ID_S_OR_E_GW2[AF],503623.0,11403615397.0,294497918.0
15183,2041-10-01,GW_storage_ID_S_OR_E_GW2[AF],495002.0,11452671944.0,294992920.0
15184,2041-11-01,GW_storage_ID_S_OR_E_GW2[AF],486775.0,11501212889.0,295479695.0
15185,2041-12-01,GW_storage_ID_S_OR_E_GW2[AF],478394.0,11549056939.0,295958089.0
15186,2042-01-01,GW_storage_ID_S_OR_E_GW2[AF],470144.0,11596204581.0,296428233.0
15187,2042-02-01,GW_storage_ID_S_OR_E_GW2[AF],462819.0,11642935334.0,296891052.0
15188,2042-03-01,GW_storage_ID_S_OR_E_GW2[AF],454826.0,11689092595.0,297345878.0
15189,2042-04-01,GW_storage_ID_S_OR_E_GW2[AF],447200.0,11735022869.0,297793078.0
15190,2042-05-01,GW_storage_ID_S_OR_E_GW2[AF],439443.0,11780876718.0,298232521.0
15191,2042-06-01,GW_storage_ID_S_OR_E_GW2[AF],432419.0,11826092725.0,298664940.0
15192,2042-07-01,GW_storage_ID_S_OR_E_GW2[AF],426005.0,11871546727.0,299090945.0
15193,2042-08-01,GW_storage_ID_S_OR_E_GW2[AF],420125.0,11916431990.0,299511070.0
15194,2042-09-01,GW_storage_ID_S_OR_E_GW2[AF],432994.0,11960791410.0,299944064.0
15195,2042-10-01,GW_storage_ID_S_OR_E_GW2[AF],425585.0,12004660184.0,300369649.0
15196,2042-11-01,GW_storage_ID_S_OR_E_GW2[AF],418513.0,12048130811.0,300788162.0
15197,2042-12-01,GW_storage_ID_S_OR_E_GW2[AF],411310.0,12091062837.0,301199472.0
15198,2043-01-01,GW_storage_ID_S_OR_E_GW2[AF],404221.0,12133444088.0,301603693.0
15199,2043-02-01,GW_storage_ID_S_OR_E_GW2[AF],397925.0,12175363925.0,302001618.0
15200,2043-03-01,GW_storage_ID_S_OR_E_GW2[AF],391052.0,12216725340.0,302392670.0
15201,2043-04-01,GW_storage_ID_S_OR_E_GW2[AF],384837.0,12257666079.0,302777507.0
15202,2043-05-01,GW_storage_ID_S_OR_E_GW2[AF],379298.0,12298078753.0,303156805.0
15203,2043-06-01,GW_storage_ID_S_OR_E_GW2[AF],374418.0,12338040338.0,303531223.0
15204,2043-07-01,GW_storage_ID_S_OR_E_GW2[AF],369520.0,12377535688.0,303900743.0
15205,2043-08-01,GW_storage_ID_S_OR_E_GW2[AF],364725.0,12416568319.0,304265468.0
15206,2043-09-01,GW_storage_ID_S_OR_E_GW2[AF],360264.0,12455234071.0,304625732.0
15207,2043-10-01,GW_storage_ID_S_OR_E_GW2[AF],355318.0,12493493716.0,304981050.0
15208,2043-11-01,GW_storage_ID_S_OR_E_GW2[AF],350380.0,12531340494.0,305331430.0
15209,2043-12-01,GW_storage_ID_S_OR_E_GW2[AF],345122.0,12568703212.0,305676552.0
15210,2044-01-01,GW_storage_ID_S_OR_E_GW2[AF],339794.0,12605614127.0,306016346.0
15211,2044-02-01,GW_storage_ID_S_OR_E_GW2[AF],334830.0,12642100391.0,306351176.0
15212,2044-03-01,GW_storage_ID_S_OR_E_GW2[AF],329511.0,12678094207.0,306680687.0
15213,2044-04-01,GW_storage_ID_S_OR_E_GW2[AF],324241.0,12715489683.0,307004928.0
15214,2044-05-01,GW_storage_ID_S_OR_E_GW2[AF],318639.0,12757376464.0,307323567.0
15215,2044-06-01,GW_storage_ID_S_OR_E_GW2[AF],314522.0,12798680033.0,307638089.0
15216,2044-07-01,GW_storage_ID_S_OR_E_GW2[AF],309772.0,12840178366.0,307947861.0
15217,2044-08-01,GW_storage_ID_S_OR_E_GW2[AF],305537.0,12881238666.0,308253398.0
15218,2044-09-01,GW_storage_ID_S_OR_E_GW2[AF],300985.0,12921922929.0,308554383.0
15219,2044-10-01,GW_storage_ID_S_OR_E_GW2[AF],295843.0,12962137170.0,308850226.0
15220,2044-11-01,GW_storage_ID_S_OR_E_GW2[AF],290933.0,13001917872.0,309141159.0
15221,2044-12-01,GW_storage_ID_S_OR_E_GW2[AF],285929.0,13041192913.0,309427088.0
15222,2045-01-01,GW_storage_ID_S_OR_E_GW2[AF],281003.0,13079996277.0,309708091.0
15223,2045-02-01,GW_storage_ID_S_OR_E_GW2[AF],276626.0,13119222084.0,309984717.0
15224,2045-03-01,GW_storage_ID_S_OR_E_GW2[AF],271851.0,13158364150.0,310256568.0
15225,2045-04-01,GW_storage_ID_S_OR_E_GW2[AF],267304.0,13198157185.0,310523872.0
15226,2045-05-01,GW_storage_ID_S_OR_E_GW2[AF],262665.0,13237869018.0,310786537.0
15227,2045-06-01,GW_storage_ID_S_OR_E_GW2[AF],258253.0,13278774379.0,311044790.0
15228,2045-07-01,GW_storage_ID_S_OR_E_GW2[AF],259769.0,13324244062.0,311304559.0
15229,2045-08-01,GW_storage_ID_S_OR_E_GW2[AF],255552.0,13372386542.0,311560111.0
15230,2045-09-01,GW_storage_ID_S_OR_E_GW2[AF],251543.0,13419876881.0,311811654.0
15231,2045-10-01,GW_storage_ID_S_OR_E_GW2[AF],247221.0,13466818785.0,312058875.0
15232,2045-11-01,GW_storage_ID_S_OR_E_GW2[AF],243102.0,13513160105.0,312301977.0
15233,2045-12-01,GW_storage_ID_S_OR_E_GW2[AF],238910.0,13560745919.0,312540887.0
15234,2046-01-01,GW_storage_ID_S_OR_E_GW2[AF],234786.0,13615290772.0,312775673.0
15235,2046-02-01,GW_storage_ID_S_OR_E_GW2[AF],231126.0,13677811710.0,313006799.0
15236,2046-03-01,GW_storage_ID_S_OR_E_GW2[AF],227129.0,13748607831.0,313233928.0
15237,2046-04-01,GW_storage_ID_S_OR_E_GW2[AF],2082381.0,13826873589.0,315316309.0
15238,2046-05-01,GW_storage_ID_S_OR_E_GW2[AF],2046231.0,13907944967.0,317362540.0
15239,2046-06-01,GW_storage_ID_S_OR_E_GW2[AF],2046184.0,13989979852.0,319408724.0
15240,2046-07-01,GW_storage_ID_S_OR_E_GW2[AF],2018713.0,14071604903.0,321427437.0
15241,2046-08-01,GW_storage_ID_S_OR_E_GW2[AF],1990483.0,14152131683.0,323417920.0
15242,2046-09-01,GW_storage_ID_S_OR_E_GW2[AF],1960993.0,14231617714.0,325378913.0
15243,2046-10-01,GW_storage_ID_S_OR_E_GW2[AF],1927551.0,14310005025.0,327306464.0
15244,2046-11-01,GW_storage_ID_S_OR_E_GW2[AF],1895630.0,14387273527.0,329202094.0
15245,2046-12-01,GW_storage_ID_S_OR_E_GW2[AF],1863093.0,14463437376.0,331065187.0
15246,2047-01-01,GW_storage_ID_S_OR_E_GW2[AF],1831046.0,14538457981.0,332896233.0
15247,2047-02-01,GW_storage_ID_S_OR_E_GW2[AF],1802582.0,14612508014.0,334698815.0
15248,2047-03-01,GW_storage_ID_S_OR_E_GW2[AF],1771502.0,14685452283.0,336470317.0
15249,2047-04-01,GW_storage_ID_S_OR_E_GW2[AF],2967788.0,14764472816.0,339438105.0
15250,2047-05-01,GW_storage_ID_S_OR_E_GW2[AF],5089481.0,14860897341.0,344527586.0
15251,2047-06-01,GW_storage_ID_S_OR_E_GW2[AF],5700091.0,14972506362.0,350227677.0
15252,2047-07-01,GW_storage_ID_S_OR_E_GW2[AF],5601146.0,15088231692.0,355828823.0
15253,2047-08-01,GW_storage_ID_S_OR_E_GW2[AF],5526012.0,15203332934.0,361354835.0
15254,2047-09-01,GW_storage_ID_S_OR_E_GW2[AF],5436096.0,15317492289.0,366790931.0
15255,2047-10-01,GW_storage_ID_S_OR_E_GW2[AF],5343379.0,15430042333.0,372134310.0
15256,2047-11-01,GW_storage_ID_S_OR_E_GW2[AF],5430757.0,15542831934.0,377565067.0
15257,2047-12-01,GW_storage_ID_S_OR_E_GW2[AF],5337395.0,15653870877.0,382902462.0
15258,2048-01-01,GW_storage_ID_S_OR_E_GW2[AF],5245490.0,15763169397.0,388147952.0
15259,2048-02-01,GW_storage_ID_S_OR_E_GW2[AF],5160941.0,15872138297.0,393308893.0
15260,2048-03-01,GW_storage_ID_S_OR_E_GW2[AF],5071913.0,15987897138.0,398380806.0
15261,2048-04-01,GW_storage_ID_S_OR_E_GW2[AF],5724110.0,16106751114.0,404104916.0
15262,2048-05-01,GW_storage_ID_S_OR_E_GW2[AF],5727411.0,16226738594.0,409832327.0
15263,2048-06-01,GW_storage_ID_S_OR_E_GW2[AF],5666458.0,16346930466.0,415498785.0
15264,2048-07-01,GW_storage_ID_S_OR_E_GW2[AF],5575998.0,16466203172.0,421074783.0
15265,2048-08-01,GW_storage_ID_S_OR_E_GW2[AF],5492382.0,16583670765.0,426567165.0
15266,2048-09-01,GW_storage_ID_S_OR_E_GW2[AF],5406422.0,16699553017.0,431973587.0
15267,2048-10-01,GW_storage_ID_S_OR_E_GW2[AF],5313596.0,16813788962.0,437287183.0
15268,2048-11-01,GW_storage_ID_S_OR_E_GW2[AF],5225093.0,16926416472.0,442512276.0
15269,2048-12-01,GW_storage_ID_S_OR_E_GW2[AF],5134990.0,17038918116.0,447647266.0
15270,2049-01-01,GW_storage_ID_S_OR_E_GW2[AF],5046335.0,17150214903.0,452693601.0
15271,2049-02-01,GW_storage_ID_S_OR_E_GW2[AF],4967624.0,17259849423.0,457661225.0
15272,2049-03-01,GW_storage_ID_S_OR_E_GW2[AF],4881744.0,17374140295.0,462542969.0
15273,2049-04-01,GW_storage_ID_S_OR_E_GW2[AF],4799926.0,17496980626.0,467342895.0
15274,2049-05-01,GW_storage_ID_S_OR_E_GW2[AF],5893091.0,17623520262.0,473235986.0
15275,2049-06-01,GW_storage_ID_S_OR_E_GW2[AF],5878245.0,17749882278.0,479114231.0
15276,2049-07-01,GW_storage_ID_S_OR_E_GW2[AF],5779599.0,17875311834.0,484893830.0
15277,2049-08-01,GW_storage_ID_S_OR_E_GW2[AF],5688375.0,17998950915.0,490582205.0
15278,2049-09-01,GW_storage_ID_S_OR_E_GW2[AF],5597466.0,18120987592.0,496179671.0
15279,2049-10-01,GW_storage_ID_S_OR_E_GW2[AF],5501010.0,18241422265.0,501680681.0
15280,2049-11-01,GW_storage_ID_S_OR_E_GW2[AF],5409123.0,18360102830.0,507089804.0
15281,2049-12-01,GW_storage_ID_S_OR_E_GW2[AF],5315626.0,18476910369.0,512405430.0
15282,2050-01-01,GW_storage_ID_S_OR_E_GW2[AF],5223672.0,18591916831.0,517629102.0
15283,2050-02-01,GW_storage_ID_S_OR_E_GW2[AF],5142044.0,18705272956.0,522771146.0
15284,2050-03-01,GW_storage_ID_S_OR_E_GW2[AF],5053026.0,18821028859.0,527824172.0
15285,2050-04-01,GW_storage_ID_S_OR_E_GW2[AF],4968266.0,18940506995.0,532792438.0
15286,2050-05-01,GW_storage_ID_S_OR_E_GW2[AF],4882034.0,19059600483.0,537674472.0
15287,2050-06-01,GW_storage_ID_S_OR_E_GW2[AF],4808109.0,19178428021.0,542482581.0
15288,2050-07-01,GW_storage_ID_S_OR_E_GW2[AF],4732047.0,19296435077.0,547214628.0
15289,2050-08-01,GW_storage_ID_S_OR_E_GW2[AF],4659987.0,19412834260.0,551874615.0
15290,2050-09-01,GW_storage_ID_S_OR_E_GW2[AF],4586813.0,19527808893.0,556461428.0
15291,2050-10-01,GW_storage_ID_S_OR_E_GW2[AF],4507960.0,19641173895.0,560969388.0
15292,2050-11-01,GW_storage_ID_S_OR_E_GW2[AF],4432816.0,19752769080.0,565402204.0
15293,2050-12-01,GW_storage_ID_S_OR_E_GW2[AF],4356330.0,19862611454.0,569758534.0
15294,2051-01-01,GW_storage_ID_S_OR_E_GW2[AF],4281072.0,19970764786.0,574039606.0
15295,2051-02-01,GW_storage_ID_S_OR_E_GW2[AF],4214246.0,20077395432.0,578253852.0
15296,2051-03-01,GW_storage_ID_S_OR_E_GW2[AF],4141360.0,20182370827.0,582395212.0
15297,2051-04-01,GW_storage_ID_S_OR_E_GW2[AF],4071933.0,20291580463.0,586467145.0
15298,2051-05-01,GW_storage_ID_S_OR_E_GW2[AF],4001271.0,20400038326.0,590468416.0
15299,2051-06-01,GW_storage_ID_S_OR_E_GW2[AF],3945172.0,20508257786.0,594413588.0
15300,2051-07-01,GW_storage_ID_S_OR_E_GW2[AF],3885018.0,20615875318.0,598298606.0
15301,2051-08-01,GW_storage_ID_S_OR_E_GW2[AF],3855236.0,20722198437.0,602153842.0
15302,2051-09-01,GW_storage_ID_S_OR_E_GW2[AF],3790945.0,20827038775.0,605944787.0
15303,2051-10-01,GW_storage_ID_S_OR_E_GW2[AF],3725203.0,20930437548.0,609669990.0
15304,2051-11-01,GW_storage_ID_S_OR_E_GW2[AF],3662670.0,21032468769.0,613332660.0
15305,2051-12-01,GW_storage_ID_S_OR_E_GW2[AF],4328930.0,21133705710.0,617661590.0
15306,2052-01-01,GW_storage_ID_S_OR_E_GW2[AF],4253811.0,21233433839.0,621915401.0
15307,2052-02-01,GW_storage_ID_S_OR_E_GW2[AF],4184755.0,21331717041.0,626100156.0
15308,2052-03-01,GW_storage_ID_S_OR_E_GW2[AF],4112130.0,21429607427.0,630212286.0
15309,2052-04-01,GW_storage_ID_S_OR_E_GW2[AF],4043056.0,21527851494.0,634255342.0
15310,2052-05-01,GW_storage_ID_S_OR_E_GW2[AF],3978939.0,21624977785.0,638234281.0
15311,2052-06-01,GW_storage_ID_S_OR_E_GW2[AF],3919348.0,21720857498.0,642153629.0
15312,2052-07-01,GW_storage_ID_S_OR_E_GW2[AF],3859427.0,21815421513.0,646013056.0
15313,2052-08-01,GW_storage_ID_S_OR_E_GW2[AF],3800923.0,21908765850.0,649813979.0
15314,2052-09-01,GW_storage_ID_S_OR_E_GW2[AF],3746311.0,22001026854.0,653560290.0
15315,2052-10-01,GW_storage_ID_S_OR_E_GW2[AF],3688704.0,22092179195.0,657248994.0
15316,2052-11-01,GW_storage_ID_S_OR_E_GW2[AF],3632432.0,22182158688.0,660881426.0
15317,2052-12-01,GW_storage_ID_S_OR_E_GW2[AF],3573980.0,22270990851.0,664455406.0
15318,2053-01-01,GW_storage_ID_S_OR_E_GW2[AF],3515751.0,22358572318.0,667971157.0
15319,2053-02-01,GW_storage_ID_S_OR_E_GW2[AF],3463910.0,22445234888.0,671435067.0
15320,2053-03-01,GW_storage_ID_S_OR_E_GW2[AF],3406754.0,22531338210.0,674841821.0
15321,2053-04-01,GW_storage_ID_S_OR_E_GW2[AF],3351148.0,22618197854.0,678192969.0
15322,2053-05-01,GW_storage_ID_S_OR_E_GW2[AF],3293137.0,22705000235.0,681486106.0
15323,2053-06-01,GW_storage_ID_S_OR_E_GW2[AF],3240732.0,22792005107.0,684726838.0
15324,2053-07-01,GW_storage_ID_S_OR_E_GW2[AF],3192761.0,22878611714.0,687919599.0
15325,2053-08-01,GW_storage_ID_S_OR_E_GW2[AF],3149263.0,22964123789.0,691068862.0
15326,2053-09-01,GW_storage_ID_S_OR_E_GW2[AF],3105411.0,23048536524.0,694174273.0
15327,2053-10-01,GW_storage_ID_S_OR_E_GW2[AF],3052426.0,23131866519.0,697226699.0
15328,2053-11-01,GW_storage_ID_S_OR_E_GW2[AF],3001811.0,23214276747.0,700228510.0
15329,2053-12-01,GW_storage_ID_S_OR_E_GW2[AF],2950230.0,23295578937.0,703178740.0
15330,2054-01-01,GW_storage_ID_S_OR_E_GW2[AF],2899440.0,23375761806.0,706078180.0
15331,2054-02-01,GW_storage_ID_S_OR_E_GW2[AF],2854336.0,23454991045.0,708932516.0
15332,2054-03-01,GW_storage_ID_S_OR_E_GW2[AF],2805125.0,23533194281.0,711737641.0
15333,2054-04-01,GW_storage_ID_S_OR_E_GW2[AF],2758198.0,23610840643.0,714495839.0
15334,2054-05-01,GW_storage_ID_S_OR_E_GW2[AF],2726822.0,23687968757.0,717222661.0
15335,2054-06-01,GW_storage_ID_S_OR_E_GW2[AF],2687862.0,23764134532.0,719910523.0
15336,2054-07-01,GW_storage_ID_S_OR_E_GW2[AF],2649643.0,23839346953.0,722560166.0
15337,2054-08-01,GW_storage_ID_S_OR_E_GW2[AF],2612557.0,23913680649.0,725172723.0
15338,2054-09-01,GW_storage_ID_S_OR_E_GW2[AF],2578303.0,23987275722.0,727751026.0
15339,2054-10-01,GW_storage_ID_S_OR_E_GW2[AF],2540937.0,24060063673.0,730291963.0
15340,2054-11-01,GW_storage_ID_S_OR_E_GW2[AF],2503784.0,24132040073.0,732795747.0
15341,2054-12-01,GW_storage_ID_S_OR_E_GW2[AF],2464969.0,24203075252.0,735260716.0
15342,2055-01-01,GW_storage_ID_S_OR_E_GW2[AF],2426099.0,24273232069.0,737686815.0
15343,2055-02-01,GW_storage_ID_S_OR_E_GW2[AF],2391574.0,24346983422.0,740078389.0
15344,2055-03-01,GW_storage_ID_S_OR_E_GW2[AF],2353259.0,24429418525.0,742431648.0
15345,2055-04-01,GW_storage_ID_S_OR_E_GW2[AF],2315400.0,24519974284.0,744747048.0
15346,2055-05-01,GW_storage_ID_S_OR_E_GW2[AF],2275374.0,24612887460.0,747022422.0
15347,2055-06-01,GW_storage_ID_S_OR_E_GW2[AF],2237183.0,24705731755.0,749259605.0
15348,2055-07-01,GW_storage_ID_S_OR_E_GW2[AF],2242825.0,24797561549.0,751502430.0
15349,2055-08-01,GW_storage_ID_S_OR_E_GW2[AF],2265840.0,24888417864.0,753768270.0
15350,2055-09-01,GW_storage_ID_S_OR_E_GW2[AF],2227773.0,24978247446.0,755996043.0
15351,2055-10-01,GW_storage_ID_S_OR_E_GW2[AF],2189099.0,25067037402.0,758185142.0
15352,2055-11-01,GW_storage_ID_S_OR_E_GW2[AF],2152322.0,25154620871.0,760337464.0
15353,2055-12-01,GW_storage_ID_S_OR_E_GW2[AF],2114957.0,25240958786.0,762452421.0
15354,2056-01-01,GW_storage_ID_S_OR_E_GW2[AF],2078241.0,25326085001.0,764530662.0
15355,2056-02-01,GW_storage_ID_S_OR_E_GW2[AF],2044491.0,25410115783.0,766575153.0
15356,2056-03-01,GW_storage_ID_S_OR_E_GW2[AF],2008999.0,25493046199.0,768584152.0
15357,2056-04-01,GW_storage_ID_S_OR_E_GW2[AF],1975248.0,25579867650.0,770559400.0
15358,2056-05-01,GW_storage_ID_S_OR_E_GW2[AF],1959352.0,25665994452.0,772518752.0
15359,2056-06-01,GW_storage_ID_S_OR_E_GW2[AF],1927262.0,25751014051.0,774446014.0
15360,2056-07-01,GW_storage_ID_S_OR_E_GW2[AF],1896098.0,25834999057.0,776342112.0
15361,2056-08-01,GW_storage_ID_S_OR_E_GW2[AF],1866232.0,25918012980.0,778208344.0
15362,2056-09-01,GW_storage_ID_S_OR_E_GW2[AF],1838624.0,26000006720.0,780046968.0
15363,2056-10-01,GW_storage_ID_S_OR_E_GW2[AF],1809787.0,26080893812.0,781856755.0
15364,2056-11-01,GW_storage_ID_S_OR_E_GW2[AF],1781611.0,26160908259.0,783638366.0
15365,2056-12-01,GW_storage_ID_S_OR_E_GW2[AF],1752430.0,26240212456.0,785390796.0
15366,2057-01-01,GW_storage_ID_S_OR_E_GW2[AF],1723535.0,26318587848.0,787114331.0
15367,2057-02-01,GW_storage_ID_S_OR_E_GW2[AF],1697910.0,26395985372.0,788812241.0
15368,2057-03-01,GW_storage_ID_S_OR_E_GW2[AF],1669636.0,26472734266.0,790481877.0
15369,2057-04-01,GW_storage_ID_S_OR_E_GW2[AF],1671204.0,26556295278.0,792153081.0
15370,2057-05-01,GW_storage_ID_S_OR_E_GW2[AF],1673081.0,26638790503.0,793826162.0
15371,2057-06-01,GW_storage_ID_S_OR_E_GW2[AF],1645762.0,26720263696.0,795471924.0
15372,2057-07-01,GW_storage_ID_S_OR_E_GW2[AF],1619330.0,26800720453.0,797091254.0
15373,2057-08-01,GW_storage_ID_S_OR_E_GW2[AF],1594099.0,26880212595.0,798685353.0
15374,2057-09-01,GW_storage_ID_S_OR_E_GW2[AF],1588542.0,26958875022.0,800273895.0
15375,2057-10-01,GW_storage_ID_S_OR_E_GW2[AF],1563194.0,27036568588.0,801837089.0
15376,2057-11-01,GW_storage_ID_S_OR_E_GW2[AF],1538546.0,27113396201.0,803375635.0
15377,2057-12-01,GW_storage_ID_S_OR_E_GW2[AF],1513129.0,27189264327.0,804888764.0
15378,2058-01-01,GW_storage_ID_S_OR_E_GW2[AF],1487935.0,27264124633.0,806376699.0
15379,2058-02-01,GW_storage_ID_S_OR_E_GW2[AF],1465541.0,27348265847.0,807842240.0
15380,2058-03-01,GW_storage_ID_S_OR_E_GW2[AF],1440952.0,27440889382.0,809283192.0
15381,2058-04-01,GW_storage_ID_S_OR_E_GW2[AF],1417201.0,27539133274.0,810700393.0
15382,2058-05-01,GW_storage_ID_S_OR_E_GW2[AF],1392646.0,27639449314.0,812093039.0
15383,2058-06-01,GW_storage_ID_S_OR_E_GW2[AF],1369262.0,27738779306.0,813462301.0
15384,2058-07-01,GW_storage_ID_S_OR_E_GW2[AF],1346488.0,27837531793.0,814808789.0
15385,2058-08-01,GW_storage_ID_S_OR_E_GW2[AF],1325981.0,27935280444.0,816134770.0
15386,2058-09-01,GW_storage_ID_S_OR_E_GW2[AF],1305318.0,28031862865.0,817440088.0
15387,2058-10-01,GW_storage_ID_S_OR_E_GW2[AF],1282901.0,28127260463.0,818722989.0
15388,2058-11-01,GW_storage_ID_S_OR_E_GW2[AF],1261527.0,28221366217.0,819984516.0
15389,2058-12-01,GW_storage_ID_S_OR_E_GW2[AF],1239769.0,28314157055.0,821224285.0
15390,2059-01-01,GW_storage_ID_S_OR_E_GW2[AF],1218364.0,28405540773.0,822442649.0
15391,2059-02-01,GW_storage_ID_S_OR_E_GW2[AF],1199360.0,28502067677.0,823642009.0
15392,2059-03-01,GW_storage_ID_S_OR_E_GW2[AF],1178628.0,28605457246.0,824820637.0
15393,2059-04-01,GW_storage_ID_S_OR_E_GW2[AF],1158874.0,28717814838.0,825979511.0
15394,2059-05-01,GW_storage_ID_S_OR_E_GW2[AF],1138764.0,28830913147.0,827118275.0
15395,2059-06-01,GW_storage_ID_S_OR_E_GW2[AF],1120593.0,28943770190.0,828238868.0
15396,2059-07-01,GW_storage_ID_S_OR_E_GW2[AF],1103952.0,29055182582.0,829342820.0
15397,2059-08-01,GW_storage_ID_S_OR_E_GW2[AF],1088248.0,29165160032.0,830431068.0
15398,2059-09-01,GW_storage_ID_S_OR_E_GW2[AF],1071496.0,29273920291.0,831502564.0
15399,2059-10-01,GW_storage_ID_S_OR_E_GW2[AF],1053124.0,29381402010.0,832555688.0
15400,2059-11-01,GW_storage_ID_S_OR_E_GW2[AF],1035598.0,29487451547.0,833591286.0
15401,2059-12-01,GW_storage_ID_S_OR_E_GW2[AF],1017755.0,29592083281.0,834609041.0
15402,2060-01-01,GW_storage_ID_S_OR_E_GW2[AF],1000196.0,29695071869.0,835609237.0
15403,2060-02-01,GW_storage_ID_S_OR_E_GW2[AF],984046.0,29797999369.0,836593283.0
15404,2060-03-01,GW_storage_ID_S_OR_E_GW2[AF],967043.0,29907235449.0,837560326.0
15405,2060-04-01,GW_storage_ID_S_OR_E_GW2[AF],1692315.0,30022282651.0,839252641.0
15406,2060-05-01,GW_storage_ID_S_OR_E_GW2[AF],2077612.0,30138204137.0,841330253.0
15407,2060-06-01,GW_storage_ID_S_OR_E_GW2[AF],2044929.0,30253989194.0,843375182.0
15408,2060-07-01,GW_storage_ID_S_OR_E_GW2[AF],2013486.0,30369445165.0,845388668.0
15409,2060-08-01,GW_storage_ID_S_OR_E_GW2[AF],1983489.0,30483354195.0,847372157.0
15410,2060-09-01,GW_storage_ID_S_OR_E_GW2[AF],1967721.0,30595912136.0,849339878.0
15411,2060-10-01,GW_storage_ID_S_OR_E_GW2[AF],1933879.0,30707058453.0,851273757.0
15412,2060-11-01,GW_storage_ID_S_OR_E_GW2[AF],1901626.0,30816686913.0,853175383.0
15413,2060-12-01,GW_storage_ID_S_OR_E_GW2[AF],1868814.0,30924630927.0,855044197.0
15414,2061-01-01,GW_storage_ID_S_OR_E_GW2[AF],1836545.0,31038058188.0,856880742.0
15415,2061-02-01,GW_storage_ID_S_OR_E_GW2[AF],1807896.0,31163247262.0,858688638.0
15416,2061-03-01,GW_storage_ID_S_OR_E_GW2[AF],1776634.0,31301926464.0,860465272.0
15417,2061-04-01,GW_storage_ID_S_OR_E_GW2[AF],3148569.0,31460043743.0,863613841.0
15418,2061-05-01,GW_storage_ID_S_OR_E_GW2[AF],3157172.0,31621719240.0,866771013.0
15419,2061-06-01,GW_storage_ID_S_OR_E_GW2[AF],3108481.0,31781944019.0,869879494.0
15420,2061-07-01,GW_storage_ID_S_OR_E_GW2[AF],3060737.0,31940594248.0,872940231.0
15421,2061-08-01,GW_storage_ID_S_OR_E_GW2[AF],3017060.0,32097666692.0,875957291.0
15422,2061-09-01,GW_storage_ID_S_OR_E_GW2[AF],2971356.0,32253244922.0,878928647.0
15423,2061-10-01,GW_storage_ID_S_OR_E_GW2[AF],2920503.0,32407132898.0,881849150.0
15424,2061-11-01,GW_storage_ID_S_OR_E_GW2[AF],2871977.0,32559108380.0,884721127.0
15425,2061-12-01,GW_storage_ID_S_OR_E_GW2[AF],2822549.0,32709321481.0,887543676.0
15426,2062-01-01,GW_storage_ID_S_OR_E_GW2[AF],2773896.0,32858735378.0,890317572.0
15427,2062-02-01,GW_storage_ID_S_OR_E_GW2[AF],2730711.0,33022044851.0,893048283.0
15428,2062-03-01,GW_storage_ID_S_OR_E_GW2[AF],2683591.0,33198837130.0,895731874.0
15429,2062-04-01,GW_storage_ID_S_OR_E_GW2[AF],2638655.0,33390837210.0,898370529.0
15430,2062-05-01,GW_storage_ID_S_OR_E_GW2[AF],2592866.0,33584259641.0,900963395.0
15431,2062-06-01,GW_storage_ID_S_OR_E_GW2[AF],2550703.0,33776858517.0,903514098.0
15432,2062-07-01,GW_storage_ID_S_OR_E_GW2[AF],2510950.0,33967635736.0,906025048.0
15433,2062-08-01,GW_storage_ID_S_OR_E_GW2[AF],2473607.0,34156855847.0,908498655.0
15434,2062-09-01,GW_storage_ID_S_OR_E_GW2[AF],2466262.0,34344548104.0,910964917.0
15435,2062-10-01,GW_storage_ID_S_OR_E_GW2[AF],2423888.0,34530332137.0,913388805.0
15436,2062-11-01,GW_storage_ID_S_OR_E_GW2[AF],2383485.0,34714073091.0,915772290.0
15437,2062-12-01,GW_storage_ID_S_OR_E_GW2[AF],2342358.0,34895778448.0,918114648.0
15438,2063-01-01,GW_storage_ID_S_OR_E_GW2[AF],2301906.0,35079072230.0,920416554.0
15439,2063-02-01,GW_storage_ID_S_OR_E_GW2[AF],2265992.0,35269350335.0,922682546.0
15440,2063-03-01,GW_storage_ID_S_OR_E_GW2[AF],2226813.0,35470064786.0,924909359.0
15441,2063-04-01,GW_storage_ID_S_OR_E_GW2[AF],2189491.0,35683040547.0,927098850.0
15442,2063-05-01,GW_storage_ID_S_OR_E_GW2[AF],2937670.0,35907121073.0,930036520.0
15443,2063-06-01,GW_storage_ID_S_OR_E_GW2[AF],2888316.0,36134854310.0,932924836.0
15444,2063-07-01,GW_storage_ID_S_OR_E_GW2[AF],2912709.0,36361472567.0,935837545.0
15445,2063-08-01,GW_storage_ID_S_OR_E_GW2[AF],2866984.0,36586142514.0,938704529.0
15446,2063-09-01,GW_storage_ID_S_OR_E_GW2[AF],2823604.0,36808934029.0,941528133.0
15447,2063-10-01,GW_storage_ID_S_OR_E_GW2[AF],2775313.0,37029507927.0,944303446.0
15448,2063-11-01,GW_storage_ID_S_OR_E_GW2[AF],2729225.0,37248012309.0,947032671.0
15449,2063-12-01,GW_storage_ID_S_OR_E_GW2[AF],2682280.0,37465671472.0,949714951.0
15450,2064-01-01,GW_storage_ID_S_OR_E_GW2[AF],2636088.0,37694815963.0,952351039.0
15451,2064-02-01,GW_storage_ID_S_OR_E_GW2[AF],2593618.0,37945097639.0,954944657.0
15452,2064-03-01,GW_storage_ID_S_OR_E_GW2[AF],2548888.0,38213638934.0,957493545.0
15453,2064-04-01,GW_storage_ID_S_OR_E_GW2[AF],2506210.0,38493367090.0,959999755.0
15454,2064-05-01,GW_storage_ID_S_OR_E_GW2[AF],2653416.0,38776738105.0,962653171.0
15455,2064-06-01,GW_storage_ID_S_OR_E_GW2[AF],2622734.0,39060661713.0,965275905.0
15456,2064-07-01,GW_storage_ID_S_OR_E_GW2[AF],2584873.0,39341932866.0,967860778.0
15457,2064-08-01,GW_storage_ID_S_OR_E_GW2[AF],2553331.0,39620711220.0,970414109.0
15458,2064-09-01,GW_storage_ID_S_OR_E_GW2[AF],2517607.0,39897002798.0,972931716.0
15459,2064-10-01,GW_storage_ID_S_OR_E_GW2[AF],2474956.0,40170736712.0,975406672.0
15460,2064-11-01,GW_storage_ID_S_OR_E_GW2[AF],2434167.0,40442044957.0,977840839.0
15461,2064-12-01,GW_storage_ID_S_OR_E_GW2[AF],2392554.0,40711834451.0,980233393.0
15462,2065-01-01,GW_storage_ID_S_OR_E_GW2[AF],2351539.0,40982757097.0,982584932.0
15463,2065-02-01,GW_storage_ID_S_OR_E_GW2[AF],2315123.0,41255716076.0,984900055.0
15464,2065-03-01,GW_storage_ID_S_OR_E_GW2[AF],2275333.0,41533378347.0,987175388.0
15465,2065-04-01,GW_storage_ID_S_OR_E_GW2[AF],3230377.0,41819419395.0,990405765.0
15466,2065-05-01,GW_storage_ID_S_OR_E_GW2[AF],3303032.0,42107659636.0,993708797.0
15467,2065-06-01,GW_storage_ID_S_OR_E_GW2[AF],3249604.0,42393392346.0,996958401.0
15468,2065-07-01,GW_storage_ID_S_OR_E_GW2[AF],3199420.0,42678359041.0,1000157821.0
15469,2065-08-01,GW_storage_ID_S_OR_E_GW2[AF],3153295.0,42960938762.0,1003311116.0
15470,2065-09-01,GW_storage_ID_S_OR_E_GW2[AF],3105365.0,43241061639.0,1006416481.0
15471,2065-10-01,GW_storage_ID_S_OR_E_GW2[AF],3052207.0,43518553408.0,1009468688.0
15472,2065-11-01,GW_storage_ID_S_OR_E_GW2[AF],3001476.0,43793351378.0,1012470164.0
15473,2065-12-01,GW_storage_ID_S_OR_E_GW2[AF],2949787.0,44065325818.0,1015419951.0
15474,2066-01-01,GW_storage_ID_S_OR_E_GW2[AF],2898911.0,44334625115.0,1018318862.0
15475,2066-02-01,GW_storage_ID_S_OR_E_GW2[AF],2853729.0,44601575728.0,1021172591.0
15476,2066-03-01,GW_storage_ID_S_OR_E_GW2[AF],2804422.0,44865977654.0,1023977013.0
15477,2066-04-01,GW_storage_ID_S_OR_E_GW2[AF],2787684.0,45130939542.0,1026764697.0
15478,2066-05-01,GW_storage_ID_S_OR_E_GW2[AF],2773753.0,45393925169.0,1029538450.0
15479,2066-06-01,GW_storage_ID_S_OR_E_GW2[AF],2731274.0,45654573916.0,1032269724.0
15480,2066-07-01,GW_storage_ID_S_OR_E_GW2[AF],2691061.0,45912927675.0,1034960785.0
15481,2066-08-01,GW_storage_ID_S_OR_E_GW2[AF],2652624.0,46169111465.0,1037613409.0
15482,2066-09-01,GW_storage_ID_S_OR_E_GW2[AF],2617540.0,46423600426.0,1040230949.0
15483,2066-10-01,GW_storage_ID_S_OR_E_GW2[AF],2579531.0,46676263355.0,1042810480.0
15484,2066-11-01,GW_storage_ID_S_OR_E_GW2[AF],2541458.0,46927228863.0,1045351938.0
15485,2066-12-01,GW_storage_ID_S_OR_E_GW2[AF],2501477.0,47176198480.0,1047853415.0
15486,2067-01-01,GW_storage_ID_S_OR_E_GW2[AF],2461438.0,47422896821.0,1050314853.0
15487,2067-02-01,GW_storage_ID_S_OR_E_GW2[AF],2425728.0,47667661431.0,1052740581.0
15488,2067-03-01,GW_storage_ID_S_OR_E_GW2[AF],2386015.0,47910308464.0,1055126596.0
15489,2067-04-01,GW_storage_ID_S_OR_E_GW2[AF],2351013.0,48151085524.0,1057477609.0
15490,2067-05-01,GW_storage_ID_S_OR_E_GW2[AF],2325316.0,48389950965.0,1059802925.0
15491,2067-06-01,GW_storage_ID_S_OR_E_GW2[AF],2300176.0,48627002221.0,1062103101.0
15492,2067-07-01,GW_storage_ID_S_OR_E_GW2[AF],2274150.0,48862124917.0,1064377251.0
15493,2067-08-01,GW_storage_ID_S_OR_E_GW2[AF],2248253.0,49095321876.0,1066625504.0
15494,2067-09-01,GW_storage_ID_S_OR_E_GW2[AF],2226385.0,49326841519.0,1068851889.0
15495,2067-10-01,GW_storage_ID_S_OR_E_GW2[AF],2201591.0,49556552267.0,1071053480.0
15496,2067-11-01,GW_storage_ID_S_OR_E_GW2[AF],2174738.0,49784868208.0,1073228218.0
15497,2067-12-01,GW_storage_ID_S_OR_E_GW2[AF],2145136.0,50011545293.0,1075373354.0
15498,2068-01-01,GW_storage_ID_S_OR_E_GW2[AF],2114771.0,50238331069.0,1077488125.0
15499,2068-02-01,GW_storage_ID_S_OR_E_GW2[AF],2086517.0,50478937732.0,1079574642.0
15500,2068-03-01,GW_storage_ID_S_OR_E_GW2[AF],2056096.0,50739381265.0,1081630738.0
15501,2068-04-01,GW_storage_ID_S_OR_E_GW2[AF],3766829.0,51011294375.0,1085397567.0
15502,2068-05-01,GW_storage_ID_S_OR_E_GW2[AF],6362095.0,51290774772.0,1091759662.0
15503,2068-06-01,GW_storage_ID_S_OR_E_GW2[AF],6255307.0,51571539123.0,1098014969.0
15504,2068-07-01,GW_storage_ID_S_OR_E_GW2[AF],6152961.0,51851333229.0,1104167930.0
15505,2068-08-01,GW_storage_ID_S_OR_E_GW2[AF],6060156.0,52129191774.0,1110228086.0
15506,2068-09-01,GW_storage_ID_S_OR_E_GW2[AF],5965147.0,52405096290.0,1116193233.0
15507,2068-10-01,GW_storage_ID_S_OR_E_GW2[AF],5862675.0,52678907664.0,1122055908.0
15508,2068-11-01,GW_storage_ID_S_OR_E_GW2[AF],5764968.0,52950483517.0,1127820876.0
15509,2068-12-01,GW_storage_ID_S_OR_E_GW2[AF],5665512.0,53219819895.0,1133486388.0
15510,2069-01-01,GW_storage_ID_S_OR_E_GW2[AF],5567688.0,53487155316.0,1139054076.0
15511,2069-02-01,GW_storage_ID_S_OR_E_GW2[AF],5480853.0,53760870931.0,1144534929.0
15512,2069-03-01,GW_storage_ID_S_OR_E_GW2[AF],5386110.0,54039428849.0,1149921039.0
15513,2069-04-01,GW_storage_ID_S_OR_E_GW2[AF],7267579.0,54324092180.0,1157188618.0
15514,2069-05-01,GW_storage_ID_S_OR_E_GW2[AF],8157645.0,54609436481.0,1165346263.0
15515,2069-06-01,GW_storage_ID_S_OR_E_GW2[AF],8024741.0,54894337917.0,1173371004.0
15516,2069-07-01,GW_storage_ID_S_OR_E_GW2[AF],7896727.0,55177218144.0,1181267731.0
15517,2069-08-01,GW_storage_ID_S_OR_E_GW2[AF],7773650.0,55458179949.0,1189041381.0
15518,2069-09-01,GW_storage_ID_S_OR_E_GW2[AF],7649695.0,55737226700.0,1196691076.0
15519,2069-10-01,GW_storage_ID_S_OR_E_GW2[AF],7517884.0,56014313112.0,1204208960.0
15520,2069-11-01,GW_storage_ID_S_OR_E_GW2[AF],7392302.0,56289244905.0,1211601262.0
15521,2069-12-01,GW_storage_ID_S_OR_E_GW2[AF],7264538.0,56561948550.0,1218865800.0
15522,2070-01-01,GW_storage_ID_S_OR_E_GW2[AF],7138876.0,56832455571.0,1226004676.0
15523,2070-02-01,GW_storage_ID_S_OR_E_GW2[AF],7027312.0,57101031869.0,1233031988.0
15524,2070-03-01,GW_storage_ID_S_OR_E_GW2[AF],6905641.0,57367456127.0,1239937629.0
15525,2070-04-01,GW_storage_ID_S_OR_E_GW2[AF],6840894.0,57631884127.0,1246778523.0
15526,2070-05-01,GW_storage_ID_S_OR_E_GW2[AF],6770587.0,57894580730.0,1253549110.0
15527,2070-06-01,GW_storage_ID_S_OR_E_GW2[AF],6661291.0,58156625113.0,1260210401.0
15528,2070-07-01,GW_storage_ID_S_OR_E_GW2[AF],6554540.0,58417720429.0,1266764941.0
15529,2070-08-01,GW_storage_ID_S_OR_E_GW2[AF],6451144.0,58677125935.0,1273216085.0
15530,2070-09-01,GW_storage_ID_S_OR_E_GW2[AF],6431409.0,58935122487.0,1279647494.0
15531,2070-10-01,GW_storage_ID_S_OR_E_GW2[AF],6323295.0,59191573450.0,1285970789.0
15532,2070-11-01,GW_storage_ID_S_OR_E_GW2[AF],6219667.0,59446278042.0,1292190456.0
15533,2070-12-01,GW_storage_ID_S_OR_E_GW2[AF],6113834.0,59699129256.0,1298304290.0
15534,2022-09-01,GW_storage_MT_NE_GW[AF],-2.0,6536311.0,-2.0
15535,2022-10-01,GW_storage_MT_NE_GW[AF],-2.0,7499151.0,-4.0
15536,2022-11-01,GW_storage_MT_NE_GW[AF],-3.0,8445383.0,-7.0
15537,2022-12-01,GW_storage_MT_NE_GW[AF],-2.0,9374562.0,-9.0
15538,2023-01-01,GW_storage_MT_NE_GW[AF],-2.0,10287031.0,-11.0
15539,2023-02-01,GW_storage_MT_NE_GW[AF],-2.0,11192982.0,-13.0
15540,2023-03-01,GW_storage_MT_NE_GW[AF],-3.0,12082492.0,-16.0
15541,2023-04-01,GW_storage_MT_NE_GW[AF],-3.0,12955603.0,-19.0
15542,2023-05-01,GW_storage_MT_NE_GW[AF],-2.0,13813215.0,-21.0
15543,2023-06-01,GW_storage_MT_NE_GW[AF],-3.0,15164430.0,-24.0
15544,2023-07-01,GW_storage_MT_NE_GW[AF],-3.0,17236845.0,-27.0
15545,2023-08-01,GW_storage_MT_NE_GW[AF],-3.0,19274971.0,-30.0
15546,2023-09-01,GW_storage_MT_NE_GW[AF],-2.0,21282260.0,-32.0
15547,2023-10-01,GW_storage_MT_NE_GW[AF],-2.0,23279746.0,-34.0
15548,2023-11-01,GW_storage_MT_NE_GW[AF],-2.0,25247116.0,-36.0
15549,2023-12-01,GW_storage_MT_NE_GW[AF],-2.0,27178503.0,-38.0
15550,2024-01-01,GW_storage_MT_NE_GW[AF],-2.0,29079026.0,-40.0
15551,2024-02-01,GW_storage_MT_NE_GW[AF],-2.0,30951693.0,-42.0
15552,2024-03-01,GW_storage_MT_NE_GW[AF],-2.0,32794640.0,-44.0
15553,2024-04-01,GW_storage_MT_NE_GW[AF],-2.0,34598451.0,-46.0
15554,2024-05-01,GW_storage_MT_NE_GW[AF],-2.0,36379549.0,-48.0
15555,2024-07-01,GW_storage_MT_NE_GW[AF],-2.0,39862715.0,-50.0
15556,2025-07-01,GW_storage_MT_NE_GW[AF],-43.0,59233291.0,-93.0
15557,2025-08-01,GW_storage_MT_NE_GW[AF],-3333.0,60752330.0,-3426.0
15558,2025-09-01,GW_storage_MT_NE_GW[AF],7315.0,63291561.0,3889.0
15559,2025-10-01,GW_storage_MT_NE_GW[AF],14263.0,66117192.0,18152.0
15560,2025-11-01,GW_storage_MT_NE_GW[AF],15457.0,69169207.0,33609.0
15561,2025-12-01,GW_storage_MT_NE_GW[AF],16317.0,72377661.0,49926.0
15562,2026-01-01,GW_storage_MT_NE_GW[AF],16933.0,75644729.0,66859.0
15563,2026-02-01,GW_storage_MT_NE_GW[AF],17412.0,83025589.0,84271.0
15564,2026-03-01,GW_storage_MT_NE_GW[AF],18389.0,93674924.0,102660.0
15565,2026-04-01,GW_storage_MT_NE_GW[AF],18427.0,112497734.0,121087.0
15566,2026-05-01,GW_storage_MT_NE_GW[AF],18011.0,136460613.0,139098.0
15567,2026-06-01,GW_storage_MT_NE_GW[AF],17590.0,160180041.0,156688.0
15568,2026-07-01,GW_storage_MT_NE_GW[AF],17161.0,184580314.0,173849.0
15569,2026-08-01,GW_storage_MT_NE_GW[AF],16818.0,208538131.0,190667.0
15570,2026-09-01,GW_storage_MT_NE_GW[AF],16731.0,232132273.0,207398.0
15571,2026-10-01,GW_storage_MT_NE_GW[AF],16467.0,255250646.0,223865.0
15572,2026-11-01,GW_storage_MT_NE_GW[AF],16185.0,277908394.0,240050.0
15573,2026-12-01,GW_storage_MT_NE_GW[AF],15876.0,300103214.0,255926.0
15574,2027-01-01,GW_storage_MT_NE_GW[AF],15556.0,321847786.0,271482.0
15575,2027-02-01,GW_storage_MT_NE_GW[AF],15269.0,343199646.0,286751.0
15576,2027-03-01,GW_storage_MT_NE_GW[AF],14946.0,369620421.0,301697.0
15577,2027-04-01,GW_storage_MT_NE_GW[AF],14622.0,409179141.0,316319.0
15578,2027-05-01,GW_storage_MT_NE_GW[AF],14263.0,455970259.0,330582.0
15579,2027-06-01,GW_storage_MT_NE_GW[AF],13921.0,506103237.0,344503.0
15580,2027-07-01,GW_storage_MT_NE_GW[AF],460077.0,558027240.0,804580.0
15581,2027-08-01,GW_storage_MT_NE_GW[AF],1074893.0,610747556.0,1879473.0
15582,2027-09-01,GW_storage_MT_NE_GW[AF],1049097.0,662576568.0,2928570.0
15583,2027-10-01,GW_storage_MT_NE_GW[AF],1023081.0,713531026.0,3951651.0
15584,2027-11-01,GW_storage_MT_NE_GW[AF],998529.0,763602436.0,4950180.0
15585,2027-12-01,GW_storage_MT_NE_GW[AF],973761.0,812846873.0,5923941.0
15586,2028-01-01,GW_storage_MT_NE_GW[AF],949614.0,861121911.0,6873555.0
15587,2028-02-01,GW_storage_MT_NE_GW[AF],927584.0,908650771.0,7801139.0
15588,2028-03-01,GW_storage_MT_NE_GW[AF],904580.0,959000163.0,8705719.0
15589,2028-04-01,GW_storage_MT_NE_GW[AF],882873.0,1012039411.0,9588592.0
15590,2028-05-01,GW_storage_MT_NE_GW[AF],860975.0,1068060916.0,10449567.0
15591,2028-06-01,GW_storage_MT_NE_GW[AF],840312.0,1125203670.0,11289879.0
15592,2028-07-01,GW_storage_MT_NE_GW[AF],819436.0,1183903968.0,12109315.0
15593,2028-08-01,GW_storage_MT_NE_GW[AF],799043.0,1241633200.0,12908358.0
15594,2028-09-01,GW_storage_MT_NE_GW[AF],779720.0,1298536546.0,13688078.0
15595,2028-10-01,GW_storage_MT_NE_GW[AF],759956.0,1354465802.0,14448034.0
15596,2028-11-01,GW_storage_MT_NE_GW[AF],741516.0,1409406877.0,15189550.0
15597,2028-12-01,GW_storage_MT_NE_GW[AF],722967.0,1463330743.0,15912517.0
15598,2029-01-01,GW_storage_MT_NE_GW[AF],704907.0,1516331973.0,16617424.0
15599,2029-02-01,GW_storage_MT_NE_GW[AF],689011.0,1568436361.0,17306435.0
15600,2029-03-01,GW_storage_MT_NE_GW[AF],671826.0,1622957905.0,17978261.0
15601,2029-04-01,GW_storage_MT_NE_GW[AF],655639.0,1679352962.0,18633900.0
15602,2029-05-01,GW_storage_MT_NE_GW[AF],639374.0,1742904338.0,19273274.0
15603,2029-06-01,GW_storage_MT_NE_GW[AF],624028.0,1807169538.0,19897302.0
15604,2029-07-01,GW_storage_MT_NE_GW[AF],608610.0,1872474684.0,20505912.0
15605,2029-08-01,GW_storage_MT_NE_GW[AF],593743.0,1936569687.0,21099655.0
15606,2029-09-01,GW_storage_MT_NE_GW[AF],579885.0,1999536921.0,21679540.0
15607,2029-10-01,GW_storage_MT_NE_GW[AF],565741.0,2061251234.0,22245281.0
15608,2029-11-01,GW_storage_MT_NE_GW[AF],552340.0,2121792309.0,22797621.0
15609,2029-12-01,GW_storage_MT_NE_GW[AF],538783.0,2181276298.0,23336404.0
15610,2030-01-01,GW_storage_MT_NE_GW[AF],525533.0,2239598911.0,23861937.0
15611,2030-02-01,GW_storage_MT_NE_GW[AF],513854.0,2296908282.0,24375791.0
15612,2030-03-01,GW_storage_MT_NE_GW[AF],501223.0,2353273149.0,24877014.0
15613,2030-04-01,GW_storage_MT_NE_GW[AF],489201.0,2408813513.0,25366215.0
15614,2030-05-01,GW_storage_MT_NE_GW[AF],477070.0,2463288321.0,25843285.0
15615,2030-06-01,GW_storage_MT_NE_GW[AF],465664.0,2519189259.0,26308949.0
15616,2030-07-01,GW_storage_MT_NE_GW[AF],454185.0,2574987711.0,26763134.0
15617,2030-08-01,GW_storage_MT_NE_GW[AF],442780.0,2629845780.0,27205914.0
15618,2030-09-01,GW_storage_MT_NE_GW[AF],431947.0,2683731630.0,27637861.0
15619,2030-10-01,GW_storage_MT_NE_GW[AF],421218.0,2736573135.0,28059079.0
15620,2030-11-01,GW_storage_MT_NE_GW[AF],411104.0,2788437015.0,28470183.0
15621,2030-12-01,GW_storage_MT_NE_GW[AF],400905.0,2839371858.0,28871088.0
15622,2031-01-01,GW_storage_MT_NE_GW[AF],390960.0,2889285425.0,29262048.0
15623,2031-02-01,GW_storage_MT_NE_GW[AF],382199.0,2938331300.0,29644247.0
15624,2031-03-01,GW_storage_MT_NE_GW[AF],372721.0,2986403207.0,30016968.0
15625,2031-04-01,GW_storage_MT_NE_GW[AF],363785.0,3034117058.0,30380753.0
15626,2031-05-01,GW_storage_MT_NE_GW[AF],354956.0,3081639947.0,30735709.0
15627,2031-06-01,GW_storage_MT_NE_GW[AF],346786.0,3128466639.0,31082495.0
15628,2031-07-01,GW_storage_MT_NE_GW[AF],338229.0,3175256040.0,31420724.0
15629,2031-08-01,GW_storage_MT_NE_GW[AF],329912.0,3221201089.0,31750636.0
15630,2031-09-01,GW_storage_MT_NE_GW[AF],321980.0,3266538806.0,32072616.0
15631,2031-10-01,GW_storage_MT_NE_GW[AF],313892.0,3311005126.0,32386508.0
15632,2031-11-01,GW_storage_MT_NE_GW[AF],306282.0,3354843436.0,32692790.0
15633,2031-12-01,GW_storage_MT_NE_GW[AF],298627.0,3397917039.0,32991417.0
15634,2032-01-01,GW_storage_MT_NE_GW[AF],291175.0,3440765830.0,33282592.0
15635,2032-02-01,GW_storage_MT_NE_GW[AF],284382.0,3500332884.0,33566974.0
15636,2032-03-01,GW_storage_MT_NE_GW[AF],277303.0,3570397039.0,33844277.0
15637,2032-04-01,GW_storage_MT_NE_GW[AF],270636.0,3645988541.0,34114913.0
15638,2032-05-01,GW_storage_MT_NE_GW[AF],263923.0,3723860841.0,34378836.0
15639,2032-06-01,GW_storage_MT_NE_GW[AF],257588.0,3803847465.0,34636424.0
15640,2032-07-01,GW_storage_MT_NE_GW[AF],251200.0,3884065220.0,34887624.0
15641,2032-08-01,GW_storage_MT_NE_GW[AF],245086.0,3963910669.0,35132710.0
15642,2032-09-01,GW_storage_MT_NE_GW[AF],239430.0,4042724779.0,35372140.0
15643,2032-10-01,GW_storage_MT_NE_GW[AF],233388.0,4120308321.0,35605528.0
15644,2032-11-01,GW_storage_MT_NE_GW[AF],227706.0,4196679403.0,35833234.0
15645,2032-12-01,GW_storage_MT_NE_GW[AF],221997.0,4271822754.0,36055231.0
15646,2033-01-01,GW_storage_MT_NE_GW[AF],216441.0,4345538492.0,36271672.0
15647,2033-02-01,GW_storage_MT_NE_GW[AF],211551.0,4423218301.0,36483223.0
15648,2033-03-01,GW_storage_MT_NE_GW[AF],206274.0,4505470297.0,36689497.0
15649,2033-04-01,GW_storage_MT_NE_GW[AF],201309.0,4590681136.0,36890806.0
15650,2033-05-01,GW_storage_MT_NE_GW[AF],196315.0,4675360581.0,37087121.0
15651,2033-06-01,GW_storage_MT_NE_GW[AF],191604.0,4760708398.0,37278725.0
15652,2033-07-01,GW_storage_MT_NE_GW[AF],186854.0,4846138178.0,37465579.0
15653,2033-08-01,GW_storage_MT_NE_GW[AF],182224.0,4931118427.0,37647803.0
15654,2033-09-01,GW_storage_MT_NE_GW[AF],178020.0,5014914731.0,37825823.0
15655,2033-10-01,GW_storage_MT_NE_GW[AF],173860.0,5097508172.0,37999683.0
15656,2033-11-01,GW_storage_MT_NE_GW[AF],169874.0,5178663669.0,38169557.0
15657,2033-12-01,GW_storage_MT_NE_GW[AF],165807.0,5258443309.0,38335364.0
15658,2034-01-01,GW_storage_MT_NE_GW[AF],161809.0,5339163828.0,38497173.0
15659,2034-02-01,GW_storage_MT_NE_GW[AF],158275.0,5418722190.0,38655448.0
15660,2034-03-01,GW_storage_MT_NE_GW[AF],154425.0,5500220744.0,38809873.0
15661,2034-04-01,GW_storage_MT_NE_GW[AF],150763.0,5584032903.0,38960636.0
15662,2034-05-01,GW_storage_MT_NE_GW[AF],147029.0,5676873319.0,39107665.0
15663,2034-06-01,GW_storage_MT_NE_GW[AF],143499.0,5773341236.0,39251164.0
15664,2034-07-01,GW_storage_MT_NE_GW[AF],139962.0,5871231225.0,39391126.0
15665,2034-08-01,GW_storage_MT_NE_GW[AF],136569.0,5968392389.0,39527695.0
15666,2034-09-01,GW_storage_MT_NE_GW[AF],133420.0,6064112138.0,39661115.0
15667,2034-10-01,GW_storage_MT_NE_GW[AF],130277.0,6158273690.0,39791392.0
15668,2034-11-01,GW_storage_MT_NE_GW[AF],127260.0,6251013792.0,39918652.0
15669,2034-12-01,GW_storage_MT_NE_GW[AF],124196.0,6342469856.0,40042848.0
15670,2035-01-01,GW_storage_MT_NE_GW[AF],121189.0,6432436397.0,40164037.0
15671,2035-02-01,GW_storage_MT_NE_GW[AF],118534.0,6520973109.0,40282571.0
15672,2035-03-01,GW_storage_MT_NE_GW[AF],115631.0,6608114132.0,40398202.0
15673,2035-04-01,GW_storage_MT_NE_GW[AF],112870.0,6694040771.0,40511072.0
15674,2035-05-01,GW_storage_MT_NE_GW[AF],110072.0,6778544504.0,40621144.0
15675,2035-06-01,GW_storage_MT_NE_GW[AF],107430.0,6863239534.0,40728574.0
15676,2035-07-01,GW_storage_MT_NE_GW[AF],104843.0,6947511289.0,40833417.0
15677,2035-08-01,GW_storage_MT_NE_GW[AF],102479.0,7030376153.0,40935896.0
15678,2035-09-01,GW_storage_MT_NE_GW[AF],100116.0,7112119087.0,41036012.0
15679,2035-10-01,GW_storage_MT_NE_GW[AF],97627.0,7192574428.0,41133639.0
15680,2035-11-01,GW_storage_MT_NE_GW[AF],95280.0,7271865334.0,41228919.0
15681,2035-12-01,GW_storage_MT_NE_GW[AF],92913.0,7350179909.0,41321832.0
15682,2036-01-01,GW_storage_MT_NE_GW[AF],90605.0,7427195979.0,41412437.0
15683,2036-02-01,GW_storage_MT_NE_GW[AF],88501.0,7503024891.0,41500938.0
15684,2036-03-01,GW_storage_MT_NE_GW[AF],86299.0,7577632108.0,41587237.0
15685,2036-04-01,GW_storage_MT_NE_GW[AF],84224.0,7651185144.0,41671461.0
15686,2036-05-01,GW_storage_MT_NE_GW[AF],82135.0,7724300240.0,41753596.0
15687,2036-06-01,GW_storage_MT_NE_GW[AF],80163.0,7796353708.0,41833759.0
15688,2036-07-01,GW_storage_MT_NE_GW[AF],78229.0,7867314948.0,41911988.0
15689,2036-08-01,GW_storage_MT_NE_GW[AF],76511.0,7937241278.0,41988499.0
15690,2036-09-01,GW_storage_MT_NE_GW[AF],74999.0,8006295323.0,42063498.0
15691,2036-10-01,GW_storage_MT_NE_GW[AF],73277.0,8074305646.0,42136775.0
15692,2036-11-01,GW_storage_MT_NE_GW[AF],71627.0,8141376577.0,42208402.0
15693,2036-12-01,GW_storage_MT_NE_GW[AF],69937.0,8207644541.0,42278339.0
15694,2037-01-01,GW_storage_MT_NE_GW[AF],68270.0,8273161410.0,42346609.0
15695,2037-02-01,GW_storage_MT_NE_GW[AF],66798.0,8337733681.0,42413407.0
15696,2037-03-01,GW_storage_MT_NE_GW[AF],65191.0,8401237350.0,42478598.0
15697,2037-04-01,GW_storage_MT_NE_GW[AF],63657.0,8463716442.0,42542255.0
15698,2037-05-01,GW_storage_MT_NE_GW[AF],62081.0,8525229166.0,42604336.0
15699,2037-06-01,GW_storage_MT_NE_GW[AF],60585.0,8585780498.0,42664921.0
15700,2037-07-01,GW_storage_MT_NE_GW[AF],59023.0,8645518277.0,42723944.0
15701,2037-08-01,GW_storage_MT_NE_GW[AF],57441.0,8704580765.0,42781385.0
15702,2037-09-01,GW_storage_MT_NE_GW[AF],56120.0,8763159684.0,42837505.0
15703,2037-10-01,GW_storage_MT_NE_GW[AF],54836.0,8821181815.0,42892341.0
15704,2037-11-01,GW_storage_MT_NE_GW[AF],53505.0,8878677095.0,42945846.0
15705,2037-12-01,GW_storage_MT_NE_GW[AF],52166.0,8935618642.0,42998012.0
15706,2038-01-01,GW_storage_MT_NE_GW[AF],50863.0,8991690289.0,43048875.0
15707,2038-02-01,GW_storage_MT_NE_GW[AF],49715.0,9049081585.0,43098590.0
15708,2038-03-01,GW_storage_MT_NE_GW[AF],48488.0,9108044798.0,43147078.0
15709,2038-04-01,GW_storage_MT_NE_GW[AF],47547.0,9168794933.0,43194625.0
15710,2038-05-01,GW_storage_MT_NE_GW[AF],46867.0,9229969082.0,43241492.0
15711,2038-06-01,GW_storage_MT_NE_GW[AF],46575.0,9290494843.0,43288067.0
15712,2038-07-01,GW_storage_MT_NE_GW[AF],46105.0,9350294408.0,43334172.0
15713,2038-08-01,GW_storage_MT_NE_GW[AF],45470.0,9409318940.0,43379642.0
15714,2038-09-01,GW_storage_MT_NE_GW[AF],44814.0,9467673979.0,43424456.0
15715,2038-10-01,GW_storage_MT_NE_GW[AF],43847.0,9525253636.0,43468303.0
15716,2038-11-01,GW_storage_MT_NE_GW[AF],42907.0,9582098472.0,43511210.0
15717,2038-12-01,GW_storage_MT_NE_GW[AF],41934.0,9638248766.0,43553144.0
15718,2039-01-01,GW_storage_MT_NE_GW[AF],40967.0,9693650977.0,43594111.0
15719,2039-02-01,GW_storage_MT_NE_GW[AF],40110.0,9750458830.0,43634221.0
15720,2039-03-01,GW_storage_MT_NE_GW[AF],39201.0,9809156458.0,43673422.0
15721,2039-04-01,GW_storage_MT_NE_GW[AF],38316.0,9868559467.0,43711738.0
15722,2039-05-01,GW_storage_MT_NE_GW[AF],37330.0,9927385773.0,43749068.0
15723,2039-06-01,GW_storage_MT_NE_GW[AF],36423.0,9986965256.0,43785491.0
15724,2039-07-01,GW_storage_MT_NE_GW[AF],35630.0,10046475029.0,43821121.0
15725,2039-08-01,GW_storage_MT_NE_GW[AF],35095.0,10105238592.0,43856216.0
15726,2039-09-01,GW_storage_MT_NE_GW[AF],34488.0,10163363477.0,43890704.0
15727,2039-10-01,GW_storage_MT_NE_GW[AF],33713.0,10220781260.0,43924417.0
15728,2039-11-01,GW_storage_MT_NE_GW[AF],32964.0,10277373162.0,43957381.0
15729,2039-12-01,GW_storage_MT_NE_GW[AF],32194.0,10333185165.0,43989575.0
15730,2040-01-01,GW_storage_MT_NE_GW[AF],31432.0,10388289039.0,44021007.0
15731,2040-02-01,GW_storage_MT_NE_GW[AF],30734.0,10442633493.0,44051741.0
15732,2040-03-01,GW_storage_MT_NE_GW[AF],30011.0,10496196844.0,44081752.0
15733,2040-04-01,GW_storage_MT_NE_GW[AF],29346.0,10549040409.0,44111098.0
15734,2040-05-01,GW_storage_MT_NE_GW[AF],28652.0,10601395194.0,44139750.0
15735,2040-06-01,GW_storage_MT_NE_GW[AF],28043.0,10653107949.0,44167793.0
15736,2040-07-01,GW_storage_MT_NE_GW[AF],27567.0,10704171007.0,44195360.0
15737,2040-08-01,GW_storage_MT_NE_GW[AF],27168.0,10754605305.0,44222528.0
15738,2040-09-01,GW_storage_MT_NE_GW[AF],27012.0,10804445973.0,44249540.0
15739,2040-10-01,GW_storage_MT_NE_GW[AF],26563.0,10853648570.0,44276103.0
15740,2040-11-01,GW_storage_MT_NE_GW[AF],26024.0,10902484914.0,44302127.0
15741,2040-12-01,GW_storage_MT_NE_GW[AF],25458.0,10950730644.0,44327585.0
15742,2041-01-01,GW_storage_MT_NE_GW[AF],24890.0,10998281298.0,44352475.0
15743,2041-02-01,GW_storage_MT_NE_GW[AF],24388.0,11047818234.0,44376863.0
15744,2041-03-01,GW_storage_MT_NE_GW[AF],23832.0,11099139984.0,44400695.0
15745,2041-04-01,GW_storage_MT_NE_GW[AF],23380.0,11151170281.0,44424075.0
15746,2041-05-01,GW_storage_MT_NE_GW[AF],22826.0,11202540882.0,44446901.0
15747,2041-06-01,GW_storage_MT_NE_GW[AF],22363.0,11253584926.0,44469264.0
15748,2041-07-01,GW_storage_MT_NE_GW[AF],21870.0,11304087287.0,44491134.0
15749,2041-08-01,GW_storage_MT_NE_GW[AF],21420.0,11354085428.0,44512554.0
15750,2041-09-01,GW_storage_MT_NE_GW[AF],21024.0,11403615397.0,44533578.0
15751,2041-10-01,GW_storage_MT_NE_GW[AF],20583.0,11452671944.0,44554161.0
15752,2041-11-01,GW_storage_MT_NE_GW[AF],20135.0,11501212889.0,44574296.0
15753,2041-12-01,GW_storage_MT_NE_GW[AF],19672.0,11549056939.0,44593968.0
15754,2042-01-01,GW_storage_MT_NE_GW[AF],19215.0,11596204581.0,44613183.0
15755,2042-02-01,GW_storage_MT_NE_GW[AF],18809.0,11642935334.0,44631992.0
15756,2042-03-01,GW_storage_MT_NE_GW[AF],18387.0,11689092595.0,44650379.0
15757,2042-04-01,GW_storage_MT_NE_GW[AF],17988.0,11735022869.0,44668367.0
15758,2042-05-01,GW_storage_MT_NE_GW[AF],17564.0,11780876718.0,44685931.0
15759,2042-06-01,GW_storage_MT_NE_GW[AF],17147.0,11826092725.0,44703078.0
15760,2042-07-01,GW_storage_MT_NE_GW[AF],16726.0,11871546727.0,44719804.0
15761,2042-08-01,GW_storage_MT_NE_GW[AF],16238.0,11916431990.0,44736042.0
15762,2042-09-01,GW_storage_MT_NE_GW[AF],15526.0,11960791410.0,44751568.0
15763,2042-10-01,GW_storage_MT_NE_GW[AF],14898.0,12004660184.0,44766466.0
15764,2042-11-01,GW_storage_MT_NE_GW[AF],14433.0,12048130811.0,44780899.0
15765,2042-12-01,GW_storage_MT_NE_GW[AF],13987.0,12091062837.0,44794886.0
15766,2043-01-01,GW_storage_MT_NE_GW[AF],13567.0,12133444088.0,44808453.0
15767,2043-02-01,GW_storage_MT_NE_GW[AF],13205.0,12175363925.0,44821658.0
15768,2043-03-01,GW_storage_MT_NE_GW[AF],12833.0,12216725340.0,44834491.0
15769,2043-04-01,GW_storage_MT_NE_GW[AF],12502.0,12257666079.0,44846993.0
15770,2043-05-01,GW_storage_MT_NE_GW[AF],12190.0,12298078753.0,44859183.0
15771,2043-06-01,GW_storage_MT_NE_GW[AF],11898.0,12338040338.0,44871081.0
15772,2043-07-01,GW_storage_MT_NE_GW[AF],11610.0,12377535688.0,44882691.0
15773,2043-08-01,GW_storage_MT_NE_GW[AF],11257.0,12416568319.0,44893948.0
15774,2043-09-01,GW_storage_MT_NE_GW[AF],10721.0,12455234071.0,44904669.0
15775,2043-10-01,GW_storage_MT_NE_GW[AF],10390.0,12493493716.0,44915059.0
15776,2043-11-01,GW_storage_MT_NE_GW[AF],10089.0,12531340494.0,44925148.0
15777,2043-12-01,GW_storage_MT_NE_GW[AF],9799.0,12568703212.0,44934947.0
15778,2044-01-01,GW_storage_MT_NE_GW[AF],9524.0,12605614127.0,44944471.0
15779,2044-02-01,GW_storage_MT_NE_GW[AF],9277.0,12642100391.0,44953748.0
15780,2044-03-01,GW_storage_MT_NE_GW[AF],9024.0,12678094207.0,44962772.0
15781,2044-04-01,GW_storage_MT_NE_GW[AF],8785.0,12715489683.0,44971557.0
15782,2044-05-01,GW_storage_MT_NE_GW[AF],8605.0,12757376464.0,44980162.0
15783,2044-06-01,GW_storage_MT_NE_GW[AF],8408.0,12798680033.0,44988570.0
15784,2044-07-01,GW_storage_MT_NE_GW[AF],8204.0,12840178366.0,44996774.0
15785,2044-08-01,GW_storage_MT_NE_GW[AF],8002.0,12881238666.0,45004776.0
15786,2044-09-01,GW_storage_MT_NE_GW[AF],7812.0,12921922929.0,45012588.0
15787,2044-10-01,GW_storage_MT_NE_GW[AF],7619.0,12962137170.0,45020207.0
15788,2044-11-01,GW_storage_MT_NE_GW[AF],7437.0,13001917872.0,45027644.0
15789,2044-12-01,GW_storage_MT_NE_GW[AF],7254.0,13041192913.0,45034898.0
15790,2045-01-01,GW_storage_MT_NE_GW[AF],7075.0,13079996277.0,45041973.0
15791,2045-02-01,GW_storage_MT_NE_GW[AF],6917.0,13119222084.0,45048890.0
15792,2045-03-01,GW_storage_MT_NE_GW[AF],6707.0,13158364150.0,45055597.0
15793,2045-04-01,GW_storage_MT_NE_GW[AF],6545.0,13198157185.0,45062142.0
15794,2045-05-01,GW_storage_MT_NE_GW[AF],6383.0,13237869018.0,45068525.0
15795,2045-06-01,GW_storage_MT_NE_GW[AF],6230.0,13278774379.0,45074755.0
15796,2045-07-01,GW_storage_MT_NE_GW[AF],6082.0,13324244062.0,45080837.0
15797,2045-08-01,GW_storage_MT_NE_GW[AF],5955.0,13372386542.0,45086792.0
15798,2045-09-01,GW_storage_MT_NE_GW[AF],5796.0,13419876881.0,45092588.0
15799,2045-10-01,GW_storage_MT_NE_GW[AF],5589.0,13466818785.0,45098177.0
15800,2045-11-01,GW_storage_MT_NE_GW[AF],5408.0,13513160105.0,45103585.0
15801,2045-12-01,GW_storage_MT_NE_GW[AF],5236.0,13560745919.0,45108821.0
15802,2046-01-01,GW_storage_MT_NE_GW[AF],5077.0,13615290772.0,45113898.0
15803,2046-02-01,GW_storage_MT_NE_GW[AF],4939.0,13677811710.0,45118837.0
15804,2046-03-01,GW_storage_MT_NE_GW[AF],4796.0,13748607831.0,45123633.0
15805,2046-04-01,GW_storage_MT_NE_GW[AF],4668.0,13826873589.0,45128301.0
15806,2046-05-01,GW_storage_MT_NE_GW[AF],4551.0,13907944967.0,45132852.0
15807,2046-06-01,GW_storage_MT_NE_GW[AF],4441.0,13989979852.0,45137293.0
15808,2046-07-01,GW_storage_MT_NE_GW[AF],4335.0,14071604903.0,45141628.0
15809,2046-08-01,GW_storage_MT_NE_GW[AF],4245.0,14152131683.0,45145873.0
15810,2046-09-01,GW_storage_MT_NE_GW[AF],4167.0,14231617714.0,45150040.0
15811,2046-10-01,GW_storage_MT_NE_GW[AF],4075.0,14310005025.0,45154115.0
15812,2046-11-01,GW_storage_MT_NE_GW[AF],3985.0,14387273527.0,45158100.0
15813,2046-12-01,GW_storage_MT_NE_GW[AF],3892.0,14463437376.0,45161992.0
15814,2047-01-01,GW_storage_MT_NE_GW[AF],3800.0,14538457981.0,45165792.0
15815,2047-02-01,GW_storage_MT_NE_GW[AF],3720.0,14612508014.0,45169512.0
15816,2047-03-01,GW_storage_MT_NE_GW[AF],3631.0,14685452283.0,45173143.0
15817,2047-04-01,GW_storage_MT_NE_GW[AF],3546.0,14764472816.0,45176689.0
15818,2047-05-01,GW_storage_MT_NE_GW[AF],3459.0,14860897341.0,45180148.0
15819,2047-06-01,GW_storage_MT_NE_GW[AF],460341.0,14972506362.0,45640489.0
15820,2047-07-01,GW_storage_MT_NE_GW[AF],1016695.0,15088231692.0,46657184.0
15821,2047-08-01,GW_storage_MT_NE_GW[AF],991480.0,15203332934.0,47648664.0
15822,2047-09-01,GW_storage_MT_NE_GW[AF],967685.0,15317492289.0,48616349.0
15823,2047-10-01,GW_storage_MT_NE_GW[AF],943688.0,15430042333.0,49560037.0
15824,2047-11-01,GW_storage_MT_NE_GW[AF],921040.0,15542831934.0,50481077.0
15825,2047-12-01,GW_storage_MT_NE_GW[AF],898199.0,15653870877.0,51379276.0
15826,2048-01-01,GW_storage_MT_NE_GW[AF],875925.0,15763169397.0,52255201.0
15827,2048-02-01,GW_storage_MT_NE_GW[AF],855603.0,15872138297.0,53110804.0
15828,2048-03-01,GW_storage_MT_NE_GW[AF],834384.0,15987897138.0,53945188.0
15829,2048-04-01,GW_storage_MT_NE_GW[AF],814359.0,16106751114.0,54759547.0
15830,2048-05-01,GW_storage_MT_NE_GW[AF],794163.0,16226738594.0,55553710.0
15831,2048-06-01,GW_storage_MT_NE_GW[AF],775102.0,16346930466.0,56328812.0
15832,2048-07-01,GW_storage_MT_NE_GW[AF],755805.0,16466203172.0,57084617.0
15833,2048-08-01,GW_storage_MT_NE_GW[AF],736837.0,16583670765.0,57821454.0
15834,2048-09-01,GW_storage_MT_NE_GW[AF],719126.0,16699553017.0,58540580.0
15835,2048-10-01,GW_storage_MT_NE_GW[AF],701435.0,16813788962.0,59242015.0
15836,2048-11-01,GW_storage_MT_NE_GW[AF],684715.0,16926416472.0,59926730.0
15837,2048-12-01,GW_storage_MT_NE_GW[AF],667824.0,17038918116.0,60594554.0
15838,2049-01-01,GW_storage_MT_NE_GW[AF],651336.0,17150214903.0,61245890.0
15839,2049-02-01,GW_storage_MT_NE_GW[AF],636808.0,17259849423.0,61882698.0
15840,2049-03-01,GW_storage_MT_NE_GW[AF],621066.0,17374140295.0,62503764.0
15841,2049-04-01,GW_storage_MT_NE_GW[AF],606191.0,17496980626.0,63109955.0
15842,2049-05-01,GW_storage_MT_NE_GW[AF],591160.0,17623520262.0,63701115.0
15843,2049-06-01,GW_storage_MT_NE_GW[AF],576973.0,17749882278.0,64278088.0
15844,2049-07-01,GW_storage_MT_NE_GW[AF],562613.0,17875311834.0,64840701.0
15845,2049-08-01,GW_storage_MT_NE_GW[AF],548436.0,17998950915.0,65389137.0
15846,2049-09-01,GW_storage_MT_NE_GW[AF],534831.0,18120987592.0,65923968.0
15847,2049-10-01,GW_storage_MT_NE_GW[AF],521287.0,18241422265.0,66445255.0
15848,2049-11-01,GW_storage_MT_NE_GW[AF],508561.0,18360102830.0,66953816.0
15849,2049-12-01,GW_storage_MT_NE_GW[AF],495778.0,18476910369.0,67449594.0
15850,2050-01-01,GW_storage_MT_NE_GW[AF],483348.0,18591916831.0,67932942.0
15851,2050-02-01,GW_storage_MT_NE_GW[AF],472407.0,18705272956.0,68405349.0
15852,2050-03-01,GW_storage_MT_NE_GW[AF],460607.0,18821028859.0,68865956.0
15853,2050-04-01,GW_storage_MT_NE_GW[AF],449510.0,18940506995.0,69315466.0
15854,2050-05-01,GW_storage_MT_NE_GW[AF],438358.0,19059600483.0,69753824.0
15855,2050-06-01,GW_storage_MT_NE_GW[AF],427837.0,19178428021.0,70181661.0
15856,2050-07-01,GW_storage_MT_NE_GW[AF],417147.0,19296435077.0,70598808.0
15857,2050-08-01,GW_storage_MT_NE_GW[AF],406490.0,19412834260.0,71005298.0
15858,2050-09-01,GW_storage_MT_NE_GW[AF],396233.0,19527808893.0,71401531.0
15859,2050-10-01,GW_storage_MT_NE_GW[AF],386170.0,19641173895.0,71787701.0
15860,2050-11-01,GW_storage_MT_NE_GW[AF],376720.0,19752769080.0,72164421.0
15861,2050-12-01,GW_storage_MT_NE_GW[AF],367234.0,19862611454.0,72531655.0
15862,2051-01-01,GW_storage_MT_NE_GW[AF],358012.0,19970764786.0,72889667.0
15863,2051-02-01,GW_storage_MT_NE_GW[AF],349901.0,20077395432.0,73239568.0
15864,2051-03-01,GW_storage_MT_NE_GW[AF],341141.0,20182370827.0,73580709.0
15865,2051-04-01,GW_storage_MT_NE_GW[AF],332905.0,20291580463.0,73913614.0
15866,2051-05-01,GW_storage_MT_NE_GW[AF],324644.0,20400038326.0,74238258.0
15867,2051-06-01,GW_storage_MT_NE_GW[AF],316851.0,20508257786.0,74555109.0
15868,2051-07-01,GW_storage_MT_NE_GW[AF],308991.0,20615875318.0,74864100.0
15869,2051-08-01,GW_storage_MT_NE_GW[AF],301284.0,20722198437.0,75165384.0
15870,2051-09-01,GW_storage_MT_NE_GW[AF],293933.0,20827038775.0,75459317.0
15871,2051-10-01,GW_storage_MT_NE_GW[AF],286635.0,20930437548.0,75745952.0
15872,2051-11-01,GW_storage_MT_NE_GW[AF],279749.0,21032468769.0,76025701.0
15873,2051-12-01,GW_storage_MT_NE_GW[AF],272806.0,21133705710.0,76298507.0
15874,2052-01-01,GW_storage_MT_NE_GW[AF],266036.0,21233433839.0,76564543.0
15875,2052-02-01,GW_storage_MT_NE_GW[AF],259861.0,21331717041.0,76824404.0
15876,2052-03-01,GW_storage_MT_NE_GW[AF],253413.0,21429607427.0,77077817.0
15877,2052-04-01,GW_storage_MT_NE_GW[AF],247330.0,21527851494.0,77325147.0
15878,2052-05-01,GW_storage_MT_NE_GW[AF],241195.0,21624977785.0,77566342.0
15879,2052-06-01,GW_storage_MT_NE_GW[AF],235389.0,21720857498.0,77801731.0
15880,2052-07-01,GW_storage_MT_NE_GW[AF],229576.0,21815421513.0,78031307.0
15881,2052-08-01,GW_storage_MT_NE_GW[AF],224148.0,21908765850.0,78255455.0
15882,2052-09-01,GW_storage_MT_NE_GW[AF],219208.0,22001026854.0,78474663.0
15883,2052-10-01,GW_storage_MT_NE_GW[AF],213683.0,22092179195.0,78688346.0
15884,2052-11-01,GW_storage_MT_NE_GW[AF],208603.0,22182158688.0,78896949.0
15885,2052-12-01,GW_storage_MT_NE_GW[AF],203469.0,22270990851.0,79100418.0
15886,2053-01-01,GW_storage_MT_NE_GW[AF],198455.0,22358572318.0,79298873.0
15887,2053-02-01,GW_storage_MT_NE_GW[AF],194035.0,22445234888.0,79492908.0
15888,2053-03-01,GW_storage_MT_NE_GW[AF],189224.0,22531338210.0,79682132.0
15889,2053-04-01,GW_storage_MT_NE_GW[AF],185002.0,22618197854.0,79867134.0
15890,2053-05-01,GW_storage_MT_NE_GW[AF],180835.0,22705000235.0,80047969.0
15891,2053-06-01,GW_storage_MT_NE_GW[AF],176709.0,22792005107.0,80224678.0
15892,2053-07-01,GW_storage_MT_NE_GW[AF],172463.0,22878611714.0,80397141.0
15893,2053-08-01,GW_storage_MT_NE_GW[AF],168571.0,22964123789.0,80565712.0
15894,2053-09-01,GW_storage_MT_NE_GW[AF],164832.0,23048536524.0,80730544.0
15895,2053-10-01,GW_storage_MT_NE_GW[AF],160896.0,23131866519.0,80891440.0
15896,2053-11-01,GW_storage_MT_NE_GW[AF],157027.0,23214276747.0,81048467.0
15897,2053-12-01,GW_storage_MT_NE_GW[AF],153128.0,23295578937.0,81201595.0
15898,2054-01-01,GW_storage_MT_NE_GW[AF],149325.0,23375761806.0,81350920.0
15899,2054-02-01,GW_storage_MT_NE_GW[AF],145977.0,23454991045.0,81496897.0
15900,2054-03-01,GW_storage_MT_NE_GW[AF],142329.0,23533194281.0,81639226.0
15901,2054-04-01,GW_storage_MT_NE_GW[AF],138834.0,23610840643.0,81778060.0
15902,2054-05-01,GW_storage_MT_NE_GW[AF],136487.0,23687968757.0,81914547.0
15903,2054-06-01,GW_storage_MT_NE_GW[AF],137756.0,23764134532.0,82052303.0
15904,2054-07-01,GW_storage_MT_NE_GW[AF],137041.0,23839346953.0,82189344.0
15905,2054-08-01,GW_storage_MT_NE_GW[AF],135206.0,23913680649.0,82324550.0
15906,2054-09-01,GW_storage_MT_NE_GW[AF],133196.0,23987275722.0,82457746.0
15907,2054-10-01,GW_storage_MT_NE_GW[AF],130482.0,24060063673.0,82588228.0
15908,2054-11-01,GW_storage_MT_NE_GW[AF],127606.0,24132040073.0,82715834.0
15909,2054-12-01,GW_storage_MT_NE_GW[AF],124647.0,24203075252.0,82840481.0
15910,2055-01-01,GW_storage_MT_NE_GW[AF],121722.0,24273232069.0,82962203.0
15911,2055-02-01,GW_storage_MT_NE_GW[AF],119137.0,24346983422.0,83081340.0
15912,2055-03-01,GW_storage_MT_NE_GW[AF],116361.0,24429418525.0,83197701.0
15913,2055-04-01,GW_storage_MT_NE_GW[AF],113777.0,24519974284.0,83311478.0
15914,2055-05-01,GW_storage_MT_NE_GW[AF],113919.0,24612887460.0,83425397.0
15915,2055-06-01,GW_storage_MT_NE_GW[AF],112071.0,24705731755.0,83537468.0
15916,2055-07-01,GW_storage_MT_NE_GW[AF],109752.0,24797561549.0,83647220.0
15917,2055-08-01,GW_storage_MT_NE_GW[AF],107349.0,24888417864.0,83754569.0
15918,2055-09-01,GW_storage_MT_NE_GW[AF],105198.0,24978247446.0,83859767.0
15919,2055-10-01,GW_storage_MT_NE_GW[AF],102781.0,25067037402.0,83962548.0
15920,2055-11-01,GW_storage_MT_NE_GW[AF],100465.0,25154620871.0,84063013.0
15921,2055-12-01,GW_storage_MT_NE_GW[AF],98091.0,25240958786.0,84161104.0
15922,2056-01-01,GW_storage_MT_NE_GW[AF],95753.0,25326085001.0,84256857.0
15923,2056-02-01,GW_storage_MT_NE_GW[AF],93609.0,25410115783.0,84350466.0
15924,2056-03-01,GW_storage_MT_NE_GW[AF],91356.0,25493046199.0,84441822.0
15925,2056-04-01,GW_storage_MT_NE_GW[AF],89205.0,25579867650.0,84531027.0
15926,2056-05-01,GW_storage_MT_NE_GW[AF],86997.0,25665994452.0,84618024.0
15927,2056-06-01,GW_storage_MT_NE_GW[AF],84878.0,25751014051.0,84702902.0
15928,2056-07-01,GW_storage_MT_NE_GW[AF],82571.0,25834999057.0,84785473.0
15929,2056-08-01,GW_storage_MT_NE_GW[AF],80171.0,25918012980.0,84865644.0
15930,2056-09-01,GW_storage_MT_NE_GW[AF],78312.0,26000006720.0,84943956.0
15931,2056-10-01,GW_storage_MT_NE_GW[AF],76543.0,26080893812.0,85020499.0
15932,2056-11-01,GW_storage_MT_NE_GW[AF],74837.0,26160908259.0,85095336.0
15933,2056-12-01,GW_storage_MT_NE_GW[AF],73086.0,26240212456.0,85168422.0
15934,2057-01-01,GW_storage_MT_NE_GW[AF],71362.0,26318587848.0,85239784.0
15935,2057-02-01,GW_storage_MT_NE_GW[AF],69838.0,26395985372.0,85309622.0
15936,2057-03-01,GW_storage_MT_NE_GW[AF],68177.0,26472734266.0,85377799.0
15937,2057-04-01,GW_storage_MT_NE_GW[AF],67108.0,26556295278.0,85444907.0
15938,2057-05-01,GW_storage_MT_NE_GW[AF],65945.0,26638790503.0,85510852.0
15939,2057-06-01,GW_storage_MT_NE_GW[AF],64474.0,26720263696.0,85575326.0
15940,2057-07-01,GW_storage_MT_NE_GW[AF],62784.0,26800720453.0,85638110.0
15941,2057-08-01,GW_storage_MT_NE_GW[AF],61194.0,26880212595.0,85699304.0
15942,2057-09-01,GW_storage_MT_NE_GW[AF],60100.0,26958875022.0,85759404.0
15943,2057-10-01,GW_storage_MT_NE_GW[AF],58753.0,27036568588.0,85818157.0
15944,2057-11-01,GW_storage_MT_NE_GW[AF],57452.0,27113396201.0,85875609.0
15945,2057-12-01,GW_storage_MT_NE_GW[AF],56115.0,27189264327.0,85931724.0
15946,2058-01-01,GW_storage_MT_NE_GW[AF],54792.0,27264124633.0,85986516.0
15947,2058-02-01,GW_storage_MT_NE_GW[AF],53624.0,27348265847.0,86040140.0
15948,2058-03-01,GW_storage_MT_NE_GW[AF],52346.0,27440889382.0,86092486.0
15949,2058-04-01,GW_storage_MT_NE_GW[AF],51208.0,27539133274.0,86143694.0
15950,2058-05-01,GW_storage_MT_NE_GW[AF],49949.0,27639449314.0,86193643.0
15951,2058-06-01,GW_storage_MT_NE_GW[AF],48753.0,27738779306.0,86242396.0
15952,2058-07-01,GW_storage_MT_NE_GW[AF],47544.0,27837531793.0,86289940.0
15953,2058-08-01,GW_storage_MT_NE_GW[AF],46310.0,27935280444.0,86336250.0
15954,2058-09-01,GW_storage_MT_NE_GW[AF],45093.0,28031862865.0,86381343.0
15955,2058-10-01,GW_storage_MT_NE_GW[AF],44034.0,28127260463.0,86425377.0
15956,2058-11-01,GW_storage_MT_NE_GW[AF],43022.0,28221366217.0,86468399.0
15957,2058-12-01,GW_storage_MT_NE_GW[AF],41991.0,28314157055.0,86510390.0
15958,2059-01-01,GW_storage_MT_NE_GW[AF],40976.0,28405540773.0,86551366.0
15959,2059-02-01,GW_storage_MT_NE_GW[AF],40082.0,28502067677.0,86591448.0
15960,2059-03-01,GW_storage_MT_NE_GW[AF],39106.0,28605457246.0,86630554.0
15961,2059-04-01,GW_storage_MT_NE_GW[AF],38179.0,28717814838.0,86668733.0
15962,2059-05-01,GW_storage_MT_NE_GW[AF],37234.0,28830913147.0,86705967.0
15963,2059-06-01,GW_storage_MT_NE_GW[AF],36341.0,28943770190.0,86742308.0
15964,2059-07-01,GW_storage_MT_NE_GW[AF],35380.0,29055182582.0,86777688.0
15965,2059-08-01,GW_storage_MT_NE_GW[AF],34353.0,29165160032.0,86812041.0
15966,2059-09-01,GW_storage_MT_NE_GW[AF],33543.0,29273920291.0,86845584.0
15967,2059-10-01,GW_storage_MT_NE_GW[AF],32746.0,29381402010.0,86878330.0
15968,2059-11-01,GW_storage_MT_NE_GW[AF],31986.0,29487451547.0,86910316.0
15969,2059-12-01,GW_storage_MT_NE_GW[AF],31214.0,29592083281.0,86941530.0
15970,2060-01-01,GW_storage_MT_NE_GW[AF],30457.0,29695071869.0,86971987.0
15971,2060-02-01,GW_storage_MT_NE_GW[AF],29764.0,29797999369.0,87001751.0
15972,2060-03-01,GW_storage_MT_NE_GW[AF],29038.0,29907235449.0,87030789.0
15973,2060-04-01,GW_storage_MT_NE_GW[AF],28349.0,30022282651.0,87059138.0
15974,2060-05-01,GW_storage_MT_NE_GW[AF],27646.0,30138204137.0,87086784.0
15975,2060-06-01,GW_storage_MT_NE_GW[AF],26982.0,30253989194.0,87113766.0
15976,2060-07-01,GW_storage_MT_NE_GW[AF],26329.0,30369445165.0,87140095.0
15977,2060-08-01,GW_storage_MT_NE_GW[AF],25745.0,30483354195.0,87165840.0
15978,2060-09-01,GW_storage_MT_NE_GW[AF],25200.0,30595912136.0,87191040.0
15979,2060-10-01,GW_storage_MT_NE_GW[AF],24577.0,30707058453.0,87215617.0
15980,2060-11-01,GW_storage_MT_NE_GW[AF],23989.0,30816686913.0,87239606.0
15981,2060-12-01,GW_storage_MT_NE_GW[AF],23397.0,30924630927.0,87263003.0
15982,2061-01-01,GW_storage_MT_NE_GW[AF],22819.0,31038058188.0,87285822.0
15983,2061-02-01,GW_storage_MT_NE_GW[AF],22308.0,31163247262.0,87308130.0
15984,2061-03-01,GW_storage_MT_NE_GW[AF],21757.0,31301926464.0,87329887.0
15985,2061-04-01,GW_storage_MT_NE_GW[AF],21235.0,31460043743.0,87351122.0
15986,2061-05-01,GW_storage_MT_NE_GW[AF],20709.0,31621719240.0,87371831.0
15987,2061-06-01,GW_storage_MT_NE_GW[AF],20213.0,31781944019.0,87392044.0
15988,2061-07-01,GW_storage_MT_NE_GW[AF],19726.0,31940594248.0,87411770.0
15989,2061-08-01,GW_storage_MT_NE_GW[AF],19289.0,32097666692.0,87431059.0
15990,2061-09-01,GW_storage_MT_NE_GW[AF],18893.0,32253244922.0,87449952.0
15991,2061-10-01,GW_storage_MT_NE_GW[AF],18467.0,32407132898.0,87468419.0
15992,2061-11-01,GW_storage_MT_NE_GW[AF],18053.0,32559108380.0,87486472.0
15993,2061-12-01,GW_storage_MT_NE_GW[AF],17628.0,32709321481.0,87504100.0
15994,2062-01-01,GW_storage_MT_NE_GW[AF],17210.0,32858735378.0,87521310.0
15995,2062-02-01,GW_storage_MT_NE_GW[AF],16840.0,33022044851.0,87538150.0
15996,2062-03-01,GW_storage_MT_NE_GW[AF],16436.0,33198837130.0,87554586.0
15997,2062-04-01,GW_storage_MT_NE_GW[AF],16051.0,33390837210.0,87570637.0
15998,2062-05-01,GW_storage_MT_NE_GW[AF],15653.0,33584259641.0,87586290.0
15999,2062-06-01,GW_storage_MT_NE_GW[AF],15295.0,33776858517.0,87601585.0
16000,2062-07-01,GW_storage_MT_NE_GW[AF],14878.0,33967635736.0,87616463.0
16001,2062-08-01,GW_storage_MT_NE_GW[AF],14292.0,34156855847.0,87630755.0
16002,2062-09-01,GW_storage_MT_NE_GW[AF],13775.0,34344548104.0,87644530.0
16003,2062-10-01,GW_storage_MT_NE_GW[AF],13308.0,34530332137.0,87657838.0
16004,2062-11-01,GW_storage_MT_NE_GW[AF],12891.0,34714073091.0,87670729.0
16005,2062-12-01,GW_storage_MT_NE_GW[AF],12495.0,34895778448.0,87683224.0
16006,2063-01-01,GW_storage_MT_NE_GW[AF],12123.0,35079072230.0,87695347.0
16007,2063-02-01,GW_storage_MT_NE_GW[AF],11801.0,35269350335.0,87707148.0
16008,2063-03-01,GW_storage_MT_NE_GW[AF],11446.0,35470064786.0,87718594.0
16009,2063-04-01,GW_storage_MT_NE_GW[AF],11145.0,35683040547.0,87729739.0
16010,2063-05-01,GW_storage_MT_NE_GW[AF],10869.0,35907121073.0,87740608.0
16011,2063-06-01,GW_storage_MT_NE_GW[AF],10609.0,36134854310.0,87751217.0
16012,2063-07-01,GW_storage_MT_NE_GW[AF],10348.0,36361472567.0,87761565.0
16013,2063-08-01,GW_storage_MT_NE_GW[AF],10096.0,36586142514.0,87771661.0
16014,2063-09-01,GW_storage_MT_NE_GW[AF],9867.0,36808934029.0,87781528.0
16015,2063-10-01,GW_storage_MT_NE_GW[AF],9650.0,37029507927.0,87791178.0
16016,2063-11-01,GW_storage_MT_NE_GW[AF],9430.0,37248012309.0,87800608.0
16017,2063-12-01,GW_storage_MT_NE_GW[AF],9207.0,37465671472.0,87809815.0
16018,2064-01-01,GW_storage_MT_NE_GW[AF],8987.0,37694815963.0,87818802.0
16019,2064-02-01,GW_storage_MT_NE_GW[AF],8786.0,37945097639.0,87827588.0
16020,2064-03-01,GW_storage_MT_NE_GW[AF],8580.0,38213638934.0,87836168.0
16021,2064-04-01,GW_storage_MT_NE_GW[AF],8377.0,38493367090.0,87844545.0
16022,2064-05-01,GW_storage_MT_NE_GW[AF],8170.0,38776738105.0,87852715.0
16023,2064-06-01,GW_storage_MT_NE_GW[AF],7974.0,39060661713.0,87860689.0
16024,2064-07-01,GW_storage_MT_NE_GW[AF],7785.0,39341932866.0,87868474.0
16025,2064-08-01,GW_storage_MT_NE_GW[AF],7623.0,39620711220.0,87876097.0
16026,2064-09-01,GW_storage_MT_NE_GW[AF],7481.0,39897002798.0,87883578.0
16027,2064-10-01,GW_storage_MT_NE_GW[AF],7321.0,40170736712.0,87890899.0
16028,2064-11-01,GW_storage_MT_NE_GW[AF],7159.0,40442044957.0,87898058.0
16029,2064-12-01,GW_storage_MT_NE_GW[AF],6992.0,40711834451.0,87905050.0
16030,2065-01-01,GW_storage_MT_NE_GW[AF],6827.0,40982757097.0,87911877.0
16031,2065-02-01,GW_storage_MT_NE_GW[AF],6681.0,41255716076.0,87918558.0
16032,2065-03-01,GW_storage_MT_NE_GW[AF],6525.0,41533378347.0,87925083.0
16033,2065-04-01,GW_storage_MT_NE_GW[AF],6386.0,41819419395.0,87931469.0
16034,2065-05-01,GW_storage_MT_NE_GW[AF],6243.0,42107659636.0,87937712.0
16035,2065-06-01,GW_storage_MT_NE_GW[AF],6098.0,42393392346.0,87943810.0
16036,2065-07-01,GW_storage_MT_NE_GW[AF],5948.0,42678359041.0,87949758.0
16037,2065-08-01,GW_storage_MT_NE_GW[AF],5799.0,42960938762.0,87955557.0
16038,2065-09-01,GW_storage_MT_NE_GW[AF],5661.0,43241061639.0,87961218.0
16039,2065-10-01,GW_storage_MT_NE_GW[AF],5529.0,43518553408.0,87966747.0
16040,2065-11-01,GW_storage_MT_NE_GW[AF],5413.0,43793351378.0,87972160.0
16041,2065-12-01,GW_storage_MT_NE_GW[AF],5291.0,44065325818.0,87977451.0
16042,2066-01-01,GW_storage_MT_NE_GW[AF],5171.0,44334625115.0,87982622.0
16043,2066-02-01,GW_storage_MT_NE_GW[AF],5063.0,44601575728.0,87987685.0
16044,2066-03-01,GW_storage_MT_NE_GW[AF],5008.0,44865977654.0,87992693.0
16045,2066-04-01,GW_storage_MT_NE_GW[AF],5108.0,45130939542.0,87997801.0
16046,2066-05-01,GW_storage_MT_NE_GW[AF],4942.0,45393925169.0,88002743.0
16047,2066-06-01,GW_storage_MT_NE_GW[AF],4848.0,45654573916.0,88007591.0
16048,2066-07-01,GW_storage_MT_NE_GW[AF],4827.0,45912927675.0,88012418.0
16049,2066-08-01,GW_storage_MT_NE_GW[AF],4782.0,46169111465.0,88017200.0
16050,2066-09-01,GW_storage_MT_NE_GW[AF],4737.0,46423600426.0,88021937.0
16051,2066-10-01,GW_storage_MT_NE_GW[AF],4633.0,46676263355.0,88026570.0
16052,2066-11-01,GW_storage_MT_NE_GW[AF],4495.0,46927228863.0,88031065.0
16053,2066-12-01,GW_storage_MT_NE_GW[AF],4362.0,47176198480.0,88035427.0
16054,2067-01-01,GW_storage_MT_NE_GW[AF],4236.0,47422896821.0,88039663.0
16055,2067-02-01,GW_storage_MT_NE_GW[AF],4127.0,47667661431.0,88043790.0
16056,2067-03-01,GW_storage_MT_NE_GW[AF],3912.0,47910308464.0,88047702.0
16057,2067-04-01,GW_storage_MT_NE_GW[AF],3387.0,48151085524.0,88051089.0
16058,2067-05-01,GW_storage_MT_NE_GW[AF],847.0,48389950965.0,88051936.0
16059,2067-06-01,GW_storage_MT_NE_GW[AF],795.0,48627002221.0,88052731.0
16060,2067-07-01,GW_storage_MT_NE_GW[AF],793.0,48862124917.0,88053524.0
16061,2067-08-01,GW_storage_MT_NE_GW[AF],798.0,49095321876.0,88054322.0
16062,2067-09-01,GW_storage_MT_NE_GW[AF],801.0,49326841519.0,88055123.0
16063,2067-10-01,GW_storage_MT_NE_GW[AF],796.0,49556552267.0,88055919.0
16064,2067-11-01,GW_storage_MT_NE_GW[AF],789.0,49784868208.0,88056708.0
16065,2067-12-01,GW_storage_MT_NE_GW[AF],779.0,50011545293.0,88057487.0
16066,2068-01-01,GW_storage_MT_NE_GW[AF],767.0,50238331069.0,88058254.0
16067,2068-02-01,GW_storage_MT_NE_GW[AF],756.0,50478937732.0,88059010.0
16068,2068-03-01,GW_storage_MT_NE_GW[AF],743.0,50739381265.0,88059753.0
16069,2068-04-01,GW_storage_MT_NE_GW[AF],736.0,51011294375.0,88060489.0
16070,2068-05-01,GW_storage_MT_NE_GW[AF],716.0,51290774772.0,88061205.0
16071,2068-06-01,GW_storage_MT_NE_GW[AF],699.0,51571539123.0,88061904.0
16072,2068-07-01,GW_storage_MT_NE_GW[AF],678.0,51851333229.0,88062582.0
16073,2068-08-01,GW_storage_MT_NE_GW[AF],656.0,52129191774.0,88063238.0
16074,2068-09-01,GW_storage_MT_NE_GW[AF],643.0,52405096290.0,88063881.0
16075,2068-10-01,GW_storage_MT_NE_GW[AF],629.0,52678907664.0,88064510.0
16076,2068-11-01,GW_storage_MT_NE_GW[AF],615.0,52950483517.0,88065125.0
16077,2068-12-01,GW_storage_MT_NE_GW[AF],603.0,53219819895.0,88065728.0
16078,2069-01-01,GW_storage_MT_NE_GW[AF],589.0,53487155316.0,88066317.0
16079,2069-02-01,GW_storage_MT_NE_GW[AF],576.0,53760870931.0,88066893.0
16080,2069-03-01,GW_storage_MT_NE_GW[AF],563.0,54039428849.0,88067456.0
16081,2069-04-01,GW_storage_MT_NE_GW[AF],550.0,54324092180.0,88068006.0
16082,2069-05-01,GW_storage_MT_NE_GW[AF],536.0,54609436481.0,88068542.0
16083,2069-06-01,GW_storage_MT_NE_GW[AF],526.0,54894337917.0,88069068.0
16084,2069-07-01,GW_storage_MT_NE_GW[AF],520.0,55177218144.0,88069588.0
16085,2069-08-01,GW_storage_MT_NE_GW[AF],513.0,55458179949.0,88070101.0
16086,2069-09-01,GW_storage_MT_NE_GW[AF],509.0,55737226700.0,88070610.0
16087,2069-10-01,GW_storage_MT_NE_GW[AF],500.0,56014313112.0,88071110.0
16088,2069-11-01,GW_storage_MT_NE_GW[AF],492.0,56289244905.0,88071602.0
16089,2069-12-01,GW_storage_MT_NE_GW[AF],483.0,56561948550.0,88072085.0
16090,2070-01-01,GW_storage_MT_NE_GW[AF],473.0,56832455571.0,88072558.0
16091,2070-02-01,GW_storage_MT_NE_GW[AF],464.0,57101031869.0,88073022.0
16092,2070-03-01,GW_storage_MT_NE_GW[AF],453.0,57367456127.0,88073475.0
16093,2070-04-01,GW_storage_MT_NE_GW[AF],443.0,57631884127.0,88073918.0
16094,2070-05-01,GW_storage_MT_NE_GW[AF],432.0,57894580730.0,88074350.0
16095,2070-06-01,GW_storage_MT_NE_GW[AF],422.0,58156625113.0,88074772.0
16096,2070-07-01,GW_storage_MT_NE_GW[AF],411.0,58417720429.0,88075183.0
16097,2070-08-01,GW_storage_MT_NE_GW[AF],403.0,58677125935.0,88075586.0
16098,2070-09-01,GW_storage_MT_NE_GW[AF],399.0,58935122487.0,88075985.0
16099,2070-10-01,GW_storage_MT_NE_GW[AF],390.0,59191573450.0,88076375.0
16100,2070-11-01,GW_storage_MT_NE_GW[AF],383.0,59446278042.0,88076758.0
16101,2070-12-01,GW_storage_MT_NE_GW[AF],375.0,59699129256.0,88077133.0
16102,2025-08-01,GW_storage_MT_NW_GW[AF],41381.0,60752330.0,41381.0
16103,2025-09-01,GW_storage_MT_NW_GW[AF],49033.0,63291561.0,90414.0
16104,2025-10-01,GW_storage_MT_NW_GW[AF],50723.0,66117192.0,141137.0
16105,2025-11-01,GW_storage_MT_NW_GW[AF],51791.0,69169207.0,192928.0
16106,2025-12-01,GW_storage_MT_NW_GW[AF],52432.0,72377661.0,245360.0
16107,2026-01-01,GW_storage_MT_NW_GW[AF],52802.0,75644729.0,298162.0
16108,2026-02-01,GW_storage_MT_NW_GW[AF],53066.0,83025589.0,351228.0
16109,2026-03-01,GW_storage_MT_NW_GW[AF],53169.0,93674924.0,404397.0
16110,2026-04-01,GW_storage_MT_NW_GW[AF],52973.0,112497734.0,457370.0
16111,2026-05-01,GW_storage_MT_NW_GW[AF],52378.0,136460613.0,509748.0
16112,2026-06-01,GW_storage_MT_NW_GW[AF],51756.0,160180041.0,561504.0
16113,2026-07-01,GW_storage_MT_NW_GW[AF],51115.0,184580314.0,612619.0
16114,2026-08-01,GW_storage_MT_NW_GW[AF],50481.0,208538131.0,663100.0
16115,2026-09-01,GW_storage_MT_NW_GW[AF],49876.0,232132273.0,712976.0
16116,2026-10-01,GW_storage_MT_NW_GW[AF],49258.0,255250646.0,762234.0
16117,2026-11-01,GW_storage_MT_NW_GW[AF],48666.0,277908394.0,810900.0
16118,2026-12-01,GW_storage_MT_NW_GW[AF],48063.0,300103214.0,858963.0
16119,2027-01-01,GW_storage_MT_NW_GW[AF],47467.0,321847786.0,906430.0
16120,2027-02-01,GW_storage_MT_NW_GW[AF],46935.0,343199646.0,953365.0
16121,2027-03-01,GW_storage_MT_NW_GW[AF],46353.0,369620421.0,999718.0
16122,2027-04-01,GW_storage_MT_NW_GW[AF],45797.0,409179141.0,1045515.0
16123,2027-05-01,GW_storage_MT_NW_GW[AF],45229.0,455970259.0,1090744.0
16124,2027-06-01,GW_storage_MT_NW_GW[AF],44686.0,506103237.0,1135430.0
16125,2027-07-01,GW_storage_MT_NW_GW[AF],44132.0,558027240.0,1179562.0
16126,2027-08-01,GW_storage_MT_NW_GW[AF],43585.0,610747556.0,1223147.0
16127,2027-09-01,GW_storage_MT_NW_GW[AF],43062.0,662576568.0,1266209.0
16128,2027-10-01,GW_storage_MT_NW_GW[AF],42528.0,713531026.0,1308737.0
16129,2027-11-01,GW_storage_MT_NW_GW[AF],42017.0,763602436.0,1350754.0
16130,2027-12-01,GW_storage_MT_NW_GW[AF],41497.0,812846873.0,1392251.0
16131,2028-01-01,GW_storage_MT_NW_GW[AF],40983.0,861121911.0,1433234.0
16132,2028-02-01,GW_storage_MT_NW_GW[AF],40507.0,908650771.0,1473741.0
16133,2028-03-01,GW_storage_MT_NW_GW[AF],40004.0,959000163.0,1513745.0
16134,2028-04-01,GW_storage_MT_NW_GW[AF],39525.0,1012039411.0,1553270.0
16135,2028-05-01,GW_storage_MT_NW_GW[AF],39035.0,1068060916.0,1592305.0
16136,2028-06-01,GW_storage_MT_NW_GW[AF],38567.0,1125203670.0,1630872.0
16137,2028-07-01,GW_storage_MT_NW_GW[AF],38088.0,1183903968.0,1668960.0
16138,2028-08-01,GW_storage_MT_NW_GW[AF],37616.0,1241633200.0,1706576.0
16139,2028-09-01,GW_storage_MT_NW_GW[AF],37164.0,1298536546.0,1743740.0
16140,2028-10-01,GW_storage_MT_NW_GW[AF],36704.0,1354465802.0,1780444.0
16141,2028-11-01,GW_storage_MT_NW_GW[AF],36264.0,1409406877.0,1816708.0
16142,2028-12-01,GW_storage_MT_NW_GW[AF],35813.0,1463330743.0,1852521.0
16143,2029-01-01,GW_storage_MT_NW_GW[AF],35369.0,1516331973.0,1887890.0
16144,2029-02-01,GW_storage_MT_NW_GW[AF],34974.0,1568436361.0,1922864.0
16145,2029-03-01,GW_storage_MT_NW_GW[AF],34539.0,1622957905.0,1957403.0
16146,2029-04-01,GW_storage_MT_NW_GW[AF],34125.0,1679352962.0,1991528.0
16147,2029-05-01,GW_storage_MT_NW_GW[AF],33702.0,1742904338.0,2025230.0
16148,2029-06-01,GW_storage_MT_NW_GW[AF],33297.0,1807169538.0,2058527.0
16149,2029-07-01,GW_storage_MT_NW_GW[AF],32885.0,1872474684.0,2091412.0
16150,2029-08-01,GW_storage_MT_NW_GW[AF],32477.0,1936569687.0,2123889.0
16151,2029-09-01,GW_storage_MT_NW_GW[AF],32087.0,1999536921.0,2155976.0
16152,2029-10-01,GW_storage_MT_NW_GW[AF],31689.0,2061251234.0,2187665.0
16153,2029-11-01,GW_storage_MT_NW_GW[AF],31309.0,2121792309.0,2218974.0
16154,2029-12-01,GW_storage_MT_NW_GW[AF],30921.0,2181276298.0,2249895.0
16155,2030-01-01,GW_storage_MT_NW_GW[AF],30537.0,2239598911.0,2280432.0
16156,2030-02-01,GW_storage_MT_NW_GW[AF],30195.0,2296908282.0,2310627.0
16157,2030-03-01,GW_storage_MT_NW_GW[AF],29821.0,2353273149.0,2340448.0
16158,2030-04-01,GW_storage_MT_NW_GW[AF],29463.0,2408813513.0,2369911.0
16159,2030-05-01,GW_storage_MT_NW_GW[AF],29098.0,2463288321.0,2399009.0
16160,2030-06-01,GW_storage_MT_NW_GW[AF],28723.0,2519189259.0,2427732.0
16161,2030-07-01,GW_storage_MT_NW_GW[AF],28367.0,2574987711.0,2456099.0
16162,2030-08-01,GW_storage_MT_NW_GW[AF],28016.0,2629845780.0,2484115.0
16163,2030-09-01,GW_storage_MT_NW_GW[AF],27681.0,2683731630.0,2511796.0
16164,2030-10-01,GW_storage_MT_NW_GW[AF],27338.0,2736573135.0,2539134.0
16165,2030-11-01,GW_storage_MT_NW_GW[AF],27010.0,2788437015.0,2566144.0
16166,2030-12-01,GW_storage_MT_NW_GW[AF],26675.0,2839371858.0,2592819.0
16167,2031-01-01,GW_storage_MT_NW_GW[AF],26344.0,2889285425.0,2619163.0
16168,2031-02-01,GW_storage_MT_NW_GW[AF],26049.0,2938331300.0,2645212.0
16169,2031-03-01,GW_storage_MT_NW_GW[AF],25726.0,2986403207.0,2670938.0
16170,2031-04-01,GW_storage_MT_NW_GW[AF],25417.0,3034117058.0,2696355.0
16171,2031-05-01,GW_storage_MT_NW_GW[AF],25103.0,3081639947.0,2721458.0
16172,2031-06-01,GW_storage_MT_NW_GW[AF],24802.0,3128466639.0,2746260.0
16173,2031-07-01,GW_storage_MT_NW_GW[AF],24493.0,3175256040.0,2770753.0
16174,2031-08-01,GW_storage_MT_NW_GW[AF],24190.0,3221201089.0,2794943.0
16175,2031-09-01,GW_storage_MT_NW_GW[AF],23900.0,3266538806.0,2818843.0
16176,2031-10-01,GW_storage_MT_NW_GW[AF],23603.0,3311005126.0,2842446.0
16177,2031-11-01,GW_storage_MT_NW_GW[AF],23320.0,3354843436.0,2865766.0
16178,2031-12-01,GW_storage_MT_NW_GW[AF],23031.0,3397917039.0,2888797.0
16179,2032-01-01,GW_storage_MT_NW_GW[AF],22745.0,3440765830.0,2911542.0
16180,2032-02-01,GW_storage_MT_NW_GW[AF],22481.0,3500332884.0,2934023.0
16181,2032-03-01,GW_storage_MT_NW_GW[AF],22202.0,3570397039.0,2956225.0
16182,2032-04-01,GW_storage_MT_NW_GW[AF],21935.0,3645988541.0,2978160.0
16183,2032-05-01,GW_storage_MT_NW_GW[AF],21664.0,3723860841.0,2999824.0
16184,2032-06-01,GW_storage_MT_NW_GW[AF],21404.0,3803847465.0,3021228.0
16185,2032-07-01,GW_storage_MT_NW_GW[AF],21138.0,3884065220.0,3042366.0
16186,2032-08-01,GW_storage_MT_NW_GW[AF],20876.0,3963910669.0,3063242.0
16187,2032-09-01,GW_storage_MT_NW_GW[AF],20626.0,4042724779.0,3083868.0
16188,2032-10-01,GW_storage_MT_NW_GW[AF],20371.0,4120308321.0,3104239.0
16189,2032-11-01,GW_storage_MT_NW_GW[AF],20125.0,4196679403.0,3124364.0
16190,2032-12-01,GW_storage_MT_NW_GW[AF],19876.0,4271822754.0,3144240.0
16191,2033-01-01,GW_storage_MT_NW_GW[AF],19630.0,4345538492.0,3163870.0
16192,2033-02-01,GW_storage_MT_NW_GW[AF],19410.0,4423218301.0,3183280.0
16193,2033-03-01,GW_storage_MT_NW_GW[AF],19168.0,4505470297.0,3202448.0
16194,2033-04-01,GW_storage_MT_NW_GW[AF],18938.0,4590681136.0,3221386.0
16195,2033-05-01,GW_storage_MT_NW_GW[AF],18704.0,4675360581.0,3240090.0
16196,2033-06-01,GW_storage_MT_NW_GW[AF],18479.0,4760708398.0,3258569.0
16197,2033-07-01,GW_storage_MT_NW_GW[AF],18250.0,4846138178.0,3276819.0
16198,2033-08-01,GW_storage_MT_NW_GW[AF],18023.0,4931118427.0,3294842.0
16199,2033-09-01,GW_storage_MT_NW_GW[AF],17807.0,5014914731.0,3312649.0
16200,2033-10-01,GW_storage_MT_NW_GW[AF],17587.0,5097508172.0,3330236.0
16201,2033-11-01,GW_storage_MT_NW_GW[AF],17376.0,5178663669.0,3347612.0
16202,2033-12-01,GW_storage_MT_NW_GW[AF],17160.0,5258443309.0,3364772.0
16203,2034-01-01,GW_storage_MT_NW_GW[AF],16946.0,5339163828.0,3381718.0
16204,2034-02-01,GW_storage_MT_NW_GW[AF],16758.0,5418722190.0,3398476.0
16205,2034-03-01,GW_storage_MT_NW_GW[AF],16549.0,5500220744.0,3415025.0
16206,2034-04-01,GW_storage_MT_NW_GW[AF],16351.0,5584032903.0,3431376.0
16207,2034-05-01,GW_storage_MT_NW_GW[AF],16148.0,5676873319.0,3447524.0
16208,2034-06-01,GW_storage_MT_NW_GW[AF],15954.0,5773341236.0,3463478.0
16209,2034-07-01,GW_storage_MT_NW_GW[AF],281876.0,5871231225.0,3745354.0
16210,2034-08-01,GW_storage_MT_NW_GW[AF],278381.0,5968392389.0,4023735.0
16211,2034-09-01,GW_storage_MT_NW_GW[AF],275041.0,6064112138.0,4298776.0
16212,2034-10-01,GW_storage_MT_NW_GW[AF],271630.0,6158273690.0,4570406.0
16213,2034-11-01,GW_storage_MT_NW_GW[AF],268371.0,6251013792.0,4838777.0
16214,2034-12-01,GW_storage_MT_NW_GW[AF],265043.0,6342469856.0,5103820.0
16215,2035-01-01,GW_storage_MT_NW_GW[AF],261756.0,6432436397.0,5365576.0
16216,2035-02-01,GW_storage_MT_NW_GW[AF],258825.0,6520973109.0,5624401.0
16217,2035-03-01,GW_storage_MT_NW_GW[AF],255616.0,6608114132.0,5880017.0
16218,2035-04-01,GW_storage_MT_NW_GW[AF],252548.0,6694040771.0,6132565.0
16219,2035-05-01,GW_storage_MT_NW_GW[AF],249416.0,6778544504.0,6381981.0
16220,2035-06-01,GW_storage_MT_NW_GW[AF],246424.0,6863239534.0,6628405.0
16221,2035-07-01,GW_storage_MT_NW_GW[AF],243368.0,6947511289.0,6871773.0
16222,2035-08-01,GW_storage_MT_NW_GW[AF],240964.0,7030376153.0,7112737.0
16223,2035-09-01,GW_storage_MT_NW_GW[AF],238072.0,7112119087.0,7350809.0
16224,2035-10-01,GW_storage_MT_NW_GW[AF],235120.0,7192574428.0,7585929.0
16225,2035-11-01,GW_storage_MT_NW_GW[AF],232299.0,7271865334.0,7818228.0
16226,2035-12-01,GW_storage_MT_NW_GW[AF],229419.0,7350179909.0,8047647.0
16227,2036-01-01,GW_storage_MT_NW_GW[AF],226574.0,7427195979.0,8274221.0
16228,2036-02-01,GW_storage_MT_NW_GW[AF],223946.0,7503024891.0,8498167.0
16229,2036-03-01,GW_storage_MT_NW_GW[AF],221169.0,7577632108.0,8719336.0
16230,2036-04-01,GW_storage_MT_NW_GW[AF],218515.0,7651185144.0,8937851.0
16231,2036-05-01,GW_storage_MT_NW_GW[AF],215805.0,7724300240.0,9153656.0
16232,2036-06-01,GW_storage_MT_NW_GW[AF],213216.0,7796353708.0,9366872.0
16233,2036-07-01,GW_storage_MT_NW_GW[AF],210572.0,7867314948.0,9577444.0
16234,2036-08-01,GW_storage_MT_NW_GW[AF],207961.0,7937241278.0,9785405.0
16235,2036-09-01,GW_storage_MT_NW_GW[AF],205465.0,8006295323.0,9990870.0
16236,2036-10-01,GW_storage_MT_NW_GW[AF],202918.0,8074305646.0,10193788.0
16237,2036-11-01,GW_storage_MT_NW_GW[AF],200482.0,8141376577.0,10394270.0
16238,2036-12-01,GW_storage_MT_NW_GW[AF],197997.0,8207644541.0,10592267.0
16239,2037-01-01,GW_storage_MT_NW_GW[AF],195541.0,8273161410.0,10787808.0
16240,2037-02-01,GW_storage_MT_NW_GW[AF],193351.0,8337733681.0,10981159.0
16241,2037-03-01,GW_storage_MT_NW_GW[AF],190954.0,8401237350.0,11172113.0
16242,2037-04-01,GW_storage_MT_NW_GW[AF],188662.0,8463716442.0,11360775.0
16243,2037-05-01,GW_storage_MT_NW_GW[AF],186323.0,8525229166.0,11547098.0
16244,2037-06-01,GW_storage_MT_NW_GW[AF],184087.0,8585780498.0,11731185.0
16245,2037-07-01,GW_storage_MT_NW_GW[AF],181804.0,8645518277.0,11912989.0
16246,2037-08-01,GW_storage_MT_NW_GW[AF],179550.0,8704580765.0,12092539.0
16247,2037-09-01,GW_storage_MT_NW_GW[AF],177396.0,8763159684.0,12269935.0
16248,2037-10-01,GW_storage_MT_NW_GW[AF],175196.0,8821181815.0,12445131.0
16249,2037-11-01,GW_storage_MT_NW_GW[AF],173093.0,8878677095.0,12618224.0
16250,2037-12-01,GW_storage_MT_NW_GW[AF],170947.0,8935618642.0,12789171.0
16251,2038-01-01,GW_storage_MT_NW_GW[AF],168828.0,8991690289.0,12957999.0
16252,2038-02-01,GW_storage_MT_NW_GW[AF],166937.0,9049081585.0,13124936.0
16253,2038-03-01,GW_storage_MT_NW_GW[AF],164866.0,9108044798.0,13289802.0
16254,2038-04-01,GW_storage_MT_NW_GW[AF],162888.0,9168794933.0,13452690.0
16255,2038-05-01,GW_storage_MT_NW_GW[AF],160868.0,9229969082.0,13613558.0
16256,2038-06-01,GW_storage_MT_NW_GW[AF],158938.0,9290494843.0,13772496.0
16257,2038-07-01,GW_storage_MT_NW_GW[AF],156967.0,9350294408.0,13929463.0
16258,2038-08-01,GW_storage_MT_NW_GW[AF],155021.0,9409318940.0,14084484.0
16259,2038-09-01,GW_storage_MT_NW_GW[AF],153161.0,9467673979.0,14237645.0
16260,2038-10-01,GW_storage_MT_NW_GW[AF],151262.0,9525253636.0,14388907.0
16261,2038-11-01,GW_storage_MT_NW_GW[AF],149446.0,9582098472.0,14538353.0
16262,2038-12-01,GW_storage_MT_NW_GW[AF],147593.0,9638248766.0,14685946.0
16263,2039-01-01,GW_storage_MT_NW_GW[AF],145763.0,9693650977.0,14831709.0
16264,2039-02-01,GW_storage_MT_NW_GW[AF],144130.0,9750458830.0,14975839.0
16265,2039-03-01,GW_storage_MT_NW_GW[AF],142343.0,9809156458.0,15118182.0
16266,2039-04-01,GW_storage_MT_NW_GW[AF],140635.0,9868559467.0,15258817.0
16267,2039-05-01,GW_storage_MT_NW_GW[AF],138891.0,9927385773.0,15397708.0
16268,2039-06-01,GW_storage_MT_NW_GW[AF],137224.0,9986965256.0,15534932.0
16269,2039-07-01,GW_storage_MT_NW_GW[AF],135522.0,10046475029.0,15670454.0
16270,2039-08-01,GW_storage_MT_NW_GW[AF],134504.0,10105238592.0,15804958.0
16271,2039-09-01,GW_storage_MT_NW_GW[AF],133510.0,10163363477.0,15938468.0
16272,2039-10-01,GW_storage_MT_NW_GW[AF],131958.0,10220781260.0,16070426.0
16273,2039-11-01,GW_storage_MT_NW_GW[AF],130450.0,10277373162.0,16200876.0
16274,2039-12-01,GW_storage_MT_NW_GW[AF],128890.0,10333185165.0,16329766.0
16275,2040-01-01,GW_storage_MT_NW_GW[AF],127337.0,10388289039.0,16457103.0
16276,2040-02-01,GW_storage_MT_NW_GW[AF],125896.0,10442633493.0,16582999.0
16277,2040-03-01,GW_storage_MT_NW_GW[AF],124364.0,10496196844.0,16707363.0
16278,2040-04-01,GW_storage_MT_NW_GW[AF],122889.0,10549040409.0,16830252.0
16279,2040-05-01,GW_storage_MT_NW_GW[AF],121365.0,10601395194.0,16951617.0
16280,2040-06-01,GW_storage_MT_NW_GW[AF],119902.0,10653107949.0,17071519.0
16281,2040-07-01,GW_storage_MT_NW_GW[AF],118416.0,10704171007.0,17189935.0
16282,2040-08-01,GW_storage_MT_NW_GW[AF],116948.0,10754605305.0,17306883.0
16283,2040-09-01,GW_storage_MT_NW_GW[AF],115545.0,10804445973.0,17422428.0
16284,2040-10-01,GW_storage_MT_NW_GW[AF],114112.0,10853648570.0,17536540.0
16285,2040-11-01,GW_storage_MT_NW_GW[AF],112742.0,10902484914.0,17649282.0
16286,2040-12-01,GW_storage_MT_NW_GW[AF],111345.0,10950730644.0,17760627.0
16287,2041-01-01,GW_storage_MT_NW_GW[AF],109963.0,10998281298.0,17870590.0
16288,2041-02-01,GW_storage_MT_NW_GW[AF],108732.0,11047818234.0,17979322.0
16289,2041-03-01,GW_storage_MT_NW_GW[AF],107384.0,11099139984.0,18086706.0
16290,2041-04-01,GW_storage_MT_NW_GW[AF],106095.0,11151170281.0,18192801.0
16291,2041-05-01,GW_storage_MT_NW_GW[AF],104780.0,11202540882.0,18297581.0
16292,2041-06-01,GW_storage_MT_NW_GW[AF],103523.0,11253584926.0,18401104.0
16293,2041-07-01,GW_storage_MT_NW_GW[AF],102238.0,11304087287.0,18503342.0
16294,2041-08-01,GW_storage_MT_NW_GW[AF],100971.0,11354085428.0,18604313.0
16295,2041-09-01,GW_storage_MT_NW_GW[AF],99759.0,11403615397.0,18704072.0
16296,2041-10-01,GW_storage_MT_NW_GW[AF],98522.0,11452671944.0,18802594.0
16297,2041-11-01,GW_storage_MT_NW_GW[AF],97340.0,11501212889.0,18899934.0
16298,2041-12-01,GW_storage_MT_NW_GW[AF],96132.0,11549056939.0,18996066.0
16299,2042-01-01,GW_storage_MT_NW_GW[AF],94941.0,11596204581.0,19091007.0
16300,2042-02-01,GW_storage_MT_NW_GW[AF],93877.0,11642935334.0,19184884.0
16301,2042-03-01,GW_storage_MT_NW_GW[AF],92713.0,11689092595.0,19277597.0
16302,2042-04-01,GW_storage_MT_NW_GW[AF],91600.0,11735022869.0,19369197.0
16303,2042-05-01,GW_storage_MT_NW_GW[AF],90464.0,11780876718.0,19459661.0
16304,2042-06-01,GW_storage_MT_NW_GW[AF],89379.0,11826092725.0,19549040.0
16305,2042-07-01,GW_storage_MT_NW_GW[AF],88271.0,11871546727.0,19637311.0
16306,2042-08-01,GW_storage_MT_NW_GW[AF],87176.0,11916431990.0,19724487.0
16307,2042-09-01,GW_storage_MT_NW_GW[AF],86129.0,11960791410.0,19810616.0
16308,2042-10-01,GW_storage_MT_NW_GW[AF],85061.0,12004660184.0,19895677.0
16309,2042-11-01,GW_storage_MT_NW_GW[AF],84041.0,12048130811.0,19979718.0
16310,2042-12-01,GW_storage_MT_NW_GW[AF],82998.0,12091062837.0,20062716.0
16311,2043-01-01,GW_storage_MT_NW_GW[AF],81969.0,12133444088.0,20144685.0
16312,2043-02-01,GW_storage_MT_NW_GW[AF],81051.0,12175363925.0,20225736.0
16313,2043-03-01,GW_storage_MT_NW_GW[AF],80046.0,12216725340.0,20305782.0
16314,2043-04-01,GW_storage_MT_NW_GW[AF],79086.0,12257666079.0,20384868.0
16315,2043-05-01,GW_storage_MT_NW_GW[AF],78106.0,12298078753.0,20462974.0
16316,2043-06-01,GW_storage_MT_NW_GW[AF],77168.0,12338040338.0,20540142.0
16317,2043-07-01,GW_storage_MT_NW_GW[AF],76211.0,12377535688.0,20616353.0
16318,2043-08-01,GW_storage_MT_NW_GW[AF],75266.0,12416568319.0,20691619.0
16319,2043-09-01,GW_storage_MT_NW_GW[AF],74363.0,12455234071.0,20765982.0
16320,2043-10-01,GW_storage_MT_NW_GW[AF],73441.0,12493493716.0,20839423.0
16321,2043-11-01,GW_storage_MT_NW_GW[AF],72560.0,12531340494.0,20911983.0
16322,2043-12-01,GW_storage_MT_NW_GW[AF],71660.0,12568703212.0,20983643.0
16323,2044-01-01,GW_storage_MT_NW_GW[AF],70771.0,12605614127.0,21054414.0
16324,2044-02-01,GW_storage_MT_NW_GW[AF],69950.0,12642100391.0,21124364.0
16325,2044-03-01,GW_storage_MT_NW_GW[AF],69082.0,12678094207.0,21193446.0
16326,2044-04-01,GW_storage_MT_NW_GW[AF],68254.0,12715489683.0,21261700.0
16327,2044-05-01,GW_storage_MT_NW_GW[AF],67407.0,12757376464.0,21329107.0
16328,2044-06-01,GW_storage_MT_NW_GW[AF],66599.0,12798680033.0,21395706.0
16329,2044-07-01,GW_storage_MT_NW_GW[AF],65773.0,12840178366.0,21461479.0
16330,2044-08-01,GW_storage_MT_NW_GW[AF],64958.0,12881238666.0,21526437.0
16331,2044-09-01,GW_storage_MT_NW_GW[AF],64177.0,12921922929.0,21590614.0
16332,2044-10-01,GW_storage_MT_NW_GW[AF],63382.0,12962137170.0,21653996.0
16333,2044-11-01,GW_storage_MT_NW_GW[AF],62621.0,13001917872.0,21716617.0
16334,2044-12-01,GW_storage_MT_NW_GW[AF],61845.0,13041192913.0,21778462.0
16335,2045-01-01,GW_storage_MT_NW_GW[AF],61078.0,13079996277.0,21839540.0
16336,2045-02-01,GW_storage_MT_NW_GW[AF],60394.0,13119222084.0,21899934.0
16337,2045-03-01,GW_storage_MT_NW_GW[AF],59645.0,13158364150.0,21959579.0
16338,2045-04-01,GW_storage_MT_NW_GW[AF],58929.0,13198157185.0,22018508.0
16339,2045-05-01,GW_storage_MT_NW_GW[AF],58199.0,13237869018.0,22076707.0
16340,2045-06-01,GW_storage_MT_NW_GW[AF],57500.0,13278774379.0,22134207.0
16341,2045-07-01,GW_storage_MT_NW_GW[AF],56787.0,13324244062.0,22190994.0
16342,2045-08-01,GW_storage_MT_NW_GW[AF],56083.0,13372386542.0,22247077.0
16343,2045-09-01,GW_storage_MT_NW_GW[AF],55410.0,13419876881.0,22302487.0
16344,2045-10-01,GW_storage_MT_NW_GW[AF],54723.0,13466818785.0,22357210.0
16345,2045-11-01,GW_storage_MT_NW_GW[AF],54066.0,13513160105.0,22411276.0
16346,2045-12-01,GW_storage_MT_NW_GW[AF],53396.0,13560745919.0,22464672.0
16347,2046-01-01,GW_storage_MT_NW_GW[AF],52734.0,13615290772.0,22517406.0
16348,2046-02-01,GW_storage_MT_NW_GW[AF],52142.0,13677811710.0,22569548.0
16349,2046-03-01,GW_storage_MT_NW_GW[AF],51497.0,13748607831.0,22621045.0
16350,2046-04-01,GW_storage_MT_NW_GW[AF],50878.0,13826873589.0,22671923.0
16351,2046-05-01,GW_storage_MT_NW_GW[AF],50248.0,13907944967.0,22722171.0
16352,2046-06-01,GW_storage_MT_NW_GW[AF],49645.0,13989979852.0,22771816.0
16353,2046-07-01,GW_storage_MT_NW_GW[AF],49030.0,14071604903.0,22820846.0
16354,2046-08-01,GW_storage_MT_NW_GW[AF],48421.0,14152131683.0,22869267.0
16355,2046-09-01,GW_storage_MT_NW_GW[AF],47840.0,14231617714.0,22917107.0
16356,2046-10-01,GW_storage_MT_NW_GW[AF],47247.0,14310005025.0,22964354.0
16357,2046-11-01,GW_storage_MT_NW_GW[AF],46680.0,14387273527.0,23011034.0
16358,2046-12-01,GW_storage_MT_NW_GW[AF],46101.0,14463437376.0,23057135.0
16359,2047-01-01,GW_storage_MT_NW_GW[AF],45529.0,14538457981.0,23102664.0
16360,2047-02-01,GW_storage_MT_NW_GW[AF],45019.0,14612508014.0,23147683.0
16361,2047-03-01,GW_storage_MT_NW_GW[AF],44462.0,14685452283.0,23192145.0
16362,2047-04-01,GW_storage_MT_NW_GW[AF],43927.0,14764472816.0,23236072.0
16363,2047-05-01,GW_storage_MT_NW_GW[AF],2470690.0,14860897341.0,25706762.0
16364,2047-06-01,GW_storage_MT_NW_GW[AF],3998472.0,14972506362.0,29705234.0
16365,2047-07-01,GW_storage_MT_NW_GW[AF],4986020.0,15088231692.0,34691254.0
16366,2047-08-01,GW_storage_MT_NW_GW[AF],4924194.0,15203332934.0,39615448.0
16367,2047-09-01,GW_storage_MT_NW_GW[AF],4865103.0,15317492289.0,44480551.0
16368,2047-10-01,GW_storage_MT_NW_GW[AF],4804776.0,15430042333.0,49285327.0
16369,2047-11-01,GW_storage_MT_NW_GW[AF],4747118.0,15542831934.0,54032445.0
16370,2047-12-01,GW_storage_MT_NW_GW[AF],4688254.0,15653870877.0,58720699.0
16371,2048-01-01,GW_storage_MT_NW_GW[AF],4630120.0,15763169397.0,63350819.0
16372,2048-02-01,GW_storage_MT_NW_GW[AF],4576411.0,15872138297.0,67927230.0
16373,2048-03-01,GW_storage_MT_NW_GW[AF],4519663.0,15987897138.0,72446893.0
16374,2048-04-01,GW_storage_MT_NW_GW[AF],4465427.0,16106751114.0,76912320.0
16375,2048-05-01,GW_storage_MT_NW_GW[AF],4410055.0,16226738594.0,81322375.0
16376,2048-06-01,GW_storage_MT_NW_GW[AF],4357135.0,16346930466.0,85679510.0
16377,2048-07-01,GW_storage_MT_NW_GW[AF],4303586.0,16466203172.0,89983096.0
16378,2048-08-01,GW_storage_MT_NW_GW[AF],4250221.0,16583670765.0,94233317.0
16379,2048-09-01,GW_storage_MT_NW_GW[AF],4199219.0,16699553017.0,98432536.0
16380,2048-10-01,GW_storage_MT_NW_GW[AF],4147148.0,16813788962.0,102579684.0
16381,2048-11-01,GW_storage_MT_NW_GW[AF],4097383.0,16926416472.0,106677067.0
16382,2048-12-01,GW_storage_MT_NW_GW[AF],4046575.0,17038918116.0,110723642.0
16383,2049-01-01,GW_storage_MT_NW_GW[AF],3996398.0,17150214903.0,114720040.0
16384,2049-02-01,GW_storage_MT_NW_GW[AF],3951638.0,17259849423.0,118671678.0
16385,2049-03-01,GW_storage_MT_NW_GW[AF],3902638.0,17374140295.0,122574316.0
16386,2049-04-01,GW_storage_MT_NW_GW[AF],3855806.0,17496980626.0,126430122.0
16387,2049-05-01,GW_storage_MT_NW_GW[AF],3807994.0,17623520262.0,130238116.0
16388,2049-06-01,GW_storage_MT_NW_GW[AF],3762299.0,17749882278.0,134000415.0
16389,2049-07-01,GW_storage_MT_NW_GW[AF],3715646.0,17875311834.0,137716061.0
16390,2049-08-01,GW_storage_MT_NW_GW[AF],3669572.0,17998950915.0,141385633.0
16391,2049-09-01,GW_storage_MT_NW_GW[AF],3625537.0,18120987592.0,145011170.0
16392,2049-10-01,GW_storage_MT_NW_GW[AF],3580581.0,18241422265.0,148591751.0
16393,2049-11-01,GW_storage_MT_NW_GW[AF],3537613.0,18360102830.0,152129364.0
16394,2049-12-01,GW_storage_MT_NW_GW[AF],3493748.0,18476910369.0,155623112.0
16395,2050-01-01,GW_storage_MT_NW_GW[AF],3450425.0,18591916831.0,159073537.0
16396,2050-02-01,GW_storage_MT_NW_GW[AF],3411780.0,18705272956.0,162485317.0
16397,2050-03-01,GW_storage_MT_NW_GW[AF],3369474.0,18821028859.0,165854791.0
16398,2050-04-01,GW_storage_MT_NW_GW[AF],3329041.0,18940506995.0,169183832.0
16399,2050-05-01,GW_storage_MT_NW_GW[AF],3287760.0,19059600483.0,172471592.0
16400,2050-06-01,GW_storage_MT_NW_GW[AF],3248307.0,19178428021.0,175719899.0
16401,2050-07-01,GW_storage_MT_NW_GW[AF],3208029.0,19296435077.0,178927928.0
16402,2050-08-01,GW_storage_MT_NW_GW[AF],3168250.0,19412834260.0,182096178.0
16403,2050-09-01,GW_storage_MT_NW_GW[AF],3130231.0,19527808893.0,185226409.0
16404,2050-10-01,GW_storage_MT_NW_GW[AF],3091416.0,19641173895.0,188317825.0
16405,2050-11-01,GW_storage_MT_NW_GW[AF],3054318.0,19752769080.0,191372143.0
16406,2050-12-01,GW_storage_MT_NW_GW[AF],3016445.0,19862611454.0,194388588.0
16407,2051-01-01,GW_storage_MT_NW_GW[AF],2979041.0,19970764786.0,197367629.0
16408,2051-02-01,GW_storage_MT_NW_GW[AF],2945676.0,20077395432.0,200313305.0
16409,2051-03-01,GW_storage_MT_NW_GW[AF],2909150.0,20182370827.0,203222455.0
16410,2051-04-01,GW_storage_MT_NW_GW[AF],2874240.0,20291580463.0,206096695.0
16411,2051-05-01,GW_storage_MT_NW_GW[AF],2838599.0,20400038326.0,208935294.0
16412,2051-06-01,GW_storage_MT_NW_GW[AF],2804536.0,20508257786.0,211739830.0
16413,2051-07-01,GW_storage_MT_NW_GW[AF],2769760.0,20615875318.0,214509590.0
16414,2051-08-01,GW_storage_MT_NW_GW[AF],2735415.0,20722198437.0,217245005.0
16415,2051-09-01,GW_storage_MT_NW_GW[AF],2702590.0,20827038775.0,219947595.0
16416,2051-10-01,GW_storage_MT_NW_GW[AF],2669078.0,20930437548.0,222616673.0
16417,2051-11-01,GW_storage_MT_NW_GW[AF],2637049.0,21032468769.0,225253722.0
16418,2051-12-01,GW_storage_MT_NW_GW[AF],2604350.0,21133705710.0,227858072.0
16419,2052-01-01,GW_storage_MT_NW_GW[AF],2572057.0,21233433839.0,230430129.0
16420,2052-02-01,GW_storage_MT_NW_GW[AF],2542221.0,21331717041.0,232972350.0
16421,2052-03-01,GW_storage_MT_NW_GW[AF],2510697.0,21429607427.0,235483047.0
16422,2052-04-01,GW_storage_MT_NW_GW[AF],2480569.0,21527851494.0,237963616.0
16423,2052-05-01,GW_storage_MT_NW_GW[AF],2449809.0,21624977785.0,240413425.0
16424,2052-06-01,GW_storage_MT_NW_GW[AF],2420412.0,21720857498.0,242833837.0
16425,2052-07-01,GW_storage_MT_NW_GW[AF],2386605.0,21815421513.0,245220442.0
16426,2052-08-01,GW_storage_MT_NW_GW[AF],2352420.0,21908765850.0,247572862.0
16427,2052-09-01,GW_storage_MT_NW_GW[AF],2324191.0,22001026854.0,249897053.0
16428,2052-10-01,GW_storage_MT_NW_GW[AF],2295371.0,22092179195.0,252192424.0
16429,2052-11-01,GW_storage_MT_NW_GW[AF],2267826.0,22182158688.0,254460250.0
16430,2052-12-01,GW_storage_MT_NW_GW[AF],2239705.0,22270990851.0,256699955.0
16431,2053-01-01,GW_storage_MT_NW_GW[AF],2211932.0,22358572318.0,258911887.0
16432,2053-02-01,GW_storage_MT_NW_GW[AF],2187160.0,22445234888.0,261099047.0
16433,2053-03-01,GW_storage_MT_NW_GW[AF],2160039.0,22531338210.0,263259086.0
16434,2053-04-01,GW_storage_MT_NW_GW[AF],2134118.0,22618197854.0,265393204.0
16435,2053-05-01,GW_storage_MT_NW_GW[AF],2107655.0,22705000235.0,267500859.0
16436,2053-06-01,GW_storage_MT_NW_GW[AF],2082362.0,22792005107.0,269583221.0
16437,2053-07-01,GW_storage_MT_NW_GW[AF],2056542.0,22878611714.0,271639763.0
16438,2053-08-01,GW_storage_MT_NW_GW[AF],2031040.0,22964123789.0,273670803.0
16439,2053-09-01,GW_storage_MT_NW_GW[AF],2006667.0,23048536524.0,275677470.0
16440,2053-10-01,GW_storage_MT_NW_GW[AF],1981785.0,23131866519.0,277659255.0
16441,2053-11-01,GW_storage_MT_NW_GW[AF],1958003.0,23214276747.0,279617258.0
16442,2053-12-01,GW_storage_MT_NW_GW[AF],1933724.0,23295578937.0,281550982.0
16443,2054-01-01,GW_storage_MT_NW_GW[AF],1909746.0,23375761806.0,283460728.0
16444,2054-02-01,GW_storage_MT_NW_GW[AF],1888356.0,23454991045.0,285349084.0
16445,2054-03-01,GW_storage_MT_NW_GW[AF],1864941.0,23533194281.0,287214025.0
16446,2054-04-01,GW_storage_MT_NW_GW[AF],1842562.0,23610840643.0,289056587.0
16447,2054-05-01,GW_storage_MT_NW_GW[AF],1819714.0,23687968757.0,290876301.0
16448,2054-06-01,GW_storage_MT_NW_GW[AF],1797878.0,23764134532.0,292674179.0
16449,2054-07-01,GW_storage_MT_NW_GW[AF],1775584.0,23839346953.0,294449763.0
16450,2054-08-01,GW_storage_MT_NW_GW[AF],1754353.0,23913680649.0,296204116.0
16451,2054-09-01,GW_storage_MT_NW_GW[AF],1734068.0,23987275722.0,297938184.0
16452,2054-10-01,GW_storage_MT_NW_GW[AF],1712692.0,24060063673.0,299650876.0
16453,2054-11-01,GW_storage_MT_NW_GW[AF],1692234.0,24132040073.0,301343110.0
16454,2054-12-01,GW_storage_MT_NW_GW[AF],1671322.0,24203075252.0,303014432.0
16455,2055-01-01,GW_storage_MT_NW_GW[AF],1650653.0,24273232069.0,304665085.0
16456,2055-02-01,GW_storage_MT_NW_GW[AF],1632212.0,24346983422.0,306297297.0
16457,2055-03-01,GW_storage_MT_NW_GW[AF],1612013.0,24429418525.0,307909310.0
16458,2055-04-01,GW_storage_MT_NW_GW[AF],1592690.0,24519974284.0,309502000.0
16459,2055-05-01,GW_storage_MT_NW_GW[AF],1572944.0,24612887460.0,311074944.0
16460,2055-06-01,GW_storage_MT_NW_GW[AF],1554069.0,24705731755.0,312629013.0
16461,2055-07-01,GW_storage_MT_NW_GW[AF],1534798.0,24797561549.0,314163811.0
16462,2055-08-01,GW_storage_MT_NW_GW[AF],1515767.0,24888417864.0,315679578.0
16463,2055-09-01,GW_storage_MT_NW_GW[AF],1497577.0,24978247446.0,317177155.0
16464,2055-10-01,GW_storage_MT_NW_GW[AF],1479007.0,25067037402.0,318656162.0
16465,2055-11-01,GW_storage_MT_NW_GW[AF],1461260.0,25154620871.0,320117422.0
16466,2055-12-01,GW_storage_MT_NW_GW[AF],1443140.0,25240958786.0,321560562.0
16467,2056-01-01,GW_storage_MT_NW_GW[AF],1425246.0,25326085001.0,322985808.0
16468,2056-02-01,GW_storage_MT_NW_GW[AF],1408713.0,25410115783.0,324394521.0
16469,2056-03-01,GW_storage_MT_NW_GW[AF],1391245.0,25493046199.0,325785766.0
16470,2056-04-01,GW_storage_MT_NW_GW[AF],1374550.0,25579867650.0,327160316.0
16471,2056-05-01,GW_storage_MT_NW_GW[AF],1357506.0,25665994452.0,328517822.0
16472,2056-06-01,GW_storage_MT_NW_GW[AF],1341216.0,25751014051.0,329859038.0
16473,2056-07-01,GW_storage_MT_NW_GW[AF],1324585.0,25834999057.0,331183623.0
16474,2056-08-01,GW_storage_MT_NW_GW[AF],1308160.0,25918012980.0,332491783.0
16475,2056-09-01,GW_storage_MT_NW_GW[AF],1292463.0,26000006720.0,333784246.0
16476,2056-10-01,GW_storage_MT_NW_GW[AF],1276436.0,26080893812.0,335060682.0
16477,2056-11-01,GW_storage_MT_NW_GW[AF],1261119.0,26160908259.0,336321801.0
16478,2056-12-01,GW_storage_MT_NW_GW[AF],1245481.0,26240212456.0,337567282.0
16479,2057-01-01,GW_storage_MT_NW_GW[AF],1230037.0,26318587848.0,338797319.0
16480,2057-02-01,GW_storage_MT_NW_GW[AF],1216261.0,26395985372.0,340013580.0
16481,2057-03-01,GW_storage_MT_NW_GW[AF],1201179.0,26472734266.0,341214759.0
16482,2057-04-01,GW_storage_MT_NW_GW[AF],1186765.0,26556295278.0,342401524.0
16483,2057-05-01,GW_storage_MT_NW_GW[AF],1172049.0,26638790503.0,343573573.0
16484,2057-06-01,GW_storage_MT_NW_GW[AF],1157984.0,26720263696.0,344731557.0
16485,2057-07-01,GW_storage_MT_NW_GW[AF],1143625.0,26800720453.0,345875182.0
16486,2057-08-01,GW_storage_MT_NW_GW[AF],1129444.0,26880212595.0,347004626.0
16487,2057-09-01,GW_storage_MT_NW_GW[AF],1115891.0,26958875022.0,348120517.0
16488,2057-10-01,GW_storage_MT_NW_GW[AF],1102054.0,27036568588.0,349222571.0
16489,2057-11-01,GW_storage_MT_NW_GW[AF],1088829.0,27113396201.0,350311400.0
16490,2057-12-01,GW_storage_MT_NW_GW[AF],1075327.0,27189264327.0,351386727.0
16491,2058-01-01,GW_storage_MT_NW_GW[AF],1061994.0,27264124633.0,352448721.0
16492,2058-02-01,GW_storage_MT_NW_GW[AF],1050099.0,27348265847.0,353498820.0
16493,2058-03-01,GW_storage_MT_NW_GW[AF],1037077.0,27440889382.0,354535897.0
16494,2058-04-01,GW_storage_MT_NW_GW[AF],1024632.0,27539133274.0,355560529.0
16495,2058-05-01,GW_storage_MT_NW_GW[AF],1011927.0,27639449314.0,356572456.0
16496,2058-06-01,GW_storage_MT_NW_GW[AF],999783.0,27738779306.0,357572239.0
16497,2058-07-01,GW_storage_MT_NW_GW[AF],987387.0,27837531793.0,358559626.0
16498,2058-08-01,GW_storage_MT_NW_GW[AF],975142.0,27935280444.0,359534768.0
16499,2058-09-01,GW_storage_MT_NW_GW[AF],963441.0,28031862865.0,360498209.0
16500,2058-10-01,GW_storage_MT_NW_GW[AF],951494.0,28127260463.0,361449703.0
16501,2058-11-01,GW_storage_MT_NW_GW[AF],940077.0,28221366217.0,362389780.0
16502,2058-12-01,GW_storage_MT_NW_GW[AF],928420.0,28314157055.0,363318200.0
16503,2059-01-01,GW_storage_MT_NW_GW[AF],916907.0,28405540773.0,364235107.0
16504,2059-02-01,GW_storage_MT_NW_GW[AF],906638.0,28502067677.0,365141745.0
16505,2059-03-01,GW_storage_MT_NW_GW[AF],895395.0,28605457246.0,366037140.0
16506,2059-04-01,GW_storage_MT_NW_GW[AF],884650.0,28717814838.0,366921790.0
16507,2059-05-01,GW_storage_MT_NW_GW[AF],873681.0,28830913147.0,367795471.0
16508,2059-06-01,GW_storage_MT_NW_GW[AF],863197.0,28943770190.0,368658668.0
16509,2059-07-01,GW_storage_MT_NW_GW[AF],852493.0,29055182582.0,369511161.0
16510,2059-08-01,GW_storage_MT_NW_GW[AF],841922.0,29165160032.0,370353083.0
16511,2059-09-01,GW_storage_MT_NW_GW[AF],831818.0,29273920291.0,371184901.0
16512,2059-10-01,GW_storage_MT_NW_GW[AF],821504.0,29381402010.0,372006405.0
16513,2059-11-01,GW_storage_MT_NW_GW[AF],811646.0,29487451547.0,372818051.0
16514,2059-12-01,GW_storage_MT_NW_GW[AF],801582.0,29592083281.0,373619633.0
16515,2060-01-01,GW_storage_MT_NW_GW[AF],791642.0,29695071869.0,374411275.0
16516,2060-02-01,GW_storage_MT_NW_GW[AF],782459.0,29797999369.0,375193734.0
16517,2060-03-01,GW_storage_MT_NW_GW[AF],772757.0,29907235449.0,375966491.0
16518,2060-04-01,GW_storage_MT_NW_GW[AF],763483.0,30022282651.0,376729974.0
16519,2060-05-01,GW_storage_MT_NW_GW[AF],754017.0,30138204137.0,377483991.0
16520,2060-06-01,GW_storage_MT_NW_GW[AF],744968.0,30253989194.0,378228959.0
16521,2060-07-01,GW_storage_MT_NW_GW[AF],735730.0,30369445165.0,378964689.0
16522,2060-08-01,GW_storage_MT_NW_GW[AF],726607.0,30483354195.0,379691296.0
16523,2060-09-01,GW_storage_MT_NW_GW[AF],717889.0,30595912136.0,380409185.0
16524,2060-10-01,GW_storage_MT_NW_GW[AF],708987.0,30707058453.0,381118172.0
16525,2060-11-01,GW_storage_MT_NW_GW[AF],700478.0,30816686913.0,381818650.0
16526,2060-12-01,GW_storage_MT_NW_GW[AF],691793.0,30924630927.0,382510443.0
16527,2061-01-01,GW_storage_MT_NW_GW[AF],683215.0,31038058188.0,383193658.0
16528,2061-02-01,GW_storage_MT_NW_GW[AF],675562.0,31163247262.0,383869220.0
16529,2061-03-01,GW_storage_MT_NW_GW[AF],667185.0,31301926464.0,384536405.0
16530,2061-04-01,GW_storage_MT_NW_GW[AF],659179.0,31460043743.0,385195584.0
16531,2061-05-01,GW_storage_MT_NW_GW[AF],651005.0,31621719240.0,385846589.0
16532,2061-06-01,GW_storage_MT_NW_GW[AF],643193.0,31781944019.0,386489782.0
16533,2061-07-01,GW_storage_MT_NW_GW[AF],635217.0,31940594248.0,387124999.0
16534,2061-08-01,GW_storage_MT_NW_GW[AF],627341.0,32097666692.0,387752340.0
16535,2061-09-01,GW_storage_MT_NW_GW[AF],619813.0,32253244922.0,388372153.0
16536,2061-10-01,GW_storage_MT_NW_GW[AF],612127.0,32407132898.0,388984280.0
16537,2061-11-01,GW_storage_MT_NW_GW[AF],604781.0,32559108380.0,389589061.0
16538,2061-12-01,GW_storage_MT_NW_GW[AF],597282.0,32709321481.0,390186343.0
16539,2062-01-01,GW_storage_MT_NW_GW[AF],589876.0,32858735378.0,390776219.0
16540,2062-02-01,GW_storage_MT_NW_GW[AF],583269.0,33022044851.0,391359488.0
16541,2062-03-01,GW_storage_MT_NW_GW[AF],576037.0,33198837130.0,391935525.0
16542,2062-04-01,GW_storage_MT_NW_GW[AF],569124.0,33390837210.0,392504649.0
16543,2062-05-01,GW_storage_MT_NW_GW[AF],562067.0,33584259641.0,393066716.0
16544,2062-06-01,GW_storage_MT_NW_GW[AF],555322.0,33776858517.0,393622038.0
16545,2062-07-01,GW_storage_MT_NW_GW[AF],548437.0,33967635736.0,394170475.0
16546,2062-08-01,GW_storage_MT_NW_GW[AF],541636.0,34156855847.0,394712111.0
16547,2062-09-01,GW_storage_MT_NW_GW[AF],535136.0,34344548104.0,395247247.0
16548,2062-10-01,GW_storage_MT_NW_GW[AF],528500.0,34530332137.0,395775747.0
16549,2062-11-01,GW_storage_MT_NW_GW[AF],522159.0,34714073091.0,396297906.0
16550,2062-12-01,GW_storage_MT_NW_GW[AF],515684.0,34895778448.0,396813590.0
16551,2063-01-01,GW_storage_MT_NW_GW[AF],509290.0,35079072230.0,397322880.0
16552,2063-02-01,GW_storage_MT_NW_GW[AF],503585.0,35269350335.0,397826465.0
16553,2063-03-01,GW_storage_MT_NW_GW[AF],497341.0,35470064786.0,398323806.0
16554,2063-04-01,GW_storage_MT_NW_GW[AF],491374.0,35683040547.0,398815180.0
16555,2063-05-01,GW_storage_MT_NW_GW[AF],485280.0,35907121073.0,399300460.0
16556,2063-06-01,GW_storage_MT_NW_GW[AF],479457.0,36134854310.0,399779917.0
16557,2063-07-01,GW_storage_MT_NW_GW[AF],473512.0,36361472567.0,400253429.0
16558,2063-08-01,GW_storage_MT_NW_GW[AF],467640.0,36586142514.0,400721069.0
16559,2063-09-01,GW_storage_MT_NW_GW[AF],462028.0,36808934029.0,401183097.0
16560,2063-10-01,GW_storage_MT_NW_GW[AF],456299.0,37029507927.0,401639396.0
16561,2063-11-01,GW_storage_MT_NW_GW[AF],450823.0,37248012309.0,402090219.0
16562,2063-12-01,GW_storage_MT_NW_GW[AF],445234.0,37465671472.0,402535453.0
16563,2064-01-01,GW_storage_MT_NW_GW[AF],439713.0,37694815963.0,402975166.0
16564,2064-02-01,GW_storage_MT_NW_GW[AF],434612.0,37945097639.0,403409778.0
16565,2064-03-01,GW_storage_MT_NW_GW[AF],429222.0,38213638934.0,403839000.0
16566,2064-04-01,GW_storage_MT_NW_GW[AF],424072.0,38493367090.0,404263072.0
16567,2064-05-01,GW_storage_MT_NW_GW[AF],418813.0,38776738105.0,404681885.0
16568,2064-06-01,GW_storage_MT_NW_GW[AF],413788.0,39060661713.0,405095673.0
16569,2064-07-01,GW_storage_MT_NW_GW[AF],408657.0,39341932866.0,405504330.0
16570,2064-08-01,GW_storage_MT_NW_GW[AF],403589.0,39620711220.0,405907919.0
16571,2064-09-01,GW_storage_MT_NW_GW[AF],398746.0,39897002798.0,406306665.0
16572,2064-10-01,GW_storage_MT_NW_GW[AF],393802.0,40170736712.0,406700467.0
16573,2064-11-01,GW_storage_MT_NW_GW[AF],389077.0,40442044957.0,407089544.0
16574,2064-12-01,GW_storage_MT_NW_GW[AF],384252.0,40711834451.0,407473796.0
16575,2065-01-01,GW_storage_MT_NW_GW[AF],379487.0,40982757097.0,407853283.0
16576,2065-02-01,GW_storage_MT_NW_GW[AF],375236.0,41255716076.0,408228519.0
16577,2065-03-01,GW_storage_MT_NW_GW[AF],370584.0,41533378347.0,408599103.0
16578,2065-04-01,GW_storage_MT_NW_GW[AF],366137.0,41819419395.0,408965240.0
16579,2065-05-01,GW_storage_MT_NW_GW[AF],361597.0,42107659636.0,409326837.0
16580,2065-06-01,GW_storage_MT_NW_GW[AF],357257.0,42393392346.0,409684094.0
16581,2065-07-01,GW_storage_MT_NW_GW[AF],352827.0,42678359041.0,410036921.0
16582,2065-08-01,GW_storage_MT_NW_GW[AF],348452.0,42960938762.0,410385373.0
16583,2065-09-01,GW_storage_MT_NW_GW[AF],344271.0,43241061639.0,410729644.0
16584,2065-10-01,GW_storage_MT_NW_GW[AF],340002.0,43518553408.0,411069646.0
16585,2065-11-01,GW_storage_MT_NW_GW[AF],335923.0,43793351378.0,411405569.0
16586,2065-12-01,GW_storage_MT_NW_GW[AF],331757.0,44065325818.0,411737326.0
16587,2066-01-01,GW_storage_MT_NW_GW[AF],327643.0,44334625115.0,412064969.0
16588,2066-02-01,GW_storage_MT_NW_GW[AF],323973.0,44601575728.0,412388942.0
16589,2066-03-01,GW_storage_MT_NW_GW[AF],319956.0,44865977654.0,412708898.0
16590,2066-04-01,GW_storage_MT_NW_GW[AF],316117.0,45130939542.0,413025015.0
16591,2066-05-01,GW_storage_MT_NW_GW[AF],312196.0,45393925169.0,413337211.0
16592,2066-06-01,GW_storage_MT_NW_GW[AF],308450.0,45654573916.0,413645661.0
16593,2066-07-01,GW_storage_MT_NW_GW[AF],304626.0,45912927675.0,413950287.0
16594,2066-08-01,GW_storage_MT_NW_GW[AF],300849.0,46169111465.0,414251136.0
16595,2066-09-01,GW_storage_MT_NW_GW[AF],297238.0,46423600426.0,414548374.0
16596,2066-10-01,GW_storage_MT_NW_GW[AF],293552.0,46676263355.0,414841926.0
16597,2066-11-01,GW_storage_MT_NW_GW[AF],290029.0,46927228863.0,415131955.0
16598,2066-12-01,GW_storage_MT_NW_GW[AF],286433.0,47176198480.0,415418388.0
16599,2067-01-01,GW_storage_MT_NW_GW[AF],282881.0,47422896821.0,415701269.0
16600,2067-02-01,GW_storage_MT_NW_GW[AF],279713.0,47667661431.0,415980982.0
16601,2067-03-01,GW_storage_MT_NW_GW[AF],276245.0,47910308464.0,416257227.0
16602,2067-04-01,GW_storage_MT_NW_GW[AF],272929.0,48151085524.0,416530156.0
16603,2067-05-01,GW_storage_MT_NW_GW[AF],269545.0,48389950965.0,416799701.0
16604,2067-06-01,GW_storage_MT_NW_GW[AF],266310.0,48627002221.0,417066011.0
16605,2067-07-01,GW_storage_MT_NW_GW[AF],263009.0,48862124917.0,417329020.0
16606,2067-08-01,GW_storage_MT_NW_GW[AF],259747.0,49095321876.0,417588767.0
16607,2067-09-01,GW_storage_MT_NW_GW[AF],256630.0,49326841519.0,417845397.0
16608,2067-10-01,GW_storage_MT_NW_GW[AF],253448.0,49556552267.0,418098845.0
16609,2067-11-01,GW_storage_MT_NW_GW[AF],250406.0,49784868208.0,418349251.0
16610,2067-12-01,GW_storage_MT_NW_GW[AF],247301.0,50011545293.0,418596552.0
16611,2068-01-01,GW_storage_MT_NW_GW[AF],244235.0,50238331069.0,418840787.0
16612,2068-02-01,GW_storage_MT_NW_GW[AF],241402.0,50478937732.0,419082189.0
16613,2068-03-01,GW_storage_MT_NW_GW[AF],238408.0,50739381265.0,419320597.0
16614,2068-04-01,GW_storage_MT_NW_GW[AF],235547.0,51011294375.0,419556144.0
16615,2068-05-01,GW_storage_MT_NW_GW[AF],232626.0,51290774772.0,419788770.0
16616,2068-06-01,GW_storage_MT_NW_GW[AF],229835.0,51571539123.0,420018605.0
16617,2068-07-01,GW_storage_MT_NW_GW[AF],226986.0,51851333229.0,420245591.0
16618,2068-08-01,GW_storage_MT_NW_GW[AF],224171.0,52129191774.0,420469762.0
16619,2068-09-01,GW_storage_MT_NW_GW[AF],221480.0,52405096290.0,420691242.0
16620,2068-10-01,GW_storage_MT_NW_GW[AF],218735.0,52678907664.0,420909977.0
16621,2068-11-01,GW_storage_MT_NW_GW[AF],216109.0,52950483517.0,421126086.0
16622,2068-12-01,GW_storage_MT_NW_GW[AF],213429.0,53219819895.0,421339515.0
16623,2069-01-01,GW_storage_MT_NW_GW[AF],210783.0,53487155316.0,421550298.0
16624,2069-02-01,GW_storage_MT_NW_GW[AF],208422.0,53760870931.0,421758720.0
16625,2069-03-01,GW_storage_MT_NW_GW[AF],205838.0,54039428849.0,421964558.0
16626,2069-04-01,GW_storage_MT_NW_GW[AF],203367.0,54324092180.0,422167925.0
16627,2069-05-01,GW_storage_MT_NW_GW[AF],200846.0,54609436481.0,422368771.0
16628,2069-06-01,GW_storage_MT_NW_GW[AF],198436.0,54894337917.0,422567207.0
16629,2069-07-01,GW_storage_MT_NW_GW[AF],195975.0,55177218144.0,422763182.0
16630,2069-08-01,GW_storage_MT_NW_GW[AF],193546.0,55458179949.0,422956728.0
16631,2069-09-01,GW_storage_MT_NW_GW[AF],191223.0,55737226700.0,423147951.0
16632,2069-10-01,GW_storage_MT_NW_GW[AF],188852.0,56014313112.0,423336803.0
16633,2069-11-01,GW_storage_MT_NW_GW[AF],186585.0,56289244905.0,423523388.0
16634,2069-12-01,GW_storage_MT_NW_GW[AF],184271.0,56561948550.0,423707659.0
16635,2070-01-01,GW_storage_MT_NW_GW[AF],181986.0,56832455571.0,423889645.0
16636,2070-02-01,GW_storage_MT_NW_GW[AF],179949.0,57101031869.0,424069594.0
16637,2070-03-01,GW_storage_MT_NW_GW[AF],177717.0,57367456127.0,424247311.0
16638,2070-04-01,GW_storage_MT_NW_GW[AF],175584.0,57631884127.0,424422895.0
16639,2070-05-01,GW_storage_MT_NW_GW[AF],173407.0,57894580730.0,424596302.0
16640,2070-06-01,GW_storage_MT_NW_GW[AF],171326.0,58156625113.0,424767628.0
16641,2070-07-01,GW_storage_MT_NW_GW[AF],169202.0,58417720429.0,424936830.0
16642,2070-08-01,GW_storage_MT_NW_GW[AF],167104.0,58677125935.0,425103934.0
16643,2070-09-01,GW_storage_MT_NW_GW[AF],165098.0,58935122487.0,425269032.0
16644,2070-10-01,GW_storage_MT_NW_GW[AF],163051.0,59191573450.0,425432083.0
16645,2070-11-01,GW_storage_MT_NW_GW[AF],161094.0,59446278042.0,425593177.0
16646,2070-12-01,GW_storage_MT_NW_GW[AF],159096.0,59699129256.0,425752273.0
16647,2022-06-01,GW_storage_MT_SE_GW[AF],753221.0,3551564.0,753221.0
16648,2022-07-01,GW_storage_MT_SE_GW[AF],738626.0,4562843.0,1491847.0
16649,2022-08-01,GW_storage_MT_SE_GW[AF],724316.0,5557441.0,2216163.0
16650,2022-09-01,GW_storage_MT_SE_GW[AF],710735.0,6536311.0,2926898.0
16651,2022-10-01,GW_storage_MT_SE_GW[AF],696963.0,7499151.0,3623861.0
16652,2022-11-01,GW_storage_MT_SE_GW[AF],683895.0,8445383.0,4307756.0
16653,2022-12-01,GW_storage_MT_SE_GW[AF],670646.0,9374562.0,4978402.0
16654,2023-01-01,GW_storage_MT_SE_GW[AF],657653.0,10287031.0,5636055.0
16655,2023-02-01,GW_storage_MT_SE_GW[AF],646144.0,11192982.0,6282199.0
16656,2023-03-01,GW_storage_MT_SE_GW[AF],633626.0,12082492.0,6915825.0
16657,2023-04-01,GW_storage_MT_SE_GW[AF],621745.0,12955603.0,7537570.0
16658,2023-05-01,GW_storage_MT_SE_GW[AF],609698.0,13813215.0,8147268.0
16659,2023-06-01,GW_storage_MT_SE_GW[AF],598268.0,15164430.0,8745536.0
16660,2023-07-01,GW_storage_MT_SE_GW[AF],1326405.0,17236845.0,10071941.0
16661,2023-08-01,GW_storage_MT_SE_GW[AF],1300707.0,19274971.0,11372648.0
16662,2023-09-01,GW_storage_MT_SE_GW[AF],1276320.0,21282260.0,12648968.0
16663,2023-10-01,GW_storage_MT_SE_GW[AF],1251590.0,23279746.0,13900558.0
16664,2023-11-01,GW_storage_MT_SE_GW[AF],1228122.0,25247116.0,15128680.0
16665,2023-12-01,GW_storage_MT_SE_GW[AF],1204326.0,27178503.0,16333006.0
16666,2024-01-01,GW_storage_MT_SE_GW[AF],1180992.0,29079026.0,17513998.0
16667,2024-02-01,GW_storage_MT_SE_GW[AF],1159587.0,30951693.0,18673585.0
16668,2024-03-01,GW_storage_MT_SE_GW[AF],1137122.0,32794640.0,19810707.0
16669,2024-04-01,GW_storage_MT_SE_GW[AF],1115801.0,34598451.0,20926508.0
16670,2024-05-01,GW_storage_MT_SE_GW[AF],1094182.0,36379549.0,22020690.0
16671,2024-06-01,GW_storage_MT_SE_GW[AF],1073667.0,38134426.0,23094357.0
16672,2024-07-01,GW_storage_MT_SE_GW[AF],1052865.0,39862715.0,24147222.0
16673,2024-08-01,GW_storage_MT_SE_GW[AF],1032464.0,41565221.0,25179686.0
16674,2024-09-01,GW_storage_MT_SE_GW[AF],1013104.0,43242727.0,26192790.0
16675,2024-10-01,GW_storage_MT_SE_GW[AF],993474.0,44894530.0,27186264.0
16676,2024-11-01,GW_storage_MT_SE_GW[AF],974846.0,46522142.0,28161110.0
16677,2024-12-01,GW_storage_MT_SE_GW[AF],955959.0,48125394.0,29117069.0
16678,2025-01-01,GW_storage_MT_SE_GW[AF],937438.0,49704625.0,30054507.0
16679,2025-02-01,GW_storage_MT_SE_GW[AF],921033.0,51264049.0,30975540.0
16680,2025-03-01,GW_storage_MT_SE_GW[AF],903186.0,52800150.0,31878726.0
16681,2025-04-01,GW_storage_MT_SE_GW[AF],886253.0,54422403.0,32764979.0
16682,2025-05-01,GW_storage_MT_SE_GW[AF],869082.0,56023530.0,33634061.0
16683,2025-06-01,GW_storage_MT_SE_GW[AF],852787.0,57673121.0,34486848.0
16684,2025-07-01,GW_storage_MT_SE_GW[AF],836263.0,59233291.0,35323111.0
16685,2025-08-01,GW_storage_MT_SE_GW[AF],1004469.0,60752330.0,36327580.0
16686,2025-09-01,GW_storage_MT_SE_GW[AF],1012014.0,63291561.0,37339594.0
16687,2025-10-01,GW_storage_MT_SE_GW[AF],998624.0,66117192.0,38338218.0
16688,2025-11-01,GW_storage_MT_SE_GW[AF],984302.0,69169207.0,39322520.0
16689,2025-12-01,GW_storage_MT_SE_GW[AF],968685.0,72377661.0,40291205.0
16690,2026-01-01,GW_storage_MT_SE_GW[AF],952709.0,75644729.0,41243914.0
16691,2026-02-01,GW_storage_MT_SE_GW[AF],938356.0,83025589.0,42182270.0
16692,2026-03-01,GW_storage_MT_SE_GW[AF],922241.0,93674924.0,43104511.0
16693,2026-04-01,GW_storage_MT_SE_GW[AF],910803.0,112497734.0,44015314.0
16694,2026-05-01,GW_storage_MT_SE_GW[AF],894522.0,136460613.0,44909836.0
16695,2026-06-01,GW_storage_MT_SE_GW[AF],877909.0,160180041.0,45787745.0
16696,2026-07-01,GW_storage_MT_SE_GW[AF],1892653.0,184580314.0,47680398.0
16697,2026-08-01,GW_storage_MT_SE_GW[AF],1857105.0,208538131.0,49537503.0
16698,2026-09-01,GW_storage_MT_SE_GW[AF],1825604.0,232132273.0,51363107.0
16699,2026-10-01,GW_storage_MT_SE_GW[AF],1791104.0,255250646.0,53154211.0
16700,2026-11-01,GW_storage_MT_SE_GW[AF],1758105.0,277908394.0,54912316.0
16701,2026-12-01,GW_storage_MT_SE_GW[AF],1724495.0,300103214.0,56636811.0
16702,2027-01-01,GW_storage_MT_SE_GW[AF],1691438.0,321847786.0,58328249.0
16703,2027-02-01,GW_storage_MT_SE_GW[AF],1662116.0,343199646.0,59990365.0
16704,2027-03-01,GW_storage_MT_SE_GW[AF],1630151.0,369620421.0,61620516.0
16705,2027-04-01,GW_storage_MT_SE_GW[AF],1599724.0,409179141.0,63220240.0
16706,2027-05-01,GW_storage_MT_SE_GW[AF],1568739.0,455970259.0,64788979.0
16707,2027-06-01,GW_storage_MT_SE_GW[AF],4246566.0,506103237.0,69035545.0
16708,2027-07-01,GW_storage_MT_SE_GW[AF],5597520.0,558027240.0,74633065.0
16709,2027-08-01,GW_storage_MT_SE_GW[AF],6434369.0,610747556.0,81067434.0
16710,2027-09-01,GW_storage_MT_SE_GW[AF],6313725.0,662576568.0,87381159.0
16711,2027-10-01,GW_storage_MT_SE_GW[AF],6191398.0,713531026.0,93572557.0
16712,2027-11-01,GW_storage_MT_SE_GW[AF],6075309.0,763602436.0,99647866.0
16713,2027-12-01,GW_storage_MT_SE_GW[AF],5957601.0,812846873.0,105605467.0
16714,2028-01-01,GW_storage_MT_SE_GW[AF],5842172.0,861121911.0,111447639.0
16715,2028-02-01,GW_storage_MT_SE_GW[AF],5736284.0,908650771.0,117183923.0
16716,2028-03-01,GW_storage_MT_SE_GW[AF],5625145.0,959000163.0,122809068.0
16717,2028-04-01,GW_storage_MT_SE_GW[AF],5519824.0,1012039411.0,128328892.0
16718,2028-05-01,GW_storage_MT_SE_GW[AF],5413071.0,1068060916.0,133741963.0
16719,2028-06-01,GW_storage_MT_SE_GW[AF],7352910.0,1125203670.0,141094873.0
16720,2028-07-01,GW_storage_MT_SE_GW[AF],8160094.0,1183903968.0,149254967.0
16721,2028-08-01,GW_storage_MT_SE_GW[AF],8002132.0,1241633200.0,157257099.0
16722,2028-09-01,GW_storage_MT_SE_GW[AF],7852510.0,1298536546.0,165109609.0
16723,2028-10-01,GW_storage_MT_SE_GW[AF],7700479.0,1354465802.0,172810088.0
16724,2028-11-01,GW_storage_MT_SE_GW[AF],7556171.0,1409406877.0,180366259.0
16725,2028-12-01,GW_storage_MT_SE_GW[AF],7409827.0,1463330743.0,187776086.0
16726,2029-01-01,GW_storage_MT_SE_GW[AF],7266306.0,1516331973.0,195042392.0
16727,2029-02-01,GW_storage_MT_SE_GW[AF],7139181.0,1568436361.0,202181573.0
16728,2029-03-01,GW_storage_MT_SE_GW[AF],7000893.0,1622957905.0,209182466.0
16729,2029-04-01,GW_storage_MT_SE_GW[AF],6869708.0,1679352962.0,216052174.0
16730,2029-05-01,GW_storage_MT_SE_GW[AF],6736673.0,1742904338.0,222788847.0
16731,2029-06-01,GW_storage_MT_SE_GW[AF],6610404.0,1807169538.0,229399251.0
16732,2029-07-01,GW_storage_MT_SE_GW[AF],7572710.0,1872474684.0,236971961.0
16733,2029-08-01,GW_storage_MT_SE_GW[AF],7426004.0,1936569687.0,244397965.0
16734,2029-09-01,GW_storage_MT_SE_GW[AF],7286774.0,1999536921.0,251684739.0
16735,2029-10-01,GW_storage_MT_SE_GW[AF],7145597.0,2061251234.0,258830336.0
16736,2029-11-01,GW_storage_MT_SE_GW[AF],7011615.0,2121792309.0,265841951.0
16737,2029-12-01,GW_storage_MT_SE_GW[AF],6875767.0,2181276298.0,272717718.0
16738,2030-01-01,GW_storage_MT_SE_GW[AF],6742551.0,2239598911.0,279460269.0
16739,2030-02-01,GW_storage_MT_SE_GW[AF],6624556.0,2296908282.0,286084825.0
16740,2030-03-01,GW_storage_MT_SE_GW[AF],6496205.0,2353273149.0,292581030.0
16741,2030-04-01,GW_storage_MT_SE_GW[AF],6374406.0,2408813513.0,298955436.0
16742,2030-05-01,GW_storage_MT_SE_GW[AF],6250904.0,2463288321.0,305206340.0
16743,2030-06-01,GW_storage_MT_SE_GW[AF],7824787.0,2519189259.0,313031127.0
16744,2030-07-01,GW_storage_MT_SE_GW[AF],8519265.0,2574987711.0,321550392.0
16745,2030-08-01,GW_storage_MT_SE_GW[AF],8354206.0,2629845780.0,329904598.0
16746,2030-09-01,GW_storage_MT_SE_GW[AF],8197564.0,2683731630.0,338102162.0
16747,2030-10-01,GW_storage_MT_SE_GW[AF],8038736.0,2736573135.0,346140898.0
16748,2030-11-01,GW_storage_MT_SE_GW[AF],7888008.0,2788437015.0,354028906.0
16749,2030-12-01,GW_storage_MT_SE_GW[AF],7735178.0,2839371858.0,361764084.0
16750,2031-01-01,GW_storage_MT_SE_GW[AF],7585307.0,2889285425.0,369349391.0
16751,2031-02-01,GW_storage_MT_SE_GW[AF],7452563.0,2938331300.0,376801954.0
16752,2031-03-01,GW_storage_MT_SE_GW[AF],7308169.0,2986403207.0,384110123.0
16753,2031-04-01,GW_storage_MT_SE_GW[AF],7171140.0,3034117058.0,391281263.0
16754,2031-05-01,GW_storage_MT_SE_GW[AF],7032199.0,3081639947.0,398313462.0
16755,2031-06-01,GW_storage_MT_SE_GW[AF],6900346.0,3128466639.0,405213808.0
16756,2031-07-01,GW_storage_MT_SE_GW[AF],7565618.0,3175256040.0,412779426.0
16757,2031-08-01,GW_storage_MT_SE_GW[AF],7419031.0,3221201089.0,420198457.0
16758,2031-09-01,GW_storage_MT_SE_GW[AF],7279925.0,3266538806.0,427478382.0
16759,2031-10-01,GW_storage_MT_SE_GW[AF],7138876.0,3311005126.0,434617258.0
16760,2031-11-01,GW_storage_MT_SE_GW[AF],7005023.0,3354843436.0,441622281.0
16761,2031-12-01,GW_storage_MT_SE_GW[AF],6869300.0,3397917039.0,448491581.0
16762,2032-01-01,GW_storage_MT_SE_GW[AF],6736206.0,3440765830.0,455227787.0
16763,2032-02-01,GW_storage_MT_SE_GW[AF],6614113.0,3500332884.0,461841900.0
16764,2032-03-01,GW_storage_MT_SE_GW[AF],6485967.0,3570397039.0,468327867.0
16765,2032-04-01,GW_storage_MT_SE_GW[AF],6364355.0,3645988541.0,474692222.0
16766,2032-05-01,GW_storage_MT_SE_GW[AF],6241046.0,3723860841.0,480933268.0
16767,2032-06-01,GW_storage_MT_SE_GW[AF],7759128.0,3803847465.0,488692396.0
16768,2032-07-01,GW_storage_MT_SE_GW[AF],8586786.0,3884065220.0,497279182.0
16769,2032-08-01,GW_storage_MT_SE_GW[AF],9213343.0,3963910669.0,506492525.0
16770,2032-09-01,GW_storage_MT_SE_GW[AF],9040591.0,4042724779.0,515533116.0
16771,2032-10-01,GW_storage_MT_SE_GW[AF],8865431.0,4120308321.0,524398547.0
16772,2032-11-01,GW_storage_MT_SE_GW[AF],8699204.0,4196679403.0,533097751.0
16773,2032-12-01,GW_storage_MT_SE_GW[AF],8530657.0,4271822754.0,541628408.0
16774,2033-01-01,GW_storage_MT_SE_GW[AF],8365376.0,4345538492.0,549993784.0
16775,2033-02-01,GW_storage_MT_SE_GW[AF],8218980.0,4423218301.0,558212764.0
16776,2033-03-01,GW_storage_MT_SE_GW[AF],8059736.0,4505470297.0,566272500.0
16777,2033-04-01,GW_storage_MT_SE_GW[AF],7908624.0,4590681136.0,574181124.0
16778,2033-05-01,GW_storage_MT_SE_GW[AF],7755388.0,4675360581.0,581936512.0
16779,2033-06-01,GW_storage_MT_SE_GW[AF],9571116.0,4760708398.0,591507628.0
16780,2033-07-01,GW_storage_MT_SE_GW[AF],10639797.0,4846138178.0,602147425.0
16781,2033-08-01,GW_storage_MT_SE_GW[AF],11216131.0,4931118427.0,613363556.0
16782,2033-09-01,GW_storage_MT_SE_GW[AF],11005825.0,5014914731.0,624369381.0
16783,2033-10-01,GW_storage_MT_SE_GW[AF],10792586.0,5097508172.0,635161967.0
16784,2033-11-01,GW_storage_MT_SE_GW[AF],10590224.0,5178663669.0,645752191.0
16785,2033-12-01,GW_storage_MT_SE_GW[AF],10385040.0,5258443309.0,656137231.0
16786,2034-01-01,GW_storage_MT_SE_GW[AF],10183828.0,5339163828.0,666321059.0
16787,2034-02-01,GW_storage_MT_SE_GW[AF],10005610.0,5418722190.0,676326669.0
16788,2034-03-01,GW_storage_MT_SE_GW[AF],9811752.0,5500220744.0,686138421.0
16789,2034-04-01,GW_storage_MT_SE_GW[AF],9627788.0,5584032903.0,695766209.0
16790,2034-05-01,GW_storage_MT_SE_GW[AF],9441244.0,5676873319.0,705207453.0
16791,2034-06-01,GW_storage_MT_SE_GW[AF],10927106.0,5773341236.0,716134559.0
16792,2034-07-01,GW_storage_MT_SE_GW[AF],11795269.0,5871231225.0,727929828.0
16793,2034-08-01,GW_storage_MT_SE_GW[AF],12445987.0,5968392389.0,740375815.0
16794,2034-09-01,GW_storage_MT_SE_GW[AF],12212622.0,6064112138.0,752588437.0
16795,2034-10-01,GW_storage_MT_SE_GW[AF],11976005.0,6158273690.0,764564442.0
16796,2034-11-01,GW_storage_MT_SE_GW[AF],11751455.0,6251013792.0,776315897.0
16797,2034-12-01,GW_storage_MT_SE_GW[AF],11523773.0,6342469856.0,787839670.0
16798,2035-01-01,GW_storage_MT_SE_GW[AF],11300499.0,6432436397.0,799140169.0
16799,2035-02-01,GW_storage_MT_SE_GW[AF],11102743.0,6520973109.0,810242912.0
16800,2035-03-01,GW_storage_MT_SE_GW[AF],10887627.0,6608114132.0,821130539.0
16801,2035-04-01,GW_storage_MT_SE_GW[AF],10683483.0,6694040771.0,831814022.0
16802,2035-05-01,GW_storage_MT_SE_GW[AF],10476491.0,6778544504.0,842290513.0
16803,2035-06-01,GW_storage_MT_SE_GW[AF],10280064.0,6863239534.0,852570577.0
16804,2035-07-01,GW_storage_MT_SE_GW[AF],11120360.0,6947511289.0,863690937.0
16805,2035-08-01,GW_storage_MT_SE_GW[AF],10904900.0,7030376153.0,874595837.0
16806,2035-09-01,GW_storage_MT_SE_GW[AF],10700431.0,7112119087.0,885296268.0
16807,2035-10-01,GW_storage_MT_SE_GW[AF],10493111.0,7192574428.0,895789379.0
16808,2035-11-01,GW_storage_MT_SE_GW[AF],10296366.0,7271865334.0,906085745.0
16809,2035-12-01,GW_storage_MT_SE_GW[AF],10096874.0,7350179909.0,916182619.0
16810,2036-01-01,GW_storage_MT_SE_GW[AF],9901247.0,7427195979.0,926083866.0
16811,2036-02-01,GW_storage_MT_SE_GW[AF],9721787.0,7503024891.0,935805653.0
16812,2036-03-01,GW_storage_MT_SE_GW[AF],9533427.0,7577632108.0,945339080.0
16813,2036-04-01,GW_storage_MT_SE_GW[AF],9354670.0,7651185144.0,954693750.0
16814,2036-05-01,GW_storage_MT_SE_GW[AF],9173426.0,7724300240.0,963867176.0
16815,2036-06-01,GW_storage_MT_SE_GW[AF],9001423.0,7796353708.0,972868599.0
16816,2036-07-01,GW_storage_MT_SE_GW[AF],8827017.0,7867314948.0,981695616.0
16817,2036-08-01,GW_storage_MT_SE_GW[AF],8655994.0,7937241278.0,990351610.0
16818,2036-09-01,GW_storage_MT_SE_GW[AF],8493695.0,8006295323.0,998845305.0
16819,2036-10-01,GW_storage_MT_SE_GW[AF],8329131.0,8074305646.0,1007174436.0
16820,2036-11-01,GW_storage_MT_SE_GW[AF],8172959.0,8141376577.0,1015347395.0
16821,2036-12-01,GW_storage_MT_SE_GW[AF],8014607.0,8207644541.0,1023362002.0
16822,2037-01-01,GW_storage_MT_SE_GW[AF],7859325.0,8273161410.0,1031221327.0
16823,2037-02-01,GW_storage_MT_SE_GW[AF],7721785.0,8337733681.0,1038943112.0
16824,2037-03-01,GW_storage_MT_SE_GW[AF],7572177.0,8401237350.0,1046515289.0
16825,2037-04-01,GW_storage_MT_SE_GW[AF],7430203.0,8463716442.0,1053945492.0
16826,2037-05-01,GW_storage_MT_SE_GW[AF],7286237.0,8525229166.0,1061231729.0
16827,2037-06-01,GW_storage_MT_SE_GW[AF],7149618.0,8585780498.0,1068381347.0
16828,2037-07-01,GW_storage_MT_SE_GW[AF],7011089.0,8645518277.0,1075392436.0
16829,2037-08-01,GW_storage_MT_SE_GW[AF],6875250.0,8704580765.0,1082267686.0
16830,2037-09-01,GW_storage_MT_SE_GW[AF],6746339.0,8763159684.0,1089014025.0
16831,2037-10-01,GW_storage_MT_SE_GW[AF],6615632.0,8821181815.0,1095629657.0
16832,2037-11-01,GW_storage_MT_SE_GW[AF],6491588.0,8878677095.0,1102121245.0
16833,2037-12-01,GW_storage_MT_SE_GW[AF],6365815.0,8935618642.0,1108487060.0
16834,2038-01-01,GW_storage_MT_SE_GW[AF],6242476.0,8991690289.0,1114729536.0
16835,2038-02-01,GW_storage_MT_SE_GW[AF],6133235.0,9049081585.0,1120862771.0
16836,2038-03-01,GW_storage_MT_SE_GW[AF],6014403.0,9108044798.0,1126877174.0
16837,2038-04-01,GW_storage_MT_SE_GW[AF],5901632.0,9168794933.0,1132778806.0
16838,2038-05-01,GW_storage_MT_SE_GW[AF],5787290.0,9229969082.0,1138566096.0
16839,2038-06-01,GW_storage_MT_SE_GW[AF],5678778.0,9290494843.0,1144244874.0
16840,2038-07-01,GW_storage_MT_SE_GW[AF],5568753.0,9350294408.0,1149813627.0
16841,2038-08-01,GW_storage_MT_SE_GW[AF],5460858.0,9409318940.0,1155274485.0
16842,2038-09-01,GW_storage_MT_SE_GW[AF],5358467.0,9467673979.0,1160632952.0
16843,2038-10-01,GW_storage_MT_SE_GW[AF],5254647.0,9525253636.0,1165887599.0
16844,2038-11-01,GW_storage_MT_SE_GW[AF],5156123.0,9582098472.0,1171043722.0
16845,2038-12-01,GW_storage_MT_SE_GW[AF],5056222.0,9638248766.0,1176099944.0
16846,2039-01-01,GW_storage_MT_SE_GW[AF],4958258.0,9693650977.0,1181058202.0
16847,2039-02-01,GW_storage_MT_SE_GW[AF],4871490.0,9750458830.0,1185929692.0
16848,2039-03-01,GW_storage_MT_SE_GW[AF],4777106.0,9809156458.0,1190706798.0
16849,2039-04-01,GW_storage_MT_SE_GW[AF],4687534.0,9868559467.0,1195394332.0
16850,2039-05-01,GW_storage_MT_SE_GW[AF],4596714.0,9927385773.0,1199991046.0
16851,2039-06-01,GW_storage_MT_SE_GW[AF],5585741.0,9986965256.0,1205576787.0
16852,2039-07-01,GW_storage_MT_SE_GW[AF],6232960.0,10046475029.0,1211809747.0
16853,2039-08-01,GW_storage_MT_SE_GW[AF],6112195.0,10105238592.0,1217921942.0
16854,2039-09-01,GW_storage_MT_SE_GW[AF],5997591.0,10163363477.0,1223919533.0
16855,2039-10-01,GW_storage_MT_SE_GW[AF],5881386.0,10220781260.0,1229800919.0
16856,2039-11-01,GW_storage_MT_SE_GW[AF],5771110.0,10277373162.0,1235572029.0
16857,2039-12-01,GW_storage_MT_SE_GW[AF],5659295.0,10333185165.0,1241231324.0
16858,2040-01-01,GW_storage_MT_SE_GW[AF],5549646.0,10388289039.0,1246780970.0
16859,2040-02-01,GW_storage_MT_SE_GW[AF],5449058.0,10442633493.0,1252230028.0
16860,2040-03-01,GW_storage_MT_SE_GW[AF],5343484.0,10496196844.0,1257573512.0
16861,2040-04-01,GW_storage_MT_SE_GW[AF],5243294.0,10549040409.0,1262816806.0
16862,2040-05-01,GW_storage_MT_SE_GW[AF],5141706.0,10601395194.0,1267958512.0
16863,2040-06-01,GW_storage_MT_SE_GW[AF],5045299.0,10653107949.0,1273003811.0
16864,2040-07-01,GW_storage_MT_SE_GW[AF],4947546.0,10704171007.0,1277951357.0
16865,2040-08-01,GW_storage_MT_SE_GW[AF],4851687.0,10754605305.0,1282803044.0
16866,2040-09-01,GW_storage_MT_SE_GW[AF],4760722.0,10804445973.0,1287563766.0
16867,2040-10-01,GW_storage_MT_SE_GW[AF],4668482.0,10853648570.0,1292232248.0
16868,2040-11-01,GW_storage_MT_SE_GW[AF],4580949.0,10902484914.0,1296813197.0
16869,2040-12-01,GW_storage_MT_SE_GW[AF],4492193.0,10950730644.0,1301305390.0
16870,2041-01-01,GW_storage_MT_SE_GW[AF],4405156.0,10998281298.0,1305710546.0
16871,2041-02-01,GW_storage_MT_SE_GW[AF],4328067.0,11047818234.0,1310038613.0
16872,2041-03-01,GW_storage_MT_SE_GW[AF],4244209.0,11099139984.0,1314282822.0
16873,2041-04-01,GW_storage_MT_SE_GW[AF],4164630.0,11151170281.0,1318447452.0
16874,2041-05-01,GW_storage_MT_SE_GW[AF],4083939.0,11202540882.0,1322531391.0
16875,2041-06-01,GW_storage_MT_SE_GW[AF],4007363.0,11253584926.0,1326538754.0
16876,2041-07-01,GW_storage_MT_SE_GW[AF],3929722.0,11304087287.0,1330468476.0
16877,2041-08-01,GW_storage_MT_SE_GW[AF],3853584.0,11354085428.0,1334322060.0
16878,2041-09-01,GW_storage_MT_SE_GW[AF],3781330.0,11403615397.0,1338103390.0
16879,2041-10-01,GW_storage_MT_SE_GW[AF],3708067.0,11452671944.0,1341811457.0
16880,2041-11-01,GW_storage_MT_SE_GW[AF],3638542.0,11501212889.0,1345449999.0
16881,2041-12-01,GW_storage_MT_SE_GW[AF],3568044.0,11549056939.0,1349018043.0
16882,2042-01-01,GW_storage_MT_SE_GW[AF],3498915.0,11596204581.0,1352516958.0
16883,2042-02-01,GW_storage_MT_SE_GW[AF],3437684.0,11642935334.0,1355954642.0
16884,2042-03-01,GW_storage_MT_SE_GW[AF],3371080.0,11689092595.0,1359325722.0
16885,2042-04-01,GW_storage_MT_SE_GW[AF],3307871.0,11735022869.0,1362633593.0
16886,2042-05-01,GW_storage_MT_SE_GW[AF],3243782.0,11780876718.0,1365877375.0
16887,2042-06-01,GW_storage_MT_SE_GW[AF],3182961.0,11826092725.0,1369060336.0
16888,2042-07-01,GW_storage_MT_SE_GW[AF],3811632.0,11871546727.0,1372871968.0
16889,2042-08-01,GW_storage_MT_SE_GW[AF],3737784.0,11916431990.0,1376609752.0
16890,2042-09-01,GW_storage_MT_SE_GW[AF],3667702.0,11960791410.0,1380277454.0
16891,2042-10-01,GW_storage_MT_SE_GW[AF],3596640.0,12004660184.0,1383874094.0
16892,2042-11-01,GW_storage_MT_SE_GW[AF],3529204.0,12048130811.0,1387403298.0
16893,2042-12-01,GW_storage_MT_SE_GW[AF],3460827.0,12091062837.0,1390864125.0
16894,2043-01-01,GW_storage_MT_SE_GW[AF],3393772.0,12133444088.0,1394257897.0
16895,2043-02-01,GW_storage_MT_SE_GW[AF],3334382.0,12175363925.0,1397592279.0
16896,2043-03-01,GW_storage_MT_SE_GW[AF],3269777.0,12216725340.0,1400862056.0
16897,2043-04-01,GW_storage_MT_SE_GW[AF],3208470.0,12257666079.0,1404070526.0
16898,2043-05-01,GW_storage_MT_SE_GW[AF],3146300.0,12298078753.0,1407216826.0
16899,2043-06-01,GW_storage_MT_SE_GW[AF],3087303.0,12338040338.0,1410304129.0
16900,2043-07-01,GW_storage_MT_SE_GW[AF],3027480.0,12377535688.0,1413331609.0
16901,2043-08-01,GW_storage_MT_SE_GW[AF],2968825.0,12416568319.0,1416300434.0
16902,2043-09-01,GW_storage_MT_SE_GW[AF],2913159.0,12455234071.0,1419213593.0
16903,2043-10-01,GW_storage_MT_SE_GW[AF],2856717.0,12493493716.0,1422070310.0
16904,2043-11-01,GW_storage_MT_SE_GW[AF],2803155.0,12531340494.0,1424873465.0
16905,2043-12-01,GW_storage_MT_SE_GW[AF],2748843.0,12568703212.0,1427622308.0
16906,2044-01-01,GW_storage_MT_SE_GW[AF],2695584.0,12605614127.0,1430317892.0
16907,2044-02-01,GW_storage_MT_SE_GW[AF],2646728.0,12642100391.0,1432964620.0
16908,2044-03-01,GW_storage_MT_SE_GW[AF],2595447.0,12678094207.0,1435560067.0
16909,2044-04-01,GW_storage_MT_SE_GW[AF],2546782.0,12715489683.0,1438106849.0
16910,2044-05-01,GW_storage_MT_SE_GW[AF],2497437.0,12757376464.0,1440604286.0
16911,2044-06-01,GW_storage_MT_SE_GW[AF],2450609.0,12798680033.0,1443054895.0
16912,2044-07-01,GW_storage_MT_SE_GW[AF],3107022.0,12840178366.0,1446161917.0
16913,2044-08-01,GW_storage_MT_SE_GW[AF],3046825.0,12881238666.0,1449208742.0
16914,2044-09-01,GW_storage_MT_SE_GW[AF],2989697.0,12921922929.0,1452198439.0
16915,2044-10-01,GW_storage_MT_SE_GW[AF],2931773.0,12962137170.0,1455130212.0
16916,2044-11-01,GW_storage_MT_SE_GW[AF],2876804.0,13001917872.0,1458007016.0
16917,2044-12-01,GW_storage_MT_SE_GW[AF],2821066.0,13041192913.0,1460828082.0
16918,2045-01-01,GW_storage_MT_SE_GW[AF],2766409.0,13079996277.0,1463594491.0
16919,2045-02-01,GW_storage_MT_SE_GW[AF],2717995.0,13119222084.0,1466312486.0
16920,2045-03-01,GW_storage_MT_SE_GW[AF],2665334.0,13158364150.0,1468977820.0
16921,2045-04-01,GW_storage_MT_SE_GW[AF],2615361.0,13198157185.0,1471593181.0
16922,2045-05-01,GW_storage_MT_SE_GW[AF],2564687.0,13237869018.0,1474157868.0
16923,2045-06-01,GW_storage_MT_SE_GW[AF],2516600.0,13278774379.0,1476674468.0
16924,2045-07-01,GW_storage_MT_SE_GW[AF],3956984.0,13324244062.0,1480631452.0
16925,2045-08-01,GW_storage_MT_SE_GW[AF],4704068.0,13372386542.0,1485335520.0
16926,2045-09-01,GW_storage_MT_SE_GW[AF],4615866.0,13419876881.0,1489951386.0
16927,2045-10-01,GW_storage_MT_SE_GW[AF],4526434.0,13466818785.0,1494477820.0
16928,2045-11-01,GW_storage_MT_SE_GW[AF],4441562.0,13513160105.0,1498919382.0
16929,2045-12-01,GW_storage_MT_SE_GW[AF],4355505.0,13560745919.0,1503274887.0
16930,2046-01-01,GW_storage_MT_SE_GW[AF],4271117.0,13615290772.0,1507546004.0
16931,2046-02-01,GW_storage_MT_SE_GW[AF],4196373.0,13677811710.0,1511742377.0
16932,2046-03-01,GW_storage_MT_SE_GW[AF],4115067.0,13748607831.0,1515857444.0
16933,2046-04-01,GW_storage_MT_SE_GW[AF],4037910.0,13826873589.0,1519895354.0
16934,2046-05-01,GW_storage_MT_SE_GW[AF],3959675.0,13907944967.0,1523855029.0
16935,2046-06-01,GW_storage_MT_SE_GW[AF],4962452.0,13989979852.0,1528817481.0
16936,2046-07-01,GW_storage_MT_SE_GW[AF],5667465.0,14071604903.0,1534484946.0
16937,2046-08-01,GW_storage_MT_SE_GW[AF],5557657.0,14152131683.0,1540042603.0
16938,2046-09-01,GW_storage_MT_SE_GW[AF],5453450.0,14231617714.0,1545496053.0
16939,2046-10-01,GW_storage_MT_SE_GW[AF],5347789.0,14310005025.0,1550843842.0
16940,2046-11-01,GW_storage_MT_SE_GW[AF],5247518.0,14387273527.0,1556091360.0
16941,2046-12-01,GW_storage_MT_SE_GW[AF],5145848.0,14463437376.0,1561237208.0
16942,2047-01-01,GW_storage_MT_SE_GW[AF],5046148.0,14538457981.0,1566283356.0
16943,2047-02-01,GW_storage_MT_SE_GW[AF],4957839.0,14612508014.0,1571241195.0
16944,2047-03-01,GW_storage_MT_SE_GW[AF],4861782.0,14685452283.0,1576102977.0
16945,2047-04-01,GW_storage_MT_SE_GW[AF],4770623.0,14764472816.0,1580873600.0
16946,2047-05-01,GW_storage_MT_SE_GW[AF],4678191.0,14860897341.0,1585551791.0
16947,2047-06-01,GW_storage_MT_SE_GW[AF],6503064.0,14972506362.0,1592054855.0
16948,2047-07-01,GW_storage_MT_SE_GW[AF],7633264.0,15088231692.0,1599688119.0
16949,2047-08-01,GW_storage_MT_SE_GW[AF],8450849.0,15203332934.0,1608138968.0
16950,2047-09-01,GW_storage_MT_SE_GW[AF],9116881.0,15317492289.0,1617255849.0
16951,2047-10-01,GW_storage_MT_SE_GW[AF],8940240.0,15430042333.0,1626196089.0
16952,2047-11-01,GW_storage_MT_SE_GW[AF],8772612.0,15542831934.0,1634968701.0
16953,2047-12-01,GW_storage_MT_SE_GW[AF],8602644.0,15653870877.0,1643571345.0
16954,2048-01-01,GW_storage_MT_SE_GW[AF],8435967.0,15763169397.0,1652007312.0
16955,2048-02-01,GW_storage_MT_SE_GW[AF],8283066.0,15872138297.0,1660290378.0
16956,2048-03-01,GW_storage_MT_SE_GW[AF],8122581.0,15987897138.0,1668412959.0
16957,2048-04-01,GW_storage_MT_SE_GW[AF],7970283.0,16106751114.0,1676383242.0
16958,2048-05-01,GW_storage_MT_SE_GW[AF],7815859.0,16226738594.0,1684199101.0
16959,2048-06-01,GW_storage_MT_SE_GW[AF],9132799.0,16346930466.0,1693331900.0
16960,2048-07-01,GW_storage_MT_SE_GW[AF],9865807.0,16466203172.0,1703197707.0
16961,2048-08-01,GW_storage_MT_SE_GW[AF],9674652.0,16583670765.0,1712872359.0
16962,2048-09-01,GW_storage_MT_SE_GW[AF],9493255.0,16699553017.0,1722365614.0
16963,2048-10-01,GW_storage_MT_SE_GW[AF],9309324.0,16813788962.0,1731674938.0
16964,2048-11-01,GW_storage_MT_SE_GW[AF],9134775.0,16926416472.0,1740809713.0
16965,2048-12-01,GW_storage_MT_SE_GW[AF],8957791.0,17038918116.0,1749767504.0
16966,2049-01-01,GW_storage_MT_SE_GW[AF],8784236.0,17150214903.0,1758551740.0
16967,2049-02-01,GW_storage_MT_SE_GW[AF],8630512.0,17259849423.0,1767182252.0
16968,2049-03-01,GW_storage_MT_SE_GW[AF],8463298.0,17374140295.0,1775645550.0
16969,2049-04-01,GW_storage_MT_SE_GW[AF],8304613.0,17496980626.0,1783950163.0
16970,2049-05-01,GW_storage_MT_SE_GW[AF],8143714.0,17623520262.0,1792093877.0
16971,2049-06-01,GW_storage_MT_SE_GW[AF],9357505.0,17749882278.0,1801451382.0
16972,2049-07-01,GW_storage_MT_SE_GW[AF],10023313.0,17875311834.0,1811474695.0
16973,2049-08-01,GW_storage_MT_SE_GW[AF],9829116.0,17998950915.0,1821303811.0
16974,2049-09-01,GW_storage_MT_SE_GW[AF],9644819.0,18120987592.0,1830948630.0
16975,2049-10-01,GW_storage_MT_SE_GW[AF],9457950.0,18241422265.0,1840406580.0
16976,2049-11-01,GW_storage_MT_SE_GW[AF],9280613.0,18360102830.0,1849687193.0
16977,2049-12-01,GW_storage_MT_SE_GW[AF],9100800.0,18476910369.0,1858787993.0
16978,2050-01-01,GW_storage_MT_SE_GW[AF],8924472.0,18591916831.0,1867712465.0
16979,2050-02-01,GW_storage_MT_SE_GW[AF],8768295.0,18705272956.0,1876480760.0
16980,2050-03-01,GW_storage_MT_SE_GW[AF],8598410.0,18821028859.0,1885079170.0
16981,2050-04-01,GW_storage_MT_SE_GW[AF],8437191.0,18940506995.0,1893516361.0
16982,2050-05-01,GW_storage_MT_SE_GW[AF],8273719.0,19059600483.0,1901790080.0
16983,2050-06-01,GW_storage_MT_SE_GW[AF],9469222.0,19178428021.0,1911259302.0
16984,2050-07-01,GW_storage_MT_SE_GW[AF],10156599.0,19296435077.0,1921415901.0
16985,2050-08-01,GW_storage_MT_SE_GW[AF],9959816.0,19412834260.0,1931375717.0
16986,2050-09-01,GW_storage_MT_SE_GW[AF],9773069.0,19527808893.0,1941148786.0
16987,2050-10-01,GW_storage_MT_SE_GW[AF],9583714.0,19641173895.0,1950732500.0
16988,2050-11-01,GW_storage_MT_SE_GW[AF],9404018.0,19752769080.0,1960136518.0
16989,2050-12-01,GW_storage_MT_SE_GW[AF],9221814.0,19862611454.0,1969358332.0
16990,2051-01-01,GW_storage_MT_SE_GW[AF],9043143.0,19970764786.0,1978401475.0
16991,2051-02-01,GW_storage_MT_SE_GW[AF],8884888.0,20077395432.0,1987286363.0
16992,2051-03-01,GW_storage_MT_SE_GW[AF],8712743.0,20182370827.0,1995999106.0
16993,2051-04-01,GW_storage_MT_SE_GW[AF],8549380.0,20291580463.0,2004548486.0
16994,2051-05-01,GW_storage_MT_SE_GW[AF],8383734.0,20400038326.0,2012932220.0
16995,2051-06-01,GW_storage_MT_SE_GW[AF],9344354.0,20508257786.0,2022276574.0
16996,2051-07-01,GW_storage_MT_SE_GW[AF],9996808.0,20615875318.0,2032273382.0
16997,2051-08-01,GW_storage_MT_SE_GW[AF],9803120.0,20722198437.0,2042076502.0
16998,2051-09-01,GW_storage_MT_SE_GW[AF],9619311.0,20827038775.0,2051695813.0
16999,2051-10-01,GW_storage_MT_SE_GW[AF],9432936.0,20930437548.0,2061128749.0
17000,2051-11-01,GW_storage_MT_SE_GW[AF],9256069.0,21032468769.0,2070384818.0
17001,2051-12-01,GW_storage_MT_SE_GW[AF],9076733.0,21133705710.0,2079461551.0
17002,2052-01-01,GW_storage_MT_SE_GW[AF],8900872.0,21233433839.0,2088362423.0
17003,2052-02-01,GW_storage_MT_SE_GW[AF],8739544.0,21331717041.0,2097101967.0
17004,2052-03-01,GW_storage_MT_SE_GW[AF],8570216.0,21429607427.0,2105672183.0
17005,2052-04-01,GW_storage_MT_SE_GW[AF],8409524.0,21527851494.0,2114081707.0
17006,2052-05-01,GW_storage_MT_SE_GW[AF],8246590.0,21624977785.0,2122328297.0
17007,2052-06-01,GW_storage_MT_SE_GW[AF],8091966.0,21720857498.0,2130420263.0
17008,2052-07-01,GW_storage_MT_SE_GW[AF],7935186.0,21815421513.0,2138355449.0
17009,2052-08-01,GW_storage_MT_SE_GW[AF],7781441.0,21908765850.0,2146136890.0
17010,2052-09-01,GW_storage_MT_SE_GW[AF],7635537.0,22001026854.0,2153772427.0
17011,2052-10-01,GW_storage_MT_SE_GW[AF],7487597.0,22092179195.0,2161260024.0
17012,2052-11-01,GW_storage_MT_SE_GW[AF],7347204.0,22182158688.0,2168607228.0
17013,2052-12-01,GW_storage_MT_SE_GW[AF],7204851.0,22270990851.0,2175812079.0
17014,2053-01-01,GW_storage_MT_SE_GW[AF],7065259.0,22358572318.0,2182877338.0
17015,2053-02-01,GW_storage_MT_SE_GW[AF],6941616.0,22445234888.0,2189818954.0
17016,2053-03-01,GW_storage_MT_SE_GW[AF],6807121.0,22531338210.0,2196626075.0
17017,2053-04-01,GW_storage_MT_SE_GW[AF],6679488.0,22618197854.0,2203305563.0
17018,2053-05-01,GW_storage_MT_SE_GW[AF],6550074.0,22705000235.0,2209855637.0
17019,2053-06-01,GW_storage_MT_SE_GW[AF],7579934.0,22792005107.0,2217435571.0
17020,2053-07-01,GW_storage_MT_SE_GW[AF],8173567.0,22878611714.0,2225609138.0
17021,2053-08-01,GW_storage_MT_SE_GW[AF],8015203.0,22964123789.0,2233624341.0
17022,2053-09-01,GW_storage_MT_SE_GW[AF],7864919.0,23048536524.0,2241489260.0
17023,2053-10-01,GW_storage_MT_SE_GW[AF],7712536.0,23131866519.0,2249201796.0
17024,2053-11-01,GW_storage_MT_SE_GW[AF],7567925.0,23214276747.0,2256769721.0
17025,2053-12-01,GW_storage_MT_SE_GW[AF],7421297.0,23295578937.0,2264191018.0
17026,2054-01-01,GW_storage_MT_SE_GW[AF],7277509.0,23375761806.0,2271468527.0
17027,2054-02-01,GW_storage_MT_SE_GW[AF],7150153.0,23454991045.0,2278618680.0
17028,2054-03-01,GW_storage_MT_SE_GW[AF],7011617.0,23533194281.0,2285630297.0
17029,2054-04-01,GW_storage_MT_SE_GW[AF],6880154.0,23610840643.0,2292510451.0
17030,2054-05-01,GW_storage_MT_SE_GW[AF],6746851.0,23687968757.0,2299257302.0
17031,2054-06-01,GW_storage_MT_SE_GW[AF],6620340.0,23764134532.0,2305877642.0
17032,2054-07-01,GW_storage_MT_SE_GW[AF],6492071.0,23839346953.0,2312369713.0
17033,2054-08-01,GW_storage_MT_SE_GW[AF],6366286.0,23913680649.0,2318735999.0
17034,2054-09-01,GW_storage_MT_SE_GW[AF],6246919.0,23987275722.0,2324982918.0
17035,2054-10-01,GW_storage_MT_SE_GW[AF],6125885.0,24060063673.0,2331108803.0
17036,2054-11-01,GW_storage_MT_SE_GW[AF],6011025.0,24132040073.0,2337119828.0
17037,2054-12-01,GW_storage_MT_SE_GW[AF],5894563.0,24203075252.0,2343014391.0
17038,2055-01-01,GW_storage_MT_SE_GW[AF],5780357.0,24273232069.0,2348794748.0
17039,2055-02-01,GW_storage_MT_SE_GW[AF],5679202.0,24346983422.0,2354473950.0
17040,2055-03-01,GW_storage_MT_SE_GW[AF],5569167.0,24429418525.0,2360043117.0
17041,2055-04-01,GW_storage_MT_SE_GW[AF],5464743.0,24519974284.0,2365507860.0
17042,2055-05-01,GW_storage_MT_SE_GW[AF],5358863.0,24612887460.0,2370866723.0
17043,2055-06-01,GW_storage_MT_SE_GW[AF],5258383.0,24705731755.0,2376125106.0
17044,2055-07-01,GW_storage_MT_SE_GW[AF],5156501.0,24797561549.0,2381281607.0
17045,2055-08-01,GW_storage_MT_SE_GW[AF],5056594.0,24888417864.0,2386338201.0
17046,2055-09-01,GW_storage_MT_SE_GW[AF],4961781.0,24978247446.0,2391299982.0
17047,2055-10-01,GW_storage_MT_SE_GW[AF],4865647.0,25067037402.0,2396165629.0
17048,2055-11-01,GW_storage_MT_SE_GW[AF],4774416.0,25154620871.0,2400940045.0
17049,2055-12-01,GW_storage_MT_SE_GW[AF],4681913.0,25240958786.0,2405621958.0
17050,2056-01-01,GW_storage_MT_SE_GW[AF],4591202.0,25326085001.0,2410213160.0
17051,2056-02-01,GW_storage_MT_SE_GW[AF],4507988.0,25410115783.0,2414721148.0
17052,2056-03-01,GW_storage_MT_SE_GW[AF],4420645.0,25493046199.0,2419141793.0
17053,2056-04-01,GW_storage_MT_SE_GW[AF],4337758.0,25579867650.0,2423479551.0
17054,2056-05-01,GW_storage_MT_SE_GW[AF],4253713.0,25665994452.0,2427733264.0
17055,2056-06-01,GW_storage_MT_SE_GW[AF],4173956.0,25751014051.0,2431907220.0
17056,2056-07-01,GW_storage_MT_SE_GW[AF],4093084.0,25834999057.0,2436000304.0
17057,2056-08-01,GW_storage_MT_SE_GW[AF],4013779.0,25918012980.0,2440014083.0
17058,2056-09-01,GW_storage_MT_SE_GW[AF],3938520.0,26000006720.0,2443952603.0
17059,2056-10-01,GW_storage_MT_SE_GW[AF],3862209.0,26080893812.0,2447814812.0
17060,2056-11-01,GW_storage_MT_SE_GW[AF],3789792.0,26160908259.0,2451604604.0
17061,2056-12-01,GW_storage_MT_SE_GW[AF],3716366.0,26240212456.0,2455320970.0
17062,2057-01-01,GW_storage_MT_SE_GW[AF],3644362.0,26318587848.0,2458965332.0
17063,2057-02-01,GW_storage_MT_SE_GW[AF],3580587.0,26395985372.0,2462545919.0
17064,2057-03-01,GW_storage_MT_SE_GW[AF],3511213.0,26472734266.0,2466057132.0
17065,2057-04-01,GW_storage_MT_SE_GW[AF],3445377.0,26556295278.0,2469502509.0
17066,2057-05-01,GW_storage_MT_SE_GW[AF],3378622.0,26638790503.0,2472881131.0
17067,2057-06-01,GW_storage_MT_SE_GW[AF],3315272.0,26720263696.0,2476196403.0
17068,2057-07-01,GW_storage_MT_SE_GW[AF],3251039.0,26800720453.0,2479447442.0
17069,2057-08-01,GW_storage_MT_SE_GW[AF],3188048.0,26880212595.0,2482635490.0
17070,2057-09-01,GW_storage_MT_SE_GW[AF],3128274.0,26958875022.0,2485763764.0
17071,2057-10-01,GW_storage_MT_SE_GW[AF],3067665.0,27036568588.0,2488831429.0
17072,2057-11-01,GW_storage_MT_SE_GW[AF],3010147.0,27113396201.0,2491841576.0
17073,2057-12-01,GW_storage_MT_SE_GW[AF],2951827.0,27189264327.0,2494793403.0
17074,2058-01-01,GW_storage_MT_SE_GW[AF],2894636.0,27264124633.0,2497688039.0
17075,2058-02-01,GW_storage_MT_SE_GW[AF],2843979.0,27348265847.0,2500532018.0
17076,2058-03-01,GW_storage_MT_SE_GW[AF],2788876.0,27440889382.0,2503320894.0
17077,2058-04-01,GW_storage_MT_SE_GW[AF],2736583.0,27539133274.0,2506057477.0
17078,2058-05-01,GW_storage_MT_SE_GW[AF],2683560.0,27639449314.0,2508741037.0
17079,2058-06-01,GW_storage_MT_SE_GW[AF],2633241.0,27738779306.0,2511374278.0
17080,2058-07-01,GW_storage_MT_SE_GW[AF],3288006.0,27837531793.0,2514662284.0
17081,2058-08-01,GW_storage_MT_SE_GW[AF],3224297.0,27935280444.0,2517886581.0
17082,2058-09-01,GW_storage_MT_SE_GW[AF],3163841.0,28031862865.0,2521050422.0
17083,2058-10-01,GW_storage_MT_SE_GW[AF],3102542.0,28127260463.0,2524152964.0
17084,2058-11-01,GW_storage_MT_SE_GW[AF],3044370.0,28221366217.0,2527197334.0
17085,2058-12-01,GW_storage_MT_SE_GW[AF],2985386.0,28314157055.0,2530182720.0
17086,2059-01-01,GW_storage_MT_SE_GW[AF],2927546.0,28405540773.0,2533110266.0
17087,2059-02-01,GW_storage_MT_SE_GW[AF],2876314.0,28502067677.0,2535986580.0
17088,2059-03-01,GW_storage_MT_SE_GW[AF],2820587.0,28605457246.0,2538807167.0
17089,2059-04-01,GW_storage_MT_SE_GW[AF],2767700.0,28717814838.0,2541574867.0
17090,2059-05-01,GW_storage_MT_SE_GW[AF],2714077.0,28830913147.0,2544288944.0
17091,2059-06-01,GW_storage_MT_SE_GW[AF],3896154.0,28943770190.0,2548185098.0
17092,2059-07-01,GW_storage_MT_SE_GW[AF],3820668.0,29055182582.0,2552005766.0
17093,2059-08-01,GW_storage_MT_SE_GW[AF],3746643.0,29165160032.0,2555752409.0
17094,2059-09-01,GW_storage_MT_SE_GW[AF],3676394.0,29273920291.0,2559428803.0
17095,2059-10-01,GW_storage_MT_SE_GW[AF],3605164.0,29381402010.0,2563033967.0
17096,2059-11-01,GW_storage_MT_SE_GW[AF],3537567.0,29487451547.0,2566571534.0
17097,2059-12-01,GW_storage_MT_SE_GW[AF],3469027.0,29592083281.0,2570040561.0
17098,2060-01-01,GW_storage_MT_SE_GW[AF],3401815.0,29695071869.0,2573442376.0
17099,2060-02-01,GW_storage_MT_SE_GW[AF],3340158.0,29797999369.0,2576782534.0
17100,2060-03-01,GW_storage_MT_SE_GW[AF],3275444.0,29907235449.0,2580057978.0
17101,2060-04-01,GW_storage_MT_SE_GW[AF],3214030.0,30022282651.0,2583272008.0
17102,2060-05-01,GW_storage_MT_SE_GW[AF],3151757.0,30138204137.0,2586423765.0
17103,2060-06-01,GW_storage_MT_SE_GW[AF],4269737.0,30253989194.0,2590693502.0
17104,2060-07-01,GW_storage_MT_SE_GW[AF],4932201.0,30369445165.0,2595625703.0
17105,2060-08-01,GW_storage_MT_SE_GW[AF],4836640.0,30483354195.0,2600462343.0
17106,2060-09-01,GW_storage_MT_SE_GW[AF],4745953.0,30595912136.0,2605208296.0
17107,2060-10-01,GW_storage_MT_SE_GW[AF],4653999.0,30707058453.0,2609862295.0
17108,2060-11-01,GW_storage_MT_SE_GW[AF],4566737.0,30816686913.0,2614429032.0
17109,2060-12-01,GW_storage_MT_SE_GW[AF],4478255.0,30924630927.0,2618907287.0
17110,2061-01-01,GW_storage_MT_SE_GW[AF],4391488.0,31038058188.0,2623298775.0
17111,2061-02-01,GW_storage_MT_SE_GW[AF],4314638.0,31163247262.0,2627613413.0
17112,2061-03-01,GW_storage_MT_SE_GW[AF],4231043.0,31301926464.0,2631844456.0
17113,2061-04-01,GW_storage_MT_SE_GW[AF],4151711.0,31460043743.0,2635996167.0
17114,2061-05-01,GW_storage_MT_SE_GW[AF],4071271.0,31621719240.0,2640067438.0
17115,2061-06-01,GW_storage_MT_SE_GW[AF],3994936.0,31781944019.0,2644062374.0
17116,2061-07-01,GW_storage_MT_SE_GW[AF],3917533.0,31940594248.0,2647979907.0
17117,2061-08-01,GW_storage_MT_SE_GW[AF],3841631.0,32097666692.0,2651821538.0
17118,2061-09-01,GW_storage_MT_SE_GW[AF],3769600.0,32253244922.0,2655591138.0
17119,2061-10-01,GW_storage_MT_SE_GW[AF],3696566.0,32407132898.0,2659287704.0
17120,2061-11-01,GW_storage_MT_SE_GW[AF],3627254.0,32559108380.0,2662914958.0
17121,2061-12-01,GW_storage_MT_SE_GW[AF],3556978.0,32709321481.0,2666471936.0
17122,2062-01-01,GW_storage_MT_SE_GW[AF],3488061.0,32858735378.0,2669959997.0
17123,2062-02-01,GW_storage_MT_SE_GW[AF],3427019.0,33022044851.0,2673387016.0
17124,2062-03-01,GW_storage_MT_SE_GW[AF],3360622.0,33198837130.0,2676747638.0
17125,2062-04-01,GW_storage_MT_SE_GW[AF],3297610.0,33390837210.0,2680045248.0
17126,2062-05-01,GW_storage_MT_SE_GW[AF],3233720.0,33584259641.0,2683278968.0
17127,2062-06-01,GW_storage_MT_SE_GW[AF],3916387.0,33776858517.0,2687195355.0
17128,2062-07-01,GW_storage_MT_SE_GW[AF],3840505.0,33967635736.0,2691035860.0
17129,2062-08-01,GW_storage_MT_SE_GW[AF],3766097.0,34156855847.0,2694801957.0
17130,2062-09-01,GW_storage_MT_SE_GW[AF],3695485.0,34344548104.0,2698497442.0
17131,2062-10-01,GW_storage_MT_SE_GW[AF],3623885.0,34530332137.0,2702121327.0
17132,2062-11-01,GW_storage_MT_SE_GW[AF],3555938.0,34714073091.0,2705677265.0
17133,2062-12-01,GW_storage_MT_SE_GW[AF],3487044.0,34895778448.0,2709164309.0
17134,2063-01-01,GW_storage_MT_SE_GW[AF],3419481.0,35079072230.0,2712583790.0
17135,2063-02-01,GW_storage_MT_SE_GW[AF],3359641.0,35269350335.0,2715943431.0
17136,2063-03-01,GW_storage_MT_SE_GW[AF],3294550.0,35470064786.0,2719237981.0
17137,2063-04-01,GW_storage_MT_SE_GW[AF],3232775.0,35683040547.0,2722470756.0
17138,2063-05-01,GW_storage_MT_SE_GW[AF],3170138.0,35907121073.0,2725640894.0
17139,2063-06-01,GW_storage_MT_SE_GW[AF],5392816.0,36134854310.0,2731033710.0
17140,2063-07-01,GW_storage_MT_SE_GW[AF],6149899.0,36361472567.0,2737183609.0
17141,2063-08-01,GW_storage_MT_SE_GW[AF],6030744.0,36586142514.0,2743214353.0
17142,2063-09-01,GW_storage_MT_SE_GW[AF],5917668.0,36808934029.0,2749132021.0
17143,2063-10-01,GW_storage_MT_SE_GW[AF],5803015.0,37029507927.0,2754935036.0
17144,2063-11-01,GW_storage_MT_SE_GW[AF],5694209.0,37248012309.0,2760629245.0
17145,2063-12-01,GW_storage_MT_SE_GW[AF],5583884.0,37465671472.0,2766213129.0
17146,2064-01-01,GW_storage_MT_SE_GW[AF],5475695.0,37694815963.0,2771688824.0
17147,2064-02-01,GW_storage_MT_SE_GW[AF],5376447.0,37945097639.0,2777065271.0
17148,2064-03-01,GW_storage_MT_SE_GW[AF],5272278.0,38213638934.0,2782337549.0
17149,2064-04-01,GW_storage_MT_SE_GW[AF],5173424.0,38493367090.0,2787510973.0
17150,2064-05-01,GW_storage_MT_SE_GW[AF],5073188.0,38776738105.0,2792584161.0
17151,2064-06-01,GW_storage_MT_SE_GW[AF],6048315.0,39060661713.0,2798632476.0
17152,2064-07-01,GW_storage_MT_SE_GW[AF],5931130.0,39341932866.0,2804563606.0
17153,2064-08-01,GW_storage_MT_SE_GW[AF],5816215.0,39620711220.0,2810379821.0
17154,2064-09-01,GW_storage_MT_SE_GW[AF],5707161.0,39897002798.0,2816086982.0
17155,2064-10-01,GW_storage_MT_SE_GW[AF],5596586.0,40170736712.0,2821683568.0
17156,2064-11-01,GW_storage_MT_SE_GW[AF],5491648.0,40442044957.0,2827175216.0
17157,2064-12-01,GW_storage_MT_SE_GW[AF],5385247.0,40711834451.0,2832560463.0
17158,2065-01-01,GW_storage_MT_SE_GW[AF],5280909.0,40982757097.0,2837841372.0
17159,2065-02-01,GW_storage_MT_SE_GW[AF],5188493.0,41255716076.0,2843029865.0
17160,2065-03-01,GW_storage_MT_SE_GW[AF],5087964.0,41533378347.0,2848117829.0
17161,2065-04-01,GW_storage_MT_SE_GW[AF],4992566.0,41819419395.0,2853110395.0
17162,2065-05-01,GW_storage_MT_SE_GW[AF],4895835.0,42107659636.0,2858006230.0
17163,2065-06-01,GW_storage_MT_SE_GW[AF],4804036.0,42393392346.0,2862810266.0
17164,2065-07-01,GW_storage_MT_SE_GW[AF],4710959.0,42678359041.0,2867521225.0
17165,2065-08-01,GW_storage_MT_SE_GW[AF],4619685.0,42960938762.0,2872140910.0
17166,2065-09-01,GW_storage_MT_SE_GW[AF],4533064.0,43241061639.0,2876673974.0
17167,2065-10-01,GW_storage_MT_SE_GW[AF],4445237.0,43518553408.0,2881119211.0
17168,2065-11-01,GW_storage_MT_SE_GW[AF],4361891.0,43793351378.0,2885481102.0
17169,2065-12-01,GW_storage_MT_SE_GW[AF],4277379.0,44065325818.0,2889758481.0
17170,2066-01-01,GW_storage_MT_SE_GW[AF],4194506.0,44334625115.0,2893952987.0
17171,2066-02-01,GW_storage_MT_SE_GW[AF],4121102.0,44601575728.0,2898074089.0
17172,2066-03-01,GW_storage_MT_SE_GW[AF],4041257.0,44865977654.0,2902115346.0
17173,2066-04-01,GW_storage_MT_SE_GW[AF],3965484.0,45130939542.0,2906080830.0
17174,2066-05-01,GW_storage_MT_SE_GW[AF],3888653.0,45393925169.0,2909969483.0
17175,2066-06-01,GW_storage_MT_SE_GW[AF],3815740.0,45654573916.0,2913785223.0
17176,2066-07-01,GW_storage_MT_SE_GW[AF],3741808.0,45912927675.0,2917527031.0
17177,2066-08-01,GW_storage_MT_SE_GW[AF],3669312.0,46169111465.0,2921196343.0
17178,2066-09-01,GW_storage_MT_SE_GW[AF],3600512.0,46423600426.0,2924796855.0
17179,2066-10-01,GW_storage_MT_SE_GW[AF],3530753.0,46676263355.0,2928327608.0
17180,2066-11-01,GW_storage_MT_SE_GW[AF],3464553.0,46927228863.0,2931792161.0
17181,2066-12-01,GW_storage_MT_SE_GW[AF],3397429.0,47176198480.0,2935189590.0
17182,2067-01-01,GW_storage_MT_SE_GW[AF],3331605.0,47422896821.0,2938521195.0
17183,2067-02-01,GW_storage_MT_SE_GW[AF],3273302.0,47667661431.0,2941794497.0
17184,2067-03-01,GW_storage_MT_SE_GW[AF],3209881.0,47910308464.0,2945004378.0
17185,2067-04-01,GW_storage_MT_SE_GW[AF],3149698.0,48151085524.0,2948154076.0
17186,2067-05-01,GW_storage_MT_SE_GW[AF],3088674.0,48389950965.0,2951242750.0
17187,2067-06-01,GW_storage_MT_SE_GW[AF],3030759.0,48627002221.0,2954273509.0
17188,2067-07-01,GW_storage_MT_SE_GW[AF],2972037.0,48862124917.0,2957245546.0
17189,2067-08-01,GW_storage_MT_SE_GW[AF],2914454.0,49095321876.0,2960160000.0
17190,2067-09-01,GW_storage_MT_SE_GW[AF],2859809.0,49326841519.0,2963019809.0
17191,2067-10-01,GW_storage_MT_SE_GW[AF],2804400.0,49556552267.0,2965824209.0
17192,2067-11-01,GW_storage_MT_SE_GW[AF],2751817.0,49784868208.0,2968576026.0
17193,2067-12-01,GW_storage_MT_SE_GW[AF],2698500.0,50011545293.0,2971274526.0
17194,2068-01-01,GW_storage_MT_SE_GW[AF],2646216.0,50238331069.0,2973920742.0
17195,2068-02-01,GW_storage_MT_SE_GW[AF],2598252.0,50478937732.0,2976518994.0
17196,2068-03-01,GW_storage_MT_SE_GW[AF],2547911.0,50739381265.0,2979066905.0
17197,2068-04-01,GW_storage_MT_SE_GW[AF],2500137.0,51011294375.0,2981567042.0
17198,2068-05-01,GW_storage_MT_SE_GW[AF],2451698.0,51290774772.0,2984018740.0
17199,2068-06-01,GW_storage_MT_SE_GW[AF],3698347.0,51571539123.0,2987717087.0
17200,2068-07-01,GW_storage_MT_SE_GW[AF],4471783.0,51851333229.0,2992188870.0
17201,2068-08-01,GW_storage_MT_SE_GW[AF],4385139.0,52129191774.0,2996574009.0
17202,2068-09-01,GW_storage_MT_SE_GW[AF],4302915.0,52405096290.0,3000876924.0
17203,2068-10-01,GW_storage_MT_SE_GW[AF],4219547.0,52678907664.0,3005096471.0
17204,2068-11-01,GW_storage_MT_SE_GW[AF],4140430.0,52950483517.0,3009236901.0
17205,2068-12-01,GW_storage_MT_SE_GW[AF],4060209.0,53219819895.0,3013297110.0
17206,2069-01-01,GW_storage_MT_SE_GW[AF],3981542.0,53487155316.0,3017278652.0
17207,2069-02-01,GW_storage_MT_SE_GW[AF],3911866.0,53760870931.0,3021190518.0
17208,2069-03-01,GW_storage_MT_SE_GW[AF],3836076.0,54039428849.0,3025026594.0
17209,2069-04-01,GW_storage_MT_SE_GW[AF],3764152.0,54324092180.0,3028790746.0
17210,2069-05-01,GW_storage_MT_SE_GW[AF],3691222.0,54609436481.0,3032481968.0
17211,2069-06-01,GW_storage_MT_SE_GW[AF],4647053.0,54894337917.0,3037129021.0
17212,2069-07-01,GW_storage_MT_SE_GW[AF],4557017.0,55177218144.0,3041686038.0
17213,2069-08-01,GW_storage_MT_SE_GW[AF],4468722.0,55458179949.0,3046154760.0
17214,2069-09-01,GW_storage_MT_SE_GW[AF],4384934.0,55737226700.0,3050539694.0
17215,2069-10-01,GW_storage_MT_SE_GW[AF],4299975.0,56014313112.0,3054839669.0
17216,2069-11-01,GW_storage_MT_SE_GW[AF],4219352.0,56289244905.0,3059059021.0
17217,2069-12-01,GW_storage_MT_SE_GW[AF],4137602.0,56561948550.0,3063196623.0
17218,2070-01-01,GW_storage_MT_SE_GW[AF],4057437.0,56832455571.0,3067254060.0
17219,2070-02-01,GW_storage_MT_SE_GW[AF],3986431.0,57101031869.0,3071240491.0
17220,2070-03-01,GW_storage_MT_SE_GW[AF],3909193.0,57367456127.0,3075149684.0
17221,2070-04-01,GW_storage_MT_SE_GW[AF],3835896.0,57631884127.0,3078985580.0
17222,2070-05-01,GW_storage_MT_SE_GW[AF],3761578.0,57894580730.0,3082747158.0
17223,2070-06-01,GW_storage_MT_SE_GW[AF],4810632.0,58156625113.0,3087557790.0
17224,2070-07-01,GW_storage_MT_SE_GW[AF],5556895.0,58417720429.0,3093114685.0
17225,2070-08-01,GW_storage_MT_SE_GW[AF],5449228.0,58677125935.0,3098563913.0
17226,2070-09-01,GW_storage_MT_SE_GW[AF],5347057.0,58935122487.0,3103910970.0
17227,2070-10-01,GW_storage_MT_SE_GW[AF],5243457.0,59191573450.0,3109154427.0
17228,2070-11-01,GW_storage_MT_SE_GW[AF],5145143.0,59446278042.0,3114299570.0
17229,2070-12-01,GW_storage_MT_SE_GW[AF],5045455.0,59699129256.0,3119345025.0
17230,2025-07-01,GW_storage_MT_SW_GW[AF],-2.0,59233291.0,-2.0
17231,2025-08-01,GW_storage_MT_SW_GW[AF],-20234.0,60752330.0,-20236.0
17232,2025-09-01,GW_storage_MT_SW_GW[AF],-16415.0,63291561.0,-36651.0
17233,2025-10-01,GW_storage_MT_SW_GW[AF],-16003.0,66117192.0,-52654.0
17234,2025-11-01,GW_storage_MT_SW_GW[AF],-15628.0,69169207.0,-68282.0
17235,2025-12-01,GW_storage_MT_SW_GW[AF],-15274.0,72377661.0,-83556.0
17236,2026-01-01,GW_storage_MT_SW_GW[AF],-14940.0,75644729.0,-98496.0
17237,2026-02-01,GW_storage_MT_SW_GW[AF],-14640.0,83025589.0,-113136.0
17238,2026-03-01,GW_storage_MT_SW_GW[AF],-14328.0,93674924.0,-127464.0
17239,2026-04-01,GW_storage_MT_SW_GW[AF],-14007.0,112497734.0,-141471.0
17240,2026-05-01,GW_storage_MT_SW_GW[AF],-13746.0,136460613.0,-155217.0
17241,2026-06-01,GW_storage_MT_SW_GW[AF],-13498.0,160180041.0,-168715.0
17242,2026-07-01,GW_storage_MT_SW_GW[AF],-13283.0,184580314.0,-181998.0
17243,2026-08-01,GW_storage_MT_SW_GW[AF],-13089.0,208538131.0,-195087.0
17244,2026-09-01,GW_storage_MT_SW_GW[AF],-12912.0,232132273.0,-207999.0
17245,2026-10-01,GW_storage_MT_SW_GW[AF],-12751.0,255250646.0,-220750.0
17246,2026-11-01,GW_storage_MT_SW_GW[AF],-12596.0,277908394.0,-233346.0
17247,2026-12-01,GW_storage_MT_SW_GW[AF],-12439.0,300103214.0,-245785.0
17248,2027-01-01,GW_storage_MT_SW_GW[AF],-12284.0,321847786.0,-258069.0
17249,2027-02-01,GW_storage_MT_SW_GW[AF],-12146.0,343199646.0,-270215.0
17250,2027-03-01,GW_storage_MT_SW_GW[AF],-11995.0,369620421.0,-282210.0
17251,2027-04-01,GW_storage_MT_SW_GW[AF],-11850.0,409179141.0,-294060.0
17252,2027-05-01,GW_storage_MT_SW_GW[AF],-11702.0,455970259.0,-305762.0
17253,2027-06-01,GW_storage_MT_SW_GW[AF],-11561.0,506103237.0,-317323.0
17254,2027-07-01,GW_storage_MT_SW_GW[AF],-11417.0,558027240.0,-328740.0
17255,2027-08-01,GW_storage_MT_SW_GW[AF],-11276.0,610747556.0,-340016.0
17256,2027-09-01,GW_storage_MT_SW_GW[AF],-11141.0,662576568.0,-351157.0
17257,2027-10-01,GW_storage_MT_SW_GW[AF],-11002.0,713531026.0,-362159.0
17258,2027-11-01,GW_storage_MT_SW_GW[AF],-10870.0,763602436.0,-373029.0
17259,2027-12-01,GW_storage_MT_SW_GW[AF],-10736.0,812846873.0,-383765.0
17260,2028-01-01,GW_storage_MT_SW_GW[AF],-10602.0,861121911.0,-394367.0
17261,2028-02-01,GW_storage_MT_SW_GW[AF],-10480.0,908650771.0,-404847.0
17262,2028-03-01,GW_storage_MT_SW_GW[AF],-10350.0,959000163.0,-415197.0
17263,2028-04-01,GW_storage_MT_SW_GW[AF],-10225.0,1012039411.0,-425422.0
17264,2028-05-01,GW_storage_MT_SW_GW[AF],-10098.0,1068060916.0,-435520.0
17265,2028-06-01,GW_storage_MT_SW_GW[AF],-9978.0,1125203670.0,-445498.0
17266,2028-07-01,GW_storage_MT_SW_GW[AF],-9854.0,1183903968.0,-455352.0
17267,2028-08-01,GW_storage_MT_SW_GW[AF],-9731.0,1241633200.0,-465083.0
17268,2028-09-01,GW_storage_MT_SW_GW[AF],-9616.0,1298536546.0,-474699.0
17269,2028-10-01,GW_storage_MT_SW_GW[AF],-9496.0,1354465802.0,-484195.0
17270,2028-11-01,GW_storage_MT_SW_GW[AF],-9382.0,1409406877.0,-493577.0
17271,2028-12-01,GW_storage_MT_SW_GW[AF],-9266.0,1463330743.0,-502843.0
17272,2029-01-01,GW_storage_MT_SW_GW[AF],-9151.0,1516331973.0,-511994.0
17273,2029-02-01,GW_storage_MT_SW_GW[AF],-9048.0,1568436361.0,-521042.0
17274,2029-03-01,GW_storage_MT_SW_GW[AF],-8936.0,1622957905.0,-529978.0
17275,2029-04-01,GW_storage_MT_SW_GW[AF],-8828.0,1679352962.0,-538806.0
17276,2029-05-01,GW_storage_MT_SW_GW[AF],-8720.0,1742904338.0,-547526.0
17277,2029-06-01,GW_storage_MT_SW_GW[AF],-8627.0,1807169538.0,-556153.0
17278,2029-07-01,GW_storage_MT_SW_GW[AF],-8527.0,1872474684.0,-564680.0
17279,2029-08-01,GW_storage_MT_SW_GW[AF],-8426.0,1936569687.0,-573106.0
17280,2029-09-01,GW_storage_MT_SW_GW[AF],-8327.0,1999536921.0,-581433.0
17281,2029-10-01,GW_storage_MT_SW_GW[AF],-8226.0,2061251234.0,-589659.0
17282,2029-11-01,GW_storage_MT_SW_GW[AF],-8127.0,2121792309.0,-597786.0
17283,2029-12-01,GW_storage_MT_SW_GW[AF],-8026.0,2181276298.0,-605812.0
17284,2030-01-01,GW_storage_MT_SW_GW[AF],-7927.0,2239598911.0,-613739.0
17285,2030-02-01,GW_storage_MT_SW_GW[AF],-7838.0,2296908282.0,-621577.0
17286,2030-03-01,GW_storage_MT_SW_GW[AF],-7741.0,2353273149.0,-629318.0
17287,2030-04-01,GW_storage_MT_SW_GW[AF],-7650.0,2408813513.0,-636968.0
17288,2030-05-01,GW_storage_MT_SW_GW[AF],-7556.0,2463288321.0,-644524.0
17289,2030-06-01,GW_storage_MT_SW_GW[AF],-7465.0,2519189259.0,-651989.0
17290,2030-07-01,GW_storage_MT_SW_GW[AF],-7372.0,2574987711.0,-659361.0
17291,2030-08-01,GW_storage_MT_SW_GW[AF],-7288.0,2629845780.0,-666649.0
17292,2030-09-01,GW_storage_MT_SW_GW[AF],-7200.0,2683731630.0,-673849.0
17293,2030-10-01,GW_storage_MT_SW_GW[AF],-7111.0,2736573135.0,-680960.0
17294,2030-11-01,GW_storage_MT_SW_GW[AF],-7025.0,2788437015.0,-687985.0
17295,2030-12-01,GW_storage_MT_SW_GW[AF],-6938.0,2839371858.0,-694923.0
17296,2031-01-01,GW_storage_MT_SW_GW[AF],-6852.0,2889285425.0,-701775.0
17297,2031-02-01,GW_storage_MT_SW_GW[AF],-6775.0,2938331300.0,-708550.0
17298,2031-03-01,GW_storage_MT_SW_GW[AF],-6692.0,2986403207.0,-715242.0
17299,2031-04-01,GW_storage_MT_SW_GW[AF],-6612.0,3034117058.0,-721854.0
17300,2031-05-01,GW_storage_MT_SW_GW[AF],-6529.0,3081639947.0,-728383.0
17301,2031-06-01,GW_storage_MT_SW_GW[AF],-6451.0,3128466639.0,-734834.0
17302,2031-07-01,GW_storage_MT_SW_GW[AF],-6370.0,3175256040.0,-741204.0
17303,2031-08-01,GW_storage_MT_SW_GW[AF],-6291.0,3221201089.0,-747495.0
17304,2031-09-01,GW_storage_MT_SW_GW[AF],-6215.0,3266538806.0,-753710.0
17305,2031-10-01,GW_storage_MT_SW_GW[AF],-6138.0,3311005126.0,-759848.0
17306,2031-11-01,GW_storage_MT_SW_GW[AF],-6064.0,3354843436.0,-765912.0
17307,2031-12-01,GW_storage_MT_SW_GW[AF],-5990.0,3397917039.0,-771902.0
17308,2032-01-01,GW_storage_MT_SW_GW[AF],-5916.0,3440765830.0,-777818.0
17309,2032-02-01,GW_storage_MT_SW_GW[AF],-5847.0,3500332884.0,-783665.0
17310,2032-03-01,GW_storage_MT_SW_GW[AF],-5775.0,3570397039.0,-789440.0
17311,2032-04-01,GW_storage_MT_SW_GW[AF],-5705.0,3645988541.0,-795145.0
17312,2032-05-01,GW_storage_MT_SW_GW[AF],-5634.0,3723860841.0,-800779.0
17313,2032-06-01,GW_storage_MT_SW_GW[AF],-5566.0,3803847465.0,-806345.0
17314,2032-07-01,GW_storage_MT_SW_GW[AF],-5497.0,3884065220.0,-811842.0
17315,2032-08-01,GW_storage_MT_SW_GW[AF],-5429.0,3963910669.0,-817271.0
17316,2032-09-01,GW_storage_MT_SW_GW[AF],-5365.0,4042724779.0,-822636.0
17317,2032-10-01,GW_storage_MT_SW_GW[AF],-5298.0,4120308321.0,-827934.0
17318,2032-11-01,GW_storage_MT_SW_GW[AF],-5234.0,4196679403.0,-833168.0
17319,2032-12-01,GW_storage_MT_SW_GW[AF],-5170.0,4271822754.0,-838338.0
17320,2033-01-01,GW_storage_MT_SW_GW[AF],-5105.0,4345538492.0,-843443.0
17321,2033-02-01,GW_storage_MT_SW_GW[AF],-5048.0,4423218301.0,-848491.0
17322,2033-03-01,GW_storage_MT_SW_GW[AF],-4986.0,4505470297.0,-853477.0
17323,2033-04-01,GW_storage_MT_SW_GW[AF],-4927.0,4590681136.0,-858404.0
17324,2033-05-01,GW_storage_MT_SW_GW[AF],-4870.0,4675360581.0,-863274.0
17325,2033-06-01,GW_storage_MT_SW_GW[AF],-4839.0,4760708398.0,-868113.0
17326,2033-07-01,GW_storage_MT_SW_GW[AF],-4794.0,4846138178.0,-872907.0
17327,2033-08-01,GW_storage_MT_SW_GW[AF],-4745.0,4931118427.0,-877652.0
17328,2033-09-01,GW_storage_MT_SW_GW[AF],-4702.0,5014914731.0,-882354.0
17329,2033-10-01,GW_storage_MT_SW_GW[AF],-4644.0,5097508172.0,-886998.0
17330,2033-11-01,GW_storage_MT_SW_GW[AF],-4589.0,5178663669.0,-891587.0
17331,2033-12-01,GW_storage_MT_SW_GW[AF],-4533.0,5258443309.0,-896120.0
17332,2034-01-01,GW_storage_MT_SW_GW[AF],-4478.0,5339163828.0,-900598.0
17333,2034-02-01,GW_storage_MT_SW_GW[AF],-4428.0,5418722190.0,-905026.0
17334,2034-03-01,GW_storage_MT_SW_GW[AF],-4374.0,5500220744.0,-909400.0
17335,2034-04-01,GW_storage_MT_SW_GW[AF],-4323.0,5584032903.0,-913723.0
17336,2034-05-01,GW_storage_MT_SW_GW[AF],-4267.0,5676873319.0,-917990.0
17337,2034-06-01,GW_storage_MT_SW_GW[AF],-4213.0,5773341236.0,-922203.0
17338,2034-07-01,GW_storage_MT_SW_GW[AF],-4160.0,5871231225.0,-926363.0
17339,2034-08-01,GW_storage_MT_SW_GW[AF],-4107.0,5968392389.0,-930470.0
17340,2034-09-01,GW_storage_MT_SW_GW[AF],-4057.0,6064112138.0,-934527.0
17341,2034-10-01,GW_storage_MT_SW_GW[AF],-4007.0,6158273690.0,-938534.0
17342,2034-11-01,GW_storage_MT_SW_GW[AF],-3958.0,6251013792.0,-942492.0
17343,2034-12-01,GW_storage_MT_SW_GW[AF],-3909.0,6342469856.0,-946401.0
17344,2035-01-01,GW_storage_MT_SW_GW[AF],-3861.0,6432436397.0,-950262.0
17345,2035-02-01,GW_storage_MT_SW_GW[AF],-3817.0,6520973109.0,-954079.0
17346,2035-03-01,GW_storage_MT_SW_GW[AF],-3770.0,6608114132.0,-957849.0
17347,2035-04-01,GW_storage_MT_SW_GW[AF],-3724.0,6694040771.0,-961573.0
17348,2035-05-01,GW_storage_MT_SW_GW[AF],-3677.0,6778544504.0,-965250.0
17349,2035-06-01,GW_storage_MT_SW_GW[AF],-3620.0,6863239534.0,-968870.0
17350,2035-07-01,GW_storage_MT_SW_GW[AF],-3565.0,6947511289.0,-972435.0
17351,2035-08-01,GW_storage_MT_SW_GW[AF],-3515.0,7030376153.0,-975950.0
17352,2035-09-01,GW_storage_MT_SW_GW[AF],-3470.0,7112119087.0,-979420.0
17353,2035-10-01,GW_storage_MT_SW_GW[AF],-3426.0,7192574428.0,-982846.0
17354,2035-11-01,GW_storage_MT_SW_GW[AF],-3385.0,7271865334.0,-986231.0
17355,2035-12-01,GW_storage_MT_SW_GW[AF],-3343.0,7350179909.0,-989574.0
17356,2036-01-01,GW_storage_MT_SW_GW[AF],-3301.0,7427195979.0,-992875.0
17357,2036-02-01,GW_storage_MT_SW_GW[AF],-3263.0,7503024891.0,-996138.0
17358,2036-03-01,GW_storage_MT_SW_GW[AF],-3222.0,7577632108.0,-999360.0
17359,2036-04-01,GW_storage_MT_SW_GW[AF],-3180.0,7651185144.0,-1002540.0
17360,2036-05-01,GW_storage_MT_SW_GW[AF],-3139.0,7724300240.0,-1005679.0
17361,2036-06-01,GW_storage_MT_SW_GW[AF],-3098.0,7796353708.0,-1008777.0
17362,2036-07-01,GW_storage_MT_SW_GW[AF],-3057.0,7867314948.0,-1011834.0
17363,2036-08-01,GW_storage_MT_SW_GW[AF],-3018.0,7937241278.0,-1014852.0
17364,2036-09-01,GW_storage_MT_SW_GW[AF],-2980.0,8006295323.0,-1017832.0
17365,2036-10-01,GW_storage_MT_SW_GW[AF],-2943.0,8074305646.0,-1020775.0
17366,2036-11-01,GW_storage_MT_SW_GW[AF],-2908.0,8141376577.0,-1023683.0
17367,2036-12-01,GW_storage_MT_SW_GW[AF],-2872.0,8207644541.0,-1026555.0
17368,2037-01-01,GW_storage_MT_SW_GW[AF],-2836.0,8273161410.0,-1029391.0
17369,2037-02-01,GW_storage_MT_SW_GW[AF],-2804.0,8337733681.0,-1032195.0
17370,2037-03-01,GW_storage_MT_SW_GW[AF],-2770.0,8401237350.0,-1034965.0
17371,2037-04-01,GW_storage_MT_SW_GW[AF],-2736.0,8463716442.0,-1037701.0
17372,2037-05-01,GW_storage_MT_SW_GW[AF],-2679.0,8525229166.0,-1040380.0
17373,2037-06-01,GW_storage_MT_SW_GW[AF],-2316.0,8585780498.0,-1042696.0
17374,2037-07-01,GW_storage_MT_SW_GW[AF],-2095.0,8645518277.0,-1044791.0
17375,2037-08-01,GW_storage_MT_SW_GW[AF],-1954.0,8704580765.0,-1046745.0
17376,2037-09-01,GW_storage_MT_SW_GW[AF],-1856.0,8763159684.0,-1048601.0
17377,2037-10-01,GW_storage_MT_SW_GW[AF],-1782.0,8821181815.0,-1050383.0
17378,2037-11-01,GW_storage_MT_SW_GW[AF],-1758.0,8878677095.0,-1052141.0
17379,2037-12-01,GW_storage_MT_SW_GW[AF],-1734.0,8935618642.0,-1053875.0
17380,2038-01-01,GW_storage_MT_SW_GW[AF],-1710.0,8991690289.0,-1055585.0
17381,2038-02-01,GW_storage_MT_SW_GW[AF],-1690.0,9049081585.0,-1057275.0
17382,2038-03-01,GW_storage_MT_SW_GW[AF],-1666.0,9108044798.0,-1058941.0
17383,2038-04-01,GW_storage_MT_SW_GW[AF],-1620.0,9168794933.0,-1060561.0
17384,2038-05-01,GW_storage_MT_SW_GW[AF],-1581.0,9229969082.0,-1062142.0
17385,2038-06-01,GW_storage_MT_SW_GW[AF],-1555.0,9290494843.0,-1063697.0
17386,2038-07-01,GW_storage_MT_SW_GW[AF],-1532.0,9350294408.0,-1065229.0
17387,2038-08-01,GW_storage_MT_SW_GW[AF],-1510.0,9409318940.0,-1066739.0
17388,2038-09-01,GW_storage_MT_SW_GW[AF],-1491.0,9467673979.0,-1068230.0
17389,2038-10-01,GW_storage_MT_SW_GW[AF],-1472.0,9525253636.0,-1069702.0
17390,2038-11-01,GW_storage_MT_SW_GW[AF],-1454.0,9582098472.0,-1071156.0
17391,2038-12-01,GW_storage_MT_SW_GW[AF],-1436.0,9638248766.0,-1072592.0
17392,2039-01-01,GW_storage_MT_SW_GW[AF],-1418.0,9693650977.0,-1074010.0
17393,2039-02-01,GW_storage_MT_SW_GW[AF],-1403.0,9750458830.0,-1075413.0
17394,2039-03-01,GW_storage_MT_SW_GW[AF],-1385.0,9809156458.0,-1076798.0
17395,2039-04-01,GW_storage_MT_SW_GW[AF],-1368.0,9868559467.0,-1078166.0
17396,2039-05-01,GW_storage_MT_SW_GW[AF],-1350.0,9927385773.0,-1079516.0
17397,2039-06-01,GW_storage_MT_SW_GW[AF],-1335.0,9986965256.0,-1080851.0
17398,2039-07-01,GW_storage_MT_SW_GW[AF],-1317.0,10046475029.0,-1082168.0
17399,2039-08-01,GW_storage_MT_SW_GW[AF],-1301.0,10105238592.0,-1083469.0
17400,2039-09-01,GW_storage_MT_SW_GW[AF],-1284.0,10163363477.0,-1084753.0
17401,2039-10-01,GW_storage_MT_SW_GW[AF],-1268.0,10220781260.0,-1086021.0
17402,2039-11-01,GW_storage_MT_SW_GW[AF],-1253.0,10277373162.0,-1087274.0
17403,2039-12-01,GW_storage_MT_SW_GW[AF],-1237.0,10333185165.0,-1088511.0
17404,2040-01-01,GW_storage_MT_SW_GW[AF],-1222.0,10388289039.0,-1089733.0
17405,2040-02-01,GW_storage_MT_SW_GW[AF],-1208.0,10442633493.0,-1090941.0
17406,2040-03-01,GW_storage_MT_SW_GW[AF],-1193.0,10496196844.0,-1092134.0
17407,2040-04-01,GW_storage_MT_SW_GW[AF],-1178.0,10549040409.0,-1093312.0
17408,2040-05-01,GW_storage_MT_SW_GW[AF],-1144.0,10601395194.0,-1094456.0
17409,2040-06-01,GW_storage_MT_SW_GW[AF],-833.0,10653107949.0,-1095289.0
17410,2040-07-01,GW_storage_MT_SW_GW[AF],-635.0,10704171007.0,-1095924.0
17411,2040-08-01,GW_storage_MT_SW_GW[AF],-516.0,10754605305.0,-1096440.0
17412,2040-09-01,GW_storage_MT_SW_GW[AF],-436.0,10804445973.0,-1096876.0
17413,2040-10-01,GW_storage_MT_SW_GW[AF],-427.0,10853648570.0,-1097303.0
17414,2040-11-01,GW_storage_MT_SW_GW[AF],-418.0,10902484914.0,-1097721.0
17415,2040-12-01,GW_storage_MT_SW_GW[AF],-410.0,10950730644.0,-1098131.0
17416,2041-01-01,GW_storage_MT_SW_GW[AF],-402.0,10998281298.0,-1098533.0
17417,2041-02-01,GW_storage_MT_SW_GW[AF],-395.0,11047818234.0,-1098928.0
17418,2041-03-01,GW_storage_MT_SW_GW[AF],-388.0,11099139984.0,-1099316.0
17419,2041-04-01,GW_storage_MT_SW_GW[AF],-353.0,11151170281.0,-1099669.0
17420,2041-05-01,GW_storage_MT_SW_GW[AF],-342.0,11202540882.0,-1100011.0
17421,2041-06-01,GW_storage_MT_SW_GW[AF],-325.0,11253584926.0,-1100336.0
17422,2041-07-01,GW_storage_MT_SW_GW[AF],-313.0,11304087287.0,-1100649.0
17423,2041-08-01,GW_storage_MT_SW_GW[AF],-305.0,11354085428.0,-1100954.0
17424,2041-09-01,GW_storage_MT_SW_GW[AF],-299.0,11403615397.0,-1101253.0
17425,2041-10-01,GW_storage_MT_SW_GW[AF],-295.0,11452671944.0,-1101548.0
17426,2041-11-01,GW_storage_MT_SW_GW[AF],-292.0,11501212889.0,-1101840.0
17427,2041-12-01,GW_storage_MT_SW_GW[AF],-288.0,11549056939.0,-1102128.0
17428,2042-01-01,GW_storage_MT_SW_GW[AF],-284.0,11596204581.0,-1102412.0
17429,2042-02-01,GW_storage_MT_SW_GW[AF],-281.0,11642935334.0,-1102693.0
17430,2042-03-01,GW_storage_MT_SW_GW[AF],-277.0,11689092595.0,-1102970.0
17431,2042-04-01,GW_storage_MT_SW_GW[AF],-274.0,11735022869.0,-1103244.0
17432,2042-05-01,GW_storage_MT_SW_GW[AF],-270.0,11780876718.0,-1103514.0
17433,2042-06-01,GW_storage_MT_SW_GW[AF],-267.0,11826092725.0,-1103781.0
17434,2042-07-01,GW_storage_MT_SW_GW[AF],-264.0,11871546727.0,-1104045.0
17435,2042-08-01,GW_storage_MT_SW_GW[AF],-262.0,11916431990.0,-1104307.0
17436,2042-09-01,GW_storage_MT_SW_GW[AF],-259.0,11960791410.0,-1104566.0
17437,2042-10-01,GW_storage_MT_SW_GW[AF],-256.0,12004660184.0,-1104822.0
17438,2042-11-01,GW_storage_MT_SW_GW[AF],-253.0,12048130811.0,-1105075.0
17439,2042-12-01,GW_storage_MT_SW_GW[AF],-250.0,12091062837.0,-1105325.0
17440,2043-01-01,GW_storage_MT_SW_GW[AF],-247.0,12133444088.0,-1105572.0
17441,2043-02-01,GW_storage_MT_SW_GW[AF],-244.0,12175363925.0,-1105816.0
17442,2043-03-01,GW_storage_MT_SW_GW[AF],-241.0,12216725340.0,-1106057.0
17443,2043-04-01,GW_storage_MT_SW_GW[AF],-238.0,12257666079.0,-1106295.0
17444,2043-05-01,GW_storage_MT_SW_GW[AF],-235.0,12298078753.0,-1106530.0
17445,2043-06-01,GW_storage_MT_SW_GW[AF],-232.0,12338040338.0,-1106762.0
17446,2043-07-01,GW_storage_MT_SW_GW[AF],-231.0,12377535688.0,-1106993.0
17447,2043-08-01,GW_storage_MT_SW_GW[AF],-229.0,12416568319.0,-1107222.0
17448,2043-09-01,GW_storage_MT_SW_GW[AF],-228.0,12455234071.0,-1107450.0
17449,2043-10-01,GW_storage_MT_SW_GW[AF],-225.0,12493493716.0,-1107675.0
17450,2043-11-01,GW_storage_MT_SW_GW[AF],-222.0,12531340494.0,-1107897.0
17451,2043-12-01,GW_storage_MT_SW_GW[AF],-220.0,12568703212.0,-1108117.0
17452,2044-01-01,GW_storage_MT_SW_GW[AF],-217.0,12605614127.0,-1108334.0
17453,2044-02-01,GW_storage_MT_SW_GW[AF],-214.0,12642100391.0,-1108548.0
17454,2044-03-01,GW_storage_MT_SW_GW[AF],-212.0,12678094207.0,-1108760.0
17455,2044-04-01,GW_storage_MT_SW_GW[AF],-209.0,12715489683.0,-1108969.0
17456,2044-05-01,GW_storage_MT_SW_GW[AF],-207.0,12757376464.0,-1109176.0
17457,2044-06-01,GW_storage_MT_SW_GW[AF],-204.0,12798680033.0,-1109380.0
17458,2044-07-01,GW_storage_MT_SW_GW[AF],-200.0,12840178366.0,-1109580.0
17459,2044-08-01,GW_storage_MT_SW_GW[AF],-197.0,12881238666.0,-1109777.0
17460,2044-09-01,GW_storage_MT_SW_GW[AF],-194.0,12921922929.0,-1109971.0
17461,2044-10-01,GW_storage_MT_SW_GW[AF],-192.0,12962137170.0,-1110163.0
17462,2044-11-01,GW_storage_MT_SW_GW[AF],-190.0,13001917872.0,-1110353.0
17463,2044-12-01,GW_storage_MT_SW_GW[AF],-187.0,13041192913.0,-1110540.0
17464,2045-01-01,GW_storage_MT_SW_GW[AF],-185.0,13079996277.0,-1110725.0
17465,2045-02-01,GW_storage_MT_SW_GW[AF],-183.0,13119222084.0,-1110908.0
17466,2045-03-01,GW_storage_MT_SW_GW[AF],-181.0,13158364150.0,-1111089.0
17467,2045-04-01,GW_storage_MT_SW_GW[AF],-178.0,13198157185.0,-1111267.0
17468,2045-05-01,GW_storage_MT_SW_GW[AF],-176.0,13237869018.0,-1111443.0
17469,2045-06-01,GW_storage_MT_SW_GW[AF],-174.0,13278774379.0,-1111617.0
17470,2045-07-01,GW_storage_MT_SW_GW[AF],-171.0,13324244062.0,-1111788.0
17471,2045-08-01,GW_storage_MT_SW_GW[AF],-162.0,13372386542.0,-1111950.0
17472,2045-09-01,GW_storage_MT_SW_GW[AF],-157.0,13419876881.0,-1112107.0
17473,2045-10-01,GW_storage_MT_SW_GW[AF],-154.0,13466818785.0,-1112261.0
17474,2045-11-01,GW_storage_MT_SW_GW[AF],-152.0,13513160105.0,-1112413.0
17475,2045-12-01,GW_storage_MT_SW_GW[AF],-150.0,13560745919.0,-1112563.0
17476,2046-01-01,GW_storage_MT_SW_GW[AF],-148.0,13615290772.0,-1112711.0
17477,2046-02-01,GW_storage_MT_SW_GW[AF],-146.0,13677811710.0,-1112857.0
17478,2046-03-01,GW_storage_MT_SW_GW[AF],-144.0,13748607831.0,-1113001.0
17479,2046-04-01,GW_storage_MT_SW_GW[AF],-142.0,13826873589.0,-1113143.0
17480,2046-05-01,GW_storage_MT_SW_GW[AF],-141.0,13907944967.0,-1113284.0
17481,2046-06-01,GW_storage_MT_SW_GW[AF],-140.0,13989979852.0,-1113424.0
17482,2046-07-01,GW_storage_MT_SW_GW[AF],-138.0,14071604903.0,-1113562.0
17483,2046-08-01,GW_storage_MT_SW_GW[AF],-136.0,14152131683.0,-1113698.0
17484,2046-09-01,GW_storage_MT_SW_GW[AF],-134.0,14231617714.0,-1113832.0
17485,2046-10-01,GW_storage_MT_SW_GW[AF],-132.0,14310005025.0,-1113964.0
17486,2046-11-01,GW_storage_MT_SW_GW[AF],-131.0,14387273527.0,-1114095.0
17487,2046-12-01,GW_storage_MT_SW_GW[AF],-129.0,14463437376.0,-1114224.0
17488,2047-01-01,GW_storage_MT_SW_GW[AF],-128.0,14538457981.0,-1114352.0
17489,2047-02-01,GW_storage_MT_SW_GW[AF],-127.0,14612508014.0,-1114479.0
17490,2047-03-01,GW_storage_MT_SW_GW[AF],-124.0,14685452283.0,-1114603.0
17491,2047-04-01,GW_storage_MT_SW_GW[AF],-123.0,14764472816.0,-1114726.0
17492,2047-05-01,GW_storage_MT_SW_GW[AF],-122.0,14860897341.0,-1114848.0
17493,2047-06-01,GW_storage_MT_SW_GW[AF],-121.0,14972506362.0,-1114969.0
17494,2047-07-01,GW_storage_MT_SW_GW[AF],-119.0,15088231692.0,-1115088.0
17495,2047-08-01,GW_storage_MT_SW_GW[AF],-117.0,15203332934.0,-1115205.0
17496,2047-09-01,GW_storage_MT_SW_GW[AF],-116.0,15317492289.0,-1115321.0
17497,2047-10-01,GW_storage_MT_SW_GW[AF],-114.0,15430042333.0,-1115435.0
17498,2047-11-01,GW_storage_MT_SW_GW[AF],-113.0,15542831934.0,-1115548.0
17499,2047-12-01,GW_storage_MT_SW_GW[AF],-112.0,15653870877.0,-1115660.0
17500,2048-01-01,GW_storage_MT_SW_GW[AF],-110.0,15763169397.0,-1115770.0
17501,2048-02-01,GW_storage_MT_SW_GW[AF],-109.0,15872138297.0,-1115879.0
17502,2048-03-01,GW_storage_MT_SW_GW[AF],-108.0,15987897138.0,-1115987.0
17503,2048-04-01,GW_storage_MT_SW_GW[AF],-106.0,16106751114.0,-1116093.0
17504,2048-05-01,GW_storage_MT_SW_GW[AF],-105.0,16226738594.0,-1116198.0
17505,2048-06-01,GW_storage_MT_SW_GW[AF],-103.0,16346930466.0,-1116301.0
17506,2048-07-01,GW_storage_MT_SW_GW[AF],-102.0,16466203172.0,-1116403.0
17507,2048-08-01,GW_storage_MT_SW_GW[AF],-100.0,16583670765.0,-1116503.0
17508,2048-09-01,GW_storage_MT_SW_GW[AF],-100.0,16699553017.0,-1116603.0
17509,2048-10-01,GW_storage_MT_SW_GW[AF],-98.0,16813788962.0,-1116701.0
17510,2048-11-01,GW_storage_MT_SW_GW[AF],-97.0,16926416472.0,-1116798.0
17511,2048-12-01,GW_storage_MT_SW_GW[AF],-96.0,17038918116.0,-1116894.0
17512,2049-01-01,GW_storage_MT_SW_GW[AF],-95.0,17150214903.0,-1116989.0
17513,2049-02-01,GW_storage_MT_SW_GW[AF],-94.0,17259849423.0,-1117083.0
17514,2049-03-01,GW_storage_MT_SW_GW[AF],-93.0,17374140295.0,-1117176.0
17515,2049-04-01,GW_storage_MT_SW_GW[AF],-92.0,17496980626.0,-1117268.0
17516,2049-05-01,GW_storage_MT_SW_GW[AF],-90.0,17623520262.0,-1117358.0
17517,2049-06-01,GW_storage_MT_SW_GW[AF],-89.0,17749882278.0,-1117447.0
17518,2049-07-01,GW_storage_MT_SW_GW[AF],-89.0,17875311834.0,-1117536.0
17519,2049-08-01,GW_storage_MT_SW_GW[AF],-87.0,17998950915.0,-1117623.0
17520,2049-09-01,GW_storage_MT_SW_GW[AF],-86.0,18120987592.0,-1117709.0
17521,2049-10-01,GW_storage_MT_SW_GW[AF],-85.0,18241422265.0,-1117794.0
17522,2049-11-01,GW_storage_MT_SW_GW[AF],-83.0,18360102830.0,-1117877.0
17523,2049-12-01,GW_storage_MT_SW_GW[AF],-82.0,18476910369.0,-1117959.0
17524,2050-01-01,GW_storage_MT_SW_GW[AF],-81.0,18591916831.0,-1118040.0
17525,2050-02-01,GW_storage_MT_SW_GW[AF],-81.0,18705272956.0,-1118121.0
17526,2050-03-01,GW_storage_MT_SW_GW[AF],-80.0,18821028859.0,-1118201.0
17527,2050-04-01,GW_storage_MT_SW_GW[AF],-77.0,18940506995.0,-1118278.0
17528,2050-05-01,GW_storage_MT_SW_GW[AF],-74.0,19059600483.0,-1118352.0
17529,2050-06-01,GW_storage_MT_SW_GW[AF],-71.0,19178428021.0,-1118423.0
17530,2050-07-01,GW_storage_MT_SW_GW[AF],-69.0,19296435077.0,-1118492.0
17531,2050-08-01,GW_storage_MT_SW_GW[AF],-67.0,19412834260.0,-1118559.0
17532,2050-09-01,GW_storage_MT_SW_GW[AF],-66.0,19527808893.0,-1118625.0
17533,2050-10-01,GW_storage_MT_SW_GW[AF],-65.0,19641173895.0,-1118690.0
17534,2050-11-01,GW_storage_MT_SW_GW[AF],-65.0,19752769080.0,-1118755.0
17535,2050-12-01,GW_storage_MT_SW_GW[AF],-64.0,19862611454.0,-1118819.0
17536,2051-01-01,GW_storage_MT_SW_GW[AF],-63.0,19970764786.0,-1118882.0
17537,2051-02-01,GW_storage_MT_SW_GW[AF],-62.0,20077395432.0,-1118944.0
17538,2051-03-01,GW_storage_MT_SW_GW[AF],-61.0,20182370827.0,-1119005.0
17539,2051-04-01,GW_storage_MT_SW_GW[AF],-61.0,20291580463.0,-1119066.0
17540,2051-05-01,GW_storage_MT_SW_GW[AF],-60.0,20400038326.0,-1119126.0
17541,2051-06-01,GW_storage_MT_SW_GW[AF],-59.0,20508257786.0,-1119185.0
17542,2051-07-01,GW_storage_MT_SW_GW[AF],-58.0,20615875318.0,-1119243.0
17543,2051-08-01,GW_storage_MT_SW_GW[AF],-57.0,20722198437.0,-1119300.0
17544,2051-09-01,GW_storage_MT_SW_GW[AF],-55.0,20827038775.0,-1119355.0
17545,2051-10-01,GW_storage_MT_SW_GW[AF],-54.0,20930437548.0,-1119409.0
17546,2051-11-01,GW_storage_MT_SW_GW[AF],-53.0,21032468769.0,-1119462.0
17547,2051-12-01,GW_storage_MT_SW_GW[AF],-53.0,21133705710.0,-1119515.0
17548,2052-01-01,GW_storage_MT_SW_GW[AF],-52.0,21233433839.0,-1119567.0
17549,2052-02-01,GW_storage_MT_SW_GW[AF],-51.0,21331717041.0,-1119618.0
17550,2052-03-01,GW_storage_MT_SW_GW[AF],-51.0,21429607427.0,-1119669.0
17551,2052-04-01,GW_storage_MT_SW_GW[AF],-50.0,21527851494.0,-1119719.0
17552,2052-05-01,GW_storage_MT_SW_GW[AF],-56.0,21624977785.0,-1119775.0
17553,2052-06-01,GW_storage_MT_SW_GW[AF],-59.0,21720857498.0,-1119834.0
17554,2052-07-01,GW_storage_MT_SW_GW[AF],-60.0,21815421513.0,-1119894.0
17555,2052-08-01,GW_storage_MT_SW_GW[AF],-67.0,21908765850.0,-1119961.0
17556,2052-09-01,GW_storage_MT_SW_GW[AF],-64.0,22001026854.0,-1120025.0
17557,2052-10-01,GW_storage_MT_SW_GW[AF],-63.0,22092179195.0,-1120088.0
17558,2052-11-01,GW_storage_MT_SW_GW[AF],-63.0,22182158688.0,-1120151.0
17559,2052-12-01,GW_storage_MT_SW_GW[AF],-62.0,22270990851.0,-1120213.0
17560,2053-01-01,GW_storage_MT_SW_GW[AF],-61.0,22358572318.0,-1120274.0
17561,2053-02-01,GW_storage_MT_SW_GW[AF],-60.0,22445234888.0,-1120334.0
17562,2053-03-01,GW_storage_MT_SW_GW[AF],-60.0,22531338210.0,-1120394.0
17563,2053-04-01,GW_storage_MT_SW_GW[AF],-60.0,22618197854.0,-1120454.0
17564,2053-05-01,GW_storage_MT_SW_GW[AF],-59.0,22705000235.0,-1120513.0
17565,2053-06-01,GW_storage_MT_SW_GW[AF],-57.0,22792005107.0,-1120570.0
17566,2053-07-01,GW_storage_MT_SW_GW[AF],-55.0,22878611714.0,-1120625.0
17567,2053-08-01,GW_storage_MT_SW_GW[AF],-54.0,22964123789.0,-1120679.0
17568,2053-09-01,GW_storage_MT_SW_GW[AF],-53.0,23048536524.0,-1120732.0
17569,2053-10-01,GW_storage_MT_SW_GW[AF],-52.0,23131866519.0,-1120784.0
17570,2053-11-01,GW_storage_MT_SW_GW[AF],-51.0,23214276747.0,-1120835.0
17571,2053-12-01,GW_storage_MT_SW_GW[AF],-51.0,23295578937.0,-1120886.0
17572,2054-01-01,GW_storage_MT_SW_GW[AF],-50.0,23375761806.0,-1120936.0
17573,2054-02-01,GW_storage_MT_SW_GW[AF],-50.0,23454991045.0,-1120986.0
17574,2054-03-01,GW_storage_MT_SW_GW[AF],-50.0,23533194281.0,-1121036.0
17575,2054-04-01,GW_storage_MT_SW_GW[AF],-49.0,23610840643.0,-1121085.0
17576,2054-05-01,GW_storage_MT_SW_GW[AF],32.0,23687968757.0,-1121053.0
17577,2054-06-01,GW_storage_MT_SW_GW[AF],1257.0,23764134532.0,-1119796.0
17578,2054-07-01,GW_storage_MT_SW_GW[AF],1935.0,23839346953.0,-1117861.0
17579,2054-08-01,GW_storage_MT_SW_GW[AF],2314.0,23913680649.0,-1115547.0
17580,2054-09-01,GW_storage_MT_SW_GW[AF],2549.0,23987275722.0,-1112998.0
17581,2054-10-01,GW_storage_MT_SW_GW[AF],2532.0,24060063673.0,-1110466.0
17582,2054-11-01,GW_storage_MT_SW_GW[AF],2513.0,24132040073.0,-1107953.0
17583,2054-12-01,GW_storage_MT_SW_GW[AF],2492.0,24203075252.0,-1105461.0
17584,2055-01-01,GW_storage_MT_SW_GW[AF],2472.0,24273232069.0,-1102989.0
17585,2055-02-01,GW_storage_MT_SW_GW[AF],2453.0,24346983422.0,-1100536.0
17586,2055-03-01,GW_storage_MT_SW_GW[AF],2432.0,24429418525.0,-1098104.0
17587,2055-04-01,GW_storage_MT_SW_GW[AF],2514.0,24519974284.0,-1095590.0
17588,2055-05-01,GW_storage_MT_SW_GW[AF],3068.0,24612887460.0,-1092522.0
17589,2055-06-01,GW_storage_MT_SW_GW[AF],3198.0,24705731755.0,-1089324.0
17590,2055-07-01,GW_storage_MT_SW_GW[AF],3256.0,24797561549.0,-1086068.0
17591,2055-08-01,GW_storage_MT_SW_GW[AF],3276.0,24888417864.0,-1082792.0
17592,2055-09-01,GW_storage_MT_SW_GW[AF],3302.0,24978247446.0,-1079490.0
17593,2055-10-01,GW_storage_MT_SW_GW[AF],3265.0,25067037402.0,-1076225.0
17594,2055-11-01,GW_storage_MT_SW_GW[AF],3229.0,25154620871.0,-1072996.0
17595,2055-12-01,GW_storage_MT_SW_GW[AF],3192.0,25240958786.0,-1069804.0
17596,2056-01-01,GW_storage_MT_SW_GW[AF],3155.0,25326085001.0,-1066649.0
17597,2056-02-01,GW_storage_MT_SW_GW[AF],3121.0,25410115783.0,-1063528.0
17598,2056-03-01,GW_storage_MT_SW_GW[AF],3084.0,25493046199.0,-1060444.0
17599,2056-04-01,GW_storage_MT_SW_GW[AF],3049.0,25579867650.0,-1057395.0
17600,2056-05-01,GW_storage_MT_SW_GW[AF],3011.0,25665994452.0,-1054384.0
17601,2056-06-01,GW_storage_MT_SW_GW[AF],2975.0,25751014051.0,-1051409.0
17602,2056-07-01,GW_storage_MT_SW_GW[AF],2939.0,25834999057.0,-1048470.0
17603,2056-08-01,GW_storage_MT_SW_GW[AF],2902.0,25918012980.0,-1045568.0
17604,2056-09-01,GW_storage_MT_SW_GW[AF],2868.0,26000006720.0,-1042700.0
17605,2056-10-01,GW_storage_MT_SW_GW[AF],2833.0,26080893812.0,-1039867.0
17606,2056-11-01,GW_storage_MT_SW_GW[AF],2798.0,26160908259.0,-1037069.0
17607,2056-12-01,GW_storage_MT_SW_GW[AF],2763.0,26240212456.0,-1034306.0
17608,2057-01-01,GW_storage_MT_SW_GW[AF],2729.0,26318587848.0,-1031577.0
17609,2057-02-01,GW_storage_MT_SW_GW[AF],2699.0,26395985372.0,-1028878.0
17610,2057-03-01,GW_storage_MT_SW_GW[AF],2665.0,26472734266.0,-1026213.0
17611,2057-04-01,GW_storage_MT_SW_GW[AF],2634.0,26556295278.0,-1023579.0
17612,2057-05-01,GW_storage_MT_SW_GW[AF],2603.0,26638790503.0,-1020976.0
17613,2057-06-01,GW_storage_MT_SW_GW[AF],2619.0,26720263696.0,-1018357.0
17614,2057-07-01,GW_storage_MT_SW_GW[AF],2614.0,26800720453.0,-1015743.0
17615,2057-08-01,GW_storage_MT_SW_GW[AF],2596.0,26880212595.0,-1013147.0
17616,2057-09-01,GW_storage_MT_SW_GW[AF],2576.0,26958875022.0,-1010571.0
17617,2057-10-01,GW_storage_MT_SW_GW[AF],2544.0,27036568588.0,-1008027.0
17618,2057-11-01,GW_storage_MT_SW_GW[AF],2514.0,27113396201.0,-1005513.0
17619,2057-12-01,GW_storage_MT_SW_GW[AF],2483.0,27189264327.0,-1003030.0
17620,2058-01-01,GW_storage_MT_SW_GW[AF],2453.0,27264124633.0,-1000577.0
17621,2058-02-01,GW_storage_MT_SW_GW[AF],2426.0,27348265847.0,-998151.0
17622,2058-03-01,GW_storage_MT_SW_GW[AF],2397.0,27440889382.0,-995754.0
17623,2058-04-01,GW_storage_MT_SW_GW[AF],2372.0,27539133274.0,-993382.0
17624,2058-05-01,GW_storage_MT_SW_GW[AF],2343.0,27639449314.0,-991039.0
17625,2058-06-01,GW_storage_MT_SW_GW[AF],2315.0,27738779306.0,-988724.0
17626,2058-07-01,GW_storage_MT_SW_GW[AF],2286.0,27837531793.0,-986438.0
17627,2058-08-01,GW_storage_MT_SW_GW[AF],2259.0,27935280444.0,-984179.0
17628,2058-09-01,GW_storage_MT_SW_GW[AF],2231.0,28031862865.0,-981948.0
17629,2058-10-01,GW_storage_MT_SW_GW[AF],2199.0,28127260463.0,-979749.0
17630,2058-11-01,GW_storage_MT_SW_GW[AF],2171.0,28221366217.0,-977578.0
17631,2058-12-01,GW_storage_MT_SW_GW[AF],2141.0,28314157055.0,-975437.0
17632,2059-01-01,GW_storage_MT_SW_GW[AF],2112.0,28405540773.0,-973325.0
17633,2059-02-01,GW_storage_MT_SW_GW[AF],2086.0,28502067677.0,-971239.0
17634,2059-03-01,GW_storage_MT_SW_GW[AF],2058.0,28605457246.0,-969181.0
17635,2059-04-01,GW_storage_MT_SW_GW[AF],2032.0,28717814838.0,-967149.0
17636,2059-05-01,GW_storage_MT_SW_GW[AF],2007.0,28830913147.0,-965142.0
17637,2059-06-01,GW_storage_MT_SW_GW[AF],1983.0,28943770190.0,-963159.0
17638,2059-07-01,GW_storage_MT_SW_GW[AF],1958.0,29055182582.0,-961201.0
17639,2059-08-01,GW_storage_MT_SW_GW[AF],1934.0,29165160032.0,-959267.0
17640,2059-09-01,GW_storage_MT_SW_GW[AF],1911.0,29273920291.0,-957356.0
17641,2059-10-01,GW_storage_MT_SW_GW[AF],1887.0,29381402010.0,-955469.0
17642,2059-11-01,GW_storage_MT_SW_GW[AF],1865.0,29487451547.0,-953604.0
17643,2059-12-01,GW_storage_MT_SW_GW[AF],1841.0,29592083281.0,-951763.0
17644,2060-01-01,GW_storage_MT_SW_GW[AF],1818.0,29695071869.0,-949945.0
17645,2060-02-01,GW_storage_MT_SW_GW[AF],1797.0,29797999369.0,-948148.0
17646,2060-03-01,GW_storage_MT_SW_GW[AF],1775.0,29907235449.0,-946373.0
17647,2060-04-01,GW_storage_MT_SW_GW[AF],1751.0,30022282651.0,-944622.0
17648,2060-05-01,GW_storage_MT_SW_GW[AF],1728.0,30138204137.0,-942894.0
17649,2060-06-01,GW_storage_MT_SW_GW[AF],1704.0,30253989194.0,-941190.0
17650,2060-07-01,GW_storage_MT_SW_GW[AF],1683.0,30369445165.0,-939507.0
17651,2060-08-01,GW_storage_MT_SW_GW[AF],1662.0,30483354195.0,-937845.0
17652,2060-09-01,GW_storage_MT_SW_GW[AF],1642.0,30595912136.0,-936203.0
17653,2060-10-01,GW_storage_MT_SW_GW[AF],1621.0,30707058453.0,-934582.0
17654,2060-11-01,GW_storage_MT_SW_GW[AF],1602.0,30816686913.0,-932980.0
17655,2060-12-01,GW_storage_MT_SW_GW[AF],1582.0,30924630927.0,-931398.0
17656,2061-01-01,GW_storage_MT_SW_GW[AF],1563.0,31038058188.0,-929835.0
17657,2061-02-01,GW_storage_MT_SW_GW[AF],1546.0,31163247262.0,-928289.0
17658,2061-03-01,GW_storage_MT_SW_GW[AF],1526.0,31301926464.0,-926763.0
17659,2061-04-01,GW_storage_MT_SW_GW[AF],1508.0,31460043743.0,-925255.0
17660,2061-05-01,GW_storage_MT_SW_GW[AF],1489.0,31621719240.0,-923766.0
17661,2061-06-01,GW_storage_MT_SW_GW[AF],1472.0,31781944019.0,-922294.0
17662,2061-07-01,GW_storage_MT_SW_GW[AF],1452.0,31940594248.0,-920842.0
17663,2061-08-01,GW_storage_MT_SW_GW[AF],1433.0,32097666692.0,-919409.0
17664,2061-09-01,GW_storage_MT_SW_GW[AF],1415.0,32253244922.0,-917994.0
17665,2061-10-01,GW_storage_MT_SW_GW[AF],1398.0,32407132898.0,-916596.0
17666,2061-11-01,GW_storage_MT_SW_GW[AF],1381.0,32559108380.0,-915215.0
17667,2061-12-01,GW_storage_MT_SW_GW[AF],1363.0,32709321481.0,-913852.0
17668,2062-01-01,GW_storage_MT_SW_GW[AF],1346.0,32858735378.0,-912506.0
17669,2062-02-01,GW_storage_MT_SW_GW[AF],1332.0,33022044851.0,-911174.0
17670,2062-03-01,GW_storage_MT_SW_GW[AF],1315.0,33198837130.0,-909859.0
17671,2062-04-01,GW_storage_MT_SW_GW[AF],1299.0,33390837210.0,-908560.0
17672,2062-05-01,GW_storage_MT_SW_GW[AF],1283.0,33584259641.0,-907277.0
17673,2062-06-01,GW_storage_MT_SW_GW[AF],1268.0,33776858517.0,-906009.0
17674,2062-07-01,GW_storage_MT_SW_GW[AF],1252.0,33967635736.0,-904757.0
17675,2062-08-01,GW_storage_MT_SW_GW[AF],1237.0,34156855847.0,-903520.0
17676,2062-09-01,GW_storage_MT_SW_GW[AF],1222.0,34344548104.0,-902298.0
17677,2062-10-01,GW_storage_MT_SW_GW[AF],1206.0,34530332137.0,-901092.0
17678,2062-11-01,GW_storage_MT_SW_GW[AF],1192.0,34714073091.0,-899900.0
17679,2062-12-01,GW_storage_MT_SW_GW[AF],1177.0,34895778448.0,-898723.0
17680,2063-01-01,GW_storage_MT_SW_GW[AF],1162.0,35079072230.0,-897561.0
17681,2063-02-01,GW_storage_MT_SW_GW[AF],1150.0,35269350335.0,-896411.0
17682,2063-03-01,GW_storage_MT_SW_GW[AF],1135.0,35470064786.0,-895276.0
17683,2063-04-01,GW_storage_MT_SW_GW[AF],1122.0,35683040547.0,-894154.0
17684,2063-05-01,GW_storage_MT_SW_GW[AF],1108.0,35907121073.0,-893046.0
17685,2063-06-01,GW_storage_MT_SW_GW[AF],1095.0,36134854310.0,-891951.0
17686,2063-07-01,GW_storage_MT_SW_GW[AF],1080.0,36361472567.0,-890871.0
17687,2063-08-01,GW_storage_MT_SW_GW[AF],1066.0,36586142514.0,-889805.0
17688,2063-09-01,GW_storage_MT_SW_GW[AF],1052.0,36808934029.0,-888753.0
17689,2063-10-01,GW_storage_MT_SW_GW[AF],1040.0,37029507927.0,-887713.0
17690,2063-11-01,GW_storage_MT_SW_GW[AF],1027.0,37248012309.0,-886686.0
17691,2063-12-01,GW_storage_MT_SW_GW[AF],1014.0,37465671472.0,-885672.0
17692,2064-01-01,GW_storage_MT_SW_GW[AF],1002.0,37694815963.0,-884670.0
17693,2064-02-01,GW_storage_MT_SW_GW[AF],989.0,37945097639.0,-883681.0
17694,2064-03-01,GW_storage_MT_SW_GW[AF],978.0,38213638934.0,-882703.0
17695,2064-04-01,GW_storage_MT_SW_GW[AF],965.0,38493367090.0,-881738.0
17696,2064-05-01,GW_storage_MT_SW_GW[AF],954.0,38776738105.0,-880784.0
17697,2064-06-01,GW_storage_MT_SW_GW[AF],942.0,39060661713.0,-879842.0
17698,2064-07-01,GW_storage_MT_SW_GW[AF],930.0,39341932866.0,-878912.0
17699,2064-08-01,GW_storage_MT_SW_GW[AF],918.0,39620711220.0,-877994.0
17700,2064-09-01,GW_storage_MT_SW_GW[AF],908.0,39897002798.0,-877086.0
17701,2064-10-01,GW_storage_MT_SW_GW[AF],896.0,40170736712.0,-876190.0
17702,2064-11-01,GW_storage_MT_SW_GW[AF],886.0,40442044957.0,-875304.0
17703,2064-12-01,GW_storage_MT_SW_GW[AF],875.0,40711834451.0,-874429.0
17704,2065-01-01,GW_storage_MT_SW_GW[AF],864.0,40982757097.0,-873565.0
17705,2065-02-01,GW_storage_MT_SW_GW[AF],854.0,41255716076.0,-872711.0
17706,2065-03-01,GW_storage_MT_SW_GW[AF],844.0,41533378347.0,-871867.0
17707,2065-04-01,GW_storage_MT_SW_GW[AF],834.0,41819419395.0,-871033.0
17708,2065-05-01,GW_storage_MT_SW_GW[AF],823.0,42107659636.0,-870210.0
17709,2065-06-01,GW_storage_MT_SW_GW[AF],813.0,42393392346.0,-869397.0
17710,2065-07-01,GW_storage_MT_SW_GW[AF],803.0,42678359041.0,-868594.0
17711,2065-08-01,GW_storage_MT_SW_GW[AF],791.0,42960938762.0,-867803.0
17712,2065-09-01,GW_storage_MT_SW_GW[AF],782.0,43241061639.0,-867021.0
17713,2065-10-01,GW_storage_MT_SW_GW[AF],772.0,43518553408.0,-866249.0
17714,2065-11-01,GW_storage_MT_SW_GW[AF],762.0,43793351378.0,-865487.0
17715,2065-12-01,GW_storage_MT_SW_GW[AF],753.0,44065325818.0,-864734.0
17716,2066-01-01,GW_storage_MT_SW_GW[AF],744.0,44334625115.0,-863990.0
17717,2066-02-01,GW_storage_MT_SW_GW[AF],735.0,44601575728.0,-863255.0
17718,2066-03-01,GW_storage_MT_SW_GW[AF],726.0,44865977654.0,-862529.0
17719,2066-04-01,GW_storage_MT_SW_GW[AF],717.0,45130939542.0,-861812.0
17720,2066-05-01,GW_storage_MT_SW_GW[AF],729.0,45393925169.0,-861083.0
17721,2066-06-01,GW_storage_MT_SW_GW[AF],1022.0,45654573916.0,-860061.0
17722,2066-07-01,GW_storage_MT_SW_GW[AF],1177.0,45912927675.0,-858884.0
17723,2066-08-01,GW_storage_MT_SW_GW[AF],1261.0,46169111465.0,-857623.0
17724,2066-09-01,GW_storage_MT_SW_GW[AF],1310.0,46423600426.0,-856313.0
17725,2066-10-01,GW_storage_MT_SW_GW[AF],1339.0,46676263355.0,-854974.0
17726,2066-11-01,GW_storage_MT_SW_GW[AF],1325.0,46927228863.0,-853649.0
17727,2066-12-01,GW_storage_MT_SW_GW[AF],1311.0,47176198480.0,-852338.0
17728,2067-01-01,GW_storage_MT_SW_GW[AF],1296.0,47422896821.0,-851042.0
17729,2067-02-01,GW_storage_MT_SW_GW[AF],1283.0,47667661431.0,-849759.0
17730,2067-03-01,GW_storage_MT_SW_GW[AF],1269.0,47910308464.0,-848490.0
17731,2067-04-01,GW_storage_MT_SW_GW[AF],1274.0,48151085524.0,-847216.0
17732,2067-05-01,GW_storage_MT_SW_GW[AF],1272.0,48389950965.0,-845944.0
17733,2067-06-01,GW_storage_MT_SW_GW[AF],1264.0,48627002221.0,-844680.0
17734,2067-07-01,GW_storage_MT_SW_GW[AF],1253.0,48862124917.0,-843427.0
17735,2067-08-01,GW_storage_MT_SW_GW[AF],1239.0,49095321876.0,-842188.0
17736,2067-09-01,GW_storage_MT_SW_GW[AF],1226.0,49326841519.0,-840962.0
17737,2067-10-01,GW_storage_MT_SW_GW[AF],1211.0,49556552267.0,-839751.0
17738,2067-11-01,GW_storage_MT_SW_GW[AF],1196.0,49784868208.0,-838555.0
17739,2067-12-01,GW_storage_MT_SW_GW[AF],1182.0,50011545293.0,-837373.0
17740,2068-01-01,GW_storage_MT_SW_GW[AF],1167.0,50238331069.0,-836206.0
17741,2068-02-01,GW_storage_MT_SW_GW[AF],1154.0,50478937732.0,-835052.0
17742,2068-03-01,GW_storage_MT_SW_GW[AF],1139.0,50739381265.0,-833913.0
17743,2068-04-01,GW_storage_MT_SW_GW[AF],1126.0,51011294375.0,-832787.0
17744,2068-05-01,GW_storage_MT_SW_GW[AF],1112.0,51290774772.0,-831675.0
17745,2068-06-01,GW_storage_MT_SW_GW[AF],1099.0,51571539123.0,-830576.0
17746,2068-07-01,GW_storage_MT_SW_GW[AF],1086.0,51851333229.0,-829490.0
17747,2068-08-01,GW_storage_MT_SW_GW[AF],1050.0,52129191774.0,-828440.0
17748,2068-09-01,GW_storage_MT_SW_GW[AF],1025.0,52405096290.0,-827415.0
17749,2068-10-01,GW_storage_MT_SW_GW[AF],1012.0,52678907664.0,-826403.0
17750,2068-11-01,GW_storage_MT_SW_GW[AF],998.0,52950483517.0,-825405.0
17751,2068-12-01,GW_storage_MT_SW_GW[AF],986.0,53219819895.0,-824419.0
17752,2069-01-01,GW_storage_MT_SW_GW[AF],973.0,53487155316.0,-823446.0
17753,2069-02-01,GW_storage_MT_SW_GW[AF],962.0,53760870931.0,-822484.0
17754,2069-03-01,GW_storage_MT_SW_GW[AF],949.0,54039428849.0,-821535.0
17755,2069-04-01,GW_storage_MT_SW_GW[AF],937.0,54324092180.0,-820598.0
17756,2069-05-01,GW_storage_MT_SW_GW[AF],925.0,54609436481.0,-819673.0
17757,2069-06-01,GW_storage_MT_SW_GW[AF],914.0,54894337917.0,-818759.0
17758,2069-07-01,GW_storage_MT_SW_GW[AF],903.0,55177218144.0,-817856.0
17759,2069-08-01,GW_storage_MT_SW_GW[AF],891.0,55458179949.0,-816965.0
17760,2069-09-01,GW_storage_MT_SW_GW[AF],880.0,55737226700.0,-816085.0
17761,2069-10-01,GW_storage_MT_SW_GW[AF],870.0,56014313112.0,-815215.0
17762,2069-11-01,GW_storage_MT_SW_GW[AF],859.0,56289244905.0,-814356.0
17763,2069-12-01,GW_storage_MT_SW_GW[AF],848.0,56561948550.0,-813508.0
17764,2070-01-01,GW_storage_MT_SW_GW[AF],837.0,56832455571.0,-812671.0
17765,2070-02-01,GW_storage_MT_SW_GW[AF],829.0,57101031869.0,-811842.0
17766,2070-03-01,GW_storage_MT_SW_GW[AF],818.0,57367456127.0,-811024.0
17767,2070-04-01,GW_storage_MT_SW_GW[AF],808.0,57631884127.0,-810216.0
17768,2070-05-01,GW_storage_MT_SW_GW[AF],798.0,57894580730.0,-809418.0
17769,2070-06-01,GW_storage_MT_SW_GW[AF],790.0,58156625113.0,-808628.0
17770,2070-07-01,GW_storage_MT_SW_GW[AF],782.0,58417720429.0,-807846.0
17771,2070-08-01,GW_storage_MT_SW_GW[AF],774.0,58677125935.0,-807072.0
17772,2070-09-01,GW_storage_MT_SW_GW[AF],766.0,58935122487.0,-806306.0
17773,2070-10-01,GW_storage_MT_SW_GW[AF],756.0,59191573450.0,-805550.0
17774,2070-11-01,GW_storage_MT_SW_GW[AF],747.0,59446278042.0,-804803.0
17775,2070-12-01,GW_storage_MT_SW_GW[AF],738.0,59699129256.0,-804065.0
17776,2023-02-01,GW_storage_NM_N_GW[AF],5129.0,11192982.0,5129.0
17777,2023-03-01,GW_storage_NM_N_GW[AF],4953.0,12082492.0,10082.0
17778,2023-04-01,GW_storage_NM_N_GW[AF],4788.0,12955603.0,14870.0
17779,2023-05-01,GW_storage_NM_N_GW[AF],4623.0,13813215.0,19493.0
17780,2023-06-01,GW_storage_NM_N_GW[AF],4469.0,15164430.0,23962.0
17781,2023-07-01,GW_storage_NM_N_GW[AF],4315.0,17236845.0,28277.0
17782,2023-08-01,GW_storage_NM_N_GW[AF],4166.0,19274971.0,32443.0
17783,2023-09-01,GW_storage_NM_N_GW[AF],4027.0,21282260.0,36470.0
17784,2023-10-01,GW_storage_NM_N_GW[AF],3888.0,23279746.0,40358.0
17785,2023-11-01,GW_storage_NM_N_GW[AF],3760.0,25247116.0,44118.0
17786,2023-12-01,GW_storage_NM_N_GW[AF],3630.0,27178503.0,47748.0
17787,2024-01-01,GW_storage_NM_N_GW[AF],3505.0,29079026.0,51253.0
17788,2024-02-01,GW_storage_NM_N_GW[AF],3391.0,30951693.0,54644.0
17789,2024-03-01,GW_storage_NM_N_GW[AF],3275.0,32794640.0,57919.0
17790,2024-04-01,GW_storage_NM_N_GW[AF],3166.0,34598451.0,61085.0
17791,2024-05-01,GW_storage_NM_N_GW[AF],3024.0,36379549.0,64109.0
17792,2024-06-01,GW_storage_NM_N_GW[AF],2922.0,38134426.0,67031.0
17793,2024-07-01,GW_storage_NM_N_GW[AF],2822.0,39862715.0,69853.0
17794,2024-08-01,GW_storage_NM_N_GW[AF],2725.0,41565221.0,72578.0
17795,2024-09-01,GW_storage_NM_N_GW[AF],2634.0,43242727.0,75212.0
17796,2024-10-01,GW_storage_NM_N_GW[AF],2554.0,44894530.0,77766.0
17797,2024-11-01,GW_storage_NM_N_GW[AF],2474.0,46522142.0,80240.0
17798,2024-12-01,GW_storage_NM_N_GW[AF],2389.0,48125394.0,82629.0
17799,2025-01-01,GW_storage_NM_N_GW[AF],2307.0,49704625.0,84936.0
17800,2025-02-01,GW_storage_NM_N_GW[AF],2235.0,51264049.0,87171.0
17801,2025-03-01,GW_storage_NM_N_GW[AF],2158.0,52800150.0,89329.0
17802,2025-04-01,GW_storage_NM_N_GW[AF],2086.0,54422403.0,91415.0
17803,2025-05-01,GW_storage_NM_N_GW[AF],2014.0,56023530.0,93429.0
17804,2025-06-01,GW_storage_NM_N_GW[AF],1947.0,57673121.0,95376.0
17805,2025-07-01,GW_storage_NM_N_GW[AF],435.0,59233291.0,95811.0
17806,2025-08-01,GW_storage_NM_N_GW[AF],8444.0,60752330.0,104255.0
17807,2025-09-01,GW_storage_NM_N_GW[AF],-3218.0,63291561.0,101037.0
17808,2025-10-01,GW_storage_NM_N_GW[AF],-3023.0,66117192.0,98014.0
17809,2025-11-01,GW_storage_NM_N_GW[AF],6545.0,69169207.0,104559.0
17810,2025-12-01,GW_storage_NM_N_GW[AF],19503.0,72377661.0,124062.0
17811,2026-01-01,GW_storage_NM_N_GW[AF],18871.0,75644729.0,142933.0
17812,2026-02-01,GW_storage_NM_N_GW[AF],18319.0,83025589.0,161252.0
17813,2026-03-01,GW_storage_NM_N_GW[AF],19728.0,93674924.0,180980.0
17814,2026-04-01,GW_storage_NM_N_GW[AF],20716.0,112497734.0,201696.0
17815,2026-05-01,GW_storage_NM_N_GW[AF],20137.0,136460613.0,221833.0
17816,2026-06-01,GW_storage_NM_N_GW[AF],19481.0,160180041.0,241314.0
17817,2026-07-01,GW_storage_NM_N_GW[AF],18811.0,184580314.0,260125.0
17818,2026-08-01,GW_storage_NM_N_GW[AF],18293.0,208538131.0,278418.0
17819,2026-09-01,GW_storage_NM_N_GW[AF],17852.0,232132273.0,296270.0
17820,2026-10-01,GW_storage_NM_N_GW[AF],17407.0,255250646.0,313677.0
17821,2026-11-01,GW_storage_NM_N_GW[AF],16977.0,277908394.0,330654.0
17822,2026-12-01,GW_storage_NM_N_GW[AF],16523.0,300103214.0,347177.0
17823,2027-01-01,GW_storage_NM_N_GW[AF],16083.0,321847786.0,363260.0
17824,2027-02-01,GW_storage_NM_N_GW[AF],15678.0,343199646.0,378938.0
17825,2027-03-01,GW_storage_NM_N_GW[AF],15203.0,369620421.0,394141.0
17826,2027-04-01,GW_storage_NM_N_GW[AF],14696.0,409179141.0,408837.0
17827,2027-05-01,GW_storage_NM_N_GW[AF],14190.0,455970259.0,423027.0
17828,2027-06-01,GW_storage_NM_N_GW[AF],13717.0,506103237.0,436744.0
17829,2027-07-01,GW_storage_NM_N_GW[AF],13245.0,558027240.0,449989.0
17830,2027-08-01,GW_storage_NM_N_GW[AF],12788.0,610747556.0,462777.0
17831,2027-09-01,GW_storage_NM_N_GW[AF],12362.0,662576568.0,475139.0
17832,2027-10-01,GW_storage_NM_N_GW[AF],11937.0,713531026.0,487076.0
17833,2027-11-01,GW_storage_NM_N_GW[AF],11538.0,763602436.0,498614.0
17834,2027-12-01,GW_storage_NM_N_GW[AF],11141.0,812846873.0,509755.0
17835,2028-01-01,GW_storage_NM_N_GW[AF],10757.0,861121911.0,520512.0
17836,2028-02-01,GW_storage_NM_N_GW[AF],10410.0,908650771.0,530922.0
17837,2028-03-01,GW_storage_NM_N_GW[AF],10052.0,959000163.0,540974.0
17838,2028-04-01,GW_storage_NM_N_GW[AF],9717.0,1012039411.0,550691.0
17839,2028-05-01,GW_storage_NM_N_GW[AF],9382.0,1068060916.0,560073.0
17840,2028-06-01,GW_storage_NM_N_GW[AF],9070.0,1125203670.0,569143.0
17841,2028-07-01,GW_storage_NM_N_GW[AF],8757.0,1183903968.0,577900.0
17842,2028-08-01,GW_storage_NM_N_GW[AF],8565.0,1241633200.0,586465.0
17843,2028-09-01,GW_storage_NM_N_GW[AF],8409.0,1298536546.0,594874.0
17844,2028-10-01,GW_storage_NM_N_GW[AF],13320.0,1354465802.0,608194.0
17845,2028-11-01,GW_storage_NM_N_GW[AF],13051.0,1409406877.0,621245.0
17846,2028-12-01,GW_storage_NM_N_GW[AF],12758.0,1463330743.0,634003.0
17847,2029-01-01,GW_storage_NM_N_GW[AF],12479.0,1516331973.0,646482.0
17848,2029-02-01,GW_storage_NM_N_GW[AF],12226.0,1568436361.0,658708.0
17849,2029-03-01,GW_storage_NM_N_GW[AF],11943.0,1622957905.0,670651.0
17850,2029-04-01,GW_storage_NM_N_GW[AF],11544.0,1679352962.0,682195.0
17851,2029-05-01,GW_storage_NM_N_GW[AF],11146.0,1742904338.0,693341.0
17852,2029-06-01,GW_storage_NM_N_GW[AF],10852.0,1807169538.0,704193.0
17853,2029-07-01,GW_storage_NM_N_GW[AF],10597.0,1872474684.0,714790.0
17854,2029-08-01,GW_storage_NM_N_GW[AF],10359.0,1936569687.0,725149.0
17855,2029-09-01,GW_storage_NM_N_GW[AF],10947.0,1999536921.0,736096.0
17856,2029-10-01,GW_storage_NM_N_GW[AF],7059.0,2061251234.0,743155.0
17857,2029-11-01,GW_storage_NM_N_GW[AF],4631.0,2121792309.0,747786.0
17858,2029-12-01,GW_storage_NM_N_GW[AF],7441.0,2181276298.0,755227.0
17859,2030-01-01,GW_storage_NM_N_GW[AF],12373.0,2239598911.0,767600.0
17860,2030-02-01,GW_storage_NM_N_GW[AF],12161.0,2296908282.0,779761.0
17861,2030-03-01,GW_storage_NM_N_GW[AF],11936.0,2353273149.0,791697.0
17862,2030-04-01,GW_storage_NM_N_GW[AF],11538.0,2408813513.0,803235.0
17863,2030-05-01,GW_storage_NM_N_GW[AF],11140.0,2463288321.0,814375.0
17864,2030-06-01,GW_storage_NM_N_GW[AF],10769.0,2519189259.0,825144.0
17865,2030-07-01,GW_storage_NM_N_GW[AF],10399.0,2574987711.0,835543.0
17866,2030-08-01,GW_storage_NM_N_GW[AF],10191.0,2629845780.0,845734.0
17867,2030-09-01,GW_storage_NM_N_GW[AF],9851.0,2683731630.0,855585.0
17868,2030-10-01,GW_storage_NM_N_GW[AF],7923.0,2736573135.0,863508.0
17869,2030-11-01,GW_storage_NM_N_GW[AF],8479.0,2788437015.0,871987.0
17870,2030-12-01,GW_storage_NM_N_GW[AF],8289.0,2839371858.0,880276.0
17871,2031-01-01,GW_storage_NM_N_GW[AF],8101.0,2889285425.0,888377.0
17872,2031-02-01,GW_storage_NM_N_GW[AF],7926.0,2938331300.0,896303.0
17873,2031-03-01,GW_storage_NM_N_GW[AF],7742.0,2986403207.0,904045.0
17874,2031-04-01,GW_storage_NM_N_GW[AF],7484.0,3034117058.0,911529.0
17875,2031-05-01,GW_storage_NM_N_GW[AF],7226.0,3081639947.0,918755.0
17876,2031-06-01,GW_storage_NM_N_GW[AF],6984.0,3128466639.0,925739.0
17877,2031-07-01,GW_storage_NM_N_GW[AF],6789.0,3175256040.0,932528.0
17878,2031-08-01,GW_storage_NM_N_GW[AF],6691.0,3221201089.0,939219.0
17879,2031-09-01,GW_storage_NM_N_GW[AF],6577.0,3266538806.0,945796.0
17880,2031-10-01,GW_storage_NM_N_GW[AF],6459.0,3311005126.0,952255.0
17881,2031-11-01,GW_storage_NM_N_GW[AF],6335.0,3354843436.0,958590.0
17882,2031-12-01,GW_storage_NM_N_GW[AF],6200.0,3397917039.0,964790.0
17883,2032-01-01,GW_storage_NM_N_GW[AF],6066.0,3440765830.0,970856.0
17884,2032-02-01,GW_storage_NM_N_GW[AF],5939.0,3500332884.0,976795.0
17885,2032-03-01,GW_storage_NM_N_GW[AF],5812.0,3570397039.0,982607.0
17886,2032-04-01,GW_storage_NM_N_GW[AF],5618.0,3645988541.0,988225.0
17887,2032-05-01,GW_storage_NM_N_GW[AF],5425.0,3723860841.0,993650.0
17888,2032-06-01,GW_storage_NM_N_GW[AF],23185.0,3803847465.0,1016835.0
17889,2032-07-01,GW_storage_NM_N_GW[AF],22386.0,3884065220.0,1039221.0
17890,2032-08-01,GW_storage_NM_N_GW[AF],21614.0,3963910669.0,1060835.0
17891,2032-09-01,GW_storage_NM_N_GW[AF],20895.0,4042724779.0,1081730.0
17892,2032-10-01,GW_storage_NM_N_GW[AF],14609.0,4120308321.0,1096339.0
17893,2032-11-01,GW_storage_NM_N_GW[AF],14122.0,4196679403.0,1110461.0
17894,2032-12-01,GW_storage_NM_N_GW[AF],13635.0,4271822754.0,1124096.0
17895,2033-01-01,GW_storage_NM_N_GW[AF],13166.0,4345538492.0,1137262.0
17896,2033-02-01,GW_storage_NM_N_GW[AF],12756.0,4423218301.0,1150018.0
17897,2033-03-01,GW_storage_NM_N_GW[AF],12317.0,4505470297.0,1162335.0
17898,2033-04-01,GW_storage_NM_N_GW[AF],11906.0,4590681136.0,1174241.0
17899,2033-05-01,GW_storage_NM_N_GW[AF],11496.0,4675360581.0,1185737.0
17900,2033-06-01,GW_storage_NM_N_GW[AF],11113.0,4760708398.0,1196850.0
17901,2033-07-01,GW_storage_NM_N_GW[AF],10731.0,4846138178.0,1207581.0
17902,2033-08-01,GW_storage_NM_N_GW[AF],10482.0,4931118427.0,1218063.0
17903,2033-09-01,GW_storage_NM_N_GW[AF],10279.0,5014914731.0,1228342.0
17904,2033-10-01,GW_storage_NM_N_GW[AF],10077.0,5097508172.0,1238419.0
17905,2033-11-01,GW_storage_NM_N_GW[AF],9878.0,5178663669.0,1248297.0
17906,2033-12-01,GW_storage_NM_N_GW[AF],9675.0,5258443309.0,1257972.0
17907,2034-01-01,GW_storage_NM_N_GW[AF],9472.0,5339163828.0,1267444.0
17908,2034-02-01,GW_storage_NM_N_GW[AF],9292.0,5418722190.0,1276736.0
17909,2034-03-01,GW_storage_NM_N_GW[AF],9083.0,5500220744.0,1285819.0
17910,2034-04-01,GW_storage_NM_N_GW[AF],8781.0,5584032903.0,1294600.0
17911,2034-05-01,GW_storage_NM_N_GW[AF],8478.0,5676873319.0,1303078.0
17912,2034-06-01,GW_storage_NM_N_GW[AF],8196.0,5773341236.0,1311274.0
17913,2034-07-01,GW_storage_NM_N_GW[AF],7913.0,5871231225.0,1319187.0
17914,2034-08-01,GW_storage_NM_N_GW[AF],7806.0,5968392389.0,1326993.0
17915,2034-09-01,GW_storage_NM_N_GW[AF],4959.0,6064112138.0,1331952.0
17916,2034-10-01,GW_storage_NM_N_GW[AF],4478.0,6158273690.0,1336430.0
17917,2034-11-01,GW_storage_NM_N_GW[AF],6504.0,6251013792.0,1342934.0
17918,2034-12-01,GW_storage_NM_N_GW[AF],6394.0,6342469856.0,1349328.0
17919,2035-01-01,GW_storage_NM_N_GW[AF],6286.0,6432436397.0,1355614.0
17920,2035-02-01,GW_storage_NM_N_GW[AF],6190.0,6520973109.0,1361804.0
17921,2035-03-01,GW_storage_NM_N_GW[AF],6081.0,6608114132.0,1367885.0
17922,2035-04-01,GW_storage_NM_N_GW[AF],5878.0,6694040771.0,1373763.0
17923,2035-05-01,GW_storage_NM_N_GW[AF],5675.0,6778544504.0,1379438.0
17924,2035-06-01,GW_storage_NM_N_GW[AF],5486.0,6863239534.0,1384924.0
17925,2035-07-01,GW_storage_NM_N_GW[AF],5298.0,6947511289.0,1390222.0
17926,2035-08-01,GW_storage_NM_N_GW[AF],5201.0,7030376153.0,1395423.0
17927,2035-09-01,GW_storage_NM_N_GW[AF],3476.0,7112119087.0,1398899.0
17928,2035-10-01,GW_storage_NM_N_GW[AF],3394.0,7192574428.0,1402293.0
17929,2035-11-01,GW_storage_NM_N_GW[AF],3351.0,7271865334.0,1405644.0
17930,2035-12-01,GW_storage_NM_N_GW[AF],3300.0,7350179909.0,1408944.0
17931,2036-01-01,GW_storage_NM_N_GW[AF],3246.0,7427195979.0,1412190.0
17932,2036-02-01,GW_storage_NM_N_GW[AF],3194.0,7503024891.0,1415384.0
17933,2036-03-01,GW_storage_NM_N_GW[AF],3139.0,7577632108.0,1418523.0
17934,2036-04-01,GW_storage_NM_N_GW[AF],3034.0,7651185144.0,1421557.0
17935,2036-05-01,GW_storage_NM_N_GW[AF],2929.0,7724300240.0,1424486.0
17936,2036-06-01,GW_storage_NM_N_GW[AF],2792.0,7796353708.0,1427278.0
17937,2036-07-01,GW_storage_NM_N_GW[AF],2858.0,7867314948.0,1430136.0
17938,2036-08-01,GW_storage_NM_N_GW[AF],2780.0,7937241278.0,1432916.0
17939,2036-09-01,GW_storage_NM_N_GW[AF],4999.0,8006295323.0,1437915.0
17940,2036-10-01,GW_storage_NM_N_GW[AF],4524.0,8074305646.0,1442439.0
17941,2036-11-01,GW_storage_NM_N_GW[AF],786.0,8141376577.0,1443225.0
17942,2036-12-01,GW_storage_NM_N_GW[AF],787.0,8207644541.0,1444012.0
17943,2037-01-01,GW_storage_NM_N_GW[AF],812.0,8273161410.0,1444824.0
17944,2037-02-01,GW_storage_NM_N_GW[AF],833.0,8337733681.0,1445657.0
17945,2037-03-01,GW_storage_NM_N_GW[AF],854.0,8401237350.0,1446511.0
17946,2037-04-01,GW_storage_NM_N_GW[AF],825.0,8463716442.0,1447336.0
17947,2037-05-01,GW_storage_NM_N_GW[AF],796.0,8525229166.0,1448132.0
17948,2037-06-01,GW_storage_NM_N_GW[AF],770.0,8585780498.0,1448902.0
17949,2037-07-01,GW_storage_NM_N_GW[AF],743.0,8645518277.0,1449645.0
17950,2037-08-01,GW_storage_NM_N_GW[AF],748.0,8704580765.0,1450393.0
17951,2037-09-01,GW_storage_NM_N_GW[AF],2520.0,8763159684.0,1452913.0
17952,2037-10-01,GW_storage_NM_N_GW[AF],2719.0,8821181815.0,1455632.0
17953,2037-11-01,GW_storage_NM_N_GW[AF],3122.0,8878677095.0,1458754.0
17954,2037-12-01,GW_storage_NM_N_GW[AF],3048.0,8935618642.0,1461802.0
17955,2038-01-01,GW_storage_NM_N_GW[AF],3008.0,8991690289.0,1464810.0
17956,2038-02-01,GW_storage_NM_N_GW[AF],2970.0,9049081585.0,1467780.0
17957,2038-03-01,GW_storage_NM_N_GW[AF],2925.0,9108044798.0,1470705.0
17958,2038-04-01,GW_storage_NM_N_GW[AF],2827.0,9168794933.0,1473532.0
17959,2038-05-01,GW_storage_NM_N_GW[AF],2730.0,9229969082.0,1476262.0
17960,2038-06-01,GW_storage_NM_N_GW[AF],2639.0,9290494843.0,1478901.0
17961,2038-07-01,GW_storage_NM_N_GW[AF],2555.0,9350294408.0,1481456.0
17962,2038-08-01,GW_storage_NM_N_GW[AF],2455.0,9409318940.0,1483911.0
17963,2038-09-01,GW_storage_NM_N_GW[AF],1249.0,9467673979.0,1485160.0
17964,2038-10-01,GW_storage_NM_N_GW[AF],1140.0,9525253636.0,1486300.0
17965,2038-11-01,GW_storage_NM_N_GW[AF],1155.0,9582098472.0,1487455.0
17966,2038-12-01,GW_storage_NM_N_GW[AF],1169.0,9638248766.0,1488624.0
17967,2039-01-01,GW_storage_NM_N_GW[AF],1176.0,9693650977.0,1489800.0
17968,2039-02-01,GW_storage_NM_N_GW[AF],1179.0,9750458830.0,1490979.0
17969,2039-03-01,GW_storage_NM_N_GW[AF],1177.0,9809156458.0,1492156.0
17970,2039-04-01,GW_storage_NM_N_GW[AF],1137.0,9868559467.0,1493293.0
17971,2039-05-01,GW_storage_NM_N_GW[AF],1099.0,9927385773.0,1494392.0
17972,2039-06-01,GW_storage_NM_N_GW[AF],1061.0,9986965256.0,1495453.0
17973,2039-07-01,GW_storage_NM_N_GW[AF],1025.0,10046475029.0,1496478.0
17974,2039-08-01,GW_storage_NM_N_GW[AF],1052.0,10105238592.0,1497530.0
17975,2039-09-01,GW_storage_NM_N_GW[AF],1017.0,10163363477.0,1498547.0
17976,2039-10-01,GW_storage_NM_N_GW[AF],-2594.0,10220781260.0,1495953.0
17977,2039-11-01,GW_storage_NM_N_GW[AF],-2499.0,10277373162.0,1493454.0
17978,2039-12-01,GW_storage_NM_N_GW[AF],-2397.0,10333185165.0,1491057.0
17979,2040-01-01,GW_storage_NM_N_GW[AF],-2303.0,10388289039.0,1488754.0
17980,2040-02-01,GW_storage_NM_N_GW[AF],-2216.0,10442633493.0,1486538.0
17981,2040-03-01,GW_storage_NM_N_GW[AF],-2124.0,10496196844.0,1484414.0
17982,2040-04-01,GW_storage_NM_N_GW[AF],-2053.0,10549040409.0,1482361.0
17983,2040-05-01,GW_storage_NM_N_GW[AF],-1982.0,10601395194.0,1480379.0
17984,2040-06-01,GW_storage_NM_N_GW[AF],-1895.0,10653107949.0,1478484.0
17985,2040-07-01,GW_storage_NM_N_GW[AF],-1821.0,10704171007.0,1476663.0
17986,2040-08-01,GW_storage_NM_N_GW[AF],-1750.0,10754605305.0,1474913.0
17987,2040-09-01,GW_storage_NM_N_GW[AF],-8614.0,10804445973.0,1466299.0
17988,2040-10-01,GW_storage_NM_N_GW[AF],-11962.0,10853648570.0,1454337.0
17989,2040-11-01,GW_storage_NM_N_GW[AF],-11564.0,10902484914.0,1442773.0
17990,2040-12-01,GW_storage_NM_N_GW[AF],-4774.0,10950730644.0,1437999.0
17991,2041-01-01,GW_storage_NM_N_GW[AF],-4317.0,10998281298.0,1433682.0
17992,2041-02-01,GW_storage_NM_N_GW[AF],-1789.0,11047818234.0,1431893.0
17993,2041-03-01,GW_storage_NM_N_GW[AF],-1720.0,11099139984.0,1430173.0
17994,2041-04-01,GW_storage_NM_N_GW[AF],-1662.0,11151170281.0,1428511.0
17995,2041-05-01,GW_storage_NM_N_GW[AF],-1606.0,11202540882.0,1426905.0
17996,2041-06-01,GW_storage_NM_N_GW[AF],-1551.0,11253584926.0,1425354.0
17997,2041-07-01,GW_storage_NM_N_GW[AF],-1498.0,11304087287.0,1423856.0
17998,2041-08-01,GW_storage_NM_N_GW[AF],-2183.0,11354085428.0,1421673.0
17999,2041-09-01,GW_storage_NM_N_GW[AF],-2106.0,11403615397.0,1419567.0
18000,2041-10-01,GW_storage_NM_N_GW[AF],-2028.0,11452671944.0,1417539.0
18001,2041-11-01,GW_storage_NM_N_GW[AF],-1956.0,11501212889.0,1415583.0
18002,2041-12-01,GW_storage_NM_N_GW[AF],-1879.0,11549056939.0,1413704.0
18003,2042-01-01,GW_storage_NM_N_GW[AF],-1805.0,11596204581.0,1411899.0
18004,2042-02-01,GW_storage_NM_N_GW[AF],-1741.0,11642935334.0,1410158.0
18005,2042-03-01,GW_storage_NM_N_GW[AF],-1670.0,11689092595.0,1408488.0
18006,2042-04-01,GW_storage_NM_N_GW[AF],-1614.0,11735022869.0,1406874.0
18007,2042-05-01,GW_storage_NM_N_GW[AF],-1559.0,11780876718.0,1405315.0
18008,2042-06-01,GW_storage_NM_N_GW[AF],-1507.0,11826092725.0,1403808.0
18009,2042-07-01,GW_storage_NM_N_GW[AF],-1455.0,11871546727.0,1402353.0
18010,2042-08-01,GW_storage_NM_N_GW[AF],-1407.0,11916431990.0,1400946.0
18011,2042-09-01,GW_storage_NM_N_GW[AF],-1366.0,11960791410.0,1399580.0
18012,2042-10-01,GW_storage_NM_N_GW[AF],-1325.0,12004660184.0,1398255.0
18013,2042-11-01,GW_storage_NM_N_GW[AF],-1284.0,12048130811.0,1396971.0
18014,2042-12-01,GW_storage_NM_N_GW[AF],-1243.0,12091062837.0,1395728.0
18015,2043-01-01,GW_storage_NM_N_GW[AF],-1203.0,12133444088.0,1394525.0
18016,2043-02-01,GW_storage_NM_N_GW[AF],-1168.0,12175363925.0,1393357.0
18017,2043-03-01,GW_storage_NM_N_GW[AF],-1132.0,12216725340.0,1392225.0
18018,2043-04-01,GW_storage_NM_N_GW[AF],-1095.0,12257666079.0,1391130.0
18019,2043-05-01,GW_storage_NM_N_GW[AF],-1057.0,12298078753.0,1390073.0
18020,2043-06-01,GW_storage_NM_N_GW[AF],-1005.0,12338040338.0,1389068.0
18021,2043-07-01,GW_storage_NM_N_GW[AF],-1094.0,12377535688.0,1387974.0
18022,2043-08-01,GW_storage_NM_N_GW[AF],-1036.0,12416568319.0,1386938.0
18023,2043-09-01,GW_storage_NM_N_GW[AF],-1001.0,12455234071.0,1385937.0
18024,2043-10-01,GW_storage_NM_N_GW[AF],8297.0,12493493716.0,1394234.0
18025,2043-11-01,GW_storage_NM_N_GW[AF],4088.0,12531340494.0,1398322.0
18026,2043-12-01,GW_storage_NM_N_GW[AF],4036.0,12568703212.0,1402358.0
18027,2044-01-01,GW_storage_NM_N_GW[AF],3780.0,12605614127.0,1406138.0
18028,2044-02-01,GW_storage_NM_N_GW[AF],-3582.0,12642100391.0,1402556.0
18029,2044-03-01,GW_storage_NM_N_GW[AF],-10106.0,12678094207.0,1392450.0
18030,2044-04-01,GW_storage_NM_N_GW[AF],-9743.0,12715489683.0,1382707.0
18031,2044-05-01,GW_storage_NM_N_GW[AF],-9368.0,12757376464.0,1373339.0
18032,2044-06-01,GW_storage_NM_N_GW[AF],-9669.0,12798680033.0,1363670.0
18033,2044-07-01,GW_storage_NM_N_GW[AF],-9488.0,12840178366.0,1354182.0
18034,2044-08-01,GW_storage_NM_N_GW[AF],-9161.0,12881238666.0,1345021.0
18035,2044-09-01,GW_storage_NM_N_GW[AF],-8856.0,12921922929.0,1336165.0
18036,2044-10-01,GW_storage_NM_N_GW[AF],-21375.0,12962137170.0,1314790.0
18037,2044-11-01,GW_storage_NM_N_GW[AF],-20322.0,13001917872.0,1294468.0
18038,2044-12-01,GW_storage_NM_N_GW[AF],-25778.0,13041192913.0,1268690.0
18039,2045-01-01,GW_storage_NM_N_GW[AF],-30578.0,13079996277.0,1238112.0
18040,2045-02-01,GW_storage_NM_N_GW[AF],-39234.0,13119222084.0,1198878.0
18041,2045-03-01,GW_storage_NM_N_GW[AF],-37884.0,13158364150.0,1160994.0
18042,2045-04-01,GW_storage_NM_N_GW[AF],-36621.0,13198157185.0,1124373.0
18043,2045-05-01,GW_storage_NM_N_GW[AF],-35359.0,13237869018.0,1089014.0
18044,2045-06-01,GW_storage_NM_N_GW[AF],-34180.0,13278774379.0,1054834.0
18045,2045-07-01,GW_storage_NM_N_GW[AF],-33077.0,13324244062.0,1021757.0
18046,2045-08-01,GW_storage_NM_N_GW[AF],-32475.0,13372386542.0,989282.0
18047,2045-09-01,GW_storage_NM_N_GW[AF],-42120.0,13419876881.0,947162.0
18048,2045-10-01,GW_storage_NM_N_GW[AF],-26950.0,13466818785.0,920212.0
18049,2045-11-01,GW_storage_NM_N_GW[AF],-20452.0,13513160105.0,899760.0
18050,2045-12-01,GW_storage_NM_N_GW[AF],-13559.0,13560745919.0,886201.0
18051,2046-01-01,GW_storage_NM_N_GW[AF],-7653.0,13615290772.0,878548.0
18052,2046-02-01,GW_storage_NM_N_GW[AF],-7870.0,13677811710.0,870678.0
18053,2046-03-01,GW_storage_NM_N_GW[AF],-12563.0,13748607831.0,858115.0
18054,2046-04-01,GW_storage_NM_N_GW[AF],-12145.0,13826873589.0,845970.0
18055,2046-05-01,GW_storage_NM_N_GW[AF],-11727.0,13907944967.0,834243.0
18056,2046-06-01,GW_storage_NM_N_GW[AF],-11366.0,13989979852.0,822877.0
18057,2046-07-01,GW_storage_NM_N_GW[AF],-10959.0,14071604903.0,811918.0
18058,2046-08-01,GW_storage_NM_N_GW[AF],-10773.0,14152131683.0,801145.0
18059,2046-09-01,GW_storage_NM_N_GW[AF],-16202.0,14231617714.0,784943.0
18060,2046-10-01,GW_storage_NM_N_GW[AF],-10165.0,14310005025.0,774778.0
18061,2046-11-01,GW_storage_NM_N_GW[AF],-19671.0,14387273527.0,755107.0
18062,2046-12-01,GW_storage_NM_N_GW[AF],-18782.0,14463437376.0,736325.0
18063,2047-01-01,GW_storage_NM_N_GW[AF],-22776.0,14538457981.0,713549.0
18064,2047-02-01,GW_storage_NM_N_GW[AF],-14241.0,14612508014.0,699308.0
18065,2047-03-01,GW_storage_NM_N_GW[AF],-13750.0,14685452283.0,685558.0
18066,2047-04-01,GW_storage_NM_N_GW[AF],-13292.0,14764472816.0,672266.0
18067,2047-05-01,GW_storage_NM_N_GW[AF],-12834.0,14860897341.0,659432.0
18068,2047-06-01,GW_storage_NM_N_GW[AF],-12479.0,14972506362.0,646953.0
18069,2047-07-01,GW_storage_NM_N_GW[AF],-12094.0,15088231692.0,634859.0
18070,2047-08-01,GW_storage_NM_N_GW[AF],-11904.0,15203332934.0,622955.0
18071,2047-09-01,GW_storage_NM_N_GW[AF],-11707.0,15317492289.0,611248.0
18072,2047-10-01,GW_storage_NM_N_GW[AF],-11482.0,15430042333.0,599766.0
18073,2047-11-01,GW_storage_NM_N_GW[AF],-11272.0,15542831934.0,588494.0
18074,2047-12-01,GW_storage_NM_N_GW[AF],-11052.0,15653870877.0,577442.0
18075,2048-01-01,GW_storage_NM_N_GW[AF],-10830.0,15763169397.0,566612.0
18076,2048-02-01,GW_storage_NM_N_GW[AF],-10619.0,15872138297.0,555993.0
18077,2048-03-01,GW_storage_NM_N_GW[AF],-10397.0,15987897138.0,545596.0
18078,2048-04-01,GW_storage_NM_N_GW[AF],-10050.0,16106751114.0,535546.0
18079,2048-05-01,GW_storage_NM_N_GW[AF],-9705.0,16226738594.0,525841.0
18080,2048-06-01,GW_storage_NM_N_GW[AF],-9872.0,16346930466.0,515969.0
18081,2048-07-01,GW_storage_NM_N_GW[AF],-9532.0,16466203172.0,506437.0
18082,2048-08-01,GW_storage_NM_N_GW[AF],-9203.0,16583670765.0,497234.0
18083,2048-09-01,GW_storage_NM_N_GW[AF],-8897.0,16699553017.0,488337.0
18084,2048-10-01,GW_storage_NM_N_GW[AF],-8590.0,16813788962.0,479747.0
18085,2048-11-01,GW_storage_NM_N_GW[AF],-8303.0,16926416472.0,471444.0
18086,2048-12-01,GW_storage_NM_N_GW[AF],-8018.0,17038918116.0,463426.0
18087,2049-01-01,GW_storage_NM_N_GW[AF],-7742.0,17150214903.0,455684.0
18088,2049-02-01,GW_storage_NM_N_GW[AF],-7501.0,17259849423.0,448183.0
18089,2049-03-01,GW_storage_NM_N_GW[AF],-7242.0,17374140295.0,440941.0
18090,2049-04-01,GW_storage_NM_N_GW[AF],-7001.0,17496980626.0,433940.0
18091,2049-05-01,GW_storage_NM_N_GW[AF],-6760.0,17623520262.0,427180.0
18092,2049-06-01,GW_storage_NM_N_GW[AF],-6535.0,17749882278.0,420645.0
18093,2049-07-01,GW_storage_NM_N_GW[AF],-6309.0,17875311834.0,414336.0
18094,2049-08-01,GW_storage_NM_N_GW[AF],-6093.0,17998950915.0,408243.0
18095,2049-09-01,GW_storage_NM_N_GW[AF],-5889.0,18120987592.0,402354.0
18096,2049-10-01,GW_storage_NM_N_GW[AF],-5686.0,18241422265.0,396668.0
18097,2049-11-01,GW_storage_NM_N_GW[AF],-5497.0,18360102830.0,391171.0
18098,2049-12-01,GW_storage_NM_N_GW[AF],-5308.0,18476910369.0,385863.0
18099,2050-01-01,GW_storage_NM_N_GW[AF],-5125.0,18591916831.0,380738.0
18100,2050-02-01,GW_storage_NM_N_GW[AF],-4965.0,18705272956.0,375773.0
18101,2050-03-01,GW_storage_NM_N_GW[AF],-4794.0,18821028859.0,370979.0
18102,2050-04-01,GW_storage_NM_N_GW[AF],-4634.0,18940506995.0,366345.0
18103,2050-05-01,GW_storage_NM_N_GW[AF],-4475.0,19059600483.0,361870.0
18104,2050-06-01,GW_storage_NM_N_GW[AF],-4325.0,19178428021.0,357545.0
18105,2050-07-01,GW_storage_NM_N_GW[AF],-4176.0,19296435077.0,353369.0
18106,2050-08-01,GW_storage_NM_N_GW[AF],-4033.0,19412834260.0,349336.0
18107,2050-09-01,GW_storage_NM_N_GW[AF],-3898.0,19527808893.0,345438.0
18108,2050-10-01,GW_storage_NM_N_GW[AF],-3764.0,19641173895.0,341674.0
18109,2050-11-01,GW_storage_NM_N_GW[AF],-3639.0,19752769080.0,338035.0
18110,2050-12-01,GW_storage_NM_N_GW[AF],-3513.0,19862611454.0,334522.0
18111,2051-01-01,GW_storage_NM_N_GW[AF],-3392.0,19970764786.0,331130.0
18112,2051-02-01,GW_storage_NM_N_GW[AF],3273.0,20077395432.0,334403.0
18113,2051-03-01,GW_storage_NM_N_GW[AF],3160.0,20182370827.0,337563.0
18114,2051-04-01,GW_storage_NM_N_GW[AF],3055.0,20291580463.0,340618.0
18115,2051-05-01,GW_storage_NM_N_GW[AF],2950.0,20400038326.0,343568.0
18116,2051-06-01,GW_storage_NM_N_GW[AF],2851.0,20508257786.0,346419.0
18117,2051-07-01,GW_storage_NM_N_GW[AF],2753.0,20615875318.0,349172.0
18118,2051-08-01,GW_storage_NM_N_GW[AF],2658.0,20722198437.0,351830.0
18119,2051-09-01,GW_storage_NM_N_GW[AF],2570.0,20827038775.0,354400.0
18120,2051-10-01,GW_storage_NM_N_GW[AF],2481.0,20930437548.0,356881.0
18121,2051-11-01,GW_storage_NM_N_GW[AF],2407.0,21032468769.0,359288.0
18122,2051-12-01,GW_storage_NM_N_GW[AF],2334.0,21133705710.0,361622.0
18123,2052-01-01,GW_storage_NM_N_GW[AF],2262.0,21233433839.0,363884.0
18124,2052-02-01,GW_storage_NM_N_GW[AF],2220.0,21331717041.0,366104.0
18125,2052-03-01,GW_storage_NM_N_GW[AF],2143.0,21429607427.0,368247.0
18126,2052-04-01,GW_storage_NM_N_GW[AF],2071.0,21527851494.0,370318.0
18127,2052-05-01,GW_storage_NM_N_GW[AF],2000.0,21624977785.0,372318.0
18128,2052-06-01,GW_storage_NM_N_GW[AF],1933.0,21720857498.0,374251.0
18129,2052-07-01,GW_storage_NM_N_GW[AF],1867.0,21815421513.0,376118.0
18130,2052-08-01,GW_storage_NM_N_GW[AF],1803.0,21908765850.0,377921.0
18131,2052-09-01,GW_storage_NM_N_GW[AF],1748.0,22001026854.0,379669.0
18132,2052-10-01,GW_storage_NM_N_GW[AF],1696.0,22092179195.0,381365.0
18133,2052-11-01,GW_storage_NM_N_GW[AF],1645.0,22182158688.0,383010.0
18134,2052-12-01,GW_storage_NM_N_GW[AF],1591.0,22270990851.0,384601.0
18135,2053-01-01,GW_storage_NM_N_GW[AF],1539.0,22358572318.0,386140.0
18136,2053-02-01,GW_storage_NM_N_GW[AF],1493.0,22445234888.0,387633.0
18137,2053-03-01,GW_storage_NM_N_GW[AF],1445.0,22531338210.0,389078.0
18138,2053-04-01,GW_storage_NM_N_GW[AF],1397.0,22618197854.0,390475.0
18139,2053-05-01,GW_storage_NM_N_GW[AF],1349.0,22705000235.0,391824.0
18140,2053-06-01,GW_storage_NM_N_GW[AF],1295.0,22792005107.0,393119.0
18141,2053-07-01,GW_storage_NM_N_GW[AF],1204.0,22878611714.0,394323.0
18142,2053-08-01,GW_storage_NM_N_GW[AF],1173.0,22964123789.0,395496.0
18143,2053-09-01,GW_storage_NM_N_GW[AF],-7857.0,23048536524.0,387639.0
18144,2053-10-01,GW_storage_NM_N_GW[AF],-8226.0,23131866519.0,379413.0
18145,2053-11-01,GW_storage_NM_N_GW[AF],-4234.0,23214276747.0,375179.0
18146,2053-12-01,GW_storage_NM_N_GW[AF],-490.0,23295578937.0,374689.0
18147,2054-01-01,GW_storage_NM_N_GW[AF],-4182.0,23375761806.0,370507.0
18148,2054-02-01,GW_storage_NM_N_GW[AF],-3904.0,23454991045.0,366603.0
18149,2054-03-01,GW_storage_NM_N_GW[AF],-3896.0,23533194281.0,362707.0
18150,2054-04-01,GW_storage_NM_N_GW[AF],-3766.0,23610840643.0,358941.0
18151,2054-05-01,GW_storage_NM_N_GW[AF],-3636.0,23687968757.0,355305.0
18152,2054-06-01,GW_storage_NM_N_GW[AF],-3413.0,23764134532.0,351892.0
18153,2054-07-01,GW_storage_NM_N_GW[AF],-3126.0,23839346953.0,348766.0
18154,2054-08-01,GW_storage_NM_N_GW[AF],-3506.0,23913680649.0,345260.0
18155,2054-09-01,GW_storage_NM_N_GW[AF],-3503.0,23987275722.0,341757.0
18156,2054-10-01,GW_storage_NM_N_GW[AF],-3380.0,24060063673.0,338377.0
18157,2054-11-01,GW_storage_NM_N_GW[AF],-7187.0,24132040073.0,331190.0
18158,2054-12-01,GW_storage_NM_N_GW[AF],-3620.0,24203075252.0,327570.0
18159,2055-01-01,GW_storage_NM_N_GW[AF],-3440.0,24273232069.0,324130.0
18160,2055-02-01,GW_storage_NM_N_GW[AF],-3334.0,24346983422.0,320796.0
18161,2055-03-01,GW_storage_NM_N_GW[AF],-1743.0,24429418525.0,319053.0
18162,2055-04-01,GW_storage_NM_N_GW[AF],-1685.0,24519974284.0,317368.0
18163,2055-05-01,GW_storage_NM_N_GW[AF],-1627.0,24612887460.0,315741.0
18164,2055-06-01,GW_storage_NM_N_GW[AF],-1692.0,24705731755.0,314049.0
18165,2055-07-01,GW_storage_NM_N_GW[AF],-1660.0,24797561549.0,312389.0
18166,2055-08-01,GW_storage_NM_N_GW[AF],-314.0,24888417864.0,312075.0
18167,2055-09-01,GW_storage_NM_N_GW[AF],-366.0,24978247446.0,311709.0
18168,2055-10-01,GW_storage_NM_N_GW[AF],5760.0,25067037402.0,317469.0
18169,2055-11-01,GW_storage_NM_N_GW[AF],11074.0,25154620871.0,328543.0
18170,2055-12-01,GW_storage_NM_N_GW[AF],20435.0,25240958786.0,348978.0
18171,2056-01-01,GW_storage_NM_N_GW[AF],20076.0,25326085001.0,369054.0
18172,2056-02-01,GW_storage_NM_N_GW[AF],19633.0,25410115783.0,388687.0
18173,2056-03-01,GW_storage_NM_N_GW[AF],19004.0,25493046199.0,407691.0
18174,2056-04-01,GW_storage_NM_N_GW[AF],18370.0,25579867650.0,426061.0
18175,2056-05-01,GW_storage_NM_N_GW[AF],17738.0,25665994452.0,443799.0
18176,2056-06-01,GW_storage_NM_N_GW[AF],17252.0,25751014051.0,461051.0
18177,2056-07-01,GW_storage_NM_N_GW[AF],16806.0,25834999057.0,477857.0
18178,2056-08-01,GW_storage_NM_N_GW[AF],16507.0,25918012980.0,494364.0
18179,2056-09-01,GW_storage_NM_N_GW[AF],16185.0,26000006720.0,510549.0
18180,2056-10-01,GW_storage_NM_N_GW[AF],15635.0,26080893812.0,526184.0
18181,2056-11-01,GW_storage_NM_N_GW[AF],20096.0,26160908259.0,546280.0
18182,2056-12-01,GW_storage_NM_N_GW[AF],24008.0,26240212456.0,570288.0
18183,2057-01-01,GW_storage_NM_N_GW[AF],19309.0,26318587848.0,589597.0
18184,2057-02-01,GW_storage_NM_N_GW[AF],18846.0,26395985372.0,608443.0
18185,2057-03-01,GW_storage_NM_N_GW[AF],18197.0,26472734266.0,626640.0
18186,2057-04-01,GW_storage_NM_N_GW[AF],17590.0,26556295278.0,644230.0
18187,2057-05-01,GW_storage_NM_N_GW[AF],16985.0,26638790503.0,661215.0
18188,2057-06-01,GW_storage_NM_N_GW[AF],16458.0,26720263696.0,677673.0
18189,2057-07-01,GW_storage_NM_N_GW[AF],15909.0,26800720453.0,693582.0
18190,2057-08-01,GW_storage_NM_N_GW[AF],15389.0,26880212595.0,708971.0
18191,2057-09-01,GW_storage_NM_N_GW[AF],14868.0,26958875022.0,723839.0
18192,2057-10-01,GW_storage_NM_N_GW[AF],15171.0,27036568588.0,739010.0
18193,2057-11-01,GW_storage_NM_N_GW[AF],14678.0,27113396201.0,753688.0
18194,2057-12-01,GW_storage_NM_N_GW[AF],14169.0,27189264327.0,767857.0
18195,2058-01-01,GW_storage_NM_N_GW[AF],13699.0,27264124633.0,781556.0
18196,2058-02-01,GW_storage_NM_N_GW[AF],13273.0,27348265847.0,794829.0
18197,2058-03-01,GW_storage_NM_N_GW[AF],12816.0,27440889382.0,807645.0
18198,2058-04-01,GW_storage_NM_N_GW[AF],12388.0,27539133274.0,820033.0
18199,2058-05-01,GW_storage_NM_N_GW[AF],11962.0,27639449314.0,831995.0
18200,2058-06-01,GW_storage_NM_N_GW[AF],11563.0,27738779306.0,843558.0
18201,2058-07-01,GW_storage_NM_N_GW[AF],11165.0,27837531793.0,854723.0
18202,2058-08-01,GW_storage_NM_N_GW[AF],8726.0,27935280444.0,863449.0
18203,2058-09-01,GW_storage_NM_N_GW[AF],8514.0,28031862865.0,871963.0
18204,2058-10-01,GW_storage_NM_N_GW[AF],8305.0,28127260463.0,880268.0
18205,2058-11-01,GW_storage_NM_N_GW[AF],8103.0,28221366217.0,888371.0
18206,2058-12-01,GW_storage_NM_N_GW[AF],7893.0,28314157055.0,896264.0
18207,2059-01-01,GW_storage_NM_N_GW[AF],7687.0,28405540773.0,903951.0
18208,2059-02-01,GW_storage_NM_N_GW[AF],7493.0,28502067677.0,911444.0
18209,2059-03-01,GW_storage_NM_N_GW[AF],7203.0,28605457246.0,918647.0
18210,2059-04-01,GW_storage_NM_N_GW[AF],6963.0,28717814838.0,925610.0
18211,2059-05-01,GW_storage_NM_N_GW[AF],6723.0,28830913147.0,932333.0
18212,2059-06-01,GW_storage_NM_N_GW[AF],6499.0,28943770190.0,938832.0
18213,2059-07-01,GW_storage_NM_N_GW[AF],6310.0,29055182582.0,945142.0
18214,2059-08-01,GW_storage_NM_N_GW[AF],6346.0,29165160032.0,951488.0
18215,2059-09-01,GW_storage_NM_N_GW[AF],14122.0,29273920291.0,965610.0
18216,2059-10-01,GW_storage_NM_N_GW[AF],13769.0,29381402010.0,979379.0
18217,2059-11-01,GW_storage_NM_N_GW[AF],16596.0,29487451547.0,995975.0
18218,2059-12-01,GW_storage_NM_N_GW[AF],13310.0,29592083281.0,1009285.0
18219,2060-01-01,GW_storage_NM_N_GW[AF],12943.0,29695071869.0,1022228.0
18220,2060-02-01,GW_storage_NM_N_GW[AF],12613.0,29797999369.0,1034841.0
18221,2060-03-01,GW_storage_NM_N_GW[AF],12179.0,29907235449.0,1047020.0
18222,2060-04-01,GW_storage_NM_N_GW[AF],11772.0,30022282651.0,1058792.0
18223,2060-05-01,GW_storage_NM_N_GW[AF],11367.0,30138204137.0,1070159.0
18224,2060-06-01,GW_storage_NM_N_GW[AF],10948.0,30253989194.0,1081107.0
18225,2060-07-01,GW_storage_NM_N_GW[AF],10415.0,30369445165.0,1091522.0
18226,2060-08-01,GW_storage_NM_N_GW[AF],10207.0,30483354195.0,1101729.0
18227,2060-09-01,GW_storage_NM_N_GW[AF],10207.0,30595912136.0,1111936.0
18228,2060-10-01,GW_storage_NM_N_GW[AF],9921.0,30707058453.0,1121857.0
18229,2060-11-01,GW_storage_NM_N_GW[AF],9642.0,30816686913.0,1131499.0
18230,2060-12-01,GW_storage_NM_N_GW[AF],8956.0,30924630927.0,1140455.0
18231,2061-01-01,GW_storage_NM_N_GW[AF],12440.0,31038058188.0,1152895.0
18232,2061-02-01,GW_storage_NM_N_GW[AF],12104.0,31163247262.0,1164999.0
18233,2061-03-01,GW_storage_NM_N_GW[AF],11686.0,31301926464.0,1176685.0
18234,2061-04-01,GW_storage_NM_N_GW[AF],11297.0,31460043743.0,1187982.0
18235,2061-05-01,GW_storage_NM_N_GW[AF],10907.0,31621719240.0,1198889.0
18236,2061-06-01,GW_storage_NM_N_GW[AF],10579.0,31781944019.0,1209468.0
18237,2061-07-01,GW_storage_NM_N_GW[AF],10294.0,31940594248.0,1219762.0
18238,2061-08-01,GW_storage_NM_N_GW[AF],14981.0,32097666692.0,1234743.0
18239,2061-09-01,GW_storage_NM_N_GW[AF],14236.0,32253244922.0,1248979.0
18240,2061-10-01,GW_storage_NM_N_GW[AF],13763.0,32407132898.0,1262742.0
18241,2061-11-01,GW_storage_NM_N_GW[AF],5853.0,32559108380.0,1268595.0
18242,2061-12-01,GW_storage_NM_N_GW[AF],12636.0,32709321481.0,1281231.0
18243,2062-01-01,GW_storage_NM_N_GW[AF],18445.0,32858735378.0,1299676.0
18244,2062-02-01,GW_storage_NM_N_GW[AF],18004.0,33022044851.0,1317680.0
18245,2062-03-01,GW_storage_NM_N_GW[AF],17394.0,33198837130.0,1335074.0
18246,2062-04-01,GW_storage_NM_N_GW[AF],16814.0,33390837210.0,1351888.0
18247,2062-05-01,GW_storage_NM_N_GW[AF],16234.0,33584259641.0,1368122.0
18248,2062-06-01,GW_storage_NM_N_GW[AF],15763.0,33776858517.0,1383885.0
18249,2062-07-01,GW_storage_NM_N_GW[AF],15331.0,33967635736.0,1399216.0
18250,2062-08-01,GW_storage_NM_N_GW[AF],14802.0,34156855847.0,1414018.0
18251,2062-09-01,GW_storage_NM_N_GW[AF],14422.0,34344548104.0,1428440.0
18252,2062-10-01,GW_storage_NM_N_GW[AF],14004.0,34530332137.0,1442444.0
18253,2062-11-01,GW_storage_NM_N_GW[AF],13595.0,34714073091.0,1456039.0
18254,2062-12-01,GW_storage_NM_N_GW[AF],13192.0,34895778448.0,1469231.0
18255,2063-01-01,GW_storage_NM_N_GW[AF],12789.0,35079072230.0,1482020.0
18256,2063-02-01,GW_storage_NM_N_GW[AF],12440.0,35269350335.0,1494460.0
18257,2063-03-01,GW_storage_NM_N_GW[AF],12087.0,35470064786.0,1506547.0
18258,2063-04-01,GW_storage_NM_N_GW[AF],11683.0,35683040547.0,1518230.0
18259,2063-05-01,GW_storage_NM_N_GW[AF],11281.0,35907121073.0,1529511.0
18260,2063-06-01,GW_storage_NM_N_GW[AF],10905.0,36134854310.0,1540416.0
18261,2063-07-01,GW_storage_NM_N_GW[AF],10529.0,36361472567.0,1550945.0
18262,2063-08-01,GW_storage_NM_N_GW[AF],10177.0,36586142514.0,1561122.0
18263,2063-09-01,GW_storage_NM_N_GW[AF],9824.0,36808934029.0,1570946.0
18264,2063-10-01,GW_storage_NM_N_GW[AF],9495.0,37029507927.0,1580441.0
18265,2063-11-01,GW_storage_NM_N_GW[AF],9189.0,37248012309.0,1589630.0
18266,2063-12-01,GW_storage_NM_N_GW[AF],8884.0,37465671472.0,1598514.0
18267,2064-01-01,GW_storage_NM_N_GW[AF],8591.0,37694815963.0,1607105.0
18268,2064-02-01,GW_storage_NM_N_GW[AF],8327.0,37945097639.0,1615432.0
18269,2064-03-01,GW_storage_NM_N_GW[AF],8041.0,38213638934.0,1623473.0
18270,2064-04-01,GW_storage_NM_N_GW[AF],7773.0,38493367090.0,1631246.0
18271,2064-05-01,GW_storage_NM_N_GW[AF],7505.0,38776738105.0,1638751.0
18272,2064-06-01,GW_storage_NM_N_GW[AF],7255.0,39060661713.0,1646006.0
18273,2064-07-01,GW_storage_NM_N_GW[AF],7005.0,39341932866.0,1653011.0
18274,2064-08-01,GW_storage_NM_N_GW[AF],6763.0,39620711220.0,1659774.0
18275,2064-09-01,GW_storage_NM_N_GW[AF],6539.0,39897002798.0,1666313.0
18276,2064-10-01,GW_storage_NM_N_GW[AF],11766.0,40170736712.0,1678079.0
18277,2064-11-01,GW_storage_NM_N_GW[AF],11459.0,40442044957.0,1689538.0
18278,2064-12-01,GW_storage_NM_N_GW[AF],11141.0,40711834451.0,1700679.0
18279,2065-01-01,GW_storage_NM_N_GW[AF],10821.0,40982757097.0,1711500.0
18280,2065-02-01,GW_storage_NM_N_GW[AF],10534.0,41255716076.0,1722034.0
18281,2065-03-01,GW_storage_NM_N_GW[AF],10101.0,41533378347.0,1732135.0
18282,2065-04-01,GW_storage_NM_N_GW[AF],9764.0,41819419395.0,1741899.0
18283,2065-05-01,GW_storage_NM_N_GW[AF],9427.0,42107659636.0,1751326.0
18284,2065-06-01,GW_storage_NM_N_GW[AF],9143.0,42393392346.0,1760469.0
18285,2065-07-01,GW_storage_NM_N_GW[AF],9023.0,42678359041.0,1769492.0
18286,2065-08-01,GW_storage_NM_N_GW[AF],9178.0,42960938762.0,1778670.0
18287,2065-09-01,GW_storage_NM_N_GW[AF],1988.0,43241061639.0,1780658.0
18288,2065-10-01,GW_storage_NM_N_GW[AF],1918.0,43518553408.0,1782576.0
18289,2065-11-01,GW_storage_NM_N_GW[AF],1522.0,43793351378.0,1784098.0
18290,2065-12-01,GW_storage_NM_N_GW[AF],-7315.0,44065325818.0,1776783.0
18291,2066-01-01,GW_storage_NM_N_GW[AF],-2823.0,44334625115.0,1773960.0
18292,2066-02-01,GW_storage_NM_N_GW[AF],-2852.0,44601575728.0,1771108.0
18293,2066-03-01,GW_storage_NM_N_GW[AF],-2852.0,44865977654.0,1768256.0
18294,2066-04-01,GW_storage_NM_N_GW[AF],-2673.0,45130939542.0,1765583.0
18295,2066-05-01,GW_storage_NM_N_GW[AF],-2381.0,45393925169.0,1763202.0
18296,2066-06-01,GW_storage_NM_N_GW[AF],-1980.0,45654573916.0,1761222.0
18297,2066-07-01,GW_storage_NM_N_GW[AF],-3464.0,45912927675.0,1757758.0
18298,2066-08-01,GW_storage_NM_N_GW[AF],-3345.0,46169111465.0,1754413.0
18299,2066-09-01,GW_storage_NM_N_GW[AF],-3233.0,46423600426.0,1751180.0
18300,2066-10-01,GW_storage_NM_N_GW[AF],-3187.0,46676263355.0,1747993.0
18301,2066-11-01,GW_storage_NM_N_GW[AF],1929.0,46927228863.0,1749922.0
18302,2066-12-01,GW_storage_NM_N_GW[AF],1863.0,47176198480.0,1751785.0
18303,2067-01-01,GW_storage_NM_N_GW[AF],-2573.0,47422896821.0,1749212.0
18304,2067-02-01,GW_storage_NM_N_GW[AF],-2593.0,47667661431.0,1746619.0
18305,2067-03-01,GW_storage_NM_N_GW[AF],-2504.0,47910308464.0,1744115.0
18306,2067-04-01,GW_storage_NM_N_GW[AF],-2421.0,48151085524.0,1741694.0
18307,2067-05-01,GW_storage_NM_N_GW[AF],-2337.0,48389950965.0,1739357.0
18308,2067-06-01,GW_storage_NM_N_GW[AF],-2303.0,48627002221.0,1737054.0
18309,2067-07-01,GW_storage_NM_N_GW[AF],-2271.0,48862124917.0,1734783.0
18310,2067-08-01,GW_storage_NM_N_GW[AF],-2257.0,49095321876.0,1732526.0
18311,2067-09-01,GW_storage_NM_N_GW[AF],836.0,49326841519.0,1733362.0
18312,2067-10-01,GW_storage_NM_N_GW[AF],-8102.0,49556552267.0,1725260.0
18313,2067-11-01,GW_storage_NM_N_GW[AF],-7832.0,49784868208.0,1717428.0
18314,2067-12-01,GW_storage_NM_N_GW[AF],-1748.0,50011545293.0,1715680.0
18315,2068-01-01,GW_storage_NM_N_GW[AF],1140.0,50238331069.0,1716820.0
18316,2068-02-01,GW_storage_NM_N_GW[AF],-1497.0,50478937732.0,1715323.0
18317,2068-03-01,GW_storage_NM_N_GW[AF],-1504.0,50739381265.0,1713819.0
18318,2068-04-01,GW_storage_NM_N_GW[AF],-1454.0,51011294375.0,1712365.0
18319,2068-05-01,GW_storage_NM_N_GW[AF],-1403.0,51290774772.0,1710962.0
18320,2068-06-01,GW_storage_NM_N_GW[AF],-1357.0,51571539123.0,1709605.0
18321,2068-07-01,GW_storage_NM_N_GW[AF],-1381.0,51851333229.0,1708224.0
18322,2068-08-01,GW_storage_NM_N_GW[AF],-1129.0,52129191774.0,1707095.0
18323,2068-09-01,GW_storage_NM_N_GW[AF],-1013.0,52405096290.0,1706082.0
18324,2068-10-01,GW_storage_NM_N_GW[AF],2133.0,52678907664.0,1708215.0
18325,2068-11-01,GW_storage_NM_N_GW[AF],7511.0,52950483517.0,1715726.0
18326,2068-12-01,GW_storage_NM_N_GW[AF],4401.0,53219819895.0,1720127.0
18327,2069-01-01,GW_storage_NM_N_GW[AF],4250.0,53487155316.0,1724377.0
18328,2069-02-01,GW_storage_NM_N_GW[AF],4037.0,53760870931.0,1728414.0
18329,2069-03-01,GW_storage_NM_N_GW[AF],3901.0,54039428849.0,1732315.0
18330,2069-04-01,GW_storage_NM_N_GW[AF],3772.0,54324092180.0,1736087.0
18331,2069-05-01,GW_storage_NM_N_GW[AF],3642.0,54609436481.0,1739729.0
18332,2069-06-01,GW_storage_NM_N_GW[AF],3411.0,54894337917.0,1743140.0
18333,2069-07-01,GW_storage_NM_N_GW[AF],3126.0,55177218144.0,1746266.0
18334,2069-08-01,GW_storage_NM_N_GW[AF],3033.0,55458179949.0,1749299.0
18335,2069-09-01,GW_storage_NM_N_GW[AF],-9850.0,55737226700.0,1739449.0
18336,2069-10-01,GW_storage_NM_N_GW[AF],-2549.0,56014313112.0,1736900.0
18337,2069-11-01,GW_storage_NM_N_GW[AF],-2927.0,56289244905.0,1733973.0
18338,2069-12-01,GW_storage_NM_N_GW[AF],-2439.0,56561948550.0,1731534.0
18339,2070-01-01,GW_storage_NM_N_GW[AF],-2725.0,56832455571.0,1728809.0
18340,2070-02-01,GW_storage_NM_N_GW[AF],-2180.0,57101031869.0,1726629.0
18341,2070-03-01,GW_storage_NM_N_GW[AF],-271.0,57367456127.0,1726358.0
18342,2070-04-01,GW_storage_NM_N_GW[AF],-106.0,57631884127.0,1726252.0
18343,2070-05-01,GW_storage_NM_N_GW[AF],-111.0,57894580730.0,1726141.0
18344,2070-06-01,GW_storage_NM_N_GW[AF],-117.0,58156625113.0,1726024.0
18345,2070-07-01,GW_storage_NM_N_GW[AF],-123.0,58417720429.0,1725901.0
18346,2070-08-01,GW_storage_NM_N_GW[AF],-119.0,58677125935.0,1725782.0
18347,2070-09-01,GW_storage_NM_N_GW[AF],-114.0,58935122487.0,1725668.0
18348,2070-10-01,GW_storage_NM_N_GW[AF],-110.0,59191573450.0,1725558.0
18349,2070-11-01,GW_storage_NM_N_GW[AF],-107.0,59446278042.0,1725451.0
18350,2070-12-01,GW_storage_NM_N_GW[AF],-565.0,59699129256.0,1724886.0
18351,2021-05-01,GW_storage_NM_S_TX_EPE_GW[AF],224025.0,212369.0,224025.0
18352,2021-06-01,GW_storage_NM_S_TX_EPE_GW[AF],221225.0,422066.0,445250.0
18353,2021-07-01,GW_storage_NM_S_TX_EPE_GW[AF],218367.0,628985.0,663617.0
18354,2021-08-01,GW_storage_NM_S_TX_EPE_GW[AF],215546.0,833341.0,879163.0
18355,2021-09-01,GW_storage_NM_S_TX_EPE_GW[AF],211504.0,1034591.0,1090667.0
18356,2021-10-01,GW_storage_NM_S_TX_EPE_GW[AF],207406.0,1228184.0,1298073.0
18357,2021-11-01,GW_storage_NM_S_TX_EPE_GW[AF],203518.0,1408873.0,1501591.0
18358,2021-12-01,GW_storage_NM_S_TX_EPE_GW[AF],199574.0,1583705.0,1701165.0
18359,2022-01-01,GW_storage_NM_S_TX_EPE_GW[AF],195707.0,1753848.0,1896872.0
18360,2022-02-01,GW_storage_NM_S_TX_EPE_GW[AF],192283.0,1920342.0,2089155.0
18361,2022-03-01,GW_storage_NM_S_TX_EPE_GW[AF],188557.0,2083476.0,2277712.0
18362,2022-04-01,GW_storage_NM_S_TX_EPE_GW[AF],185021.0,2243387.0,2462733.0
18363,2022-05-01,GW_storage_NM_S_TX_EPE_GW[AF],181437.0,2522880.0,2644170.0
18364,2022-06-01,GW_storage_NM_S_TX_EPE_GW[AF],178148.0,3551564.0,2822318.0
18365,2022-07-01,GW_storage_NM_S_TX_EPE_GW[AF],175314.0,4562843.0,2997632.0
18366,2022-08-01,GW_storage_NM_S_TX_EPE_GW[AF],173049.0,5557441.0,3170681.0
18367,2022-09-01,GW_storage_NM_S_TX_EPE_GW[AF],170887.0,6536311.0,3341568.0
18368,2022-10-01,GW_storage_NM_S_TX_EPE_GW[AF],168422.0,7499151.0,3509990.0
18369,2022-11-01,GW_storage_NM_S_TX_EPE_GW[AF],165418.0,8445383.0,3675408.0
18370,2022-12-01,GW_storage_NM_S_TX_EPE_GW[AF],162213.0,9374562.0,3837621.0
18371,2023-01-01,GW_storage_NM_S_TX_EPE_GW[AF],159070.0,10287031.0,3996691.0
18372,2023-02-01,GW_storage_NM_S_TX_EPE_GW[AF],162315.0,11192982.0,4159006.0
18373,2023-03-01,GW_storage_NM_S_TX_EPE_GW[AF],159169.0,12082492.0,4318175.0
18374,2023-04-01,GW_storage_NM_S_TX_EPE_GW[AF],156185.0,12955603.0,4474360.0
18375,2023-05-01,GW_storage_NM_S_TX_EPE_GW[AF],153159.0,13813215.0,4627519.0
18376,2023-06-01,GW_storage_NM_S_TX_EPE_GW[AF],150467.0,15164430.0,4777986.0
18377,2023-07-01,GW_storage_NM_S_TX_EPE_GW[AF],148238.0,17236845.0,4926224.0
18378,2023-08-01,GW_storage_NM_S_TX_EPE_GW[AF],146324.0,19274971.0,5072548.0
18379,2023-09-01,GW_storage_NM_S_TX_EPE_GW[AF],143580.0,21282260.0,5216128.0
18380,2023-10-01,GW_storage_NM_S_TX_EPE_GW[AF],140798.0,23279746.0,5356926.0
18381,2023-11-01,GW_storage_NM_S_TX_EPE_GW[AF],138158.0,25247116.0,5495084.0
18382,2023-12-01,GW_storage_NM_S_TX_EPE_GW[AF],135481.0,27178503.0,5630565.0
18383,2024-01-01,GW_storage_NM_S_TX_EPE_GW[AF],132857.0,29079026.0,5763422.0
18384,2024-02-01,GW_storage_NM_S_TX_EPE_GW[AF],130449.0,30951693.0,5893871.0
18385,2024-03-01,GW_storage_NM_S_TX_EPE_GW[AF],127921.0,32794640.0,6021792.0
18386,2024-04-01,GW_storage_NM_S_TX_EPE_GW[AF],125523.0,34598451.0,6147315.0
18387,2024-05-01,GW_storage_NM_S_TX_EPE_GW[AF],128934.0,36379549.0,6276249.0
18388,2024-06-01,GW_storage_NM_S_TX_EPE_GW[AF],126515.0,38134426.0,6402764.0
18389,2024-07-01,GW_storage_NM_S_TX_EPE_GW[AF],124064.0,39862715.0,6526828.0
18390,2024-08-01,GW_storage_NM_S_TX_EPE_GW[AF],121710.0,41565221.0,6648538.0
18391,2024-09-01,GW_storage_NM_S_TX_EPE_GW[AF],119427.0,43242727.0,6767965.0
18392,2024-10-01,GW_storage_NM_S_TX_EPE_GW[AF],117114.0,44894530.0,6885079.0
18393,2024-11-01,GW_storage_NM_S_TX_EPE_GW[AF],114918.0,46522142.0,6999997.0
18394,2024-12-01,GW_storage_NM_S_TX_EPE_GW[AF],112691.0,48125394.0,7112688.0
18395,2025-01-01,GW_storage_NM_S_TX_EPE_GW[AF],110508.0,49704625.0,7223196.0
18396,2025-02-01,GW_storage_NM_S_TX_EPE_GW[AF],108574.0,51264049.0,7331770.0
18397,2025-03-01,GW_storage_NM_S_TX_EPE_GW[AF],107172.0,52800150.0,7438942.0
18398,2025-04-01,GW_storage_NM_S_TX_EPE_GW[AF],105831.0,54422403.0,7544773.0
18399,2025-05-01,GW_storage_NM_S_TX_EPE_GW[AF],103781.0,56023530.0,7648554.0
18400,2025-06-01,GW_storage_NM_S_TX_EPE_GW[AF],102484.0,57673121.0,7751038.0
18401,2025-07-01,GW_storage_NM_S_TX_EPE_GW[AF],98920.0,59233291.0,7849958.0
18402,2025-08-01,GW_storage_NM_S_TX_EPE_GW[AF],100468.0,60752330.0,7950426.0
18403,2025-09-01,GW_storage_NM_S_TX_EPE_GW[AF],94841.0,63291561.0,8045267.0
18404,2025-10-01,GW_storage_NM_S_TX_EPE_GW[AF],93054.0,66117192.0,8138321.0
18405,2025-11-01,GW_storage_NM_S_TX_EPE_GW[AF],82543.0,69169207.0,8220864.0
18406,2025-12-01,GW_storage_NM_S_TX_EPE_GW[AF],68685.0,72377661.0,8289549.0
18407,2026-01-01,GW_storage_NM_S_TX_EPE_GW[AF],68569.0,75644729.0,8358118.0
18408,2026-02-01,GW_storage_NM_S_TX_EPE_GW[AF],67385.0,83025589.0,8425503.0
18409,2026-03-01,GW_storage_NM_S_TX_EPE_GW[AF],66086.0,93674924.0,8491589.0
18410,2026-04-01,GW_storage_NM_S_TX_EPE_GW[AF],64847.0,112497734.0,8556436.0
18411,2026-05-01,GW_storage_NM_S_TX_EPE_GW[AF],63591.0,136460613.0,8620027.0
18412,2026-06-01,GW_storage_NM_S_TX_EPE_GW[AF],62399.0,160180041.0,8682426.0
18413,2026-07-01,GW_storage_NM_S_TX_EPE_GW[AF],61593.0,184580314.0,8744019.0
18414,2026-08-01,GW_storage_NM_S_TX_EPE_GW[AF],60797.0,208538131.0,8804816.0
18415,2026-09-01,GW_storage_NM_S_TX_EPE_GW[AF],60037.0,232132273.0,8864853.0
18416,2026-10-01,GW_storage_NM_S_TX_EPE_GW[AF],59261.0,255250646.0,8924114.0
18417,2026-11-01,GW_storage_NM_S_TX_EPE_GW[AF],58151.0,277908394.0,8982265.0
18418,2026-12-01,GW_storage_NM_S_TX_EPE_GW[AF],57024.0,300103214.0,9039289.0
18419,2027-01-01,GW_storage_NM_S_TX_EPE_GW[AF],55919.0,321847786.0,9095208.0
18420,2027-02-01,GW_storage_NM_S_TX_EPE_GW[AF],54940.0,343199646.0,9150148.0
18421,2027-03-01,GW_storage_NM_S_TX_EPE_GW[AF],53876.0,369620421.0,9204024.0
18422,2027-04-01,GW_storage_NM_S_TX_EPE_GW[AF],52866.0,409179141.0,9256890.0
18423,2027-05-01,GW_storage_NM_S_TX_EPE_GW[AF],51841.0,455970259.0,9308731.0
18424,2027-06-01,GW_storage_NM_S_TX_EPE_GW[AF],51047.0,506103237.0,9359778.0
18425,2027-07-01,GW_storage_NM_S_TX_EPE_GW[AF],50058.0,558027240.0,9409836.0
18426,2027-08-01,GW_storage_NM_S_TX_EPE_GW[AF],49411.0,610747556.0,9459247.0
18427,2027-09-01,GW_storage_NM_S_TX_EPE_GW[AF],48485.0,662576568.0,9507732.0
18428,2027-10-01,GW_storage_NM_S_TX_EPE_GW[AF],47545.0,713531026.0,9555277.0
18429,2027-11-01,GW_storage_NM_S_TX_EPE_GW[AF],46654.0,763602436.0,9601931.0
18430,2027-12-01,GW_storage_NM_S_TX_EPE_GW[AF],45750.0,812846873.0,9647681.0
18431,2028-01-01,GW_storage_NM_S_TX_EPE_GW[AF],44864.0,861121911.0,9692545.0
18432,2028-02-01,GW_storage_NM_S_TX_EPE_GW[AF],44051.0,908650771.0,9736596.0
18433,2028-03-01,GW_storage_NM_S_TX_EPE_GW[AF],43197.0,959000163.0,9779793.0
18434,2028-04-01,GW_storage_NM_S_TX_EPE_GW[AF],42387.0,1012039411.0,9822180.0
18435,2028-05-01,GW_storage_NM_S_TX_EPE_GW[AF],41566.0,1068060916.0,9863746.0
18436,2028-06-01,GW_storage_NM_S_TX_EPE_GW[AF],40786.0,1125203670.0,9904532.0
18437,2028-07-01,GW_storage_NM_S_TX_EPE_GW[AF],39997.0,1183903968.0,9944529.0
18438,2028-08-01,GW_storage_NM_S_TX_EPE_GW[AF],39001.0,1241633200.0,9983530.0
18439,2028-09-01,GW_storage_NM_S_TX_EPE_GW[AF],38270.0,1298536546.0,10021800.0
18440,2028-10-01,GW_storage_NM_S_TX_EPE_GW[AF],37540.0,1354465802.0,10059340.0
18441,2028-11-01,GW_storage_NM_S_TX_EPE_GW[AF],36836.0,1409406877.0,10096176.0
18442,2028-12-01,GW_storage_NM_S_TX_EPE_GW[AF],36122.0,1463330743.0,10132298.0
18443,2029-01-01,GW_storage_NM_S_TX_EPE_GW[AF],35422.0,1516331973.0,10167720.0
18444,2029-02-01,GW_storage_NM_S_TX_EPE_GW[AF],34802.0,1568436361.0,10202522.0
18445,2029-03-01,GW_storage_NM_S_TX_EPE_GW[AF],34129.0,1622957905.0,10236651.0
18446,2029-04-01,GW_storage_NM_S_TX_EPE_GW[AF],34193.0,1679352962.0,10270844.0
18447,2029-05-01,GW_storage_NM_S_TX_EPE_GW[AF],33406.0,1742904338.0,10304250.0
18448,2029-06-01,GW_storage_NM_S_TX_EPE_GW[AF],32762.0,1807169538.0,10337012.0
18449,2029-07-01,GW_storage_NM_S_TX_EPE_GW[AF],32115.0,1872474684.0,10369127.0
18450,2029-08-01,GW_storage_NM_S_TX_EPE_GW[AF],31932.0,1936569687.0,10401059.0
18451,2029-09-01,GW_storage_NM_S_TX_EPE_GW[AF],31890.0,1999536921.0,10432949.0
18452,2029-10-01,GW_storage_NM_S_TX_EPE_GW[AF],32291.0,2061251234.0,10465240.0
18453,2029-11-01,GW_storage_NM_S_TX_EPE_GW[AF],32223.0,2121792309.0,10497463.0
18454,2029-12-01,GW_storage_NM_S_TX_EPE_GW[AF],31655.0,2181276298.0,10529118.0
18455,2030-01-01,GW_storage_NM_S_TX_EPE_GW[AF],30706.0,2239598911.0,10559824.0
18456,2030-02-01,GW_storage_NM_S_TX_EPE_GW[AF],30190.0,2296908282.0,10590014.0
18457,2030-03-01,GW_storage_NM_S_TX_EPE_GW[AF],29605.0,2353273149.0,10619619.0
18458,2030-04-01,GW_storage_NM_S_TX_EPE_GW[AF],29050.0,2408813513.0,10648669.0
18459,2030-05-01,GW_storage_NM_S_TX_EPE_GW[AF],28487.0,2463288321.0,10677156.0
18460,2030-06-01,GW_storage_NM_S_TX_EPE_GW[AF],28131.0,2519189259.0,10705287.0
18461,2030-07-01,GW_storage_NM_S_TX_EPE_GW[AF],27768.0,2574987711.0,10733055.0
18462,2030-08-01,GW_storage_NM_S_TX_EPE_GW[AF],27144.0,2629845780.0,10760199.0
18463,2030-09-01,GW_storage_NM_S_TX_EPE_GW[AF],26805.0,2683731630.0,10787004.0
18464,2030-10-01,GW_storage_NM_S_TX_EPE_GW[AF],26257.0,2736573135.0,10813261.0
18465,2030-11-01,GW_storage_NM_S_TX_EPE_GW[AF],25865.0,2788437015.0,10839126.0
18466,2030-12-01,GW_storage_NM_S_TX_EPE_GW[AF],25363.0,2839371858.0,10864489.0
18467,2031-01-01,GW_storage_NM_S_TX_EPE_GW[AF],24872.0,2889285425.0,10889361.0
18468,2031-02-01,GW_storage_NM_S_TX_EPE_GW[AF],24436.0,2938331300.0,10913797.0
18469,2031-03-01,GW_storage_NM_S_TX_EPE_GW[AF],23963.0,2986403207.0,10937760.0
18470,2031-04-01,GW_storage_NM_S_TX_EPE_GW[AF],23514.0,3034117058.0,10961274.0
18471,2031-05-01,GW_storage_NM_S_TX_EPE_GW[AF],23058.0,3081639947.0,10984332.0
18472,2031-06-01,GW_storage_NM_S_TX_EPE_GW[AF],22998.0,3128466639.0,11007330.0
18473,2031-07-01,GW_storage_NM_S_TX_EPE_GW[AF],22757.0,3175256040.0,11030087.0
18474,2031-08-01,GW_storage_NM_S_TX_EPE_GW[AF],21836.0,3221201089.0,11051923.0
18475,2031-09-01,GW_storage_NM_S_TX_EPE_GW[AF],21563.0,3266538806.0,11073486.0
18476,2031-10-01,GW_storage_NM_S_TX_EPE_GW[AF],21285.0,3311005126.0,11094771.0
18477,2031-11-01,GW_storage_NM_S_TX_EPE_GW[AF],21019.0,3354843436.0,11115790.0
18478,2031-12-01,GW_storage_NM_S_TX_EPE_GW[AF],20747.0,3397917039.0,11136537.0
18479,2032-01-01,GW_storage_NM_S_TX_EPE_GW[AF],20479.0,3440765830.0,11157016.0
18480,2032-02-01,GW_storage_NM_S_TX_EPE_GW[AF],20231.0,3500332884.0,11177247.0
18481,2032-03-01,GW_storage_NM_S_TX_EPE_GW[AF],19971.0,3570397039.0,11197218.0
18482,2032-04-01,GW_storage_NM_S_TX_EPE_GW[AF],19720.0,3645988541.0,11216938.0
18483,2032-05-01,GW_storage_NM_S_TX_EPE_GW[AF],19339.0,3723860841.0,11236277.0
18484,2032-06-01,GW_storage_NM_S_TX_EPE_GW[AF],1454.0,3803847465.0,11237731.0
18485,2032-07-01,GW_storage_NM_S_TX_EPE_GW[AF],1435.0,3884065220.0,11239166.0
18486,2032-08-01,GW_storage_NM_S_TX_EPE_GW[AF],1417.0,3963910669.0,11240583.0
18487,2032-09-01,GW_storage_NM_S_TX_EPE_GW[AF],1390.0,4042724779.0,11241973.0
18488,2032-10-01,GW_storage_NM_S_TX_EPE_GW[AF],7772.0,4120308321.0,11249745.0
18489,2032-11-01,GW_storage_NM_S_TX_EPE_GW[AF],7627.0,4196679403.0,11257372.0
18490,2032-12-01,GW_storage_NM_S_TX_EPE_GW[AF],8159.0,4271822754.0,11265531.0
18491,2033-01-01,GW_storage_NM_S_TX_EPE_GW[AF],8670.0,4345538492.0,11274201.0
18492,2033-02-01,GW_storage_NM_S_TX_EPE_GW[AF],8518.0,4423218301.0,11282719.0
18493,2033-03-01,GW_storage_NM_S_TX_EPE_GW[AF],8353.0,4505470297.0,11291072.0
18494,2033-04-01,GW_storage_NM_S_TX_EPE_GW[AF],8197.0,4590681136.0,11299269.0
18495,2033-05-01,GW_storage_NM_S_TX_EPE_GW[AF],8037.0,4675360581.0,11307306.0
18496,2033-06-01,GW_storage_NM_S_TX_EPE_GW[AF],7886.0,4760708398.0,11315192.0
18497,2033-07-01,GW_storage_NM_S_TX_EPE_GW[AF],7734.0,4846138178.0,11322926.0
18498,2033-08-01,GW_storage_NM_S_TX_EPE_GW[AF],7584.0,4931118427.0,11330510.0
18499,2033-09-01,GW_storage_NM_S_TX_EPE_GW[AF],7442.0,5014914731.0,11337952.0
18500,2033-10-01,GW_storage_NM_S_TX_EPE_GW[AF],7297.0,5097508172.0,11345249.0
18501,2033-11-01,GW_storage_NM_S_TX_EPE_GW[AF],7160.0,5178663669.0,11352409.0
18502,2033-12-01,GW_storage_NM_S_TX_EPE_GW[AF],7022.0,5258443309.0,11359431.0
18503,2034-01-01,GW_storage_NM_S_TX_EPE_GW[AF],6886.0,5339163828.0,11366317.0
18504,2034-02-01,GW_storage_NM_S_TX_EPE_GW[AF],6765.0,5418722190.0,11373082.0
18505,2034-03-01,GW_storage_NM_S_TX_EPE_GW[AF],6635.0,5500220744.0,11379717.0
18506,2034-04-01,GW_storage_NM_S_TX_EPE_GW[AF],6844.0,5584032903.0,11386561.0
18507,2034-05-01,GW_storage_NM_S_TX_EPE_GW[AF],6711.0,5676873319.0,11393272.0
18508,2034-06-01,GW_storage_NM_S_TX_EPE_GW[AF],6778.0,5773341236.0,11400050.0
18509,2034-07-01,GW_storage_NM_S_TX_EPE_GW[AF],6690.0,5871231225.0,11406740.0
18510,2034-08-01,GW_storage_NM_S_TX_EPE_GW[AF],6601.0,5968392389.0,11413341.0
18511,2034-09-01,GW_storage_NM_S_TX_EPE_GW[AF],6483.0,6064112138.0,11419824.0
18512,2034-10-01,GW_storage_NM_S_TX_EPE_GW[AF],6357.0,6158273690.0,11426181.0
18513,2034-11-01,GW_storage_NM_S_TX_EPE_GW[AF],6359.0,6251013792.0,11432540.0
18514,2034-12-01,GW_storage_NM_S_TX_EPE_GW[AF],6235.0,6342469856.0,11438775.0
18515,2035-01-01,GW_storage_NM_S_TX_EPE_GW[AF],6115.0,6432436397.0,11444890.0
18516,2035-02-01,GW_storage_NM_S_TX_EPE_GW[AF],6008.0,6520973109.0,11450898.0
18517,2035-03-01,GW_storage_NM_S_TX_EPE_GW[AF],5892.0,6608114132.0,11456790.0
18518,2035-04-01,GW_storage_NM_S_TX_EPE_GW[AF],5781.0,6694040771.0,11462571.0
18519,2035-05-01,GW_storage_NM_S_TX_EPE_GW[AF],5669.0,6778544504.0,11468240.0
18520,2035-06-01,GW_storage_NM_S_TX_EPE_GW[AF],5563.0,6863239534.0,11473803.0
18521,2035-07-01,GW_storage_NM_S_TX_EPE_GW[AF],5455.0,6947511289.0,11479258.0
18522,2035-08-01,GW_storage_NM_S_TX_EPE_GW[AF],5350.0,7030376153.0,11484608.0
18523,2035-09-01,GW_storage_NM_S_TX_EPE_GW[AF],5221.0,7112119087.0,11489829.0
18524,2035-10-01,GW_storage_NM_S_TX_EPE_GW[AF],5120.0,7192574428.0,11494949.0
18525,2035-11-01,GW_storage_NM_S_TX_EPE_GW[AF],5023.0,7271865334.0,11499972.0
18526,2035-12-01,GW_storage_NM_S_TX_EPE_GW[AF],4926.0,7350179909.0,11504898.0
18527,2036-01-01,GW_storage_NM_S_TX_EPE_GW[AF],4831.0,7427195979.0,11509729.0
18528,2036-02-01,GW_storage_NM_S_TX_EPE_GW[AF],4743.0,7503024891.0,11514472.0
18529,2036-03-01,GW_storage_NM_S_TX_EPE_GW[AF],4652.0,7577632108.0,11519124.0
18530,2036-04-01,GW_storage_NM_S_TX_EPE_GW[AF],4564.0,7651185144.0,11523688.0
18531,2036-05-01,GW_storage_NM_S_TX_EPE_GW[AF],4476.0,7724300240.0,11528164.0
18532,2036-06-01,GW_storage_NM_S_TX_EPE_GW[AF],4321.0,7796353708.0,11532485.0
18533,2036-07-01,GW_storage_NM_S_TX_EPE_GW[AF],4451.0,7867314948.0,11536936.0
18534,2036-08-01,GW_storage_NM_S_TX_EPE_GW[AF],3892.0,7937241278.0,11540828.0
18535,2036-09-01,GW_storage_NM_S_TX_EPE_GW[AF],3821.0,8006295323.0,11544649.0
18536,2036-10-01,GW_storage_NM_S_TX_EPE_GW[AF],3744.0,8074305646.0,11548393.0
18537,2036-11-01,GW_storage_NM_S_TX_EPE_GW[AF],3674.0,8141376577.0,11552067.0
18538,2036-12-01,GW_storage_NM_S_TX_EPE_GW[AF],3860.0,8207644541.0,11555927.0
18539,2037-01-01,GW_storage_NM_S_TX_EPE_GW[AF],3786.0,8273161410.0,11559713.0
18540,2037-02-01,GW_storage_NM_S_TX_EPE_GW[AF],3720.0,8337733681.0,11563433.0
18541,2037-03-01,GW_storage_NM_S_TX_EPE_GW[AF],3648.0,8401237350.0,11567081.0
18542,2037-04-01,GW_storage_NM_S_TX_EPE_GW[AF],3579.0,8463716442.0,11570660.0
18543,2037-05-01,GW_storage_NM_S_TX_EPE_GW[AF],3510.0,8525229166.0,11574170.0
18544,2037-06-01,GW_storage_NM_S_TX_EPE_GW[AF],3444.0,8585780498.0,11577614.0
18545,2037-07-01,GW_storage_NM_S_TX_EPE_GW[AF],3336.0,8645518277.0,11580950.0
18546,2037-08-01,GW_storage_NM_S_TX_EPE_GW[AF],3261.0,8704580765.0,11584211.0
18547,2037-09-01,GW_storage_NM_S_TX_EPE_GW[AF],3200.0,8763159684.0,11587411.0
18548,2037-10-01,GW_storage_NM_S_TX_EPE_GW[AF],3438.0,8821181815.0,11590849.0
18549,2037-11-01,GW_storage_NM_S_TX_EPE_GW[AF],3991.0,8878677095.0,11594840.0
18550,2037-12-01,GW_storage_NM_S_TX_EPE_GW[AF],3920.0,8935618642.0,11598760.0
18551,2038-01-01,GW_storage_NM_S_TX_EPE_GW[AF],3844.0,8991690289.0,11602604.0
18552,2038-02-01,GW_storage_NM_S_TX_EPE_GW[AF],3777.0,9049081585.0,11606381.0
18553,2038-03-01,GW_storage_NM_S_TX_EPE_GW[AF],3703.0,9108044798.0,11610084.0
18554,2038-04-01,GW_storage_NM_S_TX_EPE_GW[AF],3634.0,9168794933.0,11613718.0
18555,2038-05-01,GW_storage_NM_S_TX_EPE_GW[AF],3563.0,9229969082.0,11617281.0
18556,2038-06-01,GW_storage_NM_S_TX_EPE_GW[AF],3741.0,9290494843.0,11621022.0
18557,2038-07-01,GW_storage_NM_S_TX_EPE_GW[AF],3730.0,9350294408.0,11624752.0
18558,2038-08-01,GW_storage_NM_S_TX_EPE_GW[AF],4029.0,9409318940.0,11628781.0
18559,2038-09-01,GW_storage_NM_S_TX_EPE_GW[AF],3618.0,9467673979.0,11632399.0
18560,2038-10-01,GW_storage_NM_S_TX_EPE_GW[AF],3375.0,9525253636.0,11635774.0
18561,2038-11-01,GW_storage_NM_S_TX_EPE_GW[AF],3311.0,9582098472.0,11639085.0
18562,2038-12-01,GW_storage_NM_S_TX_EPE_GW[AF],3247.0,9638248766.0,11642332.0
18563,2039-01-01,GW_storage_NM_S_TX_EPE_GW[AF],3184.0,9693650977.0,11645516.0
18564,2039-02-01,GW_storage_NM_S_TX_EPE_GW[AF],3128.0,9750458830.0,11648644.0
18565,2039-03-01,GW_storage_NM_S_TX_EPE_GW[AF],3068.0,9809156458.0,11651712.0
18566,2039-04-01,GW_storage_NM_S_TX_EPE_GW[AF],3010.0,9868559467.0,11654722.0
18567,2039-05-01,GW_storage_NM_S_TX_EPE_GW[AF],2952.0,9927385773.0,11657674.0
18568,2039-06-01,GW_storage_NM_S_TX_EPE_GW[AF],2897.0,9986965256.0,11660571.0
18569,2039-07-01,GW_storage_NM_S_TX_EPE_GW[AF],3423.0,10046475029.0,11663994.0
18570,2039-08-01,GW_storage_NM_S_TX_EPE_GW[AF],3404.0,10105238592.0,11667398.0
18571,2039-09-01,GW_storage_NM_S_TX_EPE_GW[AF],3340.0,10163363477.0,11670738.0
18572,2039-10-01,GW_storage_NM_S_TX_EPE_GW[AF],3176.0,10220781260.0,11673914.0
18573,2039-11-01,GW_storage_NM_S_TX_EPE_GW[AF],3117.0,10277373162.0,11677031.0
18574,2039-12-01,GW_storage_NM_S_TX_EPE_GW[AF],3056.0,10333185165.0,11680087.0
18575,2040-01-01,GW_storage_NM_S_TX_EPE_GW[AF],2997.0,10388289039.0,11683084.0
18576,2040-02-01,GW_storage_NM_S_TX_EPE_GW[AF],2943.0,10442633493.0,11686027.0
18577,2040-03-01,GW_storage_NM_S_TX_EPE_GW[AF],2886.0,10496196844.0,11688913.0
18578,2040-04-01,GW_storage_NM_S_TX_EPE_GW[AF],2831.0,10549040409.0,11691744.0
18579,2040-05-01,GW_storage_NM_S_TX_EPE_GW[AF],2777.0,10601395194.0,11694521.0
18580,2040-06-01,GW_storage_NM_S_TX_EPE_GW[AF],2723.0,10653107949.0,11697244.0
18581,2040-07-01,GW_storage_NM_S_TX_EPE_GW[AF],3147.0,10704171007.0,11700391.0
18582,2040-08-01,GW_storage_NM_S_TX_EPE_GW[AF],3659.0,10754605305.0,11704050.0
18583,2040-09-01,GW_storage_NM_S_TX_EPE_GW[AF],4256.0,10804445973.0,11708306.0
18584,2040-10-01,GW_storage_NM_S_TX_EPE_GW[AF],4202.0,10853648570.0,11712508.0
18585,2040-11-01,GW_storage_NM_S_TX_EPE_GW[AF],4796.0,10902484914.0,11717304.0
18586,2040-12-01,GW_storage_NM_S_TX_EPE_GW[AF],4739.0,10950730644.0,11722043.0
18587,2041-01-01,GW_storage_NM_S_TX_EPE_GW[AF],4682.0,10998281298.0,11726725.0
18588,2041-02-01,GW_storage_NM_S_TX_EPE_GW[AF],4599.0,11047818234.0,11731324.0
18589,2041-03-01,GW_storage_NM_S_TX_EPE_GW[AF],4510.0,11099139984.0,11735834.0
18590,2041-04-01,GW_storage_NM_S_TX_EPE_GW[AF],4426.0,11151170281.0,11740260.0
18591,2041-05-01,GW_storage_NM_S_TX_EPE_GW[AF],4340.0,11202540882.0,11744600.0
18592,2041-06-01,GW_storage_NM_S_TX_EPE_GW[AF],4259.0,11253584926.0,11748859.0
18593,2041-07-01,GW_storage_NM_S_TX_EPE_GW[AF],4125.0,11304087287.0,11752984.0
18594,2041-08-01,GW_storage_NM_S_TX_EPE_GW[AF],4066.0,11354085428.0,11757050.0
18595,2041-09-01,GW_storage_NM_S_TX_EPE_GW[AF],3990.0,11403615397.0,11761040.0
18596,2041-10-01,GW_storage_NM_S_TX_EPE_GW[AF],3913.0,11452671944.0,11764953.0
18597,2041-11-01,GW_storage_NM_S_TX_EPE_GW[AF],3840.0,11501212889.0,11768793.0
18598,2041-12-01,GW_storage_NM_S_TX_EPE_GW[AF],3765.0,11549056939.0,11772558.0
18599,2042-01-01,GW_storage_NM_S_TX_EPE_GW[AF],3692.0,11596204581.0,11776250.0
18600,2042-02-01,GW_storage_NM_S_TX_EPE_GW[AF],3649.0,11642935334.0,11779899.0
18601,2042-03-01,GW_storage_NM_S_TX_EPE_GW[AF],3602.0,11689092595.0,11783501.0
18602,2042-04-01,GW_storage_NM_S_TX_EPE_GW[AF],3535.0,11735022869.0,11787036.0
18603,2042-05-01,GW_storage_NM_S_TX_EPE_GW[AF],3466.0,11780876718.0,11790502.0
18604,2042-06-01,GW_storage_NM_S_TX_EPE_GW[AF],3401.0,11826092725.0,11793903.0
18605,2042-07-01,GW_storage_NM_S_TX_EPE_GW[AF],3335.0,11871546727.0,11797238.0
18606,2042-08-01,GW_storage_NM_S_TX_EPE_GW[AF],3292.0,11916431990.0,11800530.0
18607,2042-09-01,GW_storage_NM_S_TX_EPE_GW[AF],3231.0,11960791410.0,11803761.0
18608,2042-10-01,GW_storage_NM_S_TX_EPE_GW[AF],3168.0,12004660184.0,11806929.0
18609,2042-11-01,GW_storage_NM_S_TX_EPE_GW[AF],3108.0,12048130811.0,11810037.0
18610,2042-12-01,GW_storage_NM_S_TX_EPE_GW[AF],3048.0,12091062837.0,11813085.0
18611,2043-01-01,GW_storage_NM_S_TX_EPE_GW[AF],2989.0,12133444088.0,11816074.0
18612,2043-02-01,GW_storage_NM_S_TX_EPE_GW[AF],2937.0,12175363925.0,11819011.0
18613,2043-03-01,GW_storage_NM_S_TX_EPE_GW[AF],2880.0,12216725340.0,11821891.0
18614,2043-04-01,GW_storage_NM_S_TX_EPE_GW[AF],3872.0,12257666079.0,11825763.0
18615,2043-05-01,GW_storage_NM_S_TX_EPE_GW[AF],4928.0,12298078753.0,11830691.0
18616,2043-06-01,GW_storage_NM_S_TX_EPE_GW[AF],5115.0,12338040338.0,11835806.0
18617,2043-07-01,GW_storage_NM_S_TX_EPE_GW[AF],5131.0,12377535688.0,11840937.0
18618,2043-08-01,GW_storage_NM_S_TX_EPE_GW[AF],5518.0,12416568319.0,11846455.0
18619,2043-09-01,GW_storage_NM_S_TX_EPE_GW[AF],4818.0,12455234071.0,11851273.0
18620,2043-10-01,GW_storage_NM_S_TX_EPE_GW[AF],4754.0,12493493716.0,11856027.0
18621,2043-11-01,GW_storage_NM_S_TX_EPE_GW[AF],4075.0,12531340494.0,11860102.0
18622,2043-12-01,GW_storage_NM_S_TX_EPE_GW[AF],4801.0,12568703212.0,11864903.0
18623,2044-01-01,GW_storage_NM_S_TX_EPE_GW[AF],4718.0,12605614127.0,11869621.0
18624,2044-02-01,GW_storage_NM_S_TX_EPE_GW[AF],4633.0,12642100391.0,11874254.0
18625,2044-03-01,GW_storage_NM_S_TX_EPE_GW[AF],4168.0,12678094207.0,11878422.0
18626,2044-04-01,GW_storage_NM_S_TX_EPE_GW[AF],4607.0,12715489683.0,11883029.0
18627,2044-05-01,GW_storage_NM_S_TX_EPE_GW[AF],4515.0,12757376464.0,11887544.0
18628,2044-06-01,GW_storage_NM_S_TX_EPE_GW[AF],3964.0,12798680033.0,11891508.0
18629,2044-07-01,GW_storage_NM_S_TX_EPE_GW[AF],3838.0,12840178366.0,11895346.0
18630,2044-08-01,GW_storage_NM_S_TX_EPE_GW[AF],3764.0,12881238666.0,11899110.0
18631,2044-09-01,GW_storage_NM_S_TX_EPE_GW[AF],3694.0,12921922929.0,11902804.0
18632,2044-10-01,GW_storage_NM_S_TX_EPE_GW[AF],4313.0,12962137170.0,11907117.0
18633,2044-11-01,GW_storage_NM_S_TX_EPE_GW[AF],3909.0,13001917872.0,11911026.0
18634,2044-12-01,GW_storage_NM_S_TX_EPE_GW[AF],3465.0,13041192913.0,11914491.0
18635,2045-01-01,GW_storage_NM_S_TX_EPE_GW[AF],3671.0,13079996277.0,11918162.0
18636,2045-02-01,GW_storage_NM_S_TX_EPE_GW[AF],3681.0,13119222084.0,11921843.0
18637,2045-03-01,GW_storage_NM_S_TX_EPE_GW[AF],3553.0,13158364150.0,11925396.0
18638,2045-04-01,GW_storage_NM_S_TX_EPE_GW[AF],3064.0,13198157185.0,11928460.0
18639,2045-05-01,GW_storage_NM_S_TX_EPE_GW[AF],3005.0,13237869018.0,11931465.0
18640,2045-06-01,GW_storage_NM_S_TX_EPE_GW[AF],2729.0,13278774379.0,11934194.0
18641,2045-07-01,GW_storage_NM_S_TX_EPE_GW[AF],2598.0,13324244062.0,11936792.0
18642,2045-08-01,GW_storage_NM_S_TX_EPE_GW[AF],2533.0,13372386542.0,11939325.0
18643,2045-09-01,GW_storage_NM_S_TX_EPE_GW[AF],2483.0,13419876881.0,11941808.0
18644,2045-10-01,GW_storage_NM_S_TX_EPE_GW[AF],2441.0,13466818785.0,11944249.0
18645,2045-11-01,GW_storage_NM_S_TX_EPE_GW[AF],2364.0,13513160105.0,11946613.0
18646,2045-12-01,GW_storage_NM_S_TX_EPE_GW[AF],1374.0,13560745919.0,11947987.0
18647,2046-01-01,GW_storage_NM_S_TX_EPE_GW[AF],1528.0,13615290772.0,11949515.0
18648,2046-02-01,GW_storage_NM_S_TX_EPE_GW[AF],1502.0,13677811710.0,11951017.0
18649,2046-03-01,GW_storage_NM_S_TX_EPE_GW[AF],1101.0,13748607831.0,11952118.0
18650,2046-04-01,GW_storage_NM_S_TX_EPE_GW[AF],-1427.0,13826873589.0,11950691.0
18651,2046-05-01,GW_storage_NM_S_TX_EPE_GW[AF],-1398.0,13907944967.0,11949293.0
18652,2046-06-01,GW_storage_NM_S_TX_EPE_GW[AF],-1383.0,13989979852.0,11947910.0
18653,2046-07-01,GW_storage_NM_S_TX_EPE_GW[AF],-1302.0,14071604903.0,11946608.0
18654,2046-08-01,GW_storage_NM_S_TX_EPE_GW[AF],-528.0,14152131683.0,11946080.0
18655,2046-09-01,GW_storage_NM_S_TX_EPE_GW[AF],-345.0,14231617714.0,11945735.0
18656,2046-10-01,GW_storage_NM_S_TX_EPE_GW[AF],-724.0,14310005025.0,11945011.0
18657,2046-11-01,GW_storage_NM_S_TX_EPE_GW[AF],-627.0,14387273527.0,11944384.0
18658,2047-01-01,GW_storage_NM_S_TX_EPE_GW[AF],493.0,14538457981.0,11944877.0
18659,2047-02-01,GW_storage_NM_S_TX_EPE_GW[AF],805.0,14612508014.0,11945682.0
18660,2047-03-01,GW_storage_NM_S_TX_EPE_GW[AF],790.0,14685452283.0,11946472.0
18661,2047-04-01,GW_storage_NM_S_TX_EPE_GW[AF],4334.0,14764472816.0,11950806.0
18662,2047-05-01,GW_storage_NM_S_TX_EPE_GW[AF],4251.0,14860897341.0,11955057.0
18663,2047-06-01,GW_storage_NM_S_TX_EPE_GW[AF],4129.0,14972506362.0,11959186.0
18664,2047-07-01,GW_storage_NM_S_TX_EPE_GW[AF],4649.0,15088231692.0,11963835.0
18665,2047-08-01,GW_storage_NM_S_TX_EPE_GW[AF],4558.0,15203332934.0,11968393.0
18666,2047-09-01,GW_storage_NM_S_TX_EPE_GW[AF],4472.0,15317492289.0,11972865.0
18667,2047-10-01,GW_storage_NM_S_TX_EPE_GW[AF],4415.0,15430042333.0,11977280.0
18668,2047-11-01,GW_storage_NM_S_TX_EPE_GW[AF],4360.0,15542831934.0,11981640.0
18669,2047-12-01,GW_storage_NM_S_TX_EPE_GW[AF],4275.0,15653870877.0,11985915.0
18670,2048-01-01,GW_storage_NM_S_TX_EPE_GW[AF],4220.0,15763169397.0,11990135.0
18671,2048-02-01,GW_storage_NM_S_TX_EPE_GW[AF],4169.0,15872138297.0,11994304.0
18672,2048-03-01,GW_storage_NM_S_TX_EPE_GW[AF],4089.0,15987897138.0,11998393.0
18673,2048-04-01,GW_storage_NM_S_TX_EPE_GW[AF],4011.0,16106751114.0,12002404.0
18674,2048-05-01,GW_storage_NM_S_TX_EPE_GW[AF],3934.0,16226738594.0,12006338.0
18675,2048-06-01,GW_storage_NM_S_TX_EPE_GW[AF],3860.0,16346930466.0,12010198.0
18676,2048-07-01,GW_storage_NM_S_TX_EPE_GW[AF],3786.0,16466203172.0,12013984.0
18677,2048-08-01,GW_storage_NM_S_TX_EPE_GW[AF],3712.0,16583670765.0,12017696.0
18678,2048-09-01,GW_storage_NM_S_TX_EPE_GW[AF],3643.0,16699553017.0,12021339.0
18679,2048-10-01,GW_storage_NM_S_TX_EPE_GW[AF],3572.0,16813788962.0,12024911.0
18680,2048-11-01,GW_storage_NM_S_TX_EPE_GW[AF],3505.0,16926416472.0,12028416.0
18681,2048-12-01,GW_storage_NM_S_TX_EPE_GW[AF],3437.0,17038918116.0,12031853.0
18682,2049-01-01,GW_storage_NM_S_TX_EPE_GW[AF],3370.0,17150214903.0,12035223.0
18683,2049-02-01,GW_storage_NM_S_TX_EPE_GW[AF],3311.0,17259849423.0,12038534.0
18684,2049-03-01,GW_storage_NM_S_TX_EPE_GW[AF],3248.0,17374140295.0,12041782.0
18685,2049-04-01,GW_storage_NM_S_TX_EPE_GW[AF],3187.0,17496980626.0,12044969.0
18686,2049-05-01,GW_storage_NM_S_TX_EPE_GW[AF],3125.0,17623520262.0,12048094.0
18687,2049-06-01,GW_storage_NM_S_TX_EPE_GW[AF],3066.0,17749882278.0,12051160.0
18688,2049-07-01,GW_storage_NM_S_TX_EPE_GW[AF],3007.0,17875311834.0,12054167.0
18689,2049-08-01,GW_storage_NM_S_TX_EPE_GW[AF],2968.0,17998950915.0,12057135.0
18690,2049-09-01,GW_storage_NM_S_TX_EPE_GW[AF],2930.0,18120987592.0,12060065.0
18691,2049-10-01,GW_storage_NM_S_TX_EPE_GW[AF],2893.0,18241422265.0,12062958.0
18692,2049-11-01,GW_storage_NM_S_TX_EPE_GW[AF],2839.0,18360102830.0,12065797.0
18693,2049-12-01,GW_storage_NM_S_TX_EPE_GW[AF],2784.0,18476910369.0,12068581.0
18694,2050-01-01,GW_storage_NM_S_TX_EPE_GW[AF],2729.0,18591916831.0,12071310.0
18695,2050-02-01,GW_storage_NM_S_TX_EPE_GW[AF],2682.0,18705272956.0,12073992.0
18696,2050-03-01,GW_storage_NM_S_TX_EPE_GW[AF],2630.0,18821028859.0,12076622.0
18697,2050-04-01,GW_storage_NM_S_TX_EPE_GW[AF],2581.0,18940506995.0,12079203.0
18698,2050-05-01,GW_storage_NM_S_TX_EPE_GW[AF],2530.0,19059600483.0,12081733.0
18699,2050-06-01,GW_storage_NM_S_TX_EPE_GW[AF],2483.0,19178428021.0,12084216.0
18700,2050-07-01,GW_storage_NM_S_TX_EPE_GW[AF],2435.0,19296435077.0,12086651.0
18701,2050-08-01,GW_storage_NM_S_TX_EPE_GW[AF],2404.0,19412834260.0,12089055.0
18702,2050-09-01,GW_storage_NM_S_TX_EPE_GW[AF],2374.0,19527808893.0,12091429.0
18703,2050-10-01,GW_storage_NM_S_TX_EPE_GW[AF],2343.0,19641173895.0,12093772.0
18704,2050-11-01,GW_storage_NM_S_TX_EPE_GW[AF],2299.0,19752769080.0,12096071.0
18705,2050-12-01,GW_storage_NM_S_TX_EPE_GW[AF],2254.0,19862611454.0,12098325.0
18706,2051-01-01,GW_storage_NM_S_TX_EPE_GW[AF],2211.0,19970764786.0,12100536.0
18707,2051-02-01,GW_storage_NM_S_TX_EPE_GW[AF],-7706.0,20077395432.0,12092830.0
18708,2051-03-01,GW_storage_NM_S_TX_EPE_GW[AF],-7556.0,20182370827.0,12085274.0
18709,2051-04-01,GW_storage_NM_S_TX_EPE_GW[AF],-7414.0,20291580463.0,12077860.0
18710,2051-05-01,GW_storage_NM_S_TX_EPE_GW[AF],-7271.0,20400038326.0,12070589.0
18711,2051-06-01,GW_storage_NM_S_TX_EPE_GW[AF],-7135.0,20508257786.0,12063454.0
18712,2051-07-01,GW_storage_NM_S_TX_EPE_GW[AF],-6996.0,20615875318.0,12056458.0
18713,2051-08-01,GW_storage_NM_S_TX_EPE_GW[AF],-6906.0,20722198437.0,12049552.0
18714,2051-09-01,GW_storage_NM_S_TX_EPE_GW[AF],-6776.0,20827038775.0,12042776.0
18715,2051-10-01,GW_storage_NM_S_TX_EPE_GW[AF],-6688.0,20930437548.0,12036088.0
18716,2051-11-01,GW_storage_NM_S_TX_EPE_GW[AF],-6605.0,21032468769.0,12029483.0
18717,2051-12-01,GW_storage_NM_S_TX_EPE_GW[AF],-6520.0,21133705710.0,12022963.0
18718,2052-01-01,GW_storage_NM_S_TX_EPE_GW[AF],-6394.0,21233433839.0,12016569.0
18719,2052-02-01,GW_storage_NM_S_TX_EPE_GW[AF],-6277.0,21331717041.0,12010292.0
18720,2052-03-01,GW_storage_NM_S_TX_EPE_GW[AF],-6156.0,21429607427.0,12004136.0
18721,2052-04-01,GW_storage_NM_S_TX_EPE_GW[AF],-6734.0,21527851494.0,11997402.0
18722,2052-05-01,GW_storage_NM_S_TX_EPE_GW[AF],-6603.0,21624977785.0,11990799.0
18723,2052-06-01,GW_storage_NM_S_TX_EPE_GW[AF],-6481.0,21720857498.0,11984318.0
18724,2052-07-01,GW_storage_NM_S_TX_EPE_GW[AF],-6355.0,21815421513.0,11977963.0
18725,2052-08-01,GW_storage_NM_S_TX_EPE_GW[AF],-6232.0,21908765850.0,11971731.0
18726,2052-09-01,GW_storage_NM_S_TX_EPE_GW[AF],-6115.0,22001026854.0,11965616.0
18727,2052-10-01,GW_storage_NM_S_TX_EPE_GW[AF],-5996.0,22092179195.0,11959620.0
18728,2052-11-01,GW_storage_NM_S_TX_EPE_GW[AF],-5884.0,22182158688.0,11953736.0
18729,2052-12-01,GW_storage_NM_S_TX_EPE_GW[AF],-5769.0,22270990851.0,11947967.0
18730,2053-01-01,GW_storage_NM_S_TX_EPE_GW[AF],-5658.0,22358572318.0,11942309.0
18731,2053-02-01,GW_storage_NM_S_TX_EPE_GW[AF],-5558.0,22445234888.0,11936751.0
18732,2053-03-01,GW_storage_NM_S_TX_EPE_GW[AF],-5451.0,22531338210.0,11931300.0
18733,2053-04-01,GW_storage_NM_S_TX_EPE_GW[AF],-5349.0,22618197854.0,11925951.0
18734,2053-05-01,GW_storage_NM_S_TX_EPE_GW[AF],-5246.0,22705000235.0,11920705.0
18735,2053-06-01,GW_storage_NM_S_TX_EPE_GW[AF],-5148.0,22792005107.0,11915557.0
18736,2053-07-01,GW_storage_NM_S_TX_EPE_GW[AF],-5043.0,22878611714.0,11910514.0
18737,2053-08-01,GW_storage_NM_S_TX_EPE_GW[AF],-4900.0,22964123789.0,11905614.0
18738,2053-09-01,GW_storage_NM_S_TX_EPE_GW[AF],-5349.0,23048536524.0,11900265.0
18739,2053-10-01,GW_storage_NM_S_TX_EPE_GW[AF],-5245.0,23131866519.0,11895020.0
18740,2053-11-01,GW_storage_NM_S_TX_EPE_GW[AF],-5146.0,23214276747.0,11889874.0
18741,2053-12-01,GW_storage_NM_S_TX_EPE_GW[AF],-5047.0,23295578937.0,11884827.0
18742,2054-01-01,GW_storage_NM_S_TX_EPE_GW[AF],-4949.0,23375761806.0,11879878.0
18743,2054-02-01,GW_storage_NM_S_TX_EPE_GW[AF],-4692.0,23454991045.0,11875186.0
18744,2054-03-01,GW_storage_NM_S_TX_EPE_GW[AF],-4602.0,23533194281.0,11870584.0
18745,2054-04-01,GW_storage_NM_S_TX_EPE_GW[AF],-4515.0,23610840643.0,11866069.0
18746,2054-05-01,GW_storage_NM_S_TX_EPE_GW[AF],-4428.0,23687968757.0,11861641.0
18747,2054-06-01,GW_storage_NM_S_TX_EPE_GW[AF],-4237.0,23764134532.0,11857404.0
18748,2054-07-01,GW_storage_NM_S_TX_EPE_GW[AF],-4074.0,23839346953.0,11853330.0
18749,2054-08-01,GW_storage_NM_S_TX_EPE_GW[AF],-5004.0,23913680649.0,11848326.0
18750,2054-09-01,GW_storage_NM_S_TX_EPE_GW[AF],-4910.0,23987275722.0,11843416.0
18751,2054-10-01,GW_storage_NM_S_TX_EPE_GW[AF],-4815.0,24060063673.0,11838601.0
18752,2054-11-01,GW_storage_NM_S_TX_EPE_GW[AF],-4725.0,24132040073.0,11833876.0
18753,2054-12-01,GW_storage_NM_S_TX_EPE_GW[AF],-4634.0,24203075252.0,11829242.0
18754,2055-01-01,GW_storage_NM_S_TX_EPE_GW[AF],-4544.0,24273232069.0,11824698.0
18755,2055-02-01,GW_storage_NM_S_TX_EPE_GW[AF],-4464.0,24346983422.0,11820234.0
18756,2055-03-01,GW_storage_NM_S_TX_EPE_GW[AF],-4194.0,24429418525.0,11816040.0
18757,2055-04-01,GW_storage_NM_S_TX_EPE_GW[AF],-9811.0,24519974284.0,11806229.0
18758,2055-05-01,GW_storage_NM_S_TX_EPE_GW[AF],-9620.0,24612887460.0,11796609.0
18759,2055-06-01,GW_storage_NM_S_TX_EPE_GW[AF],-9525.0,24705731755.0,11787084.0
18760,2055-07-01,GW_storage_NM_S_TX_EPE_GW[AF],-9283.0,24797561549.0,11777801.0
18761,2055-08-01,GW_storage_NM_S_TX_EPE_GW[AF],-9233.0,24888417864.0,11768568.0
18762,2055-09-01,GW_storage_NM_S_TX_EPE_GW[AF],-9059.0,24978247446.0,11759509.0
18763,2055-10-01,GW_storage_NM_S_TX_EPE_GW[AF],-8438.0,25067037402.0,11751071.0
18764,2055-11-01,GW_storage_NM_S_TX_EPE_GW[AF],-8279.0,25154620871.0,11742792.0
18765,2055-12-01,GW_storage_NM_S_TX_EPE_GW[AF],-8985.0,25240958786.0,11733807.0
18766,2056-01-01,GW_storage_NM_S_TX_EPE_GW[AF],-9026.0,25326085001.0,11724781.0
18767,2056-02-01,GW_storage_NM_S_TX_EPE_GW[AF],-8863.0,25410115783.0,11715918.0
18768,2056-03-01,GW_storage_NM_S_TX_EPE_GW[AF],-8691.0,25493046199.0,11707227.0
18769,2056-04-01,GW_storage_NM_S_TX_EPE_GW[AF],-8528.0,25579867650.0,11698699.0
18770,2056-05-01,GW_storage_NM_S_TX_EPE_GW[AF],-8364.0,25665994452.0,11690335.0
18771,2056-06-01,GW_storage_NM_S_TX_EPE_GW[AF],-8213.0,25751014051.0,11682122.0
18772,2056-07-01,GW_storage_NM_S_TX_EPE_GW[AF],-9544.0,25834999057.0,11672578.0
18773,2056-08-01,GW_storage_NM_S_TX_EPE_GW[AF],-9268.0,25918012980.0,11663310.0
18774,2056-09-01,GW_storage_NM_S_TX_EPE_GW[AF],-9094.0,26000006720.0,11654216.0
18775,2056-10-01,GW_storage_NM_S_TX_EPE_GW[AF],-8925.0,26080893812.0,11645291.0
18776,2056-11-01,GW_storage_NM_S_TX_EPE_GW[AF],-8910.0,26160908259.0,11636381.0
18777,2056-12-01,GW_storage_NM_S_TX_EPE_GW[AF],-8945.0,26240212456.0,11627436.0
18778,2057-01-01,GW_storage_NM_S_TX_EPE_GW[AF],-9132.0,26318587848.0,11618304.0
18779,2057-02-01,GW_storage_NM_S_TX_EPE_GW[AF],-8972.0,26395985372.0,11609332.0
18780,2057-03-01,GW_storage_NM_S_TX_EPE_GW[AF],-8798.0,26472734266.0,11600534.0
18781,2057-04-01,GW_storage_NM_S_TX_EPE_GW[AF],-8634.0,26556295278.0,11591900.0
18782,2057-05-01,GW_storage_NM_S_TX_EPE_GW[AF],-8466.0,26638790503.0,11583434.0
18783,2057-06-01,GW_storage_NM_S_TX_EPE_GW[AF],-8179.0,26720263696.0,11575255.0
18784,2057-07-01,GW_storage_NM_S_TX_EPE_GW[AF],-8387.0,26800720453.0,11566868.0
18785,2057-08-01,GW_storage_NM_S_TX_EPE_GW[AF],-8279.0,26880212595.0,11558589.0
18786,2057-09-01,GW_storage_NM_S_TX_EPE_GW[AF],-8141.0,26958875022.0,11550448.0
18787,2057-10-01,GW_storage_NM_S_TX_EPE_GW[AF],-8036.0,27036568588.0,11542412.0
18788,2057-11-01,GW_storage_NM_S_TX_EPE_GW[AF],-7885.0,27113396201.0,11534527.0
18789,2057-12-01,GW_storage_NM_S_TX_EPE_GW[AF],-7732.0,27189264327.0,11526795.0
18790,2058-01-01,GW_storage_NM_S_TX_EPE_GW[AF],-7583.0,27264124633.0,11519212.0
18791,2058-02-01,GW_storage_NM_S_TX_EPE_GW[AF],-7450.0,27348265847.0,11511762.0
18792,2058-03-01,GW_storage_NM_S_TX_EPE_GW[AF],-7305.0,27440889382.0,11504457.0
18793,2058-04-01,GW_storage_NM_S_TX_EPE_GW[AF],-7168.0,27539133274.0,11497289.0
18794,2058-05-01,GW_storage_NM_S_TX_EPE_GW[AF],-7030.0,27639449314.0,11490259.0
18795,2058-06-01,GW_storage_NM_S_TX_EPE_GW[AF],-6897.0,27738779306.0,11483362.0
18796,2058-07-01,GW_storage_NM_S_TX_EPE_GW[AF],-6294.0,27837531793.0,11477068.0
18797,2058-08-01,GW_storage_NM_S_TX_EPE_GW[AF],-6173.0,27935280444.0,11470895.0
18798,2058-09-01,GW_storage_NM_S_TX_EPE_GW[AF],-6057.0,28031862865.0,11464838.0
18799,2058-10-01,GW_storage_NM_S_TX_EPE_GW[AF],-5940.0,28127260463.0,11458898.0
18800,2058-11-01,GW_storage_NM_S_TX_EPE_GW[AF],-5828.0,28221366217.0,11453070.0
18801,2058-12-01,GW_storage_NM_S_TX_EPE_GW[AF],-5715.0,28314157055.0,11447355.0
18802,2059-01-01,GW_storage_NM_S_TX_EPE_GW[AF],-5604.0,28405540773.0,11441751.0
18803,2059-02-01,GW_storage_NM_S_TX_EPE_GW[AF],-5507.0,28502067677.0,11436244.0
18804,2059-03-01,GW_storage_NM_S_TX_EPE_GW[AF],-5400.0,28605457246.0,11430844.0
18805,2059-04-01,GW_storage_NM_S_TX_EPE_GW[AF],-5299.0,28717814838.0,11425545.0
18806,2059-05-01,GW_storage_NM_S_TX_EPE_GW[AF],-5196.0,28830913147.0,11420349.0
18807,2059-06-01,GW_storage_NM_S_TX_EPE_GW[AF],-5023.0,28943770190.0,11415326.0
18808,2059-07-01,GW_storage_NM_S_TX_EPE_GW[AF],-4461.0,29055182582.0,11410865.0
18809,2059-08-01,GW_storage_NM_S_TX_EPE_GW[AF],-3505.0,29165160032.0,11407360.0
18810,2059-09-01,GW_storage_NM_S_TX_EPE_GW[AF],-3452.0,29273920291.0,11403908.0
18811,2059-10-01,GW_storage_NM_S_TX_EPE_GW[AF],-3408.0,29381402010.0,11400500.0
18812,2059-11-01,GW_storage_NM_S_TX_EPE_GW[AF],-3343.0,29487451547.0,11397157.0
18813,2059-12-01,GW_storage_NM_S_TX_EPE_GW[AF],-3287.0,29592083281.0,11393870.0
18814,2060-01-01,GW_storage_NM_S_TX_EPE_GW[AF],-3224.0,29695071869.0,11390646.0
18815,2060-02-01,GW_storage_NM_S_TX_EPE_GW[AF],-3165.0,29797999369.0,11387481.0
18816,2060-03-01,GW_storage_NM_S_TX_EPE_GW[AF],-3104.0,29907235449.0,11384377.0
18817,2060-04-01,GW_storage_NM_S_TX_EPE_GW[AF],-3046.0,30022282651.0,11381331.0
18818,2060-05-01,GW_storage_NM_S_TX_EPE_GW[AF],-2986.0,30138204137.0,11378345.0
18819,2060-06-01,GW_storage_NM_S_TX_EPE_GW[AF],-2940.0,30253989194.0,11375405.0
18820,2060-07-01,GW_storage_NM_S_TX_EPE_GW[AF],-2884.0,30369445165.0,11372521.0
18821,2060-08-01,GW_storage_NM_S_TX_EPE_GW[AF],-2858.0,30483354195.0,11369663.0
18822,2060-09-01,GW_storage_NM_S_TX_EPE_GW[AF],-2830.0,30595912136.0,11366833.0
18823,2060-10-01,GW_storage_NM_S_TX_EPE_GW[AF],-2776.0,30707058453.0,11364057.0
18824,2060-11-01,GW_storage_NM_S_TX_EPE_GW[AF],-2723.0,30816686913.0,11361334.0
18825,2060-12-01,GW_storage_NM_S_TX_EPE_GW[AF],-3152.0,30924630927.0,11358182.0
18826,2061-01-01,GW_storage_NM_S_TX_EPE_GW[AF],-2692.0,31038058188.0,11355490.0
18827,2061-02-01,GW_storage_NM_S_TX_EPE_GW[AF],-2646.0,31163247262.0,11352844.0
18828,2061-03-01,GW_storage_NM_S_TX_EPE_GW[AF],-2594.0,31301926464.0,11350250.0
18829,2061-04-01,GW_storage_NM_S_TX_EPE_GW[AF],-2545.0,31460043743.0,11347705.0
18830,2061-05-01,GW_storage_NM_S_TX_EPE_GW[AF],-2496.0,31621719240.0,11345209.0
18831,2061-06-01,GW_storage_NM_S_TX_EPE_GW[AF],-2034.0,31781944019.0,11343175.0
18832,2061-07-01,GW_storage_NM_S_TX_EPE_GW[AF],-2879.0,31940594248.0,11340296.0
18833,2061-08-01,GW_storage_NM_S_TX_EPE_GW[AF],-2842.0,32097666692.0,11337454.0
18834,2061-09-01,GW_storage_NM_S_TX_EPE_GW[AF],-2806.0,32253244922.0,11334648.0
18835,2061-10-01,GW_storage_NM_S_TX_EPE_GW[AF],-2243.0,32407132898.0,11332405.0
18836,2061-11-01,GW_storage_NM_S_TX_EPE_GW[AF],-1465.0,32559108380.0,11330940.0
18837,2061-12-01,GW_storage_NM_S_TX_EPE_GW[AF],-1050.0,32709321481.0,11329890.0
18838,2062-01-01,GW_storage_NM_S_TX_EPE_GW[AF],-968.0,32858735378.0,11328922.0
18839,2062-02-01,GW_storage_NM_S_TX_EPE_GW[AF],-950.0,33022044851.0,11327972.0
18840,2062-03-01,GW_storage_NM_S_TX_EPE_GW[AF],-932.0,33198837130.0,11327040.0
18841,2062-04-01,GW_storage_NM_S_TX_EPE_GW[AF],-914.0,33390837210.0,11326126.0
18842,2062-05-01,GW_storage_NM_S_TX_EPE_GW[AF],-897.0,33584259641.0,11325229.0
18843,2062-06-01,GW_storage_NM_S_TX_EPE_GW[AF],-1311.0,33776858517.0,11323918.0
18844,2062-07-01,GW_storage_NM_S_TX_EPE_GW[AF],-1348.0,33967635736.0,11322570.0
18845,2062-08-01,GW_storage_NM_S_TX_EPE_GW[AF],-1069.0,34156855847.0,11321501.0
18846,2062-09-01,GW_storage_NM_S_TX_EPE_GW[AF],-1055.0,34344548104.0,11320446.0
18847,2062-10-01,GW_storage_NM_S_TX_EPE_GW[AF],-1042.0,34530332137.0,11319404.0
18848,2062-11-01,GW_storage_NM_S_TX_EPE_GW[AF],-1028.0,34714073091.0,11318376.0
18849,2062-12-01,GW_storage_NM_S_TX_EPE_GW[AF],-1015.0,34895778448.0,11317361.0
18850,2063-01-01,GW_storage_NM_S_TX_EPE_GW[AF],-1002.0,35079072230.0,11316359.0
18851,2063-02-01,GW_storage_NM_S_TX_EPE_GW[AF],-990.0,35269350335.0,11315369.0
18852,2063-03-01,GW_storage_NM_S_TX_EPE_GW[AF],-972.0,35470064786.0,11314397.0
18853,2063-04-01,GW_storage_NM_S_TX_EPE_GW[AF],-953.0,35683040547.0,11313444.0
18854,2063-05-01,GW_storage_NM_S_TX_EPE_GW[AF],-934.0,35907121073.0,11312510.0
18855,2063-06-01,GW_storage_NM_S_TX_EPE_GW[AF],-917.0,36134854310.0,11311593.0
18856,2063-07-01,GW_storage_NM_S_TX_EPE_GW[AF],-899.0,36361472567.0,11310694.0
18857,2063-08-01,GW_storage_NM_S_TX_EPE_GW[AF],-881.0,36586142514.0,11309813.0
18858,2063-09-01,GW_storage_NM_S_TX_EPE_GW[AF],-870.0,36808934029.0,11308943.0
18859,2063-10-01,GW_storage_NM_S_TX_EPE_GW[AF],-853.0,37029507927.0,11308090.0
18860,2063-11-01,GW_storage_NM_S_TX_EPE_GW[AF],-838.0,37248012309.0,11307252.0
18861,2063-12-01,GW_storage_NM_S_TX_EPE_GW[AF],-822.0,37465671472.0,11306430.0
18862,2064-01-01,GW_storage_NM_S_TX_EPE_GW[AF],-805.0,37694815963.0,11305625.0
18863,2064-02-01,GW_storage_NM_S_TX_EPE_GW[AF],-791.0,37945097639.0,11304834.0
18864,2064-03-01,GW_storage_NM_S_TX_EPE_GW[AF],-776.0,38213638934.0,11304058.0
18865,2064-04-01,GW_storage_NM_S_TX_EPE_GW[AF],-762.0,38493367090.0,11303296.0
18866,2064-05-01,GW_storage_NM_S_TX_EPE_GW[AF],-747.0,38776738105.0,11302549.0
18867,2064-06-01,GW_storage_NM_S_TX_EPE_GW[AF],-733.0,39060661713.0,11301816.0
18868,2064-07-01,GW_storage_NM_S_TX_EPE_GW[AF],-718.0,39341932866.0,11301098.0
18869,2064-08-01,GW_storage_NM_S_TX_EPE_GW[AF],-704.0,39620711220.0,11300394.0
18870,2064-09-01,GW_storage_NM_S_TX_EPE_GW[AF],-691.0,39897002798.0,11299703.0
18871,2064-10-01,GW_storage_NM_S_TX_EPE_GW[AF],-678.0,40170736712.0,11299025.0
18872,2064-11-01,GW_storage_NM_S_TX_EPE_GW[AF],-665.0,40442044957.0,11298360.0
18873,2064-12-01,GW_storage_NM_S_TX_EPE_GW[AF],-653.0,40711834451.0,11297707.0
18874,2065-01-01,GW_storage_NM_S_TX_EPE_GW[AF],-639.0,40982757097.0,11297068.0
18875,2065-02-01,GW_storage_NM_S_TX_EPE_GW[AF],-628.0,41255716076.0,11296440.0
18876,2065-03-01,GW_storage_NM_S_TX_EPE_GW[AF],-616.0,41533378347.0,11295824.0
18877,2065-04-01,GW_storage_NM_S_TX_EPE_GW[AF],-605.0,41819419395.0,11295219.0
18878,2065-05-01,GW_storage_NM_S_TX_EPE_GW[AF],-593.0,42107659636.0,11294626.0
18879,2065-06-01,GW_storage_NM_S_TX_EPE_GW[AF],-1482.0,42393392346.0,11293144.0
18880,2065-07-01,GW_storage_NM_S_TX_EPE_GW[AF],-1428.0,42678359041.0,11291716.0
18881,2065-08-01,GW_storage_NM_S_TX_EPE_GW[AF],-1563.0,42960938762.0,11290153.0
18882,2065-09-01,GW_storage_NM_S_TX_EPE_GW[AF],-1534.0,43241061639.0,11288619.0
18883,2065-10-01,GW_storage_NM_S_TX_EPE_GW[AF],-1505.0,43518553408.0,11287114.0
18884,2065-11-01,GW_storage_NM_S_TX_EPE_GW[AF],-1862.0,43793351378.0,11285252.0
18885,2065-12-01,GW_storage_NM_S_TX_EPE_GW[AF],-1827.0,44065325818.0,11283425.0
18886,2066-01-01,GW_storage_NM_S_TX_EPE_GW[AF],-1791.0,44334625115.0,11281634.0
18887,2066-02-01,GW_storage_NM_S_TX_EPE_GW[AF],-1760.0,44601575728.0,11279874.0
18888,2066-03-01,GW_storage_NM_S_TX_EPE_GW[AF],-1726.0,44865977654.0,11278148.0
18889,2066-04-01,GW_storage_NM_S_TX_EPE_GW[AF],-1547.0,45130939542.0,11276601.0
18890,2066-05-01,GW_storage_NM_S_TX_EPE_GW[AF],-1897.0,45393925169.0,11274704.0
18891,2066-06-01,GW_storage_NM_S_TX_EPE_GW[AF],-2296.0,45654573916.0,11272408.0
18892,2066-07-01,GW_storage_NM_S_TX_EPE_GW[AF],-3304.0,45912927675.0,11269104.0
18893,2066-08-01,GW_storage_NM_S_TX_EPE_GW[AF],-3240.0,46169111465.0,11265864.0
18894,2066-09-01,GW_storage_NM_S_TX_EPE_GW[AF],-3179.0,46423600426.0,11262685.0
18895,2066-10-01,GW_storage_NM_S_TX_EPE_GW[AF],-4156.0,46676263355.0,11258529.0
18896,2066-11-01,GW_storage_NM_S_TX_EPE_GW[AF],-3305.0,46927228863.0,11255224.0
18897,2066-12-01,GW_storage_NM_S_TX_EPE_GW[AF],-2253.0,47176198480.0,11252971.0
18898,2067-01-01,GW_storage_NM_S_TX_EPE_GW[AF],-2029.0,47422896821.0,11250942.0
18899,2067-02-01,GW_storage_NM_S_TX_EPE_GW[AF],-1994.0,47667661431.0,11248948.0
18900,2067-03-01,GW_storage_NM_S_TX_EPE_GW[AF],-1955.0,47910308464.0,11246993.0
18901,2067-04-01,GW_storage_NM_S_TX_EPE_GW[AF],-1918.0,48151085524.0,11245075.0
18902,2067-05-01,GW_storage_NM_S_TX_EPE_GW[AF],-1881.0,48389950965.0,11243194.0
18903,2067-06-01,GW_storage_NM_S_TX_EPE_GW[AF],-2085.0,48627002221.0,11241109.0
18904,2067-07-01,GW_storage_NM_S_TX_EPE_GW[AF],-2457.0,48862124917.0,11238652.0
18905,2067-08-01,GW_storage_NM_S_TX_EPE_GW[AF],-2430.0,49095321876.0,11236222.0
18906,2067-09-01,GW_storage_NM_S_TX_EPE_GW[AF],-2820.0,49326841519.0,11233402.0
18907,2067-10-01,GW_storage_NM_S_TX_EPE_GW[AF],-2053.0,49556552267.0,11231349.0
18908,2067-11-01,GW_storage_NM_S_TX_EPE_GW[AF],-2014.0,49784868208.0,11229335.0
18909,2067-12-01,GW_storage_NM_S_TX_EPE_GW[AF],-2331.0,50011545293.0,11227004.0
18910,2068-01-01,GW_storage_NM_S_TX_EPE_GW[AF],-2286.0,50238331069.0,11224718.0
18911,2068-02-01,GW_storage_NM_S_TX_EPE_GW[AF],-2245.0,50478937732.0,11222473.0
18912,2068-03-01,GW_storage_NM_S_TX_EPE_GW[AF],-2202.0,50739381265.0,11220271.0
18913,2068-04-01,GW_storage_NM_S_TX_EPE_GW[AF],-2160.0,51011294375.0,11218111.0
18914,2068-05-01,GW_storage_NM_S_TX_EPE_GW[AF],-2118.0,51290774772.0,11215993.0
18915,2068-06-01,GW_storage_NM_S_TX_EPE_GW[AF],-3219.0,51571539123.0,11212774.0
18916,2068-07-01,GW_storage_NM_S_TX_EPE_GW[AF],-3238.0,51851333229.0,11209536.0
18917,2068-08-01,GW_storage_NM_S_TX_EPE_GW[AF],-3785.0,52129191774.0,11205751.0
18918,2068-09-01,GW_storage_NM_S_TX_EPE_GW[AF],-3875.0,52405096290.0,11201876.0
18919,2068-10-01,GW_storage_NM_S_TX_EPE_GW[AF],-4250.0,52678907664.0,11197626.0
18920,2068-11-01,GW_storage_NM_S_TX_EPE_GW[AF],-3831.0,52950483517.0,11193795.0
18921,2068-12-01,GW_storage_NM_S_TX_EPE_GW[AF],-3958.0,53219819895.0,11189837.0
18922,2069-01-01,GW_storage_NM_S_TX_EPE_GW[AF],-3820.0,53487155316.0,11186017.0
18923,2069-02-01,GW_storage_NM_S_TX_EPE_GW[AF],-3753.0,53760870931.0,11182264.0
18924,2069-03-01,GW_storage_NM_S_TX_EPE_GW[AF],-3711.0,54039428849.0,11178553.0
18925,2069-04-01,GW_storage_NM_S_TX_EPE_GW[AF],-3640.0,54324092180.0,11174913.0
18926,2069-05-01,GW_storage_NM_S_TX_EPE_GW[AF],-3570.0,54609436481.0,11171343.0
18927,2069-06-01,GW_storage_NM_S_TX_EPE_GW[AF],-3560.0,54894337917.0,11167783.0
18928,2069-07-01,GW_storage_NM_S_TX_EPE_GW[AF],-3569.0,55177218144.0,11164214.0
18929,2069-08-01,GW_storage_NM_S_TX_EPE_GW[AF],-3617.0,55458179949.0,11160597.0
18930,2069-09-01,GW_storage_NM_S_TX_EPE_GW[AF],-3549.0,55737226700.0,11157048.0
18931,2069-10-01,GW_storage_NM_S_TX_EPE_GW[AF],-3675.0,56014313112.0,11153373.0
18932,2069-11-01,GW_storage_NM_S_TX_EPE_GW[AF],-3627.0,56289244905.0,11149746.0
18933,2069-12-01,GW_storage_NM_S_TX_EPE_GW[AF],-3374.0,56561948550.0,11146372.0
18934,2070-01-01,GW_storage_NM_S_TX_EPE_GW[AF],-4117.0,56832455571.0,11142255.0
18935,2070-02-01,GW_storage_NM_S_TX_EPE_GW[AF],-4045.0,57101031869.0,11138210.0
18936,2070-03-01,GW_storage_NM_S_TX_EPE_GW[AF],-3256.0,57367456127.0,11134954.0
18937,2070-04-01,GW_storage_NM_S_TX_EPE_GW[AF],-2941.0,57631884127.0,11132013.0
18938,2070-05-01,GW_storage_NM_S_TX_EPE_GW[AF],-2884.0,57894580730.0,11129129.0
18939,2070-06-01,GW_storage_NM_S_TX_EPE_GW[AF],-2473.0,58156625113.0,11126656.0
18940,2070-07-01,GW_storage_NM_S_TX_EPE_GW[AF],-2433.0,58417720429.0,11124223.0
18941,2070-08-01,GW_storage_NM_S_TX_EPE_GW[AF],-2385.0,58677125935.0,11121838.0
18942,2070-09-01,GW_storage_NM_S_TX_EPE_GW[AF],-2340.0,58935122487.0,11119498.0
18943,2070-10-01,GW_storage_NM_S_TX_EPE_GW[AF],-2295.0,59191573450.0,11117203.0
18944,2070-11-01,GW_storage_NM_S_TX_EPE_GW[AF],-2252.0,59446278042.0,11114951.0
18945,2070-12-01,GW_storage_NM_S_TX_EPE_GW[AF],-1784.0,59699129256.0,11113167.0
18946,2021-07-01,GW_storage_NV_S_GW[AF],2.0,628985.0,2.0
18947,2021-08-01,GW_storage_NV_S_GW[AF],2.0,833341.0,4.0
18948,2021-09-01,GW_storage_NV_S_GW[AF],2.0,1034591.0,6.0
18949,2022-07-01,GW_storage_NV_S_GW[AF],2.0,4562843.0,8.0
18950,2022-08-01,GW_storage_NV_S_GW[AF],2.0,5557441.0,10.0
18951,2022-10-01,GW_storage_NV_S_GW[AF],-2.0,7499151.0,8.0
18952,2022-11-01,GW_storage_NV_S_GW[AF],-2.0,8445383.0,6.0
18953,2022-12-01,GW_storage_NV_S_GW[AF],-4.0,9374562.0,2.0
18954,2023-01-01,GW_storage_NV_S_GW[AF],-6.0,10287031.0,-4.0
18955,2023-02-01,GW_storage_NV_S_GW[AF],-7.0,11192982.0,-11.0
18956,2023-03-01,GW_storage_NV_S_GW[AF],-8.0,12082492.0,-19.0
18957,2023-04-01,GW_storage_NV_S_GW[AF],-9.0,12955603.0,-28.0
18958,2023-05-01,GW_storage_NV_S_GW[AF],-8.0,13813215.0,-36.0
18959,2023-06-01,GW_storage_NV_S_GW[AF],-8.0,15164430.0,-44.0
18960,2023-07-01,GW_storage_NV_S_GW[AF],-8.0,17236845.0,-52.0
18961,2023-08-01,GW_storage_NV_S_GW[AF],-8.0,19274971.0,-60.0
18962,2023-09-01,GW_storage_NV_S_GW[AF],-5.0,21282260.0,-65.0
18963,2023-10-01,GW_storage_NV_S_GW[AF],-2.0,23279746.0,-67.0
18964,2023-12-01,GW_storage_NV_S_GW[AF],-2.0,27178503.0,-69.0
18965,2024-02-01,GW_storage_NV_S_GW[AF],-2.0,30951693.0,-71.0
18966,2024-05-01,GW_storage_NV_S_GW[AF],18.0,36379549.0,-53.0
18967,2024-06-01,GW_storage_NV_S_GW[AF],44.0,38134426.0,-9.0
18968,2024-07-01,GW_storage_NV_S_GW[AF],67.0,39862715.0,58.0
18969,2024-08-01,GW_storage_NV_S_GW[AF],88.0,41565221.0,146.0
18970,2024-09-01,GW_storage_NV_S_GW[AF],77.0,43242727.0,223.0
18971,2024-10-01,GW_storage_NV_S_GW[AF],52.0,44894530.0,275.0
18972,2024-11-01,GW_storage_NV_S_GW[AF],63.0,46522142.0,338.0
18973,2024-12-01,GW_storage_NV_S_GW[AF],100.0,48125394.0,438.0
18974,2025-01-01,GW_storage_NV_S_GW[AF],107.0,49704625.0,545.0
18975,2025-02-01,GW_storage_NV_S_GW[AF],90.0,51264049.0,635.0
18976,2025-03-01,GW_storage_NV_S_GW[AF],85.0,52800150.0,720.0
18977,2025-04-01,GW_storage_NV_S_GW[AF],51.0,54422403.0,771.0
18978,2025-05-01,GW_storage_NV_S_GW[AF],12.0,56023530.0,783.0
18979,2025-06-01,GW_storage_NV_S_GW[AF],-46.0,57673121.0,737.0
18980,2025-07-01,GW_storage_NV_S_GW[AF],-3691.0,59233291.0,-2954.0
18981,2025-08-01,GW_storage_NV_S_GW[AF],-1617.0,60752330.0,-4571.0
18982,2025-09-01,GW_storage_NV_S_GW[AF],5187.0,63291561.0,616.0
18983,2025-10-01,GW_storage_NV_S_GW[AF],9834.0,66117192.0,10450.0
18984,2025-11-01,GW_storage_NV_S_GW[AF],13539.0,69169207.0,23989.0
18985,2025-12-01,GW_storage_NV_S_GW[AF],16518.0,72377661.0,40507.0
18986,2026-01-01,GW_storage_NV_S_GW[AF],18702.0,75644729.0,59209.0
18987,2026-02-01,GW_storage_NV_S_GW[AF],20310.0,83025589.0,79519.0
18988,2026-03-01,GW_storage_NV_S_GW[AF],20988.0,93674924.0,100507.0
18989,2026-04-01,GW_storage_NV_S_GW[AF],20842.0,112497734.0,121349.0
18990,2026-05-01,GW_storage_NV_S_GW[AF],20609.0,136460613.0,141958.0
18991,2026-06-01,GW_storage_NV_S_GW[AF],20379.0,160180041.0,162337.0
18992,2026-07-01,GW_storage_NV_S_GW[AF],20141.0,184580314.0,182478.0
18993,2026-08-01,GW_storage_NV_S_GW[AF],19907.0,208538131.0,202385.0
18994,2026-09-01,GW_storage_NV_S_GW[AF],19684.0,232132273.0,222069.0
18995,2026-10-01,GW_storage_NV_S_GW[AF],19454.0,255250646.0,241523.0
18996,2026-11-01,GW_storage_NV_S_GW[AF],19236.0,277908394.0,260759.0
18997,2026-12-01,GW_storage_NV_S_GW[AF],19011.0,300103214.0,279770.0
18998,2027-01-01,GW_storage_NV_S_GW[AF],18791.0,321847786.0,298561.0
18999,2027-02-01,GW_storage_NV_S_GW[AF],18594.0,343199646.0,317155.0
19000,2027-03-01,GW_storage_NV_S_GW[AF],18377.0,369620421.0,335532.0
19001,2027-04-01,GW_storage_NV_S_GW[AF],18171.0,409179141.0,353703.0
19002,2027-05-01,GW_storage_NV_S_GW[AF],17960.0,455970259.0,371663.0
19003,2027-06-01,GW_storage_NV_S_GW[AF],17757.0,506103237.0,389420.0
19004,2027-07-01,GW_storage_NV_S_GW[AF],17551.0,558027240.0,406971.0
19005,2027-08-01,GW_storage_NV_S_GW[AF],17347.0,610747556.0,424318.0
19006,2027-09-01,GW_storage_NV_S_GW[AF],17152.0,662576568.0,441470.0
19007,2027-10-01,GW_storage_NV_S_GW[AF],16952.0,713531026.0,458422.0
19008,2027-11-01,GW_storage_NV_S_GW[AF],16761.0,763602436.0,475183.0
19009,2027-12-01,GW_storage_NV_S_GW[AF],16567.0,812846873.0,491750.0
19010,2028-01-01,GW_storage_NV_S_GW[AF],16375.0,861121911.0,508125.0
19011,2028-02-01,GW_storage_NV_S_GW[AF],16196.0,908650771.0,524321.0
19012,2028-03-01,GW_storage_NV_S_GW[AF],16008.0,959000163.0,540329.0
19013,2028-04-01,GW_storage_NV_S_GW[AF],15827.0,1012039411.0,556156.0
19014,2028-05-01,GW_storage_NV_S_GW[AF],15643.0,1068060916.0,571799.0
19015,2028-06-01,GW_storage_NV_S_GW[AF],15468.0,1125203670.0,587267.0
19016,2028-07-01,GW_storage_NV_S_GW[AF],15287.0,1183903968.0,602554.0
19017,2028-08-01,GW_storage_NV_S_GW[AF],15110.0,1241633200.0,617664.0
19018,2028-09-01,GW_storage_NV_S_GW[AF],14940.0,1298536546.0,632604.0
19019,2028-10-01,GW_storage_NV_S_GW[AF],14766.0,1354465802.0,647370.0
19020,2028-11-01,GW_storage_NV_S_GW[AF],14600.0,1409406877.0,661970.0
19021,2028-12-01,GW_storage_NV_S_GW[AF],14431.0,1463330743.0,676401.0
19022,2029-01-01,GW_storage_NV_S_GW[AF],14263.0,1516331973.0,690664.0
19023,2029-02-01,GW_storage_NV_S_GW[AF],14113.0,1568436361.0,704777.0
19024,2029-03-01,GW_storage_NV_S_GW[AF],13948.0,1622957905.0,718725.0
19025,2029-04-01,GW_storage_NV_S_GW[AF],13792.0,1679352962.0,732517.0
19026,2029-05-01,GW_storage_NV_S_GW[AF],13632.0,1742904338.0,746149.0
19027,2029-06-01,GW_storage_NV_S_GW[AF],13479.0,1807169538.0,759628.0
19028,2029-07-01,GW_storage_NV_S_GW[AF],13322.0,1872474684.0,772950.0
19029,2029-08-01,GW_storage_NV_S_GW[AF],13167.0,1936569687.0,786117.0
19030,2029-09-01,GW_storage_NV_S_GW[AF],12783.0,1999536921.0,798900.0
19031,2029-10-01,GW_storage_NV_S_GW[AF],12386.0,2061251234.0,811286.0
19032,2029-11-01,GW_storage_NV_S_GW[AF],12219.0,2121792309.0,823505.0
19033,2029-12-01,GW_storage_NV_S_GW[AF],12062.0,2181276298.0,835567.0
19034,2030-01-01,GW_storage_NV_S_GW[AF],11922.0,2239598911.0,847489.0
19035,2030-02-01,GW_storage_NV_S_GW[AF],11796.0,2296908282.0,859285.0
19036,2030-03-01,GW_storage_NV_S_GW[AF],11659.0,2353273149.0,870944.0
19037,2030-04-01,GW_storage_NV_S_GW[AF],11528.0,2408813513.0,882472.0
19038,2030-05-01,GW_storage_NV_S_GW[AF],10029.0,2463288321.0,892501.0
19039,2030-06-01,GW_storage_NV_S_GW[AF],6742.0,2519189259.0,899243.0
19040,2030-07-01,GW_storage_NV_S_GW[AF],2681.0,2574987711.0,901924.0
19041,2030-08-01,GW_storage_NV_S_GW[AF],-1667.0,2629845780.0,900257.0
19042,2030-09-01,GW_storage_NV_S_GW[AF],-5956.0,2683731630.0,894301.0
19043,2030-10-01,GW_storage_NV_S_GW[AF],-9870.0,2736573135.0,884431.0
19044,2030-11-01,GW_storage_NV_S_GW[AF],-13376.0,2788437015.0,871055.0
19045,2030-12-01,GW_storage_NV_S_GW[AF],-15155.0,2839371858.0,855900.0
19046,2031-01-01,GW_storage_NV_S_GW[AF],-15225.0,2889285425.0,840675.0
19047,2031-02-01,GW_storage_NV_S_GW[AF],-15088.0,2938331300.0,825587.0
19048,2031-03-01,GW_storage_NV_S_GW[AF],-14916.0,2986403207.0,810671.0
19049,2031-04-01,GW_storage_NV_S_GW[AF],-14748.0,3034117058.0,795923.0
19050,2031-05-01,GW_storage_NV_S_GW[AF],-14577.0,3081639947.0,781346.0
19051,2031-06-01,GW_storage_NV_S_GW[AF],-14413.0,3128466639.0,766933.0
19052,2031-07-01,GW_storage_NV_S_GW[AF],-14246.0,3175256040.0,752687.0
19053,2031-08-01,GW_storage_NV_S_GW[AF],-14080.0,3221201089.0,738607.0
19054,2031-09-01,GW_storage_NV_S_GW[AF],-13922.0,3266538806.0,724685.0
19055,2031-10-01,GW_storage_NV_S_GW[AF],-13760.0,3311005126.0,710925.0
19056,2031-11-01,GW_storage_NV_S_GW[AF],-13605.0,3354843436.0,697320.0
19057,2031-12-01,GW_storage_NV_S_GW[AF],-13447.0,3397917039.0,683873.0
19058,2032-01-01,GW_storage_NV_S_GW[AF],-13290.0,3440765830.0,670583.0
19059,2032-02-01,GW_storage_NV_S_GW[AF],-13146.0,3500332884.0,657437.0
19060,2032-03-01,GW_storage_NV_S_GW[AF],-12993.0,3570397039.0,644444.0
19061,2032-04-01,GW_storage_NV_S_GW[AF],-12847.0,3645988541.0,631597.0
19062,2032-05-01,GW_storage_NV_S_GW[AF],-12698.0,3723860841.0,618899.0
19063,2032-06-01,GW_storage_NV_S_GW[AF],-12555.0,3803847465.0,606344.0
19064,2032-07-01,GW_storage_NV_S_GW[AF],-12409.0,3884065220.0,593935.0
19065,2032-08-01,GW_storage_NV_S_GW[AF],-12265.0,3963910669.0,581670.0
19066,2032-09-01,GW_storage_NV_S_GW[AF],-12126.0,4042724779.0,569544.0
19067,2032-10-01,GW_storage_NV_S_GW[AF],-11986.0,4120308321.0,557558.0
19068,2032-11-01,GW_storage_NV_S_GW[AF],-11851.0,4196679403.0,545707.0
19069,2032-12-01,GW_storage_NV_S_GW[AF],-11713.0,4271822754.0,533994.0
19070,2033-01-01,GW_storage_NV_S_GW[AF],-11577.0,4345538492.0,522417.0
19071,2033-02-01,GW_storage_NV_S_GW[AF],-11455.0,4423218301.0,510962.0
19072,2033-03-01,GW_storage_NV_S_GW[AF],-11322.0,4505470297.0,499640.0
19073,2033-04-01,GW_storage_NV_S_GW[AF],-11195.0,4590681136.0,488445.0
19074,2033-05-01,GW_storage_NV_S_GW[AF],-11065.0,4675360581.0,477380.0
19075,2033-06-01,GW_storage_NV_S_GW[AF],-10940.0,4760708398.0,466440.0
19076,2033-07-01,GW_storage_NV_S_GW[AF],-10813.0,4846138178.0,455627.0
19077,2033-08-01,GW_storage_NV_S_GW[AF],-10687.0,4931118427.0,444940.0
19078,2033-09-01,GW_storage_NV_S_GW[AF],-10567.0,5014914731.0,434373.0
19079,2033-10-01,GW_storage_NV_S_GW[AF],-10444.0,5097508172.0,423929.0
19080,2033-11-01,GW_storage_NV_S_GW[AF],-10327.0,5178663669.0,413602.0
19081,2033-12-01,GW_storage_NV_S_GW[AF],-10206.0,5258443309.0,403396.0
19082,2034-01-01,GW_storage_NV_S_GW[AF],-10089.0,5339163828.0,393307.0
19083,2034-02-01,GW_storage_NV_S_GW[AF],-9982.0,5418722190.0,383325.0
19084,2034-03-01,GW_storage_NV_S_GW[AF],-9866.0,5500220744.0,373459.0
19085,2034-04-01,GW_storage_NV_S_GW[AF],-9756.0,5584032903.0,363703.0
19086,2034-05-01,GW_storage_NV_S_GW[AF],-9642.0,5676873319.0,354061.0
19087,2034-06-01,GW_storage_NV_S_GW[AF],-9533.0,5773341236.0,344528.0
19088,2034-07-01,GW_storage_NV_S_GW[AF],-9422.0,5871231225.0,335106.0
19089,2034-08-01,GW_storage_NV_S_GW[AF],-9313.0,5968392389.0,325793.0
19090,2034-09-01,GW_storage_NV_S_GW[AF],-9208.0,6064112138.0,316585.0
19091,2034-10-01,GW_storage_NV_S_GW[AF],-9101.0,6158273690.0,307484.0
19092,2034-11-01,GW_storage_NV_S_GW[AF],-8999.0,6251013792.0,298485.0
19093,2034-12-01,GW_storage_NV_S_GW[AF],-8894.0,6342469856.0,289591.0
19094,2035-01-01,GW_storage_NV_S_GW[AF],-8790.0,6432436397.0,280801.0
19095,2035-02-01,GW_storage_NV_S_GW[AF],-8699.0,6520973109.0,272102.0
19096,2035-03-01,GW_storage_NV_S_GW[AF],-8597.0,6608114132.0,263505.0
19097,2035-04-01,GW_storage_NV_S_GW[AF],-8501.0,6694040771.0,255004.0
19098,2035-05-01,GW_storage_NV_S_GW[AF],-8402.0,6778544504.0,246602.0
19099,2035-06-01,GW_storage_NV_S_GW[AF],-8308.0,6863239534.0,238294.0
19100,2035-07-01,GW_storage_NV_S_GW[AF],-8211.0,6947511289.0,230083.0
19101,2035-08-01,GW_storage_NV_S_GW[AF],-8115.0,7030376153.0,221968.0
19102,2035-09-01,GW_storage_NV_S_GW[AF],-8024.0,7112119087.0,213944.0
19103,2035-10-01,GW_storage_NV_S_GW[AF],-7931.0,7192574428.0,206013.0
19104,2035-11-01,GW_storage_NV_S_GW[AF],-7842.0,7271865334.0,198171.0
19105,2035-12-01,GW_storage_NV_S_GW[AF],-7750.0,7350179909.0,190421.0
19106,2036-01-01,GW_storage_NV_S_GW[AF],-7661.0,7427195979.0,182760.0
19107,2036-02-01,GW_storage_NV_S_GW[AF],-7577.0,7503024891.0,175183.0
19108,2036-03-01,GW_storage_NV_S_GW[AF],-7489.0,7577632108.0,167694.0
19109,2036-04-01,GW_storage_NV_S_GW[AF],-7405.0,7651185144.0,160289.0
19110,2036-05-01,GW_storage_NV_S_GW[AF],-7294.0,7724300240.0,152995.0
19111,2036-06-01,GW_storage_NV_S_GW[AF],-7188.0,7796353708.0,145807.0
19112,2036-07-01,GW_storage_NV_S_GW[AF],-7102.0,7867314948.0,138705.0
19113,2036-08-01,GW_storage_NV_S_GW[AF],-7019.0,7937241278.0,131686.0
19114,2036-09-01,GW_storage_NV_S_GW[AF],-6884.0,8006295323.0,124802.0
19115,2036-10-01,GW_storage_NV_S_GW[AF],-6747.0,8074305646.0,118055.0
19116,2036-11-01,GW_storage_NV_S_GW[AF],-6666.0,8141376577.0,111389.0
19117,2036-12-01,GW_storage_NV_S_GW[AF],-5645.0,8207644541.0,105744.0
19118,2037-01-01,GW_storage_NV_S_GW[AF],-4356.0,8273161410.0,101388.0
19119,2037-02-01,GW_storage_NV_S_GW[AF],-3804.0,8337733681.0,97584.0
19120,2037-03-01,GW_storage_NV_S_GW[AF],-3550.0,8401237350.0,94034.0
19121,2037-04-01,GW_storage_NV_S_GW[AF],-3410.0,8463716442.0,90624.0
19122,2037-05-01,GW_storage_NV_S_GW[AF],-3279.0,8525229166.0,87345.0
19123,2037-06-01,GW_storage_NV_S_GW[AF],-3140.0,8585780498.0,84205.0
19124,2037-07-01,GW_storage_NV_S_GW[AF],-3035.0,8645518277.0,81170.0
19125,2037-08-01,GW_storage_NV_S_GW[AF],-2938.0,8704580765.0,78232.0
19126,2037-09-01,GW_storage_NV_S_GW[AF],-2781.0,8763159684.0,75451.0
19127,2037-10-01,GW_storage_NV_S_GW[AF],-2626.0,8821181815.0,72825.0
19128,2037-11-01,GW_storage_NV_S_GW[AF],-2504.0,8878677095.0,70321.0
19129,2037-12-01,GW_storage_NV_S_GW[AF],-2389.0,8935618642.0,67932.0
19130,2038-01-01,GW_storage_NV_S_GW[AF],-2288.0,8991690289.0,65644.0
19131,2038-02-01,GW_storage_NV_S_GW[AF],-2209.0,9049081585.0,63435.0
19132,2038-03-01,GW_storage_NV_S_GW[AF],-2142.0,9108044798.0,61293.0
19133,2038-04-01,GW_storage_NV_S_GW[AF],-2098.0,9168794933.0,59195.0
19134,2038-05-01,GW_storage_NV_S_GW[AF],-1982.0,9229969082.0,57213.0
19135,2038-06-01,GW_storage_NV_S_GW[AF],-1867.0,9290494843.0,55346.0
19136,2038-07-01,GW_storage_NV_S_GW[AF],-1846.0,9350294408.0,53500.0
19137,2038-08-01,GW_storage_NV_S_GW[AF],-1850.0,9409318940.0,51650.0
19138,2038-09-01,GW_storage_NV_S_GW[AF],-1833.0,9467673979.0,49817.0
19139,2038-10-01,GW_storage_NV_S_GW[AF],-1790.0,9525253636.0,48027.0
19140,2038-11-01,GW_storage_NV_S_GW[AF],-1740.0,9582098472.0,46287.0
19141,2038-12-01,GW_storage_NV_S_GW[AF],-1680.0,9638248766.0,44607.0
19142,2039-01-01,GW_storage_NV_S_GW[AF],-1614.0,9693650977.0,42993.0
19143,2039-02-01,GW_storage_NV_S_GW[AF],-1547.0,9750458830.0,41446.0
19144,2039-03-01,GW_storage_NV_S_GW[AF],-1477.0,9809156458.0,39969.0
19145,2039-04-01,GW_storage_NV_S_GW[AF],-1411.0,9868559467.0,38558.0
19146,2039-05-01,GW_storage_NV_S_GW[AF],180.0,9927385773.0,38738.0
19147,2039-06-01,GW_storage_NV_S_GW[AF],3686.0,9986965256.0,42424.0
19148,2039-07-01,GW_storage_NV_S_GW[AF],5854.0,10046475029.0,48278.0
19149,2039-08-01,GW_storage_NV_S_GW[AF],6042.0,10105238592.0,54320.0
19150,2039-09-01,GW_storage_NV_S_GW[AF],6002.0,10163363477.0,60322.0
19151,2039-10-01,GW_storage_NV_S_GW[AF],5935.0,10220781260.0,66257.0
19152,2039-11-01,GW_storage_NV_S_GW[AF],5869.0,10277373162.0,72126.0
19153,2039-12-01,GW_storage_NV_S_GW[AF],5801.0,10333185165.0,77927.0
19154,2040-01-01,GW_storage_NV_S_GW[AF],5734.0,10388289039.0,83661.0
19155,2040-02-01,GW_storage_NV_S_GW[AF],5671.0,10442633493.0,89332.0
19156,2040-03-01,GW_storage_NV_S_GW[AF],5605.0,10496196844.0,94937.0
19157,2040-04-01,GW_storage_NV_S_GW[AF],5542.0,10549040409.0,100479.0
19158,2040-05-01,GW_storage_NV_S_GW[AF],5478.0,10601395194.0,105957.0
19159,2040-06-01,GW_storage_NV_S_GW[AF],5416.0,10653107949.0,111373.0
19160,2040-07-01,GW_storage_NV_S_GW[AF],5354.0,10704171007.0,116727.0
19161,2040-08-01,GW_storage_NV_S_GW[AF],5291.0,10754605305.0,122018.0
19162,2040-09-01,GW_storage_NV_S_GW[AF],4036.0,10804445973.0,126054.0
19163,2040-10-01,GW_storage_NV_S_GW[AF],2499.0,10853648570.0,128553.0
19164,2040-11-01,GW_storage_NV_S_GW[AF],1857.0,10902484914.0,130410.0
19165,2040-12-01,GW_storage_NV_S_GW[AF],1575.0,10950730644.0,131985.0
19166,2041-01-01,GW_storage_NV_S_GW[AF],1442.0,10998281298.0,133427.0
19167,2041-02-01,GW_storage_NV_S_GW[AF],1395.0,11047818234.0,134822.0
19168,2041-03-01,GW_storage_NV_S_GW[AF],1384.0,11099139984.0,136206.0
19169,2041-04-01,GW_storage_NV_S_GW[AF],1362.0,11151170281.0,137568.0
19170,2041-05-01,GW_storage_NV_S_GW[AF],1342.0,11202540882.0,138910.0
19171,2041-06-01,GW_storage_NV_S_GW[AF],1366.0,11253584926.0,140276.0
19172,2041-07-01,GW_storage_NV_S_GW[AF],1422.0,11304087287.0,141698.0
19173,2041-08-01,GW_storage_NV_S_GW[AF],3056.0,11354085428.0,144754.0
19174,2041-09-01,GW_storage_NV_S_GW[AF],4800.0,11403615397.0,149554.0
19175,2041-10-01,GW_storage_NV_S_GW[AF],4944.0,11452671944.0,154498.0
19176,2041-11-01,GW_storage_NV_S_GW[AF],4908.0,11501212889.0,159406.0
19177,2041-12-01,GW_storage_NV_S_GW[AF],4852.0,11549056939.0,164258.0
19178,2042-01-01,GW_storage_NV_S_GW[AF],4796.0,11596204581.0,169054.0
19179,2042-02-01,GW_storage_NV_S_GW[AF],4745.0,11642935334.0,173799.0
19180,2042-03-01,GW_storage_NV_S_GW[AF],4690.0,11689092595.0,178489.0
19181,2042-04-01,GW_storage_NV_S_GW[AF],4637.0,11735022869.0,183126.0
19182,2042-05-01,GW_storage_NV_S_GW[AF],4583.0,11780876718.0,187709.0
19183,2042-06-01,GW_storage_NV_S_GW[AF],4532.0,11826092725.0,192241.0
19184,2042-07-01,GW_storage_NV_S_GW[AF],4479.0,11871546727.0,196720.0
19185,2042-08-01,GW_storage_NV_S_GW[AF],4427.0,11916431990.0,201147.0
19186,2042-09-01,GW_storage_NV_S_GW[AF],4374.0,11960791410.0,205521.0
19187,2042-10-01,GW_storage_NV_S_GW[AF],4320.0,12004660184.0,209841.0
19188,2042-11-01,GW_storage_NV_S_GW[AF],4302.0,12048130811.0,214143.0
19189,2042-12-01,GW_storage_NV_S_GW[AF],4247.0,12091062837.0,218390.0
19190,2043-01-01,GW_storage_NV_S_GW[AF],4164.0,12133444088.0,222554.0
19191,2043-02-01,GW_storage_NV_S_GW[AF],4106.0,12175363925.0,226660.0
19192,2043-03-01,GW_storage_NV_S_GW[AF],4037.0,12216725340.0,230697.0
19193,2043-04-01,GW_storage_NV_S_GW[AF],3969.0,12257666079.0,234666.0
19194,2043-05-01,GW_storage_NV_S_GW[AF],3901.0,12298078753.0,238567.0
19195,2043-06-01,GW_storage_NV_S_GW[AF],3831.0,12338040338.0,242398.0
19196,2043-07-01,GW_storage_NV_S_GW[AF],3723.0,12377535688.0,246121.0
19197,2043-08-01,GW_storage_NV_S_GW[AF],3588.0,12416568319.0,249709.0
19198,2043-09-01,GW_storage_NV_S_GW[AF],3475.0,12455234071.0,253184.0
19199,2043-10-01,GW_storage_NV_S_GW[AF],3396.0,12493493716.0,256580.0
19200,2043-11-01,GW_storage_NV_S_GW[AF],3340.0,12531340494.0,259920.0
19201,2043-12-01,GW_storage_NV_S_GW[AF],3295.0,12568703212.0,263215.0
19202,2044-01-01,GW_storage_NV_S_GW[AF],3244.0,12605614127.0,266459.0
19203,2044-02-01,GW_storage_NV_S_GW[AF],3180.0,12642100391.0,269639.0
19204,2044-03-01,GW_storage_NV_S_GW[AF],3112.0,12678094207.0,272751.0
19205,2044-04-01,GW_storage_NV_S_GW[AF],3054.0,12715489683.0,275805.0
19206,2044-05-01,GW_storage_NV_S_GW[AF],3005.0,12757376464.0,278810.0
19207,2044-06-01,GW_storage_NV_S_GW[AF],2965.0,12798680033.0,281775.0
19208,2044-07-01,GW_storage_NV_S_GW[AF],2938.0,12840178366.0,284713.0
19209,2044-08-01,GW_storage_NV_S_GW[AF],2921.0,12881238666.0,287634.0
19210,2044-09-01,GW_storage_NV_S_GW[AF],2905.0,12921922929.0,290539.0
19211,2044-10-01,GW_storage_NV_S_GW[AF],2901.0,12962137170.0,293440.0
19212,2044-11-01,GW_storage_NV_S_GW[AF],2908.0,13001917872.0,296348.0
19213,2044-12-01,GW_storage_NV_S_GW[AF],2875.0,13041192913.0,299223.0
19214,2045-01-01,GW_storage_NV_S_GW[AF],2815.0,13079996277.0,302038.0
19215,2045-02-01,GW_storage_NV_S_GW[AF],2768.0,13119222084.0,304806.0
19216,2045-03-01,GW_storage_NV_S_GW[AF],2729.0,13158364150.0,307535.0
19217,2045-04-01,GW_storage_NV_S_GW[AF],2693.0,13198157185.0,310228.0
19218,2045-05-01,GW_storage_NV_S_GW[AF],2635.0,13237869018.0,312863.0
19219,2045-06-01,GW_storage_NV_S_GW[AF],2543.0,13278774379.0,315406.0
19220,2045-07-01,GW_storage_NV_S_GW[AF],2486.0,13324244062.0,317892.0
19221,2045-08-01,GW_storage_NV_S_GW[AF],2435.0,13372386542.0,320327.0
19222,2045-09-01,GW_storage_NV_S_GW[AF],2379.0,13419876881.0,322706.0
19223,2045-10-01,GW_storage_NV_S_GW[AF],2355.0,13466818785.0,325061.0
19224,2045-11-01,GW_storage_NV_S_GW[AF],2374.0,13513160105.0,327435.0
19225,2045-12-01,GW_storage_NV_S_GW[AF],2387.0,13560745919.0,329822.0
19226,2046-01-01,GW_storage_NV_S_GW[AF],2357.0,13615290772.0,332179.0
19227,2046-02-01,GW_storage_NV_S_GW[AF],2314.0,13677811710.0,334493.0
19228,2046-03-01,GW_storage_NV_S_GW[AF],2277.0,13748607831.0,336770.0
19229,2046-04-01,GW_storage_NV_S_GW[AF],2248.0,13826873589.0,339018.0
19230,2046-05-01,GW_storage_NV_S_GW[AF],2233.0,13907944967.0,341251.0
19231,2046-06-01,GW_storage_NV_S_GW[AF],2266.0,13989979852.0,343517.0
19232,2046-07-01,GW_storage_NV_S_GW[AF],2335.0,14071604903.0,345852.0
19233,2046-08-01,GW_storage_NV_S_GW[AF],2390.0,14152131683.0,348242.0
19234,2046-09-01,GW_storage_NV_S_GW[AF],2417.0,14231617714.0,350659.0
19235,2046-10-01,GW_storage_NV_S_GW[AF],2426.0,14310005025.0,353085.0
19236,2046-11-01,GW_storage_NV_S_GW[AF],2407.0,14387273527.0,355492.0
19237,2046-12-01,GW_storage_NV_S_GW[AF],2408.0,14463437376.0,357900.0
19238,2047-01-01,GW_storage_NV_S_GW[AF],2435.0,14538457981.0,360335.0
19239,2047-02-01,GW_storage_NV_S_GW[AF],2458.0,14612508014.0,362793.0
19240,2047-03-01,GW_storage_NV_S_GW[AF],2479.0,14685452283.0,365272.0
19241,2047-04-01,GW_storage_NV_S_GW[AF],2471.0,14764472816.0,367743.0
19242,2047-05-01,GW_storage_NV_S_GW[AF],2469.0,14860897341.0,370212.0
19243,2047-06-01,GW_storage_NV_S_GW[AF],2490.0,14972506362.0,372702.0
19244,2047-07-01,GW_storage_NV_S_GW[AF],2522.0,15088231692.0,375224.0
19245,2047-08-01,GW_storage_NV_S_GW[AF],2544.0,15203332934.0,377768.0
19246,2047-09-01,GW_storage_NV_S_GW[AF],2536.0,15317492289.0,380304.0
19247,2047-10-01,GW_storage_NV_S_GW[AF],2549.0,15430042333.0,382853.0
19248,2047-11-01,GW_storage_NV_S_GW[AF],2581.0,15542831934.0,385434.0
19249,2047-12-01,GW_storage_NV_S_GW[AF],2594.0,15653870877.0,388028.0
19250,2048-01-01,GW_storage_NV_S_GW[AF],2626.0,15763169397.0,390654.0
19251,2048-02-01,GW_storage_NV_S_GW[AF],2655.0,15872138297.0,393309.0
19252,2048-03-01,GW_storage_NV_S_GW[AF],2645.0,15987897138.0,395954.0
19253,2048-04-01,GW_storage_NV_S_GW[AF],3446.0,16106751114.0,399400.0
19254,2048-05-01,GW_storage_NV_S_GW[AF],4246.0,16226738594.0,403646.0
19255,2048-06-01,GW_storage_NV_S_GW[AF],4287.0,16346930466.0,407933.0
19256,2048-07-01,GW_storage_NV_S_GW[AF],4246.0,16466203172.0,412179.0
19257,2048-08-01,GW_storage_NV_S_GW[AF],4197.0,16583670765.0,416376.0
19258,2048-09-01,GW_storage_NV_S_GW[AF],4151.0,16699553017.0,420527.0
19259,2048-10-01,GW_storage_NV_S_GW[AF],4103.0,16813788962.0,424630.0
19260,2048-11-01,GW_storage_NV_S_GW[AF],4056.0,16926416472.0,428686.0
19261,2048-12-01,GW_storage_NV_S_GW[AF],4009.0,17038918116.0,432695.0
19262,2049-01-01,GW_storage_NV_S_GW[AF],3962.0,17150214903.0,436657.0
19263,2049-02-01,GW_storage_NV_S_GW[AF],3920.0,17259849423.0,440577.0
19264,2049-03-01,GW_storage_NV_S_GW[AF],3875.0,17374140295.0,444452.0
19265,2049-04-01,GW_storage_NV_S_GW[AF],3832.0,17496980626.0,448284.0
19266,2049-05-01,GW_storage_NV_S_GW[AF],3787.0,17623520262.0,452071.0
19267,2049-06-01,GW_storage_NV_S_GW[AF],3744.0,17749882278.0,455815.0
19268,2049-07-01,GW_storage_NV_S_GW[AF],3702.0,17875311834.0,459517.0
19269,2049-08-01,GW_storage_NV_S_GW[AF],3658.0,17998950915.0,463175.0
19270,2049-09-01,GW_storage_NV_S_GW[AF],3617.0,18120987592.0,466792.0
19271,2049-10-01,GW_storage_NV_S_GW[AF],3576.0,18241422265.0,470368.0
19272,2049-11-01,GW_storage_NV_S_GW[AF],3535.0,18360102830.0,473903.0
19273,2049-12-01,GW_storage_NV_S_GW[AF],3494.0,18476910369.0,477397.0
19274,2050-01-01,GW_storage_NV_S_GW[AF],3453.0,18591916831.0,480850.0
19275,2050-02-01,GW_storage_NV_S_GW[AF],42193.0,18705272956.0,523043.0
19276,2050-03-01,GW_storage_NV_S_GW[AF],41702.0,18821028859.0,564745.0
19277,2050-04-01,GW_storage_NV_S_GW[AF],41233.0,18940506995.0,605978.0
19278,2050-05-01,GW_storage_NV_S_GW[AF],40754.0,19059600483.0,646732.0
19279,2050-06-01,GW_storage_NV_S_GW[AF],40296.0,19178428021.0,687028.0
19280,2050-07-01,GW_storage_NV_S_GW[AF],39827.0,19296435077.0,726855.0
19281,2050-08-01,GW_storage_NV_S_GW[AF],39364.0,19412834260.0,766219.0
19282,2050-09-01,GW_storage_NV_S_GW[AF],38921.0,19527808893.0,805140.0
19283,2050-10-01,GW_storage_NV_S_GW[AF],38469.0,19641173895.0,843609.0
19284,2050-11-01,GW_storage_NV_S_GW[AF],38036.0,19752769080.0,881645.0
19285,2050-12-01,GW_storage_NV_S_GW[AF],37594.0,19862611454.0,919239.0
19286,2051-01-01,GW_storage_NV_S_GW[AF],37156.0,19970764786.0,956395.0
19287,2051-02-01,GW_storage_NV_S_GW[AF],36767.0,20077395432.0,993162.0
19288,2051-03-01,GW_storage_NV_S_GW[AF],36340.0,20182370827.0,1029502.0
19289,2051-04-01,GW_storage_NV_S_GW[AF],35930.0,20291580463.0,1065432.0
19290,2051-05-01,GW_storage_NV_S_GW[AF],35512.0,20400038326.0,1100944.0
19291,2051-06-01,GW_storage_NV_S_GW[AF],35113.0,20508257786.0,1136057.0
19292,2051-07-01,GW_storage_NV_S_GW[AF],34705.0,20615875318.0,1170762.0
19293,2051-08-01,GW_storage_NV_S_GW[AF],34302.0,20722198437.0,1205064.0
19294,2051-09-01,GW_storage_NV_S_GW[AF],33916.0,20827038775.0,1238980.0
19295,2051-10-01,GW_storage_NV_S_GW[AF],33522.0,20930437548.0,1272502.0
19296,2051-11-01,GW_storage_NV_S_GW[AF],33144.0,21032468769.0,1305646.0
19297,2051-12-01,GW_storage_NV_S_GW[AF],32759.0,21133705710.0,1338405.0
19298,2052-01-01,GW_storage_NV_S_GW[AF],32378.0,21233433839.0,1370783.0
19299,2052-02-01,GW_storage_NV_S_GW[AF],32026.0,21331717041.0,1402809.0
19300,2052-03-01,GW_storage_NV_S_GW[AF],31653.0,21429607427.0,1434462.0
19301,2052-04-01,GW_storage_NV_S_GW[AF],31298.0,21527851494.0,1465760.0
19302,2052-05-01,GW_storage_NV_S_GW[AF],30933.0,21624977785.0,1496693.0
19303,2052-06-01,GW_storage_NV_S_GW[AF],30585.0,21720857498.0,1527278.0
19304,2052-07-01,GW_storage_NV_S_GW[AF],30230.0,21815421513.0,1557508.0
19305,2052-08-01,GW_storage_NV_S_GW[AF],29879.0,21908765850.0,1587387.0
19306,2052-09-01,GW_storage_NV_S_GW[AF],29543.0,22001026854.0,1616930.0
19307,2052-10-01,GW_storage_NV_S_GW[AF],29199.0,22092179195.0,1646129.0
19308,2052-11-01,GW_storage_NV_S_GW[AF],28871.0,22182158688.0,1675000.0
19309,2052-12-01,GW_storage_NV_S_GW[AF],28536.0,22270990851.0,1703536.0
19310,2053-01-01,GW_storage_NV_S_GW[AF],28203.0,22358572318.0,1731739.0
19311,2053-02-01,GW_storage_NV_S_GW[AF],27907.0,22445234888.0,1759646.0
19312,2053-03-01,GW_storage_NV_S_GW[AF],27583.0,22531338210.0,1787229.0
19313,2053-04-01,GW_storage_NV_S_GW[AF],27272.0,22618197854.0,1814501.0
19314,2053-05-01,GW_storage_NV_S_GW[AF],26956.0,22705000235.0,1841457.0
19315,2053-06-01,GW_storage_NV_S_GW[AF],26653.0,22792005107.0,1868110.0
19316,2053-07-01,GW_storage_NV_S_GW[AF],26343.0,22878611714.0,1894453.0
19317,2053-08-01,GW_storage_NV_S_GW[AF],26036.0,22964123789.0,1920489.0
19318,2053-09-01,GW_storage_NV_S_GW[AF],25743.0,23048536524.0,1946232.0
19319,2053-10-01,GW_storage_NV_S_GW[AF],25444.0,23131866519.0,1971676.0
19320,2053-11-01,GW_storage_NV_S_GW[AF],25079.0,23214276747.0,1996755.0
19321,2053-12-01,GW_storage_NV_S_GW[AF],24787.0,23295578937.0,2021542.0
19322,2054-01-01,GW_storage_NV_S_GW[AF],24500.0,23375761806.0,2046042.0
19323,2054-02-01,GW_storage_NV_S_GW[AF],24204.0,23454991045.0,2070246.0
19324,2054-03-01,GW_storage_NV_S_GW[AF],24021.0,23533194281.0,2094267.0
19325,2054-04-01,GW_storage_NV_S_GW[AF],23751.0,23610840643.0,2118018.0
19326,2054-05-01,GW_storage_NV_S_GW[AF],23474.0,23687968757.0,2141492.0
19327,2054-06-01,GW_storage_NV_S_GW[AF],23210.0,23764134532.0,2164702.0
19328,2054-07-01,GW_storage_NV_S_GW[AF],22940.0,23839346953.0,2187642.0
19329,2054-08-01,GW_storage_NV_S_GW[AF],22674.0,23913680649.0,2210316.0
19330,2054-09-01,GW_storage_NV_S_GW[AF],22419.0,23987275722.0,2232735.0
19331,2054-10-01,GW_storage_NV_S_GW[AF],22158.0,24060063673.0,2254893.0
19332,2054-11-01,GW_storage_NV_S_GW[AF],21957.0,24132040073.0,2276850.0
19333,2054-12-01,GW_storage_NV_S_GW[AF],21702.0,24203075252.0,2298552.0
19334,2055-01-01,GW_storage_NV_S_GW[AF],21469.0,24273232069.0,2320021.0
19335,2055-02-01,GW_storage_NV_S_GW[AF],21281.0,24346983422.0,2341302.0
19336,2055-03-01,GW_storage_NV_S_GW[AF],21049.0,24429418525.0,2362351.0
19337,2055-04-01,GW_storage_NV_S_GW[AF],20795.0,24519974284.0,2383146.0
19338,2055-05-01,GW_storage_NV_S_GW[AF],20536.0,24612887460.0,2403682.0
19339,2055-06-01,GW_storage_NV_S_GW[AF],20265.0,24705731755.0,2423947.0
19340,2055-07-01,GW_storage_NV_S_GW[AF],20014.0,24797561549.0,2443961.0
19341,2055-08-01,GW_storage_NV_S_GW[AF],19760.0,24888417864.0,2463721.0
19342,2055-09-01,GW_storage_NV_S_GW[AF],19499.0,24978247446.0,2483220.0
19343,2055-10-01,GW_storage_NV_S_GW[AF],19258.0,25067037402.0,2502478.0
19344,2055-11-01,GW_storage_NV_S_GW[AF],19044.0,25154620871.0,2521522.0
19345,2055-12-01,GW_storage_NV_S_GW[AF],18840.0,25240958786.0,2540362.0
19346,2056-01-01,GW_storage_NV_S_GW[AF],18627.0,25326085001.0,2558989.0
19347,2056-02-01,GW_storage_NV_S_GW[AF],18447.0,25410115783.0,2577436.0
19348,2056-03-01,GW_storage_NV_S_GW[AF],18261.0,25493046199.0,2595697.0
19349,2056-04-01,GW_storage_NV_S_GW[AF],18043.0,25579867650.0,2613740.0
19350,2056-05-01,GW_storage_NV_S_GW[AF],17783.0,25665994452.0,2631523.0
19351,2056-06-01,GW_storage_NV_S_GW[AF],17510.0,25751014051.0,2649033.0
19352,2056-07-01,GW_storage_NV_S_GW[AF],17246.0,25834999057.0,2666279.0
19353,2056-08-01,GW_storage_NV_S_GW[AF],17019.0,25918012980.0,2683298.0
19354,2056-09-01,GW_storage_NV_S_GW[AF],16827.0,26000006720.0,2700125.0
19355,2056-10-01,GW_storage_NV_S_GW[AF],16634.0,26080893812.0,2716759.0
19356,2056-11-01,GW_storage_NV_S_GW[AF],16447.0,26160908259.0,2733206.0
19357,2056-12-01,GW_storage_NV_S_GW[AF],16256.0,26240212456.0,2749462.0
19358,2057-01-01,GW_storage_NV_S_GW[AF],16067.0,26318587848.0,2765529.0
19359,2057-02-01,GW_storage_NV_S_GW[AF],15898.0,26395985372.0,2781427.0
19360,2057-03-01,GW_storage_NV_S_GW[AF],15713.0,26472734266.0,2797140.0
19361,2057-04-01,GW_storage_NV_S_GW[AF],15537.0,26556295278.0,2812677.0
19362,2057-05-01,GW_storage_NV_S_GW[AF],15356.0,26638790503.0,2828033.0
19363,2057-06-01,GW_storage_NV_S_GW[AF],15183.0,26720263696.0,2843216.0
19364,2057-07-01,GW_storage_NV_S_GW[AF],15007.0,26800720453.0,2858223.0
19365,2057-08-01,GW_storage_NV_S_GW[AF],16244.0,26880212595.0,2874467.0
19366,2057-09-01,GW_storage_NV_S_GW[AF],17479.0,26958875022.0,2891946.0
19367,2057-10-01,GW_storage_NV_S_GW[AF],17430.0,27036568588.0,2909376.0
19368,2057-11-01,GW_storage_NV_S_GW[AF],17250.0,27113396201.0,2926626.0
19369,2057-12-01,GW_storage_NV_S_GW[AF],17051.0,27189264327.0,2943677.0
19370,2058-01-01,GW_storage_NV_S_GW[AF],16853.0,27264124633.0,2960530.0
19371,2058-02-01,GW_storage_NV_S_GW[AF],16677.0,27348265847.0,2977207.0
19372,2058-03-01,GW_storage_NV_S_GW[AF],16483.0,27440889382.0,2993690.0
19373,2058-04-01,GW_storage_NV_S_GW[AF],16297.0,27539133274.0,3009987.0
19374,2058-05-01,GW_storage_NV_S_GW[AF],16108.0,27639449314.0,3026095.0
19375,2058-06-01,GW_storage_NV_S_GW[AF],15927.0,27738779306.0,3042022.0
19376,2058-07-01,GW_storage_NV_S_GW[AF],15741.0,27837531793.0,3057763.0
19377,2058-08-01,GW_storage_NV_S_GW[AF],15558.0,27935280444.0,3073321.0
19378,2058-09-01,GW_storage_NV_S_GW[AF],15384.0,28031862865.0,3088705.0
19379,2058-10-01,GW_storage_NV_S_GW[AF],15205.0,28127260463.0,3103910.0
19380,2058-11-01,GW_storage_NV_S_GW[AF],15034.0,28221366217.0,3118944.0
19381,2058-12-01,GW_storage_NV_S_GW[AF],14859.0,28314157055.0,3133803.0
19382,2059-01-01,GW_storage_NV_S_GW[AF],14686.0,28405540773.0,3148489.0
19383,2059-02-01,GW_storage_NV_S_GW[AF],14532.0,28502067677.0,3163021.0
19384,2059-03-01,GW_storage_NV_S_GW[AF],14363.0,28605457246.0,3177384.0
19385,2059-04-01,GW_storage_NV_S_GW[AF],14202.0,28717814838.0,3191586.0
19386,2059-05-01,GW_storage_NV_S_GW[AF],14036.0,28830913147.0,3205622.0
19387,2059-06-01,GW_storage_NV_S_GW[AF],13879.0,28943770190.0,3219501.0
19388,2059-07-01,GW_storage_NV_S_GW[AF],13717.0,29055182582.0,3233218.0
19389,2059-08-01,GW_storage_NV_S_GW[AF],13558.0,29165160032.0,3246776.0
19390,2059-09-01,GW_storage_NV_S_GW[AF],13405.0,29273920291.0,3260181.0
19391,2059-10-01,GW_storage_NV_S_GW[AF],13250.0,29381402010.0,3273431.0
19392,2059-11-01,GW_storage_NV_S_GW[AF],13101.0,29487451547.0,3286532.0
19393,2059-12-01,GW_storage_NV_S_GW[AF],12948.0,29592083281.0,3299480.0
19394,2060-01-01,GW_storage_NV_S_GW[AF],12798.0,29695071869.0,3312278.0
19395,2060-02-01,GW_storage_NV_S_GW[AF],12659.0,29797999369.0,3324937.0
19396,2060-03-01,GW_storage_NV_S_GW[AF],12511.0,29907235449.0,3337448.0
19397,2060-04-01,GW_storage_NV_S_GW[AF],12371.0,30022282651.0,3349819.0
19398,2060-05-01,GW_storage_NV_S_GW[AF],12227.0,30138204137.0,3362046.0
19399,2060-06-01,GW_storage_NV_S_GW[AF],12089.0,30253989194.0,3374135.0
19400,2060-07-01,GW_storage_NV_S_GW[AF],11949.0,30369445165.0,3386084.0
19401,2060-08-01,GW_storage_NV_S_GW[AF],11810.0,30483354195.0,3397894.0
19402,2060-09-01,GW_storage_NV_S_GW[AF],11677.0,30595912136.0,3409571.0
19403,2060-10-01,GW_storage_NV_S_GW[AF],11541.0,30707058453.0,3421112.0
19404,2060-11-01,GW_storage_NV_S_GW[AF],11345.0,30816686913.0,3432457.0
19405,2060-12-01,GW_storage_NV_S_GW[AF],11213.0,30924630927.0,3443670.0
19406,2061-01-01,GW_storage_NV_S_GW[AF],11083.0,31038058188.0,3454753.0
19407,2061-02-01,GW_storage_NV_S_GW[AF],10966.0,31163247262.0,3465719.0
19408,2061-03-01,GW_storage_NV_S_GW[AF],10839.0,31301926464.0,3476558.0
19409,2061-04-01,GW_storage_NV_S_GW[AF],10717.0,31460043743.0,3487275.0
19410,2061-05-01,GW_storage_NV_S_GW[AF],10593.0,31621719240.0,3497868.0
19411,2061-06-01,GW_storage_NV_S_GW[AF],10474.0,31781944019.0,3508342.0
19412,2061-07-01,GW_storage_NV_S_GW[AF],10352.0,31940594248.0,3518694.0
19413,2061-08-01,GW_storage_NV_S_GW[AF],10231.0,32097666692.0,3528925.0
19414,2061-09-01,GW_storage_NV_S_GW[AF],10116.0,32253244922.0,3539041.0
19415,2061-10-01,GW_storage_NV_S_GW[AF],9999.0,32407132898.0,3549040.0
19416,2061-11-01,GW_storage_NV_S_GW[AF],9886.0,32559108380.0,3558926.0
19417,2061-12-01,GW_storage_NV_S_GW[AF],9772.0,32709321481.0,3568698.0
19418,2062-01-01,GW_storage_NV_S_GW[AF],9658.0,32858735378.0,3578356.0
19419,2062-02-01,GW_storage_NV_S_GW[AF],9556.0,33022044851.0,3587912.0
19420,2062-03-01,GW_storage_NV_S_GW[AF],9446.0,33198837130.0,3597358.0
19421,2062-04-01,GW_storage_NV_S_GW[AF],9339.0,33390837210.0,3606697.0
19422,2062-05-01,GW_storage_NV_S_GW[AF],9231.0,33584259641.0,3615928.0
19423,2062-06-01,GW_storage_NV_S_GW[AF],9127.0,33776858517.0,3625055.0
19424,2062-07-01,GW_storage_NV_S_GW[AF],8859.0,33967635736.0,3633914.0
19425,2062-08-01,GW_storage_NV_S_GW[AF],8756.0,34156855847.0,3642670.0
19426,2062-09-01,GW_storage_NV_S_GW[AF],8657.0,34344548104.0,3651327.0
19427,2062-10-01,GW_storage_NV_S_GW[AF],8556.0,34530332137.0,3659883.0
19428,2062-11-01,GW_storage_NV_S_GW[AF],8460.0,34714073091.0,3668343.0
19429,2062-12-01,GW_storage_NV_S_GW[AF],8363.0,34895778448.0,3676706.0
19430,2063-01-01,GW_storage_NV_S_GW[AF],8265.0,35079072230.0,3684971.0
19431,2063-02-01,GW_storage_NV_S_GW[AF],8179.0,35269350335.0,3693150.0
19432,2063-03-01,GW_storage_NV_S_GW[AF],8083.0,35470064786.0,3701233.0
19433,2063-04-01,GW_storage_NV_S_GW[AF],7993.0,35683040547.0,3709226.0
19434,2063-05-01,GW_storage_NV_S_GW[AF],7899.0,35907121073.0,3717125.0
19435,2063-06-01,GW_storage_NV_S_GW[AF],7810.0,36134854310.0,3724935.0
19436,2063-07-01,GW_storage_NV_S_GW[AF],7720.0,36361472567.0,3732655.0
19437,2063-08-01,GW_storage_NV_S_GW[AF],7630.0,36586142514.0,3740285.0
19438,2063-09-01,GW_storage_NV_S_GW[AF],7544.0,36808934029.0,3747829.0
19439,2063-10-01,GW_storage_NV_S_GW[AF],7457.0,37029507927.0,3755286.0
19440,2063-11-01,GW_storage_NV_S_GW[AF],7373.0,37248012309.0,3762659.0
19441,2063-12-01,GW_storage_NV_S_GW[AF],-49234.0,37465671472.0,3713425.0
19442,2064-01-01,GW_storage_NV_S_GW[AF],-105354.0,37694815963.0,3608071.0
19443,2064-02-01,GW_storage_NV_S_GW[AF],-161844.0,37945097639.0,3446227.0
19444,2064-03-01,GW_storage_NV_S_GW[AF],-219910.0,38213638934.0,3226317.0
19445,2064-04-01,GW_storage_NV_S_GW[AF],-278768.0,38493367090.0,2947549.0
19446,2064-05-01,GW_storage_NV_S_GW[AF],-339088.0,38776738105.0,2608461.0
19447,2064-06-01,GW_storage_NV_S_GW[AF],-335407.0,39060661713.0,2273054.0
19448,2064-07-01,GW_storage_NV_S_GW[AF],-331509.0,39341932866.0,1941545.0
19449,2064-08-01,GW_storage_NV_S_GW[AF],-327655.0,39620711220.0,1613890.0
19450,2064-09-01,GW_storage_NV_S_GW[AF],-323968.0,39897002798.0,1289922.0
19451,2064-10-01,GW_storage_NV_S_GW[AF],-320202.0,40170736712.0,969720.0
19452,2064-11-01,GW_storage_NV_S_GW[AF],-316600.0,40442044957.0,653120.0
19453,2064-12-01,GW_storage_NV_S_GW[AF],-370581.0,40711834451.0,282539.0
19454,2065-01-01,GW_storage_NV_S_GW[AF],-424425.0,40982757097.0,-141886.0
19455,2065-02-01,GW_storage_NV_S_GW[AF],-479176.0,41255716076.0,-621062.0
19456,2065-03-01,GW_storage_NV_S_GW[AF],-534555.0,41533378347.0,-1155617.0
19457,2065-04-01,GW_storage_NV_S_GW[AF],-528541.0,41819419395.0,-1684158.0
19458,2065-05-01,GW_storage_NV_S_GW[AF],-522255.0,42107659636.0,-2206413.0
19459,2065-06-01,GW_storage_NV_S_GW[AF],-516380.0,42393392346.0,-2722793.0
19460,2065-07-01,GW_storage_NV_S_GW[AF],-510376.0,42678359041.0,-3233169.0
19461,2065-08-01,GW_storage_NV_S_GW[AF],-504443.0,42960938762.0,-3737612.0
19462,2065-09-01,GW_storage_NV_S_GW[AF],-498768.0,43241061639.0,-4236380.0
19463,2065-10-01,GW_storage_NV_S_GW[AF],-492971.0,43518553408.0,-4729351.0
19464,2065-11-01,GW_storage_NV_S_GW[AF],-487424.0,43793351378.0,-5216775.0
19465,2065-12-01,GW_storage_NV_S_GW[AF],-481758.0,44065325818.0,-5698533.0
19466,2066-01-01,GW_storage_NV_S_GW[AF],-476158.0,44334625115.0,-6174691.0
19467,2066-02-01,GW_storage_NV_S_GW[AF],-471158.0,44601575728.0,-6645849.0
19468,2066-03-01,GW_storage_NV_S_GW[AF],-465680.0,44865977654.0,-7111529.0
19469,2066-04-01,GW_storage_NV_S_GW[AF],-460442.0,45130939542.0,-7571971.0
19470,2066-05-01,GW_storage_NV_S_GW[AF],-455089.0,45393925169.0,-8027060.0
19471,2066-06-01,GW_storage_NV_S_GW[AF],-449969.0,45654573916.0,-8477029.0
19472,2066-07-01,GW_storage_NV_S_GW[AF],-444738.0,45912927675.0,-8921767.0
19473,2066-08-01,GW_storage_NV_S_GW[AF],-439568.0,46169111465.0,-9361335.0
19474,2066-09-01,GW_storage_NV_S_GW[AF],-434623.0,46423600426.0,-9795958.0
19475,2066-10-01,GW_storage_NV_S_GW[AF],-429571.0,46676263355.0,-10225529.0
19476,2066-11-01,GW_storage_NV_S_GW[AF],-424738.0,46927228863.0,-10650267.0
19477,2066-12-01,GW_storage_NV_S_GW[AF],-419800.0,47176198480.0,-11070067.0
19478,2067-01-01,GW_storage_NV_S_GW[AF],-414920.0,47422896821.0,-11484987.0
19479,2067-02-01,GW_storage_NV_S_GW[AF],-410563.0,47667661431.0,-11895550.0
19480,2067-03-01,GW_storage_NV_S_GW[AF],-405790.0,47910308464.0,-12301340.0
19481,2067-04-01,GW_storage_NV_S_GW[AF],-401225.0,48151085524.0,-12702565.0
19482,2067-05-01,GW_storage_NV_S_GW[AF],-396561.0,48389950965.0,-13099126.0
19483,2067-06-01,GW_storage_NV_S_GW[AF],-392100.0,48627002221.0,-13491226.0
19484,2067-07-01,GW_storage_NV_S_GW[AF],-387542.0,48862124917.0,-13878768.0
19485,2067-08-01,GW_storage_NV_S_GW[AF],-383037.0,49095321876.0,-14261805.0
19486,2067-09-01,GW_storage_NV_S_GW[AF],-378727.0,49326841519.0,-14640532.0
19487,2067-10-01,GW_storage_NV_S_GW[AF],-374324.0,49556552267.0,-15014856.0
19488,2067-11-01,GW_storage_NV_S_GW[AF],-370114.0,49784868208.0,-15384970.0
19489,2067-12-01,GW_storage_NV_S_GW[AF],-365811.0,50011545293.0,-15750781.0
19490,2068-01-01,GW_storage_NV_S_GW[AF],-361559.0,50238331069.0,-16112340.0
19491,2068-02-01,GW_storage_NV_S_GW[AF],-357626.0,50478937732.0,-16469966.0
19492,2068-03-01,GW_storage_NV_S_GW[AF],-353469.0,50739381265.0,-16823435.0
19493,2068-04-01,GW_storage_NV_S_GW[AF],-349492.0,51011294375.0,-17172927.0
19494,2068-05-01,GW_storage_NV_S_GW[AF],-345429.0,51290774772.0,-17518356.0
19495,2068-06-01,GW_storage_NV_S_GW[AF],-341544.0,51571539123.0,-17859900.0
19496,2068-07-01,GW_storage_NV_S_GW[AF],-337573.0,51851333229.0,-18197473.0
19497,2068-08-01,GW_storage_NV_S_GW[AF],-333648.0,52129191774.0,-18531121.0
19498,2068-09-01,GW_storage_NV_S_GW[AF],-330020.0,52405096290.0,-18861141.0
19499,2068-10-01,GW_storage_NV_S_GW[AF],-326183.0,52678907664.0,-19187324.0
19500,2068-11-01,GW_storage_NV_S_GW[AF],-322514.0,52950483517.0,-19509838.0
19501,2068-12-01,GW_storage_NV_S_GW[AF],-318708.0,53219819895.0,-19828546.0
19502,2069-01-01,GW_storage_NV_S_GW[AF],-315003.0,53487155316.0,-20143549.0
19503,2069-02-01,GW_storage_NV_S_GW[AF],-311695.0,53760870931.0,-20455244.0
19504,2069-03-01,GW_storage_NV_S_GW[AF],-308072.0,54039428849.0,-20763316.0
19505,2069-04-01,GW_storage_NV_S_GW[AF],-304607.0,54324092180.0,-21067923.0
19506,2069-05-01,GW_storage_NV_S_GW[AF],-301065.0,54609436481.0,-21368988.0
19507,2069-06-01,GW_storage_NV_S_GW[AF],-297678.0,54894337917.0,-21666666.0
19508,2069-07-01,GW_storage_NV_S_GW[AF],-294217.0,55177218144.0,-21960883.0
19509,2069-08-01,GW_storage_NV_S_GW[AF],-290798.0,55458179949.0,-22251681.0
19510,2069-09-01,GW_storage_NV_S_GW[AF],-287526.0,55737226700.0,-22539207.0
19511,2069-10-01,GW_storage_NV_S_GW[AF],-284184.0,56014313112.0,-22823391.0
19512,2069-11-01,GW_storage_NV_S_GW[AF],-280987.0,56289244905.0,-23104378.0
19513,2069-12-01,GW_storage_NV_S_GW[AF],-277720.0,56561948550.0,-23382098.0
19514,2070-01-01,GW_storage_NV_S_GW[AF],-274491.0,56832455571.0,-23656589.0
19515,2070-02-01,GW_storage_NV_S_GW[AF],-271609.0,57101031869.0,-23928198.0
19516,2070-03-01,GW_storage_NV_S_GW[AF],-268451.0,57367456127.0,-24196649.0
19517,2070-04-01,GW_storage_NV_S_GW[AF],-265431.0,57631884127.0,-24462080.0
19518,2070-05-01,GW_storage_NV_S_GW[AF],-262346.0,57894580730.0,-24724426.0
19519,2070-06-01,GW_storage_NV_S_GW[AF],-259395.0,58156625113.0,-24983821.0
19520,2070-07-01,GW_storage_NV_S_GW[AF],-256379.0,58417720429.0,-25240200.0
19521,2070-08-01,GW_storage_NV_S_GW[AF],-253398.0,58677125935.0,-25493598.0
19522,2070-09-01,GW_storage_NV_S_GW[AF],-250548.0,58935122487.0,-25744146.0
19523,2070-10-01,GW_storage_NV_S_GW[AF],-247635.0,59191573450.0,-25991781.0
19524,2070-11-01,GW_storage_NV_S_GW[AF],-244849.0,59446278042.0,-26236630.0
19525,2070-12-01,GW_storage_NV_S_GW[AF],-242003.0,59699129256.0,-26478633.0
19526,2025-08-01,GW_storage_OR_E_GW1[AF],-32943.0,60752330.0,-32943.0
19527,2025-09-01,GW_storage_OR_E_GW1[AF],-23818.0,63291561.0,-56761.0
19528,2025-10-01,GW_storage_OR_E_GW1[AF],-22290.0,66117192.0,-79051.0
19529,2025-11-01,GW_storage_OR_E_GW1[AF],-21754.0,69169207.0,-100805.0
19530,2025-12-01,GW_storage_OR_E_GW1[AF],-21267.0,72377661.0,-122072.0
19531,2026-01-01,GW_storage_OR_E_GW1[AF],-20819.0,75644729.0,-142891.0
19532,2026-02-01,GW_storage_OR_E_GW1[AF],-7001.0,83025589.0,-149892.0
19533,2026-03-01,GW_storage_OR_E_GW1[AF],610463.0,93674924.0,460571.0
19534,2026-04-01,GW_storage_OR_E_GW1[AF],1446137.0,112497734.0,1906708.0
19535,2026-05-01,GW_storage_OR_E_GW1[AF],1890453.0,136460613.0,3797161.0
19536,2026-06-01,GW_storage_OR_E_GW1[AF],1950107.0,160180041.0,5747268.0
19537,2026-07-01,GW_storage_OR_E_GW1[AF],1925926.0,184580314.0,7673194.0
19538,2026-08-01,GW_storage_OR_E_GW1[AF],1902045.0,208538131.0,9575239.0
19539,2026-09-01,GW_storage_OR_E_GW1[AF],1879221.0,232132273.0,11454460.0
19540,2026-10-01,GW_storage_OR_E_GW1[AF],1855918.0,255250646.0,13310378.0
19541,2026-11-01,GW_storage_OR_E_GW1[AF],1833647.0,277908394.0,15144025.0
19542,2026-12-01,GW_storage_OR_E_GW1[AF],1810909.0,300103214.0,16954934.0
19543,2027-01-01,GW_storage_OR_E_GW1[AF],1788454.0,321847786.0,18743388.0
19544,2027-02-01,GW_storage_OR_E_GW1[AF],1768424.0,343199646.0,20511812.0
19545,2027-03-01,GW_storage_OR_E_GW1[AF],1746495.0,369620421.0,22258307.0
19546,2027-04-01,GW_storage_OR_E_GW1[AF],2341262.0,409179141.0,24599569.0
19547,2027-05-01,GW_storage_OR_E_GW1[AF],2756391.0,455970259.0,27355960.0
19548,2027-06-01,GW_storage_OR_E_GW1[AF],2820763.0,506103237.0,30176723.0
19549,2027-07-01,GW_storage_OR_E_GW1[AF],2868903.0,558027240.0,33045626.0
19550,2027-08-01,GW_storage_OR_E_GW1[AF],2910571.0,610747556.0,35956197.0
19551,2027-09-01,GW_storage_OR_E_GW1[AF],2875645.0,662576568.0,38831842.0
19552,2027-10-01,GW_storage_OR_E_GW1[AF],2839987.0,713531026.0,41671829.0
19553,2027-11-01,GW_storage_OR_E_GW1[AF],2805907.0,763602436.0,44477736.0
19554,2027-12-01,GW_storage_OR_E_GW1[AF],2771115.0,812846873.0,47248851.0
19555,2028-01-01,GW_storage_OR_E_GW1[AF],2736752.0,861121911.0,49985603.0
19556,2028-02-01,GW_storage_OR_E_GW1[AF],2789386.0,908650771.0,52774989.0
19557,2028-03-01,GW_storage_OR_E_GW1[AF],2854327.0,959000163.0,55629316.0
19558,2028-04-01,GW_storage_OR_E_GW1[AF],3307444.0,1012039411.0,58936760.0
19559,2028-05-01,GW_storage_OR_E_GW1[AF],3370154.0,1068060916.0,62306914.0
19560,2028-06-01,GW_storage_OR_E_GW1[AF],3419914.0,1125203670.0,65726828.0
19561,2028-07-01,GW_storage_OR_E_GW1[AF],3462340.0,1183903968.0,69189168.0
19562,2028-08-01,GW_storage_OR_E_GW1[AF],3499337.0,1241633200.0,72688505.0
19563,2028-09-01,GW_storage_OR_E_GW1[AF],3531310.0,1298536546.0,76219815.0
19564,2028-10-01,GW_storage_OR_E_GW1[AF],3487522.0,1354465802.0,79707337.0
19565,2028-11-01,GW_storage_OR_E_GW1[AF],3445671.0,1409406877.0,83153008.0
19566,2028-12-01,GW_storage_OR_E_GW1[AF],3402945.0,1463330743.0,86555953.0
19567,2029-01-01,GW_storage_OR_E_GW1[AF],3360749.0,1516331973.0,89916702.0
19568,2029-02-01,GW_storage_OR_E_GW1[AF],3323108.0,1568436361.0,93239810.0
19569,2029-03-01,GW_storage_OR_E_GW1[AF],3281902.0,1622957905.0,96521712.0
19570,2029-04-01,GW_storage_OR_E_GW1[AF],3317631.0,1679352962.0,99839343.0
19571,2029-05-01,GW_storage_OR_E_GW1[AF],3276492.0,1742904338.0,103115835.0
19572,2029-06-01,GW_storage_OR_E_GW1[AF],3237175.0,1807169538.0,106353010.0
19573,2029-07-01,GW_storage_OR_E_GW1[AF],3197033.0,1872474684.0,109550043.0
19574,2029-08-01,GW_storage_OR_E_GW1[AF],3157391.0,1936569687.0,112707434.0
19575,2029-09-01,GW_storage_OR_E_GW1[AF],3119501.0,1999536921.0,115826935.0
19576,2029-10-01,GW_storage_OR_E_GW1[AF],3080819.0,2061251234.0,118907754.0
19577,2029-11-01,GW_storage_OR_E_GW1[AF],3043850.0,2121792309.0,121951604.0
19578,2029-12-01,GW_storage_OR_E_GW1[AF],3006106.0,2181276298.0,124957710.0
19579,2030-01-01,GW_storage_OR_E_GW1[AF],2968830.0,2239598911.0,127926540.0
19580,2030-02-01,GW_storage_OR_E_GW1[AF],2935579.0,2296908282.0,130862119.0
19581,2030-03-01,GW_storage_OR_E_GW1[AF],2899178.0,2353273149.0,133761297.0
19582,2030-04-01,GW_storage_OR_E_GW1[AF],2940638.0,2408813513.0,136701935.0
19583,2030-05-01,GW_storage_OR_E_GW1[AF],2904174.0,2463288321.0,139606109.0
19584,2030-06-01,GW_storage_OR_E_GW1[AF],2869323.0,2519189259.0,142475432.0
19585,2030-07-01,GW_storage_OR_E_GW1[AF],2833744.0,2574987711.0,145309176.0
19586,2030-08-01,GW_storage_OR_E_GW1[AF],2798605.0,2629845780.0,148107781.0
19587,2030-09-01,GW_storage_OR_E_GW1[AF],2765022.0,2683731630.0,150872803.0
19588,2030-10-01,GW_storage_OR_E_GW1[AF],2730737.0,2736573135.0,153603540.0
19589,2030-11-01,GW_storage_OR_E_GW1[AF],2697968.0,2788437015.0,156301508.0
19590,2030-12-01,GW_storage_OR_E_GW1[AF],2664513.0,2839371858.0,158966021.0
19591,2031-01-01,GW_storage_OR_E_GW1[AF],2631472.0,2889285425.0,161597493.0
19592,2031-02-01,GW_storage_OR_E_GW1[AF],2602000.0,2938331300.0,164199493.0
19593,2031-03-01,GW_storage_OR_E_GW1[AF],2569735.0,2986403207.0,166769228.0
19594,2031-04-01,GW_storage_OR_E_GW1[AF],2623875.0,3034117058.0,169393103.0
19595,2031-05-01,GW_storage_OR_E_GW1[AF],2676727.0,3081639947.0,172069830.0
19596,2031-06-01,GW_storage_OR_E_GW1[AF],2726534.0,3128466639.0,174796364.0
19597,2031-07-01,GW_storage_OR_E_GW1[AF],2771851.0,3175256040.0,177568215.0
19598,2031-08-01,GW_storage_OR_E_GW1[AF],2737479.0,3221201089.0,180305694.0
19599,2031-09-01,GW_storage_OR_E_GW1[AF],2780381.0,3266538806.0,183086075.0
19600,2031-10-01,GW_storage_OR_E_GW1[AF],2745904.0,3311005126.0,185831979.0
19601,2031-11-01,GW_storage_OR_E_GW1[AF],2800680.0,3354843436.0,188632659.0
19602,2031-12-01,GW_storage_OR_E_GW1[AF],2868287.0,3397917039.0,191500946.0
19603,2032-01-01,GW_storage_OR_E_GW1[AF],3404257.0,3440765830.0,194905203.0
19604,2032-02-01,GW_storage_OR_E_GW1[AF],4123534.0,3500332884.0,199028737.0
19605,2032-03-01,GW_storage_OR_E_GW1[AF],4800056.0,3570397039.0,203828793.0
19606,2032-04-01,GW_storage_OR_E_GW1[AF],5386035.0,3645988541.0,209214828.0
19607,2032-05-01,GW_storage_OR_E_GW1[AF],5784126.0,3723860841.0,214998954.0
19608,2032-06-01,GW_storage_OR_E_GW1[AF],5832383.0,3803847465.0,220831337.0
19609,2032-07-01,GW_storage_OR_E_GW1[AF],5873332.0,3884065220.0,226704669.0
19610,2032-08-01,GW_storage_OR_E_GW1[AF],5904800.0,3963910669.0,232609469.0
19611,2032-09-01,GW_storage_OR_E_GW1[AF],5928800.0,4042724779.0,238538269.0
19612,2032-10-01,GW_storage_OR_E_GW1[AF],5949321.0,4120308321.0,244487590.0
19613,2032-11-01,GW_storage_OR_E_GW1[AF],5971261.0,4196679403.0,250458851.0
19614,2032-12-01,GW_storage_OR_E_GW1[AF],5993239.0,4271822754.0,256452090.0
19615,2033-01-01,GW_storage_OR_E_GW1[AF],6024386.0,4345538492.0,262476476.0
19616,2033-02-01,GW_storage_OR_E_GW1[AF],6068118.0,4423218301.0,268544594.0
19617,2033-03-01,GW_storage_OR_E_GW1[AF],6547506.0,4505470297.0,275092100.0
19618,2033-04-01,GW_storage_OR_E_GW1[AF],6973706.0,4590681136.0,282065806.0
19619,2033-05-01,GW_storage_OR_E_GW1[AF],7004816.0,4675360581.0,289070622.0
19620,2033-06-01,GW_storage_OR_E_GW1[AF],7029760.0,4760708398.0,296100382.0
19621,2033-07-01,GW_storage_OR_E_GW1[AF],7050249.0,4846138178.0,303150631.0
19622,2033-08-01,GW_storage_OR_E_GW1[AF],7066983.0,4931118427.0,310217614.0
19623,2033-09-01,GW_storage_OR_E_GW1[AF],7079887.0,5014914731.0,317297501.0
19624,2033-10-01,GW_storage_OR_E_GW1[AF],7096447.0,5097508172.0,324393948.0
19625,2033-11-01,GW_storage_OR_E_GW1[AF],7113790.0,5178663669.0,331507738.0
19626,2033-12-01,GW_storage_OR_E_GW1[AF],7130572.0,5258443309.0,338638310.0
19627,2034-01-01,GW_storage_OR_E_GW1[AF],7149534.0,5339163828.0,345787844.0
19628,2034-02-01,GW_storage_OR_E_GW1[AF],7170394.0,5418722190.0,352958238.0
19629,2034-03-01,GW_storage_OR_E_GW1[AF],7192268.0,5500220744.0,360150506.0
19630,2034-04-01,GW_storage_OR_E_GW1[AF],7213642.0,5584032903.0,367364148.0
19631,2034-05-01,GW_storage_OR_E_GW1[AF],7238457.0,5676873319.0,374602605.0
19632,2034-06-01,GW_storage_OR_E_GW1[AF],7260635.0,5773341236.0,381863240.0
19633,2034-07-01,GW_storage_OR_E_GW1[AF],7277188.0,5871231225.0,389140428.0
19634,2034-08-01,GW_storage_OR_E_GW1[AF],7289922.0,5968392389.0,396430350.0
19635,2034-09-01,GW_storage_OR_E_GW1[AF],7299404.0,6064112138.0,403729754.0
19636,2034-10-01,GW_storage_OR_E_GW1[AF],7307223.0,6158273690.0,411036977.0
19637,2034-11-01,GW_storage_OR_E_GW1[AF],7315418.0,6251013792.0,418352395.0
19638,2034-12-01,GW_storage_OR_E_GW1[AF],7322979.0,6342469856.0,425675374.0
19639,2035-01-01,GW_storage_OR_E_GW1[AF],7330456.0,6432436397.0,433005830.0
19640,2035-02-01,GW_storage_OR_E_GW1[AF],7338077.0,6520973109.0,440343907.0
19641,2035-03-01,GW_storage_OR_E_GW1[AF],7347396.0,6608114132.0,447691303.0
19642,2035-04-01,GW_storage_OR_E_GW1[AF],7357389.0,6694040771.0,455048692.0
19643,2035-05-01,GW_storage_OR_E_GW1[AF],7369273.0,6778544504.0,462417965.0
19644,2035-06-01,GW_storage_OR_E_GW1[AF],7380038.0,6863239534.0,469798003.0
19645,2035-07-01,GW_storage_OR_E_GW1[AF],7388018.0,6947511289.0,477186021.0
19646,2035-08-01,GW_storage_OR_E_GW1[AF],7393820.0,7030376153.0,484579841.0
19647,2035-09-01,GW_storage_OR_E_GW1[AF],7396674.0,7112119087.0,491976515.0
19648,2035-10-01,GW_storage_OR_E_GW1[AF],7397632.0,7192574428.0,499374147.0
19649,2035-11-01,GW_storage_OR_E_GW1[AF],7400311.0,7271865334.0,506774458.0
19650,2035-12-01,GW_storage_OR_E_GW1[AF],7404113.0,7350179909.0,514178571.0
19651,2036-01-01,GW_storage_OR_E_GW1[AF],7411675.0,7427195979.0,521590246.0
19652,2036-02-01,GW_storage_OR_E_GW1[AF],7424213.0,7503024891.0,529014459.0
19653,2036-03-01,GW_storage_OR_E_GW1[AF],7439572.0,7577632108.0,536454031.0
19654,2036-04-01,GW_storage_OR_E_GW1[AF],7452398.0,7651185144.0,543906429.0
19655,2036-05-01,GW_storage_OR_E_GW1[AF],7465598.0,7724300240.0,551372027.0
19656,2036-06-01,GW_storage_OR_E_GW1[AF],7475534.0,7796353708.0,558847561.0
19657,2036-07-01,GW_storage_OR_E_GW1[AF],7481673.0,7867314948.0,566329234.0
19658,2036-08-01,GW_storage_OR_E_GW1[AF],7486086.0,7937241278.0,573815320.0
19659,2036-09-01,GW_storage_OR_E_GW1[AF],7488795.0,8006295323.0,581304115.0
19660,2036-10-01,GW_storage_OR_E_GW1[AF],7489792.0,8074305646.0,588793907.0
19661,2036-11-01,GW_storage_OR_E_GW1[AF],7493996.0,8141376577.0,596287903.0
19662,2036-12-01,GW_storage_OR_E_GW1[AF],7499195.0,8207644541.0,603787098.0
19663,2037-01-01,GW_storage_OR_E_GW1[AF],7507407.0,8273161410.0,611294505.0
19664,2037-02-01,GW_storage_OR_E_GW1[AF],7525597.0,8337733681.0,618820102.0
19665,2037-03-01,GW_storage_OR_E_GW1[AF],7547581.0,8401237350.0,626367683.0
19666,2037-04-01,GW_storage_OR_E_GW1[AF],7563759.0,8463716442.0,633931442.0
19667,2037-05-01,GW_storage_OR_E_GW1[AF],7581768.0,8525229166.0,641513210.0
19668,2037-06-01,GW_storage_OR_E_GW1[AF],7595679.0,8585780498.0,649108889.0
19669,2037-07-01,GW_storage_OR_E_GW1[AF],7605412.0,8645518277.0,656714301.0
19670,2037-08-01,GW_storage_OR_E_GW1[AF],7611820.0,8704580765.0,664326121.0
19671,2037-09-01,GW_storage_OR_E_GW1[AF],7614052.0,8763159684.0,671940173.0
19672,2037-10-01,GW_storage_OR_E_GW1[AF],7613343.0,8821181815.0,679553516.0
19673,2037-11-01,GW_storage_OR_E_GW1[AF],7613526.0,8878677095.0,687167042.0
19674,2037-12-01,GW_storage_OR_E_GW1[AF],7613396.0,8935618642.0,694780438.0
19675,2038-01-01,GW_storage_OR_E_GW1[AF],7616152.0,8991690289.0,702396590.0
19676,2038-02-01,GW_storage_OR_E_GW1[AF],7630589.0,9049081585.0,710027179.0
19677,2038-03-01,GW_storage_OR_E_GW1[AF],7654203.0,9108044798.0,717681382.0
19678,2038-04-01,GW_storage_OR_E_GW1[AF],8125649.0,9168794933.0,725807031.0
19679,2038-05-01,GW_storage_OR_E_GW1[AF],8497692.0,9229969082.0,734304723.0
19680,2038-06-01,GW_storage_OR_E_GW1[AF],8508501.0,9290494843.0,742813224.0
19681,2038-07-01,GW_storage_OR_E_GW1[AF],8511673.0,9350294408.0,751324897.0
19682,2038-08-01,GW_storage_OR_E_GW1[AF],8510660.0,9409318940.0,759835557.0
19683,2038-09-01,GW_storage_OR_E_GW1[AF],8506182.0,9467673979.0,768341739.0
19684,2038-10-01,GW_storage_OR_E_GW1[AF],8499511.0,9525253636.0,776841250.0
19685,2038-11-01,GW_storage_OR_E_GW1[AF],8498100.0,9582098472.0,785339350.0
19686,2038-12-01,GW_storage_OR_E_GW1[AF],8502003.0,9638248766.0,793841353.0
19687,2039-01-01,GW_storage_OR_E_GW1[AF],8510248.0,9693650977.0,802351601.0
19688,2039-02-01,GW_storage_OR_E_GW1[AF],8522600.0,9750458830.0,810874201.0
19689,2039-03-01,GW_storage_OR_E_GW1[AF],8538762.0,9809156458.0,819412963.0
19690,2039-04-01,GW_storage_OR_E_GW1[AF],8555165.0,9868559467.0,827968128.0
19691,2039-05-01,GW_storage_OR_E_GW1[AF],8569826.0,9927385773.0,836537954.0
19692,2039-06-01,GW_storage_OR_E_GW1[AF],8574980.0,9986965256.0,845112934.0
19693,2039-07-01,GW_storage_OR_E_GW1[AF],8575494.0,10046475029.0,853688428.0
19694,2039-08-01,GW_storage_OR_E_GW1[AF],8572741.0,10105238592.0,862261169.0
19695,2039-09-01,GW_storage_OR_E_GW1[AF],8571020.0,10163363477.0,870832189.0
19696,2039-10-01,GW_storage_OR_E_GW1[AF],8567943.0,10220781260.0,879400132.0
19697,2039-11-01,GW_storage_OR_E_GW1[AF],8569602.0,10277373162.0,887969734.0
19698,2039-12-01,GW_storage_OR_E_GW1[AF],8572260.0,10333185165.0,896541994.0
19699,2040-01-01,GW_storage_OR_E_GW1[AF],8574737.0,10388289039.0,905116731.0
19700,2040-02-01,GW_storage_OR_E_GW1[AF],8579935.0,10442633493.0,913696666.0
19701,2040-03-01,GW_storage_OR_E_GW1[AF],8588132.0,10496196844.0,922284798.0
19702,2040-04-01,GW_storage_OR_E_GW1[AF],8595921.0,10549040409.0,930880719.0
19703,2040-05-01,GW_storage_OR_E_GW1[AF],8880632.0,10601395194.0,939761351.0
19704,2040-06-01,GW_storage_OR_E_GW1[AF],8884813.0,10653107949.0,948646164.0
19705,2040-07-01,GW_storage_OR_E_GW1[AF],8883554.0,10704171007.0,957529718.0
19706,2040-08-01,GW_storage_OR_E_GW1[AF],8879119.0,10754605305.0,966408837.0
19707,2040-09-01,GW_storage_OR_E_GW1[AF],8871910.0,10804445973.0,975280747.0
19708,2040-10-01,GW_storage_OR_E_GW1[AF],8862290.0,10853648570.0,984143037.0
19709,2040-11-01,GW_storage_OR_E_GW1[AF],8853707.0,10902484914.0,992996744.0
19710,2040-12-01,GW_storage_OR_E_GW1[AF],8846409.0,10950730644.0,1001843153.0
19711,2041-01-01,GW_storage_OR_E_GW1[AF],8843668.0,10998281298.0,1010686821.0
19712,2041-02-01,GW_storage_OR_E_GW1[AF],8851122.0,11047818234.0,1019537943.0
19713,2041-03-01,GW_storage_OR_E_GW1[AF],8863860.0,11099139984.0,1028401803.0
19714,2041-04-01,GW_storage_OR_E_GW1[AF],8870352.0,11151170281.0,1037272155.0
19715,2041-05-01,GW_storage_OR_E_GW1[AF],8876818.0,11202540882.0,1046148973.0
19716,2041-06-01,GW_storage_OR_E_GW1[AF],8880112.0,11253584926.0,1055029085.0
19717,2041-07-01,GW_storage_OR_E_GW1[AF],8878088.0,11304087287.0,1063907173.0
19718,2041-08-01,GW_storage_OR_E_GW1[AF],8878455.0,11354085428.0,1072785628.0
19719,2041-09-01,GW_storage_OR_E_GW1[AF],8877956.0,11403615397.0,1081663584.0
19720,2041-10-01,GW_storage_OR_E_GW1[AF],8879205.0,11452671944.0,1090542789.0
19721,2041-11-01,GW_storage_OR_E_GW1[AF],8879800.0,11501212889.0,1099422589.0
19722,2041-12-01,GW_storage_OR_E_GW1[AF],8878233.0,11549056939.0,1108300822.0
19723,2042-01-01,GW_storage_OR_E_GW1[AF],8877152.0,11596204581.0,1117177974.0
19724,2042-02-01,GW_storage_OR_E_GW1[AF],8881108.0,11642935334.0,1126059082.0
19725,2042-03-01,GW_storage_OR_E_GW1[AF],8892190.0,11689092595.0,1134951272.0
19726,2042-04-01,GW_storage_OR_E_GW1[AF],8902191.0,11735022869.0,1143853463.0
19727,2042-05-01,GW_storage_OR_E_GW1[AF],8922129.0,11780876718.0,1152775592.0
19728,2042-06-01,GW_storage_OR_E_GW1[AF],8935006.0,11826092725.0,1161710598.0
19729,2042-07-01,GW_storage_OR_E_GW1[AF],8939470.0,11871546727.0,1170650068.0
19730,2042-08-01,GW_storage_OR_E_GW1[AF],8938673.0,11916431990.0,1179588741.0
19731,2042-09-01,GW_storage_OR_E_GW1[AF],8933513.0,11960791410.0,1188522254.0
19732,2042-10-01,GW_storage_OR_E_GW1[AF],8925321.0,12004660184.0,1197447575.0
19733,2042-11-01,GW_storage_OR_E_GW1[AF],8919339.0,12048130811.0,1206366914.0
19734,2042-12-01,GW_storage_OR_E_GW1[AF],8915921.0,12091062837.0,1215282835.0
19735,2043-01-01,GW_storage_OR_E_GW1[AF],8914630.0,12133444088.0,1224197465.0
19736,2043-02-01,GW_storage_OR_E_GW1[AF],8914698.0,12175363925.0,1233112163.0
19737,2043-03-01,GW_storage_OR_E_GW1[AF],8914653.0,12216725340.0,1242026816.0
19738,2043-04-01,GW_storage_OR_E_GW1[AF],8912668.0,12257666079.0,1250939484.0
19739,2043-05-01,GW_storage_OR_E_GW1[AF],8910236.0,12298078753.0,1259849720.0
19740,2043-06-01,GW_storage_OR_E_GW1[AF],8906968.0,12338040338.0,1268756688.0
19741,2043-07-01,GW_storage_OR_E_GW1[AF],8901304.0,12377535688.0,1277657992.0
19742,2043-08-01,GW_storage_OR_E_GW1[AF],8893828.0,12416568319.0,1286551820.0
19743,2043-09-01,GW_storage_OR_E_GW1[AF],8883728.0,12455234071.0,1295435548.0
19744,2043-10-01,GW_storage_OR_E_GW1[AF],8877636.0,12493493716.0,1304313184.0
19745,2043-11-01,GW_storage_OR_E_GW1[AF],8878308.0,12531340494.0,1313191492.0
19746,2043-12-01,GW_storage_OR_E_GW1[AF],8879665.0,12568703212.0,1322071157.0
19747,2044-01-01,GW_storage_OR_E_GW1[AF],8881547.0,12605614127.0,1330952704.0
19748,2044-02-01,GW_storage_OR_E_GW1[AF],8888229.0,12642100391.0,1339840933.0
19749,2044-03-01,GW_storage_OR_E_GW1[AF],8897565.0,12678094207.0,1348738498.0
19750,2044-04-01,GW_storage_OR_E_GW1[AF],8912583.0,12715489683.0,1357651081.0
19751,2044-05-01,GW_storage_OR_E_GW1[AF],9214241.0,12757376464.0,1366865322.0
19752,2044-06-01,GW_storage_OR_E_GW1[AF],9218879.0,12798680033.0,1376084201.0
19753,2044-07-01,GW_storage_OR_E_GW1[AF],9217081.0,12840178366.0,1385301282.0
19754,2044-08-01,GW_storage_OR_E_GW1[AF],9212411.0,12881238666.0,1394513693.0
19755,2044-09-01,GW_storage_OR_E_GW1[AF],9204675.0,12921922929.0,1403718368.0
19756,2044-10-01,GW_storage_OR_E_GW1[AF],9193763.0,12962137170.0,1412912131.0
19757,2044-11-01,GW_storage_OR_E_GW1[AF],9184274.0,13001917872.0,1422096405.0
19758,2044-12-01,GW_storage_OR_E_GW1[AF],9173763.0,13041192913.0,1431270168.0
19759,2045-01-01,GW_storage_OR_E_GW1[AF],9163321.0,13079996277.0,1440433489.0
19760,2045-02-01,GW_storage_OR_E_GW1[AF],9154917.0,13119222084.0,1449588406.0
19761,2045-03-01,GW_storage_OR_E_GW1[AF],9148431.0,13158364150.0,1458736837.0
19762,2045-04-01,GW_storage_OR_E_GW1[AF],9144362.0,13198157185.0,1467881199.0
19763,2045-05-01,GW_storage_OR_E_GW1[AF],9144406.0,13237869018.0,1477025605.0
19764,2045-06-01,GW_storage_OR_E_GW1[AF],9146199.0,13278774379.0,1486171804.0
19765,2045-07-01,GW_storage_OR_E_GW1[AF],9141941.0,13324244062.0,1495313745.0
19766,2045-08-01,GW_storage_OR_E_GW1[AF],9133246.0,13372386542.0,1504446991.0
19767,2045-09-01,GW_storage_OR_E_GW1[AF],9122981.0,13419876881.0,1513569972.0
19768,2045-10-01,GW_storage_OR_E_GW1[AF],9118233.0,13466818785.0,1522688205.0
19769,2045-11-01,GW_storage_OR_E_GW1[AF],9119390.0,13513160105.0,1531807595.0
19770,2045-12-01,GW_storage_OR_E_GW1[AF],9132925.0,13560745919.0,1540940520.0
19771,2046-01-01,GW_storage_OR_E_GW1[AF],9812409.0,13615290772.0,1550752929.0
19772,2046-02-01,GW_storage_OR_E_GW1[AF],10509607.0,13677811710.0,1561262536.0
19773,2046-03-01,GW_storage_OR_E_GW1[AF],11116337.0,13748607831.0,1572378873.0
19774,2046-04-01,GW_storage_OR_E_GW1[AF],11621644.0,13826873589.0,1584000517.0
19775,2046-05-01,GW_storage_OR_E_GW1[AF],11939412.0,13907944967.0,1595939929.0
19776,2046-06-01,GW_storage_OR_E_GW1[AF],11929000.0,13989979852.0,1607868929.0
19777,2046-07-01,GW_storage_OR_E_GW1[AF],11910917.0,14071604903.0,1619779846.0
19778,2046-08-01,GW_storage_OR_E_GW1[AF],11888904.0,14152131683.0,1631668750.0
19779,2046-09-01,GW_storage_OR_E_GW1[AF],11864565.0,14231617714.0,1643533315.0
19780,2046-10-01,GW_storage_OR_E_GW1[AF],11840252.0,14310005025.0,1655373567.0
19781,2046-11-01,GW_storage_OR_E_GW1[AF],11824513.0,14387273527.0,1667198080.0
19782,2046-12-01,GW_storage_OR_E_GW1[AF],11812299.0,14463437376.0,1679010379.0
19783,2047-01-01,GW_storage_OR_E_GW1[AF],11802242.0,14538457981.0,1690812621.0
19784,2047-02-01,GW_storage_OR_E_GW1[AF],11797893.0,14612508014.0,1702610514.0
19785,2047-03-01,GW_storage_OR_E_GW1[AF],11800150.0,14685452283.0,1714410664.0
19786,2047-04-01,GW_storage_OR_E_GW1[AF],12223560.0,14764472816.0,1726634224.0
19787,2047-05-01,GW_storage_OR_E_GW1[AF],12642567.0,14860897341.0,1739276791.0
19788,2047-06-01,GW_storage_OR_E_GW1[AF],12957530.0,14972506362.0,1752234321.0
19789,2047-07-01,GW_storage_OR_E_GW1[AF],12943148.0,15088231692.0,1765177469.0
19790,2047-08-01,GW_storage_OR_E_GW1[AF],12920611.0,15203332934.0,1778098080.0
19791,2047-09-01,GW_storage_OR_E_GW1[AF],12894822.0,15317492289.0,1790992902.0
19792,2047-10-01,GW_storage_OR_E_GW1[AF],12865466.0,15430042333.0,1803858368.0
19793,2047-11-01,GW_storage_OR_E_GW1[AF],12838816.0,15542831934.0,1816697184.0
19794,2047-12-01,GW_storage_OR_E_GW1[AF],12812807.0,15653870877.0,1829509991.0
19795,2048-01-01,GW_storage_OR_E_GW1[AF],12791504.0,15763169397.0,1842301495.0
19796,2048-02-01,GW_storage_OR_E_GW1[AF],12779731.0,15872138297.0,1855081226.0
19797,2048-03-01,GW_storage_OR_E_GW1[AF],13207733.0,15987897138.0,1868288959.0
19798,2048-04-01,GW_storage_OR_E_GW1[AF],13562084.0,16106751114.0,1881851043.0
19799,2048-05-01,GW_storage_OR_E_GW1[AF],13541474.0,16226738594.0,1895392517.0
19800,2048-06-01,GW_storage_OR_E_GW1[AF],13518123.0,16346930466.0,1908910640.0
19801,2048-07-01,GW_storage_OR_E_GW1[AF],13489350.0,16466203172.0,1922399990.0
19802,2048-08-01,GW_storage_OR_E_GW1[AF],13459170.0,16583670765.0,1935859160.0
19803,2048-09-01,GW_storage_OR_E_GW1[AF],13428337.0,16699553017.0,1949287497.0
19804,2048-10-01,GW_storage_OR_E_GW1[AF],13394857.0,16813788962.0,1962682354.0
19805,2048-11-01,GW_storage_OR_E_GW1[AF],13368909.0,16926416472.0,1976051263.0
19806,2048-12-01,GW_storage_OR_E_GW1[AF],13343651.0,17038918116.0,1989394914.0
19807,2049-01-01,GW_storage_OR_E_GW1[AF],13321887.0,17150214903.0,2002716801.0
19808,2049-02-01,GW_storage_OR_E_GW1[AF],13311733.0,17259849423.0,2016028534.0
19809,2049-03-01,GW_storage_OR_E_GW1[AF],13306772.0,17374140295.0,2029335306.0
19810,2049-04-01,GW_storage_OR_E_GW1[AF],13785519.0,17496980626.0,2043120825.0
19811,2049-05-01,GW_storage_OR_E_GW1[AF],14102196.0,17623520262.0,2057223021.0
19812,2049-06-01,GW_storage_OR_E_GW1[AF],14081163.0,17749882278.0,2071304184.0
19813,2049-07-01,GW_storage_OR_E_GW1[AF],14052786.0,17875311834.0,2085356970.0
19814,2049-08-01,GW_storage_OR_E_GW1[AF],14023003.0,17998950915.0,2099379973.0
19815,2049-09-01,GW_storage_OR_E_GW1[AF],13991349.0,18120987592.0,2113371322.0
19816,2049-10-01,GW_storage_OR_E_GW1[AF],13955802.0,18241422265.0,2127327124.0
19817,2049-11-01,GW_storage_OR_E_GW1[AF],13925056.0,18360102830.0,2141252180.0
19818,2049-12-01,GW_storage_OR_E_GW1[AF],13893808.0,18476910369.0,2155145988.0
19819,2050-01-01,GW_storage_OR_E_GW1[AF],13865762.0,18591916831.0,2169011750.0
19820,2050-02-01,GW_storage_OR_E_GW1[AF],13848832.0,18705272956.0,2182860582.0
19821,2050-03-01,GW_storage_OR_E_GW1[AF],13835067.0,18821028859.0,2196695649.0
19822,2050-04-01,GW_storage_OR_E_GW1[AF],14192393.0,18940506995.0,2210888042.0
19823,2050-05-01,GW_storage_OR_E_GW1[AF],14171034.0,19059600483.0,2225059076.0
19824,2050-06-01,GW_storage_OR_E_GW1[AF],14147118.0,19178428021.0,2239206194.0
19825,2050-07-01,GW_storage_OR_E_GW1[AF],14115967.0,19296435077.0,2253322161.0
19826,2050-08-01,GW_storage_OR_E_GW1[AF],14082203.0,19412834260.0,2267404364.0
19827,2050-09-01,GW_storage_OR_E_GW1[AF],14047317.0,19527808893.0,2281451681.0
19828,2050-10-01,GW_storage_OR_E_GW1[AF],14011099.0,19641173895.0,2295462780.0
19829,2050-11-01,GW_storage_OR_E_GW1[AF],13982810.0,19752769080.0,2309445590.0
19830,2050-12-01,GW_storage_OR_E_GW1[AF],13955206.0,19862611454.0,2323400796.0
19831,2051-01-01,GW_storage_OR_E_GW1[AF],13928380.0,19970764786.0,2337329176.0
19832,2051-02-01,GW_storage_OR_E_GW1[AF],13908428.0,20077395432.0,2351237604.0
19833,2051-03-01,GW_storage_OR_E_GW1[AF],13899660.0,20182370827.0,2365137264.0
19834,2051-04-01,GW_storage_OR_E_GW1[AF],14291359.0,20291580463.0,2379428623.0
19835,2051-05-01,GW_storage_OR_E_GW1[AF],14539823.0,20400038326.0,2393968446.0
19836,2051-06-01,GW_storage_OR_E_GW1[AF],14508891.0,20508257786.0,2408477337.0
19837,2051-07-01,GW_storage_OR_E_GW1[AF],14473090.0,20615875318.0,2422950427.0
19838,2051-08-01,GW_storage_OR_E_GW1[AF],14439865.0,20722198437.0,2437390292.0
19839,2051-09-01,GW_storage_OR_E_GW1[AF],14406650.0,20827038775.0,2451796942.0
19840,2051-10-01,GW_storage_OR_E_GW1[AF],14368143.0,20930437548.0,2466165085.0
19841,2051-11-01,GW_storage_OR_E_GW1[AF],14334870.0,21032468769.0,2480499955.0
19842,2051-12-01,GW_storage_OR_E_GW1[AF],14302733.0,21133705710.0,2494802688.0
19843,2052-01-01,GW_storage_OR_E_GW1[AF],14274731.0,21233433839.0,2509077419.0
19844,2052-02-01,GW_storage_OR_E_GW1[AF],14260436.0,21331717041.0,2523337855.0
19845,2052-03-01,GW_storage_OR_E_GW1[AF],14740609.0,21429607427.0,2538078464.0
19846,2052-04-01,GW_storage_OR_E_GW1[AF],15167939.0,21527851494.0,2553246403.0
19847,2052-05-01,GW_storage_OR_E_GW1[AF],15434446.0,21624977785.0,2568680849.0
19848,2052-06-01,GW_storage_OR_E_GW1[AF],15400033.0,21720857498.0,2584080882.0
19849,2052-07-01,GW_storage_OR_E_GW1[AF],15360764.0,21815421513.0,2599441646.0
19850,2052-08-01,GW_storage_OR_E_GW1[AF],15318389.0,21908765850.0,2614760035.0
19851,2052-09-01,GW_storage_OR_E_GW1[AF],15273948.0,22001026854.0,2630033983.0
19852,2052-10-01,GW_storage_OR_E_GW1[AF],15228988.0,22092179195.0,2645262971.0
19853,2052-11-01,GW_storage_OR_E_GW1[AF],15186932.0,22182158688.0,2660449903.0
19854,2052-12-01,GW_storage_OR_E_GW1[AF],15144865.0,22270990851.0,2675594768.0
19855,2053-01-01,GW_storage_OR_E_GW1[AF],15108359.0,22358572318.0,2690703127.0
19856,2053-02-01,GW_storage_OR_E_GW1[AF],15087136.0,22445234888.0,2705790263.0
19857,2053-03-01,GW_storage_OR_E_GW1[AF],15635029.0,22531338210.0,2721425292.0
19858,2053-04-01,GW_storage_OR_E_GW1[AF],16193625.0,22618197854.0,2737618917.0
19859,2053-05-01,GW_storage_OR_E_GW1[AF],16539818.0,22705000235.0,2754158735.0
19860,2053-06-01,GW_storage_OR_E_GW1[AF],16499330.0,22792005107.0,2770658065.0
19861,2053-07-01,GW_storage_OR_E_GW1[AF],16452097.0,22878611714.0,2787110162.0
19862,2053-08-01,GW_storage_OR_E_GW1[AF],16402802.0,22964123789.0,2803512964.0
19863,2053-09-01,GW_storage_OR_E_GW1[AF],16353169.0,23048536524.0,2819866133.0
19864,2053-10-01,GW_storage_OR_E_GW1[AF],16300025.0,23131866519.0,2836166158.0
19865,2053-11-01,GW_storage_OR_E_GW1[AF],16250731.0,23214276747.0,2852416889.0
19866,2053-12-01,GW_storage_OR_E_GW1[AF],16201907.0,23295578937.0,2868618796.0
19867,2054-01-01,GW_storage_OR_E_GW1[AF],16154292.0,23375761806.0,2884773088.0
19868,2054-02-01,GW_storage_OR_E_GW1[AF],16117227.0,23454991045.0,2900890315.0
19869,2054-03-01,GW_storage_OR_E_GW1[AF],16090087.0,23533194281.0,2916980402.0
19870,2054-04-01,GW_storage_OR_E_GW1[AF],16490613.0,23610840643.0,2933471015.0
19871,2054-05-01,GW_storage_OR_E_GW1[AF],16733809.0,23687968757.0,2950204824.0
19872,2054-06-01,GW_storage_OR_E_GW1[AF],16690650.0,23764134532.0,2966895474.0
19873,2054-07-01,GW_storage_OR_E_GW1[AF],16640416.0,23839346953.0,2983535890.0
19874,2054-08-01,GW_storage_OR_E_GW1[AF],16587409.0,23913680649.0,3000123299.0
19875,2054-09-01,GW_storage_OR_E_GW1[AF],16534723.0,23987275722.0,3016658022.0
19876,2054-10-01,GW_storage_OR_E_GW1[AF],16479862.0,24060063673.0,3033137884.0
19877,2054-11-01,GW_storage_OR_E_GW1[AF],16431817.0,24132040073.0,3049569701.0
19878,2054-12-01,GW_storage_OR_E_GW1[AF],16387653.0,24203075252.0,3065957354.0
19879,2055-01-01,GW_storage_OR_E_GW1[AF],16350203.0,24273232069.0,3082307557.0
19880,2055-02-01,GW_storage_OR_E_GW1[AF],16931942.0,24346983422.0,3099239499.0
19881,2055-03-01,GW_storage_OR_E_GW1[AF],17609615.0,24429418525.0,3116849114.0
19882,2055-04-01,GW_storage_OR_E_GW1[AF],18157030.0,24519974284.0,3135006144.0
19883,2055-05-01,GW_storage_OR_E_GW1[AF],18533534.0,24612887460.0,3153539678.0
19884,2055-06-01,GW_storage_OR_E_GW1[AF],18795236.0,24705731755.0,3172334914.0
19885,2055-07-01,GW_storage_OR_E_GW1[AF],18742197.0,24797561549.0,3191077111.0
19886,2055-08-01,GW_storage_OR_E_GW1[AF],18685454.0,24888417864.0,3209762565.0
19887,2055-09-01,GW_storage_OR_E_GW1[AF],18627804.0,24978247446.0,3228390369.0
19888,2055-10-01,GW_storage_OR_E_GW1[AF],18565287.0,25067037402.0,3246955656.0
19889,2055-11-01,GW_storage_OR_E_GW1[AF],18508003.0,25154620871.0,3265463659.0
19890,2055-12-01,GW_storage_OR_E_GW1[AF],18449356.0,25240958786.0,3283913015.0
19891,2056-01-01,GW_storage_OR_E_GW1[AF],18392305.0,25326085001.0,3302305320.0
19892,2056-02-01,GW_storage_OR_E_GW1[AF],18341271.0,25410115783.0,3320646591.0
19893,2056-03-01,GW_storage_OR_E_GW1[AF],18292048.0,25493046199.0,3338938639.0
19894,2056-04-01,GW_storage_OR_E_GW1[AF],18245442.0,25579867650.0,3357184081.0
19895,2056-05-01,GW_storage_OR_E_GW1[AF],18476035.0,25665994452.0,3375660116.0
19896,2056-06-01,GW_storage_OR_E_GW1[AF],18424885.0,25751014051.0,3394085001.0
19897,2056-07-01,GW_storage_OR_E_GW1[AF],18367106.0,25834999057.0,3412452107.0
19898,2056-08-01,GW_storage_OR_E_GW1[AF],18305871.0,25918012980.0,3430757978.0
19899,2056-09-01,GW_storage_OR_E_GW1[AF],18243797.0,26000006720.0,3449001775.0
19900,2056-10-01,GW_storage_OR_E_GW1[AF],18177926.0,26080893812.0,3467179701.0
19901,2056-11-01,GW_storage_OR_E_GW1[AF],18115162.0,26160908259.0,3485294863.0
19902,2056-12-01,GW_storage_OR_E_GW1[AF],18049336.0,26240212456.0,3503344199.0
19903,2057-01-01,GW_storage_OR_E_GW1[AF],17988600.0,26318587848.0,3521332799.0
19904,2057-02-01,GW_storage_OR_E_GW1[AF],17947630.0,26395985372.0,3539280429.0
19905,2057-03-01,GW_storage_OR_E_GW1[AF],18356733.0,26472734266.0,3557637162.0
19906,2057-04-01,GW_storage_OR_E_GW1[AF],18674122.0,26556295278.0,3576311284.0
19907,2057-05-01,GW_storage_OR_E_GW1[AF],18616210.0,26638790503.0,3594927494.0
19908,2057-06-01,GW_storage_OR_E_GW1[AF],18558050.0,26720263696.0,3613485544.0
19909,2057-07-01,GW_storage_OR_E_GW1[AF],18495676.0,26800720453.0,3631981220.0
19910,2057-08-01,GW_storage_OR_E_GW1[AF],18431836.0,26880212595.0,3650413056.0
19911,2057-09-01,GW_storage_OR_E_GW1[AF],18366999.0,26958875022.0,3668780055.0
19912,2057-10-01,GW_storage_OR_E_GW1[AF],18297591.0,27036568588.0,3687077646.0
19913,2057-11-01,GW_storage_OR_E_GW1[AF],18231838.0,27113396201.0,3705309484.0
19914,2057-12-01,GW_storage_OR_E_GW1[AF],18167675.0,27189264327.0,3723477159.0
19915,2058-01-01,GW_storage_OR_E_GW1[AF],18111531.0,27264124633.0,3741588690.0
19916,2058-02-01,GW_storage_OR_E_GW1[AF],18088411.0,27348265847.0,3759677101.0
19917,2058-03-01,GW_storage_OR_E_GW1[AF],18629456.0,27440889382.0,3778306557.0
19918,2058-04-01,GW_storage_OR_E_GW1[AF],19058828.0,27539133274.0,3797365385.0
19919,2058-05-01,GW_storage_OR_E_GW1[AF],19388656.0,27639449314.0,3816754041.0
19920,2058-06-01,GW_storage_OR_E_GW1[AF],19341930.0,27738779306.0,3836095971.0
19921,2058-07-01,GW_storage_OR_E_GW1[AF],19285274.0,27837531793.0,3855381245.0
19922,2058-08-01,GW_storage_OR_E_GW1[AF],19226500.0,27935280444.0,3874607745.0
19923,2058-09-01,GW_storage_OR_E_GW1[AF],19166745.0,28031862865.0,3893774490.0
19924,2058-10-01,GW_storage_OR_E_GW1[AF],19106014.0,28127260463.0,3912880504.0
19925,2058-11-01,GW_storage_OR_E_GW1[AF],19049228.0,28221366217.0,3931929732.0
19926,2058-12-01,GW_storage_OR_E_GW1[AF],18990897.0,28314157055.0,3950920629.0
19927,2059-01-01,GW_storage_OR_E_GW1[AF],18941712.0,28405540773.0,3969862341.0
19928,2059-02-01,GW_storage_OR_E_GW1[AF],19347515.0,28502067677.0,3989209856.0
19929,2059-03-01,GW_storage_OR_E_GW1[AF],19793778.0,28605457246.0,4009003634.0
19930,2059-04-01,GW_storage_OR_E_GW1[AF],20201411.0,28717814838.0,4029205045.0
19931,2059-05-01,GW_storage_OR_E_GW1[AF],20431857.0,28830913147.0,4049636902.0
19932,2059-06-01,GW_storage_OR_E_GW1[AF],20367691.0,28943770190.0,4070004593.0
19933,2059-07-01,GW_storage_OR_E_GW1[AF],20296355.0,29055182582.0,4090300948.0
19934,2059-08-01,GW_storage_OR_E_GW1[AF],20223152.0,29165160032.0,4110524100.0
19935,2059-09-01,GW_storage_OR_E_GW1[AF],20150323.0,29273920291.0,4130674423.0
19936,2059-10-01,GW_storage_OR_E_GW1[AF],20072906.0,29381402010.0,4150747329.0
19937,2059-11-01,GW_storage_OR_E_GW1[AF],20002750.0,29487451547.0,4170750079.0
19938,2059-12-01,GW_storage_OR_E_GW1[AF],19934175.0,29592083281.0,4190684254.0
19939,2060-01-01,GW_storage_OR_E_GW1[AF],19868996.0,29695071869.0,4210553250.0
19940,2060-02-01,GW_storage_OR_E_GW1[AF],19817964.0,29797999369.0,4230371214.0
19941,2060-03-01,GW_storage_OR_E_GW1[AF],20215084.0,29907235449.0,4250586298.0
19942,2060-04-01,GW_storage_OR_E_GW1[AF],20606547.0,30022282651.0,4271192845.0
19943,2060-05-01,GW_storage_OR_E_GW1[AF],20889152.0,30138204137.0,4292081997.0
19944,2060-06-01,GW_storage_OR_E_GW1[AF],20828797.0,30253989194.0,4312910794.0
19945,2060-07-01,GW_storage_OR_E_GW1[AF],20761268.0,30369445165.0,4333672062.0
19946,2060-08-01,GW_storage_OR_E_GW1[AF],20689025.0,30483354195.0,4354361087.0
19947,2060-09-01,GW_storage_OR_E_GW1[AF],20615277.0,30595912136.0,4374976364.0
19948,2060-10-01,GW_storage_OR_E_GW1[AF],20536512.0,30707058453.0,4395512876.0
19949,2060-11-01,GW_storage_OR_E_GW1[AF],20466819.0,30816686913.0,4415979695.0
19950,2060-12-01,GW_storage_OR_E_GW1[AF],20408022.0,30924630927.0,4436387717.0
19951,2061-01-01,GW_storage_OR_E_GW1[AF],21106860.0,31038058188.0,4457494577.0
19952,2061-02-01,GW_storage_OR_E_GW1[AF],21829667.0,31163247262.0,4479324244.0
19953,2061-03-01,GW_storage_OR_E_GW1[AF],22533338.0,31301926464.0,4501857582.0
19954,2061-04-01,GW_storage_OR_E_GW1[AF],23019458.0,31460043743.0,4524877040.0
19955,2061-05-01,GW_storage_OR_E_GW1[AF],23347386.0,31621719240.0,4548224426.0
19956,2061-06-01,GW_storage_OR_E_GW1[AF],23543905.0,31781944019.0,4571768331.0
19957,2061-07-01,GW_storage_OR_E_GW1[AF],23458553.0,31940594248.0,4595226884.0
19958,2061-08-01,GW_storage_OR_E_GW1[AF],23370109.0,32097666692.0,4618596993.0
19959,2061-09-01,GW_storage_OR_E_GW1[AF],23281534.0,32253244922.0,4641878527.0
19960,2061-10-01,GW_storage_OR_E_GW1[AF],23188193.0,32407132898.0,4665066720.0
19961,2061-11-01,GW_storage_OR_E_GW1[AF],23102960.0,32559108380.0,4688169680.0
19962,2061-12-01,GW_storage_OR_E_GW1[AF],23016783.0,32709321481.0,4711186463.0
19963,2062-01-01,GW_storage_OR_E_GW1[AF],22934970.0,32858735378.0,4734121433.0
19964,2062-02-01,GW_storage_OR_E_GW1[AF],22884415.0,33022044851.0,4757005848.0
19965,2062-03-01,GW_storage_OR_E_GW1[AF],23543400.0,33198837130.0,4780549248.0
19966,2062-04-01,GW_storage_OR_E_GW1[AF],24123104.0,33390837210.0,4804672352.0
19967,2062-05-01,GW_storage_OR_E_GW1[AF],24466359.0,33584259641.0,4829138711.0
19968,2062-06-01,GW_storage_OR_E_GW1[AF],24651302.0,33776858517.0,4853790013.0
19969,2062-07-01,GW_storage_OR_E_GW1[AF],24558515.0,33967635736.0,4878348528.0
19970,2062-08-01,GW_storage_OR_E_GW1[AF],24463517.0,34156855847.0,4902812045.0
19971,2062-09-01,GW_storage_OR_E_GW1[AF],24369460.0,34344548104.0,4927181505.0
19972,2062-10-01,GW_storage_OR_E_GW1[AF],24270194.0,34530332137.0,4951451699.0
19973,2062-11-01,GW_storage_OR_E_GW1[AF],24175925.0,34714073091.0,4975627624.0
19974,2062-12-01,GW_storage_OR_E_GW1[AF],24079006.0,34895778448.0,4999706630.0
19975,2063-01-01,GW_storage_OR_E_GW1[AF],23988625.0,35079072230.0,5023695255.0
19976,2063-02-01,GW_storage_OR_E_GW1[AF],23915558.0,35269350335.0,5047610813.0
19977,2063-03-01,GW_storage_OR_E_GW1[AF],24323523.0,35470064786.0,5071934336.0
19978,2063-04-01,GW_storage_OR_E_GW1[AF],24773634.0,35683040547.0,5096707970.0
19979,2063-05-01,GW_storage_OR_E_GW1[AF],25168822.0,35907121073.0,5121876792.0
19980,2063-06-01,GW_storage_OR_E_GW1[AF],25409763.0,36134854310.0,5147286555.0
19981,2063-07-01,GW_storage_OR_E_GW1[AF],25314825.0,36361472567.0,5172601380.0
19982,2063-08-01,GW_storage_OR_E_GW1[AF],25217068.0,36586142514.0,5197818448.0
19983,2063-09-01,GW_storage_OR_E_GW1[AF],25118402.0,36808934029.0,5222936850.0
19984,2063-10-01,GW_storage_OR_E_GW1[AF],25013974.0,37029507927.0,5247950824.0
19985,2063-11-01,GW_storage_OR_E_GW1[AF],24917168.0,37248012309.0,5272867992.0
19986,2063-12-01,GW_storage_OR_E_GW1[AF],24820289.0,37465671472.0,5297688281.0
19987,2064-01-01,GW_storage_OR_E_GW1[AF],24737373.0,37694815963.0,5322425654.0
19988,2064-02-01,GW_storage_OR_E_GW1[AF],25461440.0,37945097639.0,5347887094.0
19989,2064-03-01,GW_storage_OR_E_GW1[AF],26225641.0,38213638934.0,5374112735.0
19990,2064-04-01,GW_storage_OR_E_GW1[AF],26859065.0,38493367090.0,5400971800.0
19991,2064-05-01,GW_storage_OR_E_GW1[AF],27272887.0,38776738105.0,5428244687.0
19992,2064-06-01,GW_storage_OR_E_GW1[AF],27540561.0,39060661713.0,5455785248.0
19993,2064-07-01,GW_storage_OR_E_GW1[AF],27437035.0,39341932866.0,5483222283.0
19994,2064-08-01,GW_storage_OR_E_GW1[AF],27327549.0,39620711220.0,5510549832.0
19995,2064-09-01,GW_storage_OR_E_GW1[AF],27217849.0,39897002798.0,5537767681.0
19996,2064-10-01,GW_storage_OR_E_GW1[AF],27102225.0,40170736712.0,5564869906.0
19997,2064-11-01,GW_storage_OR_E_GW1[AF],26994718.0,40442044957.0,5591864624.0
19998,2064-12-01,GW_storage_OR_E_GW1[AF],26886753.0,40711834451.0,5618751377.0
19999,2065-01-01,GW_storage_OR_E_GW1[AF],26782785.0,40982757097.0,5645534162.0
20000,2065-02-01,GW_storage_OR_E_GW1[AF],26699778.0,41255716076.0,5672233940.0
20001,2065-03-01,GW_storage_OR_E_GW1[AF],27130207.0,41533378347.0,5699364147.0
20002,2065-04-01,GW_storage_OR_E_GW1[AF],27529285.0,41819419395.0,5726893432.0
20003,2065-05-01,GW_storage_OR_E_GW1[AF],27810175.0,42107659636.0,5754703607.0
20004,2065-06-01,GW_storage_OR_E_GW1[AF],28013242.0,42393392346.0,5782716849.0
20005,2065-07-01,GW_storage_OR_E_GW1[AF],27902913.0,42678359041.0,5810619762.0
20006,2065-08-01,GW_storage_OR_E_GW1[AF],27789913.0,42960938762.0,5838409675.0
20007,2065-09-01,GW_storage_OR_E_GW1[AF],27676850.0,43241061639.0,5866086525.0
20008,2065-10-01,GW_storage_OR_E_GW1[AF],27557917.0,43518553408.0,5893644442.0
20009,2065-11-01,GW_storage_OR_E_GW1[AF],27446023.0,43793351378.0,5921090465.0
20010,2065-12-01,GW_storage_OR_E_GW1[AF],27330515.0,44065325818.0,5948420980.0
20011,2066-01-01,GW_storage_OR_E_GW1[AF],27216424.0,44334625115.0,5975637404.0
20012,2066-02-01,GW_storage_OR_E_GW1[AF],27118575.0,44601575728.0,6002755979.0
20013,2066-03-01,GW_storage_OR_E_GW1[AF],27014352.0,44865977654.0,6029770331.0
20014,2066-04-01,GW_storage_OR_E_GW1[AF],27302398.0,45130939542.0,6057072729.0
20015,2066-05-01,GW_storage_OR_E_GW1[AF],27464065.0,45393925169.0,6084536794.0
20016,2066-06-01,GW_storage_OR_E_GW1[AF],27352857.0,45654573916.0,6111889651.0
20017,2066-07-01,GW_storage_OR_E_GW1[AF],27236478.0,45912927675.0,6139126129.0
20018,2066-08-01,GW_storage_OR_E_GW1[AF],27118693.0,46169111465.0,6166244822.0
20019,2066-09-01,GW_storage_OR_E_GW1[AF],27002475.0,46423600426.0,6193247297.0
20020,2066-10-01,GW_storage_OR_E_GW1[AF],26880896.0,46676263355.0,6220128193.0
20021,2066-11-01,GW_storage_OR_E_GW1[AF],26764244.0,46927228863.0,6246892437.0
20022,2066-12-01,GW_storage_OR_E_GW1[AF],26643992.0,47176198480.0,6273536429.0
20023,2067-01-01,GW_storage_OR_E_GW1[AF],26525976.0,47422896821.0,6300062405.0
20024,2067-02-01,GW_storage_OR_E_GW1[AF],26424236.0,47667661431.0,6326486641.0
20025,2067-03-01,GW_storage_OR_E_GW1[AF],26313068.0,47910308464.0,6352799709.0
20026,2067-04-01,GW_storage_OR_E_GW1[AF],26203738.0,48151085524.0,6379003447.0
20027,2067-05-01,GW_storage_OR_E_GW1[AF],26092368.0,48389950965.0,6405095815.0
20028,2067-06-01,GW_storage_OR_E_GW1[AF],25984580.0,48627002221.0,6431080395.0
20029,2067-07-01,GW_storage_OR_E_GW1[AF],25871705.0,48862124917.0,6456952100.0
20030,2067-08-01,GW_storage_OR_E_GW1[AF],25760777.0,49095321876.0,6482712877.0
20031,2067-09-01,GW_storage_OR_E_GW1[AF],25652334.0,49326841519.0,6508365211.0
20032,2067-10-01,GW_storage_OR_E_GW1[AF],25537374.0,49556552267.0,6533902585.0
20033,2067-11-01,GW_storage_OR_E_GW1[AF],25428515.0,49784868208.0,6559331100.0
20034,2067-12-01,GW_storage_OR_E_GW1[AF],25317695.0,50011545293.0,6584648795.0
20035,2068-01-01,GW_storage_OR_E_GW1[AF],25213455.0,50238331069.0,6609862250.0
20036,2068-02-01,GW_storage_OR_E_GW1[AF],25128668.0,50478937732.0,6634990918.0
20037,2068-03-01,GW_storage_OR_E_GW1[AF],25752993.0,50739381265.0,6660743911.0
20038,2068-04-01,GW_storage_OR_E_GW1[AF],26320764.0,51011294375.0,6687064675.0
20039,2068-05-01,GW_storage_OR_E_GW1[AF],26755999.0,51290774772.0,6713820674.0
20040,2068-06-01,GW_storage_OR_E_GW1[AF],26997155.0,51571539123.0,6740817829.0
20041,2068-07-01,GW_storage_OR_E_GW1[AF],26887324.0,51851333229.0,6767705153.0
20042,2068-08-01,GW_storage_OR_E_GW1[AF],26773804.0,52129191774.0,6794478957.0
20043,2068-09-01,GW_storage_OR_E_GW1[AF],26661481.0,52405096290.0,6821140438.0
20044,2068-10-01,GW_storage_OR_E_GW1[AF],26543322.0,52678907664.0,6847683760.0
20045,2068-11-01,GW_storage_OR_E_GW1[AF],26433878.0,52950483517.0,6874117638.0
20046,2068-12-01,GW_storage_OR_E_GW1[AF],26323828.0,53219819895.0,6900441466.0
20047,2069-01-01,GW_storage_OR_E_GW1[AF],26224024.0,53487155316.0,6926665490.0
20048,2069-02-01,GW_storage_OR_E_GW1[AF],26726213.0,53760870931.0,6953391703.0
20049,2069-03-01,GW_storage_OR_E_GW1[AF],27250703.0,54039428849.0,6980642406.0
20050,2069-04-01,GW_storage_OR_E_GW1[AF],27671329.0,54324092180.0,7008313735.0
20051,2069-05-01,GW_storage_OR_E_GW1[AF],27970533.0,54609436481.0,7036284268.0
20052,2069-06-01,GW_storage_OR_E_GW1[AF],28133907.0,54894337917.0,7064418175.0
20053,2069-07-01,GW_storage_OR_E_GW1[AF],28011784.0,55177218144.0,7092429959.0
20054,2069-08-01,GW_storage_OR_E_GW1[AF],27887617.0,55458179949.0,7120317576.0
20055,2069-09-01,GW_storage_OR_E_GW1[AF],27765354.0,55737226700.0,7148082930.0
20056,2069-10-01,GW_storage_OR_E_GW1[AF],27637155.0,56014313112.0,7175720085.0
20057,2069-11-01,GW_storage_OR_E_GW1[AF],27518122.0,56289244905.0,7203238207.0
20058,2069-12-01,GW_storage_OR_E_GW1[AF],27398258.0,56561948550.0,7230636465.0
20059,2070-01-01,GW_storage_OR_E_GW1[AF],27278818.0,56832455571.0,7257915283.0
20060,2070-02-01,GW_storage_OR_E_GW1[AF],27174742.0,57101031869.0,7285090025.0
20061,2070-03-01,GW_storage_OR_E_GW1[AF],27060706.0,57367456127.0,7312150731.0
20062,2070-04-01,GW_storage_OR_E_GW1[AF],26949998.0,57631884127.0,7339100729.0
20063,2070-05-01,GW_storage_OR_E_GW1[AF],26836282.0,57894580730.0,7365937011.0
20064,2070-06-01,GW_storage_OR_E_GW1[AF],26725078.0,58156625113.0,7392662089.0
20065,2070-07-01,GW_storage_OR_E_GW1[AF],26609626.0,58417720429.0,7419271715.0
20066,2070-08-01,GW_storage_OR_E_GW1[AF],26493855.0,58677125935.0,7445765570.0
20067,2070-09-01,GW_storage_OR_E_GW1[AF],26379552.0,58935122487.0,7472145122.0
20068,2070-10-01,GW_storage_OR_E_GW1[AF],26259414.0,59191573450.0,7498404536.0
20069,2070-11-01,GW_storage_OR_E_GW1[AF],26147378.0,59446278042.0,7524551914.0
20070,2070-12-01,GW_storage_OR_E_GW1[AF],26039222.0,59699129256.0,7550591136.0
21161,2022-10-01,GW_storage_OR_WA_BPA_GW1[AF],-25782.0,7499151.0,-25782.0
21162,2022-11-01,GW_storage_OR_WA_BPA_GW1[AF],-25163.0,8445383.0,-50945.0
21163,2022-12-01,GW_storage_OR_WA_BPA_GW1[AF],-24540.0,9374562.0,-75485.0
21164,2023-01-01,GW_storage_OR_WA_BPA_GW1[AF],-23930.0,10287031.0,-99415.0
21165,2023-02-01,GW_storage_OR_WA_BPA_GW1[AF],-23395.0,11192982.0,-122810.0
21166,2023-03-01,GW_storage_OR_WA_BPA_GW1[AF],-22814.0,12082492.0,-145624.0
21167,2023-04-01,GW_storage_OR_WA_BPA_GW1[AF],-22267.0,12955603.0,-167891.0
21168,2023-05-01,GW_storage_OR_WA_BPA_GW1[AF],-21715.0,13813215.0,-189606.0
21169,2023-06-01,GW_storage_OR_WA_BPA_GW1[AF],-21194.0,15164430.0,-210800.0
21170,2023-07-01,GW_storage_OR_WA_BPA_GW1[AF],-20669.0,17236845.0,-231469.0
21171,2023-08-01,GW_storage_OR_WA_BPA_GW1[AF],-20156.0,19274971.0,-251625.0
21172,2023-09-01,GW_storage_OR_WA_BPA_GW1[AF],-19671.0,21282260.0,-271296.0
21173,2023-10-01,GW_storage_OR_WA_BPA_GW1[AF],-19184.0,23279746.0,-290480.0
21174,2023-11-01,GW_storage_OR_WA_BPA_GW1[AF],-18724.0,25247116.0,-309204.0
21175,2023-12-01,GW_storage_OR_WA_BPA_GW1[AF],-18259.0,27178503.0,-327463.0
21176,2024-01-01,GW_storage_OR_WA_BPA_GW1[AF],-17806.0,29079026.0,-345269.0
21177,2024-02-01,GW_storage_OR_WA_BPA_GW1[AF],-17393.0,30951693.0,-362662.0
21178,2024-03-01,GW_storage_OR_WA_BPA_GW1[AF],-16962.0,32794640.0,-379624.0
21179,2024-04-01,GW_storage_OR_WA_BPA_GW1[AF],-16554.0,34598451.0,-396178.0
21180,2024-05-01,GW_storage_OR_WA_BPA_GW1[AF],-16144.0,36379549.0,-412322.0
21181,2024-06-01,GW_storage_OR_WA_BPA_GW1[AF],-15756.0,38134426.0,-428078.0
21182,2024-07-01,GW_storage_OR_WA_BPA_GW1[AF],-15365.0,39862715.0,-443443.0
21183,2024-08-01,GW_storage_OR_WA_BPA_GW1[AF],-14985.0,41565221.0,-458428.0
21184,2024-09-01,GW_storage_OR_WA_BPA_GW1[AF],-14624.0,43242727.0,-473052.0
21185,2024-10-01,GW_storage_OR_WA_BPA_GW1[AF],-14261.0,44894530.0,-487313.0
21186,2024-11-01,GW_storage_OR_WA_BPA_GW1[AF],-13920.0,46522142.0,-501233.0
21187,2024-12-01,GW_storage_OR_WA_BPA_GW1[AF],-13575.0,48125394.0,-514808.0
21188,2025-01-01,GW_storage_OR_WA_BPA_GW1[AF],-13238.0,49704625.0,-528046.0
21189,2025-02-01,GW_storage_OR_WA_BPA_GW1[AF],-12941.0,51264049.0,-540987.0
21190,2025-03-01,GW_storage_OR_WA_BPA_GW1[AF],-12620.0,52800150.0,-553607.0
21191,2025-04-01,GW_storage_OR_WA_BPA_GW1[AF],-12317.0,54422403.0,-565924.0
21192,2025-05-01,GW_storage_OR_WA_BPA_GW1[AF],-12013.0,56023530.0,-577937.0
21193,2025-06-01,GW_storage_OR_WA_BPA_GW1[AF],-11723.0,57673121.0,-589660.0
21194,2025-07-01,GW_storage_OR_WA_BPA_GW1[AF],-2784.0,59233291.0,-592444.0
21195,2025-08-01,GW_storage_OR_WA_BPA_GW1[AF],4221.0,60752330.0,-588223.0
21196,2025-09-01,GW_storage_OR_WA_BPA_GW1[AF],10481.0,63291561.0,-577742.0
21197,2025-10-01,GW_storage_OR_WA_BPA_GW1[AF],10890.0,66117192.0,-566852.0
21198,2025-11-01,GW_storage_OR_WA_BPA_GW1[AF],10810.0,69169207.0,-556042.0
21199,2025-12-01,GW_storage_OR_WA_BPA_GW1[AF],10680.0,72377661.0,-545362.0
21200,2026-01-01,GW_storage_OR_WA_BPA_GW1[AF],10530.0,75644729.0,-534832.0
21201,2026-02-01,GW_storage_OR_WA_BPA_GW1[AF],10392.0,83025589.0,-524440.0
21202,2026-03-01,GW_storage_OR_WA_BPA_GW1[AF],10212.0,93674924.0,-514228.0
21203,2026-04-01,GW_storage_OR_WA_BPA_GW1[AF],10005.0,112497734.0,-504223.0
21204,2026-05-01,GW_storage_OR_WA_BPA_GW1[AF],-22974.0,136460613.0,-527197.0
21205,2026-06-01,GW_storage_OR_WA_BPA_GW1[AF],-22418.0,160180041.0,-549615.0
21206,2026-07-01,GW_storage_OR_WA_BPA_GW1[AF],-21870.0,184580314.0,-571485.0
21207,2026-08-01,GW_storage_OR_WA_BPA_GW1[AF],-21327.0,208538131.0,-592812.0
21208,2026-09-01,GW_storage_OR_WA_BPA_GW1[AF],-20815.0,232132273.0,-613627.0
21209,2026-10-01,GW_storage_OR_WA_BPA_GW1[AF],-20300.0,255250646.0,-633927.0
21210,2026-11-01,GW_storage_OR_WA_BPA_GW1[AF],-19812.0,277908394.0,-653739.0
21211,2026-12-01,GW_storage_OR_WA_BPA_GW1[AF],-19321.0,300103214.0,-673060.0
21212,2027-01-01,GW_storage_OR_WA_BPA_GW1[AF],-18841.0,321847786.0,-691901.0
21213,2027-02-01,GW_storage_OR_WA_BPA_GW1[AF],-18420.0,343199646.0,-710321.0
21214,2027-03-01,GW_storage_OR_WA_BPA_GW1[AF],-17963.0,369620421.0,-728284.0
21215,2027-04-01,GW_storage_OR_WA_BPA_GW1[AF],-17531.0,409179141.0,-745815.0
21216,2027-05-01,GW_storage_OR_WA_BPA_GW1[AF],-17097.0,455970259.0,-762912.0
21217,2027-06-01,GW_storage_OR_WA_BPA_GW1[AF],-16686.0,506103237.0,-779598.0
21218,2027-07-01,GW_storage_OR_WA_BPA_GW1[AF],-16273.0,558027240.0,-795871.0
21219,2027-08-01,GW_storage_OR_WA_BPA_GW1[AF],-15869.0,610747556.0,-811740.0
21220,2027-09-01,GW_storage_OR_WA_BPA_GW1[AF],-15489.0,662576568.0,-827229.0
21221,2027-10-01,GW_storage_OR_WA_BPA_GW1[AF],-15105.0,713531026.0,-842334.0
21222,2027-11-01,GW_storage_OR_WA_BPA_GW1[AF],-14743.0,763602436.0,-857077.0
21223,2027-12-01,GW_storage_OR_WA_BPA_GW1[AF],-14377.0,812846873.0,-871454.0
21224,2028-01-01,GW_storage_OR_WA_BPA_GW1[AF],-14020.0,861121911.0,-885474.0
21225,2028-02-01,GW_storage_OR_WA_BPA_GW1[AF],-13695.0,908650771.0,-899169.0
21226,2028-03-01,GW_storage_OR_WA_BPA_GW1[AF],-13355.0,959000163.0,-912524.0
21227,2028-04-01,GW_storage_OR_WA_BPA_GW1[AF],-13035.0,1012039411.0,-925559.0
21228,2028-05-01,GW_storage_OR_WA_BPA_GW1[AF],-45562.0,1068060916.0,-971121.0
21229,2028-06-01,GW_storage_OR_WA_BPA_GW1[AF],-44468.0,1125203670.0,-1015589.0
21230,2028-07-01,GW_storage_OR_WA_BPA_GW1[AF],-43366.0,1183903968.0,-1058955.0
21231,2028-08-01,GW_storage_OR_WA_BPA_GW1[AF],-42291.0,1241633200.0,-1101246.0
21232,2028-09-01,GW_storage_OR_WA_BPA_GW1[AF],-41275.0,1298536546.0,-1142521.0
21233,2028-10-01,GW_storage_OR_WA_BPA_GW1[AF],-40251.0,1354465802.0,-1182772.0
21234,2028-11-01,GW_storage_OR_WA_BPA_GW1[AF],-39286.0,1409406877.0,-1222058.0
21235,2028-12-01,GW_storage_OR_WA_BPA_GW1[AF],-38311.0,1463330743.0,-1260369.0
21236,2029-01-01,GW_storage_OR_WA_BPA_GW1[AF],-9512.0,1516331973.0,-1269881.0
21237,2029-02-01,GW_storage_OR_WA_BPA_GW1[AF],-9299.0,1568436361.0,-1279180.0
21238,2029-03-01,GW_storage_OR_WA_BPA_GW1[AF],-9067.0,1622957905.0,-1288247.0
21239,2029-04-01,GW_storage_OR_WA_BPA_GW1[AF],1280027.0,1679352962.0,-8220.0
21240,2029-05-01,GW_storage_OR_WA_BPA_GW1[AF],1624779.0,1742904338.0,1616559.0
21241,2029-06-01,GW_storage_OR_WA_BPA_GW1[AF],1550866.0,1807169538.0,3167425.0
21242,2029-07-01,GW_storage_OR_WA_BPA_GW1[AF],1512404.0,1872474684.0,4679829.0
21243,2029-08-01,GW_storage_OR_WA_BPA_GW1[AF],1474896.0,1936569687.0,6154725.0
21244,2029-09-01,GW_storage_OR_WA_BPA_GW1[AF],1443644.0,1999536921.0,7598369.0
21245,2029-10-01,GW_storage_OR_WA_BPA_GW1[AF],1407841.0,2061251234.0,9006210.0
21246,2029-11-01,GW_storage_OR_WA_BPA_GW1[AF],1374055.0,2121792309.0,10380265.0
21247,2029-12-01,GW_storage_OR_WA_BPA_GW1[AF],1339980.0,2181276298.0,11720245.0
21248,2030-01-01,GW_storage_OR_WA_BPA_GW1[AF],1306749.0,2239598911.0,13026994.0
21249,2030-02-01,GW_storage_OR_WA_BPA_GW1[AF],1277478.0,2296908282.0,14304472.0
21250,2030-03-01,GW_storage_OR_WA_BPA_GW1[AF],1245798.0,2353273149.0,15550270.0
21251,2030-04-01,GW_storage_OR_WA_BPA_GW1[AF],1215900.0,2408813513.0,16766170.0
21252,2030-05-01,GW_storage_OR_WA_BPA_GW1[AF],1185746.0,2463288321.0,17951916.0
21253,2030-06-01,GW_storage_OR_WA_BPA_GW1[AF],1157288.0,2519189259.0,19109204.0
21254,2030-07-01,GW_storage_OR_WA_BPA_GW1[AF],1128587.0,2574987711.0,20237791.0
21255,2030-08-01,GW_storage_OR_WA_BPA_GW1[AF],1100598.0,2629845780.0,21338389.0
21256,2030-09-01,GW_storage_OR_WA_BPA_GW1[AF],1074183.0,2683731630.0,22412572.0
21257,2030-10-01,GW_storage_OR_WA_BPA_GW1[AF],1047544.0,2736573135.0,23460116.0
21258,2030-11-01,GW_storage_OR_WA_BPA_GW1[AF],1022403.0,2788437015.0,24482519.0
21259,2030-12-01,GW_storage_OR_WA_BPA_GW1[AF],997047.0,2839371858.0,25479566.0
21260,2031-01-01,GW_storage_OR_WA_BPA_GW1[AF],972320.0,2889285425.0,26451886.0
21261,2031-02-01,GW_storage_OR_WA_BPA_GW1[AF],950540.0,2938331300.0,27402426.0
21262,2031-03-01,GW_storage_OR_WA_BPA_GW1[AF],926967.0,2986403207.0,28329393.0
21263,2031-04-01,GW_storage_OR_WA_BPA_GW1[AF],904720.0,3034117058.0,29234113.0
21264,2031-05-01,GW_storage_OR_WA_BPA_GW1[AF],882283.0,3081639947.0,30116396.0
21265,2031-06-01,GW_storage_OR_WA_BPA_GW1[AF],861108.0,3128466639.0,30977504.0
21266,2031-07-01,GW_storage_OR_WA_BPA_GW1[AF],839753.0,3175256040.0,31817257.0
21267,2031-08-01,GW_storage_OR_WA_BPA_GW1[AF],818927.0,3221201089.0,32636184.0
21268,2031-09-01,GW_storage_OR_WA_BPA_GW1[AF],799274.0,3266538806.0,33435458.0
21269,2031-10-01,GW_storage_OR_WA_BPA_GW1[AF],779451.0,3311005126.0,34214909.0
21270,2031-11-01,GW_storage_OR_WA_BPA_GW1[AF],790937.0,3354843436.0,35005846.0
21271,2031-12-01,GW_storage_OR_WA_BPA_GW1[AF],771321.0,3397917039.0,35777167.0
21272,2032-01-01,GW_storage_OR_WA_BPA_GW1[AF],752193.0,3440765830.0,36529360.0
21273,2032-02-01,GW_storage_OR_WA_BPA_GW1[AF],763913.0,3500332884.0,37293273.0
21274,2032-03-01,GW_storage_OR_WA_BPA_GW1[AF],774806.0,3570397039.0,38068079.0
21275,2032-04-01,GW_storage_OR_WA_BPA_GW1[AF],788627.0,3645988541.0,38856706.0
21276,2032-05-01,GW_storage_OR_WA_BPA_GW1[AF],769069.0,3723860841.0,39625775.0
21277,2032-06-01,GW_storage_OR_WA_BPA_GW1[AF],750611.0,3803847465.0,40376386.0
21278,2032-07-01,GW_storage_OR_WA_BPA_GW1[AF],731996.0,3884065220.0,41108382.0
21279,2032-08-01,GW_storage_OR_WA_BPA_GW1[AF],749875.0,3963910669.0,41858257.0
21280,2032-09-01,GW_storage_OR_WA_BPA_GW1[AF],762471.0,4042724779.0,42620728.0
21281,2032-10-01,GW_storage_OR_WA_BPA_GW1[AF],743561.0,4120308321.0,43364289.0
21282,2032-11-01,GW_storage_OR_WA_BPA_GW1[AF],725715.0,4196679403.0,44090004.0
21283,2032-12-01,GW_storage_OR_WA_BPA_GW1[AF],707718.0,4271822754.0,44797722.0
21284,2033-01-01,GW_storage_OR_WA_BPA_GW1[AF],690166.0,4345538492.0,45487888.0
21285,2033-02-01,GW_storage_OR_WA_BPA_GW1[AF],674707.0,4423218301.0,46162595.0
21286,2033-03-01,GW_storage_OR_WA_BPA_GW1[AF],657975.0,4505470297.0,46820570.0
21287,2033-04-01,GW_storage_OR_WA_BPA_GW1[AF],609995.0,4590681136.0,47430565.0
21288,2033-05-01,GW_storage_OR_WA_BPA_GW1[AF],594867.0,4675360581.0,48025432.0
21289,2033-06-01,GW_storage_OR_WA_BPA_GW1[AF],580591.0,4760708398.0,48606023.0
21290,2033-07-01,GW_storage_OR_WA_BPA_GW1[AF],566192.0,4846138178.0,49172215.0
21291,2033-08-01,GW_storage_OR_WA_BPA_GW1[AF],571712.0,4931118427.0,49743927.0
21292,2033-09-01,GW_storage_OR_WA_BPA_GW1[AF],557991.0,5014914731.0,50301918.0
21293,2033-10-01,GW_storage_OR_WA_BPA_GW1[AF],544153.0,5097508172.0,50846071.0
21294,2033-11-01,GW_storage_OR_WA_BPA_GW1[AF],531093.0,5178663669.0,51377164.0
21295,2033-12-01,GW_storage_OR_WA_BPA_GW1[AF],517922.0,5258443309.0,51895086.0
21296,2034-01-01,GW_storage_OR_WA_BPA_GW1[AF],505077.0,5339163828.0,52400163.0
21297,2034-02-01,GW_storage_OR_WA_BPA_GW1[AF],493764.0,5418722190.0,52893927.0
21298,2034-03-01,GW_storage_OR_WA_BPA_GW1[AF],481519.0,5500220744.0,53375446.0
21299,2034-04-01,GW_storage_OR_WA_BPA_GW1[AF],1206332.0,5584032903.0,54581778.0
21300,2034-05-01,GW_storage_OR_WA_BPA_GW1[AF],1637870.0,5676873319.0,56219648.0
21301,2034-06-01,GW_storage_OR_WA_BPA_GW1[AF],1564468.0,5773341236.0,57784116.0
21302,2034-07-01,GW_storage_OR_WA_BPA_GW1[AF],1488702.0,5871231225.0,59272818.0
21303,2034-08-01,GW_storage_OR_WA_BPA_GW1[AF],1451785.0,5968392389.0,60724603.0
21304,2034-09-01,GW_storage_OR_WA_BPA_GW1[AF],1416945.0,6064112138.0,62141548.0
21305,2034-10-01,GW_storage_OR_WA_BPA_GW1[AF],1381807.0,6158273690.0,63523355.0
21306,2034-11-01,GW_storage_OR_WA_BPA_GW1[AF],1348647.0,6251013792.0,64872002.0
21307,2034-12-01,GW_storage_OR_WA_BPA_GW1[AF],1315202.0,6342469856.0,66187204.0
21308,2035-01-01,GW_storage_OR_WA_BPA_GW1[AF],1282587.0,6432436397.0,67469791.0
21309,2035-02-01,GW_storage_OR_WA_BPA_GW1[AF],1253856.0,6520973109.0,68723647.0
21310,2035-03-01,GW_storage_OR_WA_BPA_GW1[AF],1222763.0,6608114132.0,69946410.0
21311,2035-04-01,GW_storage_OR_WA_BPA_GW1[AF],1193417.0,6694040771.0,71139827.0
21312,2035-05-01,GW_storage_OR_WA_BPA_GW1[AF],1163821.0,6778544504.0,72303648.0
21313,2035-06-01,GW_storage_OR_WA_BPA_GW1[AF],1135890.0,6863239534.0,73439538.0
21314,2035-07-01,GW_storage_OR_WA_BPA_GW1[AF],1107721.0,6947511289.0,74547259.0
21315,2035-08-01,GW_storage_OR_WA_BPA_GW1[AF],1080251.0,7030376153.0,75627510.0
21316,2035-09-01,GW_storage_OR_WA_BPA_GW1[AF],1089069.0,7112119087.0,76716579.0
21317,2035-10-01,GW_storage_OR_WA_BPA_GW1[AF],1062060.0,7192574428.0,77778639.0
21318,2035-11-01,GW_storage_OR_WA_BPA_GW1[AF],1036570.0,7271865334.0,78815209.0
21319,2035-12-01,GW_storage_OR_WA_BPA_GW1[AF],1040682.0,7350179909.0,79855891.0
21320,2036-01-01,GW_storage_OR_WA_BPA_GW1[AF],1014873.0,7427195979.0,80870764.0
21321,2036-02-01,GW_storage_OR_WA_BPA_GW1[AF],991328.0,7503024891.0,81862092.0
21322,2036-03-01,GW_storage_OR_WA_BPA_GW1[AF],966743.0,7577632108.0,82828835.0
21323,2036-04-01,GW_storage_OR_WA_BPA_GW1[AF],943542.0,7651185144.0,83772377.0
21324,2036-05-01,GW_storage_OR_WA_BPA_GW1[AF],886204.0,7724300240.0,84658581.0
21325,2036-06-01,GW_storage_OR_WA_BPA_GW1[AF],864935.0,7796353708.0,85523516.0
21326,2036-07-01,GW_storage_OR_WA_BPA_GW1[AF],843485.0,7867314948.0,86367001.0
21327,2036-08-01,GW_storage_OR_WA_BPA_GW1[AF],822567.0,7937241278.0,87189568.0
21328,2036-09-01,GW_storage_OR_WA_BPA_GW1[AF],817747.0,8006295323.0,88007315.0
21329,2036-10-01,GW_storage_OR_WA_BPA_GW1[AF],797467.0,8074305646.0,88804782.0
21330,2036-11-01,GW_storage_OR_WA_BPA_GW1[AF],778328.0,8141376577.0,89583110.0
21331,2036-12-01,GW_storage_OR_WA_BPA_GW1[AF],789235.0,8207644541.0,90372345.0
21332,2037-01-01,GW_storage_OR_WA_BPA_GW1[AF],769662.0,8273161410.0,91142007.0
21333,2037-02-01,GW_storage_OR_WA_BPA_GW1[AF],752421.0,8337733681.0,91894428.0
21334,2037-03-01,GW_storage_OR_WA_BPA_GW1[AF],733762.0,8401237350.0,92628190.0
21335,2037-04-01,GW_storage_OR_WA_BPA_GW1[AF],716151.0,8463716442.0,93344341.0
21336,2037-05-01,GW_storage_OR_WA_BPA_GW1[AF],698394.0,8525229166.0,94042735.0
21337,2037-06-01,GW_storage_OR_WA_BPA_GW1[AF],681633.0,8585780498.0,94724368.0
21338,2037-07-01,GW_storage_OR_WA_BPA_GW1[AF],664731.0,8645518277.0,95389099.0
21339,2037-08-01,GW_storage_OR_WA_BPA_GW1[AF],648246.0,8704580765.0,96037345.0
21340,2037-09-01,GW_storage_OR_WA_BPA_GW1[AF],632688.0,8763159684.0,96670033.0
21341,2037-10-01,GW_storage_OR_WA_BPA_GW1[AF],616997.0,8821181815.0,97287030.0
21342,2037-11-01,GW_storage_OR_WA_BPA_GW1[AF],602189.0,8878677095.0,97889219.0
21343,2037-12-01,GW_storage_OR_WA_BPA_GW1[AF],587255.0,8935618642.0,98476474.0
21344,2038-01-01,GW_storage_OR_WA_BPA_GW1[AF],572691.0,8991690289.0,99049165.0
21345,2038-02-01,GW_storage_OR_WA_BPA_GW1[AF],559863.0,9049081585.0,99609028.0
21346,2038-03-01,GW_storage_OR_WA_BPA_GW1[AF],545978.0,9108044798.0,100155006.0
21347,2038-04-01,GW_storage_OR_WA_BPA_GW1[AF],532875.0,9168794933.0,100687881.0
21348,2038-05-01,GW_storage_OR_WA_BPA_GW1[AF],519659.0,9229969082.0,101207540.0
21349,2038-06-01,GW_storage_OR_WA_BPA_GW1[AF],507187.0,9290494843.0,101714727.0
21350,2038-07-01,GW_storage_OR_WA_BPA_GW1[AF],494609.0,9350294408.0,102209336.0
21351,2038-08-01,GW_storage_OR_WA_BPA_GW1[AF],482343.0,9409318940.0,102691679.0
21352,2038-09-01,GW_storage_OR_WA_BPA_GW1[AF],470766.0,9467673979.0,103162445.0
21353,2038-10-01,GW_storage_OR_WA_BPA_GW1[AF],459092.0,9525253636.0,103621537.0
21354,2038-11-01,GW_storage_OR_WA_BPA_GW1[AF],448074.0,9582098472.0,104069611.0
21355,2038-12-01,GW_storage_OR_WA_BPA_GW1[AF],436961.0,9638248766.0,104506572.0
21356,2039-01-01,GW_storage_OR_WA_BPA_GW1[AF],426124.0,9693650977.0,104932696.0
21357,2039-02-01,GW_storage_OR_WA_BPA_GW1[AF],416598.0,9750458830.0,105349294.0
21358,2039-03-01,GW_storage_OR_WA_BPA_GW1[AF],406267.0,9809156458.0,105755561.0
21359,2039-04-01,GW_storage_OR_WA_BPA_GW1[AF],396516.0,9868559467.0,106152077.0
21360,2039-05-01,GW_storage_OR_WA_BPA_GW1[AF],386682.0,9927385773.0,106538759.0
21361,2039-06-01,GW_storage_OR_WA_BPA_GW1[AF],377403.0,9986965256.0,106916162.0
21362,2039-07-01,GW_storage_OR_WA_BPA_GW1[AF],368043.0,10046475029.0,107284205.0
21363,2039-08-01,GW_storage_OR_WA_BPA_GW1[AF],358915.0,10105238592.0,107643120.0
21364,2039-09-01,GW_storage_OR_WA_BPA_GW1[AF],350302.0,10163363477.0,107993422.0
21365,2039-10-01,GW_storage_OR_WA_BPA_GW1[AF],341614.0,10220781260.0,108335036.0
21366,2039-11-01,GW_storage_OR_WA_BPA_GW1[AF],333415.0,10277373162.0,108668451.0
21367,2039-12-01,GW_storage_OR_WA_BPA_GW1[AF],325146.0,10333185165.0,108993597.0
21368,2040-01-01,GW_storage_OR_WA_BPA_GW1[AF],317082.0,10388289039.0,109310679.0
21369,2040-02-01,GW_storage_OR_WA_BPA_GW1[AF],309726.0,10442633493.0,109620405.0
21370,2040-03-01,GW_storage_OR_WA_BPA_GW1[AF],302045.0,10496196844.0,109922450.0
21371,2040-04-01,GW_storage_OR_WA_BPA_GW1[AF],328774.0,10549040409.0,110251224.0
21372,2040-05-01,GW_storage_OR_WA_BPA_GW1[AF],320621.0,10601395194.0,110571845.0
21373,2040-06-01,GW_storage_OR_WA_BPA_GW1[AF],312926.0,10653107949.0,110884771.0
21374,2040-07-01,GW_storage_OR_WA_BPA_GW1[AF],305165.0,10704171007.0,111189936.0
21375,2040-08-01,GW_storage_OR_WA_BPA_GW1[AF],297597.0,10754605305.0,111487533.0
21376,2040-09-01,GW_storage_OR_WA_BPA_GW1[AF],290454.0,10804445973.0,111777987.0
21377,2040-10-01,GW_storage_OR_WA_BPA_GW1[AF],283252.0,10853648570.0,112061239.0
21378,2040-11-01,GW_storage_OR_WA_BPA_GW1[AF],276454.0,10902484914.0,112337693.0
21379,2040-12-01,GW_storage_OR_WA_BPA_GW1[AF],269597.0,10950730644.0,112607290.0
21380,2041-01-01,GW_storage_OR_WA_BPA_GW1[AF],262911.0,10998281298.0,112870201.0
21381,2041-02-01,GW_storage_OR_WA_BPA_GW1[AF],257022.0,11047818234.0,113127223.0
21382,2041-03-01,GW_storage_OR_WA_BPA_GW1[AF],250659.0,11099139984.0,113377882.0
21383,2041-04-01,GW_storage_OR_WA_BPA_GW1[AF],244643.0,11151170281.0,113622525.0
21384,2041-05-01,GW_storage_OR_WA_BPA_GW1[AF],238576.0,11202540882.0,113861101.0
21385,2041-06-01,GW_storage_OR_WA_BPA_GW1[AF],232850.0,11253584926.0,114093951.0
21386,2041-07-01,GW_storage_OR_WA_BPA_GW1[AF],227075.0,11304087287.0,114321026.0
21387,2041-08-01,GW_storage_OR_WA_BPA_GW1[AF],221443.0,11354085428.0,114542469.0
21388,2041-09-01,GW_storage_OR_WA_BPA_GW1[AF],216129.0,11403615397.0,114758598.0
21389,2041-10-01,GW_storage_OR_WA_BPA_GW1[AF],210769.0,11452671944.0,114969367.0
21390,2041-11-01,GW_storage_OR_WA_BPA_GW1[AF],205711.0,11501212889.0,115175078.0
21391,2041-12-01,GW_storage_OR_WA_BPA_GW1[AF],200609.0,11549056939.0,115375687.0
21392,2042-01-01,GW_storage_OR_WA_BPA_GW1[AF],195633.0,11596204581.0,115571320.0
21393,2042-02-01,GW_storage_OR_WA_BPA_GW1[AF],191251.0,11642935334.0,115762571.0
21394,2042-03-01,GW_storage_OR_WA_BPA_GW1[AF],186508.0,11689092595.0,115949079.0
21395,2042-04-01,GW_storage_OR_WA_BPA_GW1[AF],182032.0,11735022869.0,116131111.0
21396,2042-05-01,GW_storage_OR_WA_BPA_GW1[AF],177517.0,11780876718.0,116308628.0
21397,2042-06-01,GW_storage_OR_WA_BPA_GW1[AF],173257.0,11826092725.0,116481885.0
21398,2042-07-01,GW_storage_OR_WA_BPA_GW1[AF],168960.0,11871546727.0,116650845.0
21399,2042-08-01,GW_storage_OR_WA_BPA_GW1[AF],164770.0,11916431990.0,116815615.0
21400,2042-09-01,GW_storage_OR_WA_BPA_GW1[AF],160816.0,11960791410.0,116976431.0
21401,2042-10-01,GW_storage_OR_WA_BPA_GW1[AF],156827.0,12004660184.0,117133258.0
21402,2042-11-01,GW_storage_OR_WA_BPA_GW1[AF],153063.0,12048130811.0,117286321.0
21403,2042-12-01,GW_storage_OR_WA_BPA_GW1[AF],149267.0,12091062837.0,117435588.0
21404,2043-01-01,GW_storage_OR_WA_BPA_GW1[AF],145565.0,12133444088.0,117581153.0
21405,2043-02-01,GW_storage_OR_WA_BPA_GW1[AF],142304.0,12175363925.0,117723457.0
21406,2043-03-01,GW_storage_OR_WA_BPA_GW1[AF],138775.0,12216725340.0,117862232.0
21407,2043-04-01,GW_storage_OR_WA_BPA_GW1[AF],135445.0,12257666079.0,117997677.0
21408,2043-05-01,GW_storage_OR_WA_BPA_GW1[AF],132085.0,12298078753.0,118129762.0
21409,2043-06-01,GW_storage_OR_WA_BPA_GW1[AF],128915.0,12338040338.0,118258677.0
21410,2043-07-01,GW_storage_OR_WA_BPA_GW1[AF],125718.0,12377535688.0,118384395.0
21411,2043-08-01,GW_storage_OR_WA_BPA_GW1[AF],122600.0,12416568319.0,118506995.0
21412,2043-09-01,GW_storage_OR_WA_BPA_GW1[AF],119658.0,12455234071.0,118626653.0
21413,2043-10-01,GW_storage_OR_WA_BPA_GW1[AF],116690.0,12493493716.0,118743343.0
21414,2043-11-01,GW_storage_OR_WA_BPA_GW1[AF],113889.0,12531340494.0,118857232.0
21415,2043-12-01,GW_storage_OR_WA_BPA_GW1[AF],111065.0,12568703212.0,118968297.0
21416,2044-01-01,GW_storage_OR_WA_BPA_GW1[AF],108310.0,12605614127.0,119076607.0
21417,2044-02-01,GW_storage_OR_WA_BPA_GW1[AF],105797.0,12642100391.0,119182404.0
21418,2044-03-01,GW_storage_OR_WA_BPA_GW1[AF],103174.0,12678094207.0,119285578.0
21419,2044-04-01,GW_storage_OR_WA_BPA_GW1[AF],693667.0,12715489683.0,119979245.0
21420,2044-05-01,GW_storage_OR_WA_BPA_GW1[AF],676464.0,12757376464.0,120655709.0
21421,2044-06-01,GW_storage_OR_WA_BPA_GW1[AF],660229.0,12798680033.0,121315938.0
21422,2044-07-01,GW_storage_OR_WA_BPA_GW1[AF],643856.0,12840178366.0,121959794.0
21423,2044-08-01,GW_storage_OR_WA_BPA_GW1[AF],627887.0,12881238666.0,122587681.0
21424,2044-09-01,GW_storage_OR_WA_BPA_GW1[AF],650785.0,12921922929.0,123238466.0
21425,2044-10-01,GW_storage_OR_WA_BPA_GW1[AF],634645.0,12962137170.0,123873111.0
21426,2044-11-01,GW_storage_OR_WA_BPA_GW1[AF],619414.0,13001917872.0,124492525.0
21427,2044-12-01,GW_storage_OR_WA_BPA_GW1[AF],604053.0,13041192913.0,125096578.0
21428,2045-01-01,GW_storage_OR_WA_BPA_GW1[AF],621791.0,13079996277.0,125718369.0
21429,2045-02-01,GW_storage_OR_WA_BPA_GW1[AF],607863.0,13119222084.0,126326232.0
21430,2045-03-01,GW_storage_OR_WA_BPA_GW1[AF],592788.0,13158364150.0,126919020.0
21431,2045-04-01,GW_storage_OR_WA_BPA_GW1[AF],578561.0,13198157185.0,127497581.0
21432,2045-05-01,GW_storage_OR_WA_BPA_GW1[AF],564213.0,13237869018.0,128061794.0
21433,2045-06-01,GW_storage_OR_WA_BPA_GW1[AF],550672.0,13278774379.0,128612466.0
21434,2045-07-01,GW_storage_OR_WA_BPA_GW1[AF],537015.0,13324244062.0,129149481.0
21435,2045-08-01,GW_storage_OR_WA_BPA_GW1[AF],523697.0,13372386542.0,129673178.0
21436,2045-09-01,GW_storage_OR_WA_BPA_GW1[AF],511128.0,13419876881.0,130184306.0
21437,2045-10-01,GW_storage_OR_WA_BPA_GW1[AF],498452.0,13466818785.0,130682758.0
21438,2045-11-01,GW_storage_OR_WA_BPA_GW1[AF],486490.0,13513160105.0,131169248.0
21439,2045-12-01,GW_storage_OR_WA_BPA_GW1[AF],474425.0,13560745919.0,131643673.0
21440,2046-01-01,GW_storage_OR_WA_BPA_GW1[AF],462659.0,13615290772.0,132106332.0
21441,2046-02-01,GW_storage_OR_WA_BPA_GW1[AF],452296.0,13677811710.0,132558628.0
21442,2046-03-01,GW_storage_OR_WA_BPA_GW1[AF],441075.0,13748607831.0,132999703.0
21443,2046-04-01,GW_storage_OR_WA_BPA_GW1[AF],430494.0,13826873589.0,133430197.0
21444,2046-05-01,GW_storage_OR_WA_BPA_GW1[AF],705221.0,13907944967.0,134135418.0
21445,2046-06-01,GW_storage_OR_WA_BPA_GW1[AF],688297.0,13989979852.0,134823715.0
21446,2046-07-01,GW_storage_OR_WA_BPA_GW1[AF],671227.0,14071604903.0,135494942.0
21447,2046-08-01,GW_storage_OR_WA_BPA_GW1[AF],654580.0,14152131683.0,136149522.0
21448,2046-09-01,GW_storage_OR_WA_BPA_GW1[AF],678060.0,14231617714.0,136827582.0
21449,2046-10-01,GW_storage_OR_WA_BPA_GW1[AF],661246.0,14310005025.0,137488828.0
21450,2046-11-01,GW_storage_OR_WA_BPA_GW1[AF],645377.0,14387273527.0,138134205.0
21451,2046-12-01,GW_storage_OR_WA_BPA_GW1[AF],629372.0,14463437376.0,138763577.0
21452,2047-01-01,GW_storage_OR_WA_BPA_GW1[AF],613766.0,14538457981.0,139377343.0
21453,2047-02-01,GW_storage_OR_WA_BPA_GW1[AF],600018.0,14612508014.0,139977361.0
21454,2047-03-01,GW_storage_OR_WA_BPA_GW1[AF],585137.0,14685452283.0,140562498.0
21455,2047-04-01,GW_storage_OR_WA_BPA_GW1[AF],1213164.0,14764472816.0,141775662.0
21456,2047-05-01,GW_storage_OR_WA_BPA_GW1[AF],2841282.0,14860897341.0,144616944.0
21457,2047-06-01,GW_storage_OR_WA_BPA_GW1[AF],2773090.0,14972506362.0,147390034.0
21458,2047-07-01,GW_storage_OR_WA_BPA_GW1[AF],2704317.0,15088231692.0,150094351.0
21459,2047-08-01,GW_storage_OR_WA_BPA_GW1[AF],2637251.0,15203332934.0,152731602.0
21460,2047-09-01,GW_storage_OR_WA_BPA_GW1[AF],2573958.0,15317492289.0,155305560.0
21461,2047-10-01,GW_storage_OR_WA_BPA_GW1[AF],2510123.0,15430042333.0,157815683.0
21462,2047-11-01,GW_storage_OR_WA_BPA_GW1[AF],2449879.0,15542831934.0,160265562.0
21463,2047-12-01,GW_storage_OR_WA_BPA_GW1[AF],2389124.0,15653870877.0,162654686.0
21464,2048-01-01,GW_storage_OR_WA_BPA_GW1[AF],2329873.0,15763169397.0,164984559.0
21465,2048-02-01,GW_storage_OR_WA_BPA_GW1[AF],2275824.0,15872138297.0,167260383.0
21466,2048-03-01,GW_storage_OR_WA_BPA_GW1[AF],2219381.0,15987897138.0,169479764.0
21467,2048-04-01,GW_storage_OR_WA_BPA_GW1[AF],2572293.0,16106751114.0,172052057.0
21468,2048-05-01,GW_storage_OR_WA_BPA_GW1[AF],2508502.0,16226738594.0,174560559.0
21469,2048-06-01,GW_storage_OR_WA_BPA_GW1[AF],2489721.0,16346930466.0,177050280.0
21470,2048-07-01,GW_storage_OR_WA_BPA_GW1[AF],2469839.0,16466203172.0,179520119.0
21471,2048-08-01,GW_storage_OR_WA_BPA_GW1[AF],2408586.0,16583670765.0,181928705.0
21472,2048-09-01,GW_storage_OR_WA_BPA_GW1[AF],2390754.0,16699553017.0,184319459.0
21473,2048-10-01,GW_storage_OR_WA_BPA_GW1[AF],2331466.0,16813788962.0,186650925.0
21474,2048-11-01,GW_storage_OR_WA_BPA_GW1[AF],2275511.0,16926416472.0,188926436.0
21475,2048-12-01,GW_storage_OR_WA_BPA_GW1[AF],2219077.0,17038918116.0,191145513.0
21476,2049-01-01,GW_storage_OR_WA_BPA_GW1[AF],2164052.0,17150214903.0,193309565.0
21477,2049-02-01,GW_storage_OR_WA_BPA_GW1[AF],2115578.0,17259849423.0,195425143.0
21478,2049-03-01,GW_storage_OR_WA_BPA_GW1[AF],2063112.0,17374140295.0,197488255.0
21479,2049-04-01,GW_storage_OR_WA_BPA_GW1[AF],2636659.0,17496980626.0,200124914.0
21480,2049-05-01,GW_storage_OR_WA_BPA_GW1[AF],2571270.0,17623520262.0,202696184.0
21481,2049-06-01,GW_storage_OR_WA_BPA_GW1[AF],2509559.0,17749882278.0,205205743.0
21482,2049-07-01,GW_storage_OR_WA_BPA_GW1[AF],2447325.0,17875311834.0,207653068.0
21483,2049-08-01,GW_storage_OR_WA_BPA_GW1[AF],2408939.0,17998950915.0,210062007.0
21484,2049-09-01,GW_storage_OR_WA_BPA_GW1[AF],2391576.0,18120987592.0,212453583.0
21485,2049-10-01,GW_storage_OR_WA_BPA_GW1[AF],2332264.0,18241422265.0,214785847.0
21486,2049-11-01,GW_storage_OR_WA_BPA_GW1[AF],2276292.0,18360102830.0,217062139.0
21487,2049-12-01,GW_storage_OR_WA_BPA_GW1[AF],2219842.0,18476910369.0,219281981.0
21488,2050-01-01,GW_storage_OR_WA_BPA_GW1[AF],2188606.0,18591916831.0,221470587.0
21489,2050-02-01,GW_storage_OR_WA_BPA_GW1[AF],2139584.0,18705272956.0,223610171.0
21490,2050-03-01,GW_storage_OR_WA_BPA_GW1[AF],2086526.0,18821028859.0,225696697.0
21491,2050-04-01,GW_storage_OR_WA_BPA_GW1[AF],2036453.0,18940506995.0,227733150.0
21492,2050-05-01,GW_storage_OR_WA_BPA_GW1[AF],1986005.0,19059600483.0,229719155.0
21493,2050-06-01,GW_storage_OR_WA_BPA_GW1[AF],1938341.0,19178428021.0,231657496.0
21494,2050-07-01,GW_storage_OR_WA_BPA_GW1[AF],1890273.0,19296435077.0,233547769.0
21495,2050-08-01,GW_storage_OR_WA_BPA_GW1[AF],1885845.0,19412834260.0,235433614.0
21496,2050-09-01,GW_storage_OR_WA_BPA_GW1[AF],1881085.0,19527808893.0,237314699.0
21497,2050-10-01,GW_storage_OR_WA_BPA_GW1[AF],1834435.0,19641173895.0,239149134.0
21498,2050-11-01,GW_storage_OR_WA_BPA_GW1[AF],1790408.0,19752769080.0,240939542.0
21499,2050-12-01,GW_storage_OR_WA_BPA_GW1[AF],1746006.0,19862611454.0,242685548.0
21500,2051-01-01,GW_storage_OR_WA_BPA_GW1[AF],1702710.0,19970764786.0,244388258.0
21501,2051-02-01,GW_storage_OR_WA_BPA_GW1[AF],1664569.0,20077395432.0,246052827.0
21502,2051-03-01,GW_storage_OR_WA_BPA_GW1[AF],1623289.0,20182370827.0,247676116.0
21503,2051-04-01,GW_storage_OR_WA_BPA_GW1[AF],1976081.0,20291580463.0,249652197.0
21504,2051-05-01,GW_storage_OR_WA_BPA_GW1[AF],1927127.0,20400038326.0,251579324.0
21505,2051-06-01,GW_storage_OR_WA_BPA_GW1[AF],1880880.0,20508257786.0,253460204.0
21506,2051-07-01,GW_storage_OR_WA_BPA_GW1[AF],1834235.0,20615875318.0,255294439.0
21507,2051-08-01,GW_storage_OR_WA_BPA_GW1[AF],1788747.0,20722198437.0,257083186.0
21508,2051-09-01,GW_storage_OR_WA_BPA_GW1[AF],1745819.0,20827038775.0,258829005.0
21509,2051-10-01,GW_storage_OR_WA_BPA_GW1[AF],1702525.0,20930437548.0,260531530.0
21510,2051-11-01,GW_storage_OR_WA_BPA_GW1[AF],1661667.0,21032468769.0,262193197.0
21511,2051-12-01,GW_storage_OR_WA_BPA_GW1[AF],1620459.0,21133705710.0,263813656.0
21512,2052-01-01,GW_storage_OR_WA_BPA_GW1[AF],1580273.0,21233433839.0,265393929.0
21513,2052-02-01,GW_storage_OR_WA_BPA_GW1[AF],1543611.0,21331717041.0,266937540.0
21514,2052-03-01,GW_storage_OR_WA_BPA_GW1[AF],1505333.0,21429607427.0,268442873.0
21515,2052-04-01,GW_storage_OR_WA_BPA_GW1[AF],1469205.0,21527851494.0,269912078.0
21516,2052-05-01,GW_storage_OR_WA_BPA_GW1[AF],1432772.0,21624977785.0,271344850.0
21517,2052-06-01,GW_storage_OR_WA_BPA_GW1[AF],1398385.0,21720857498.0,272743235.0
21518,2052-07-01,GW_storage_OR_WA_BPA_GW1[AF],1363707.0,21815421513.0,274106942.0
21519,2052-08-01,GW_storage_OR_WA_BPA_GW1[AF],1329887.0,21908765850.0,275436829.0
21520,2052-09-01,GW_storage_OR_WA_BPA_GW1[AF],1297969.0,22001026854.0,276734798.0
21521,2052-10-01,GW_storage_OR_WA_BPA_GW1[AF],1303967.0,22092179195.0,278038765.0
21522,2052-11-01,GW_storage_OR_WA_BPA_GW1[AF],1308858.0,22182158688.0,279347623.0
21523,2052-12-01,GW_storage_OR_WA_BPA_GW1[AF],1311409.0,22270990851.0,280659032.0
21524,2053-01-01,GW_storage_OR_WA_BPA_GW1[AF],1278887.0,22358572318.0,281937919.0
21525,2053-02-01,GW_storage_OR_WA_BPA_GW1[AF],1286500.0,22445234888.0,283224419.0
21526,2053-03-01,GW_storage_OR_WA_BPA_GW1[AF],1292463.0,22531338210.0,284516882.0
21527,2053-04-01,GW_storage_OR_WA_BPA_GW1[AF],1261444.0,22618197854.0,285778326.0
21528,2053-05-01,GW_storage_OR_WA_BPA_GW1[AF],1230160.0,22705000235.0,287008486.0
21529,2053-06-01,GW_storage_OR_WA_BPA_GW1[AF],1200636.0,22792005107.0,288209122.0
21530,2053-07-01,GW_storage_OR_WA_BPA_GW1[AF],1170860.0,22878611714.0,289379982.0
21531,2053-08-01,GW_storage_OR_WA_BPA_GW1[AF],1141823.0,22964123789.0,290521805.0
21532,2053-09-01,GW_storage_OR_WA_BPA_GW1[AF],1114419.0,23048536524.0,291636224.0
21533,2053-10-01,GW_storage_OR_WA_BPA_GW1[AF],1086782.0,23131866519.0,292723006.0
21534,2053-11-01,GW_storage_OR_WA_BPA_GW1[AF],1060700.0,23214276747.0,293783706.0
21535,2053-12-01,GW_storage_OR_WA_BPA_GW1[AF],1034393.0,23295578937.0,294818099.0
21536,2054-01-01,GW_storage_OR_WA_BPA_GW1[AF],1008740.0,23375761806.0,295826839.0
21537,2054-02-01,GW_storage_OR_WA_BPA_GW1[AF],986145.0,23454991045.0,296812984.0
21538,2054-03-01,GW_storage_OR_WA_BPA_GW1[AF],961688.0,23533194281.0,297774672.0
21539,2054-04-01,GW_storage_OR_WA_BPA_GW1[AF],938609.0,23610840643.0,298713281.0
21540,2054-05-01,GW_storage_OR_WA_BPA_GW1[AF],915331.0,23687968757.0,299628612.0
21541,2054-06-01,GW_storage_OR_WA_BPA_GW1[AF],893363.0,23764134532.0,300521975.0
21542,2054-07-01,GW_storage_OR_WA_BPA_GW1[AF],871208.0,23839346953.0,301393183.0
21543,2054-08-01,GW_storage_OR_WA_BPA_GW1[AF],849602.0,23913680649.0,302242785.0
21544,2054-09-01,GW_storage_OR_WA_BPA_GW1[AF],829212.0,23987275722.0,303071997.0
21545,2054-10-01,GW_storage_OR_WA_BPA_GW1[AF],808648.0,24060063673.0,303880645.0
21546,2054-11-01,GW_storage_OR_WA_BPA_GW1[AF],825846.0,24132040073.0,304706491.0
21547,2054-12-01,GW_storage_OR_WA_BPA_GW1[AF],805366.0,24203075252.0,305511857.0
21548,2055-01-01,GW_storage_OR_WA_BPA_GW1[AF],785392.0,24273232069.0,306297249.0
21549,2055-02-01,GW_storage_OR_WA_BPA_GW1[AF],767800.0,24346983422.0,307065049.0
21550,2055-03-01,GW_storage_OR_WA_BPA_GW1[AF],748759.0,24429418525.0,307813808.0
21551,2055-04-01,GW_storage_OR_WA_BPA_GW1[AF],730788.0,24519974284.0,308544596.0
21552,2055-05-01,GW_storage_OR_WA_BPA_GW1[AF],712665.0,24612887460.0,309257261.0
21553,2055-06-01,GW_storage_OR_WA_BPA_GW1[AF],695561.0,24705731755.0,309952822.0
21554,2055-07-01,GW_storage_OR_WA_BPA_GW1[AF],678311.0,24797561549.0,310631133.0
21555,2055-08-01,GW_storage_OR_WA_BPA_GW1[AF],661489.0,24888417864.0,311292622.0
21556,2055-09-01,GW_storage_OR_WA_BPA_GW1[AF],645613.0,24978247446.0,311938235.0
21557,2055-10-01,GW_storage_OR_WA_BPA_GW1[AF],629602.0,25067037402.0,312567837.0
21558,2055-11-01,GW_storage_OR_WA_BPA_GW1[AF],614491.0,25154620871.0,313182328.0
21559,2055-12-01,GW_storage_OR_WA_BPA_GW1[AF],599253.0,25240958786.0,313781581.0
21560,2056-01-01,GW_storage_OR_WA_BPA_GW1[AF],584390.0,25326085001.0,314365971.0
21561,2056-02-01,GW_storage_OR_WA_BPA_GW1[AF],570833.0,25410115783.0,314936804.0
21562,2056-03-01,GW_storage_OR_WA_BPA_GW1[AF],556676.0,25493046199.0,315493480.0
21563,2056-04-01,GW_storage_OR_WA_BPA_GW1[AF],543316.0,25579867650.0,316036796.0
21564,2056-05-01,GW_storage_OR_WA_BPA_GW1[AF],529842.0,25665994452.0,316566638.0
21565,2056-06-01,GW_storage_OR_WA_BPA_GW1[AF],517125.0,25751014051.0,317083763.0
21566,2056-07-01,GW_storage_OR_WA_BPA_GW1[AF],504301.0,25834999057.0,317588064.0
21567,2056-08-01,GW_storage_OR_WA_BPA_GW1[AF],536715.0,25918012980.0,318124779.0
21568,2056-09-01,GW_storage_OR_WA_BPA_GW1[AF],523834.0,26000006720.0,318648613.0
21569,2056-10-01,GW_storage_OR_WA_BPA_GW1[AF],510844.0,26080893812.0,319159457.0
21570,2056-11-01,GW_storage_OR_WA_BPA_GW1[AF],498583.0,26160908259.0,319658040.0
21571,2056-12-01,GW_storage_OR_WA_BPA_GW1[AF],524105.0,26240212456.0,320182145.0
21572,2057-01-01,GW_storage_OR_WA_BPA_GW1[AF],511107.0,26318587848.0,320693252.0
21573,2057-02-01,GW_storage_OR_WA_BPA_GW1[AF],499659.0,26395985372.0,321192911.0
21574,2057-03-01,GW_storage_OR_WA_BPA_GW1[AF],487268.0,26472734266.0,321680179.0
21575,2057-04-01,GW_storage_OR_WA_BPA_GW1[AF],435021.0,26556295278.0,322115200.0
21576,2057-05-01,GW_storage_OR_WA_BPA_GW1[AF],424232.0,26638790503.0,322539432.0
21577,2057-06-01,GW_storage_OR_WA_BPA_GW1[AF],414050.0,26720263696.0,322953482.0
21578,2057-07-01,GW_storage_OR_WA_BPA_GW1[AF],403782.0,26800720453.0,323357264.0
21579,2057-08-01,GW_storage_OR_WA_BPA_GW1[AF],393768.0,26880212595.0,323751032.0
21580,2057-09-01,GW_storage_OR_WA_BPA_GW1[AF],384317.0,26958875022.0,324135349.0
21581,2057-10-01,GW_storage_OR_WA_BPA_GW1[AF],379548.0,27036568588.0,324514897.0
21582,2057-11-01,GW_storage_OR_WA_BPA_GW1[AF],408719.0,27113396201.0,324923616.0
21583,2057-12-01,GW_storage_OR_WA_BPA_GW1[AF],398583.0,27189264327.0,325322199.0
21584,2058-01-01,GW_storage_OR_WA_BPA_GW1[AF],388698.0,27264124633.0,325710897.0
21585,2058-02-01,GW_storage_OR_WA_BPA_GW1[AF],417776.0,27348265847.0,326128673.0
21586,2058-03-01,GW_storage_OR_WA_BPA_GW1[AF],407415.0,27440889382.0,326536088.0
21587,2058-04-01,GW_storage_OR_WA_BPA_GW1[AF],397676.0,27539133274.0,326933764.0
21588,2058-05-01,GW_storage_OR_WA_BPA_GW1[AF],429605.0,27639449314.0,327363369.0
21589,2058-06-01,GW_storage_OR_WA_BPA_GW1[AF],419294.0,27738779306.0,327782663.0
21590,2058-07-01,GW_storage_OR_WA_BPA_GW1[AF],408896.0,27837531793.0,328191559.0
21591,2058-08-01,GW_storage_OR_WA_BPA_GW1[AF],443856.0,27935280444.0,328635415.0
21592,2058-09-01,GW_storage_OR_WA_BPA_GW1[AF],433203.0,28031862865.0,329068618.0
21593,2058-10-01,GW_storage_OR_WA_BPA_GW1[AF],422460.0,28127260463.0,329491078.0
21594,2058-11-01,GW_storage_OR_WA_BPA_GW1[AF],412321.0,28221366217.0,329903399.0
21595,2058-12-01,GW_storage_OR_WA_BPA_GW1[AF],402096.0,28314157055.0,330305495.0
21596,2059-01-01,GW_storage_OR_WA_BPA_GW1[AF],392124.0,28405540773.0,330697619.0
21597,2059-02-01,GW_storage_OR_WA_BPA_GW1[AF],383340.0,28502067677.0,331080959.0
21598,2059-03-01,GW_storage_OR_WA_BPA_GW1[AF],373833.0,28605457246.0,331454792.0
21599,2059-04-01,GW_storage_OR_WA_BPA_GW1[AF],364861.0,28717814838.0,331819653.0
21600,2059-05-01,GW_storage_OR_WA_BPA_GW1[AF],355812.0,28830913147.0,332175465.0
21601,2059-06-01,GW_storage_OR_WA_BPA_GW1[AF],347273.0,28943770190.0,332522738.0
21602,2059-07-01,GW_storage_OR_WA_BPA_GW1[AF],338661.0,29055182582.0,332861399.0
21603,2059-08-01,GW_storage_OR_WA_BPA_GW1[AF],376081.0,29165160032.0,333237480.0
21604,2059-09-01,GW_storage_OR_WA_BPA_GW1[AF],410846.0,29273920291.0,333648326.0
21605,2059-10-01,GW_storage_OR_WA_BPA_GW1[AF],400658.0,29381402010.0,334048984.0
21606,2059-11-01,GW_storage_OR_WA_BPA_GW1[AF],391042.0,29487451547.0,334440026.0
21607,2059-12-01,GW_storage_OR_WA_BPA_GW1[AF],381344.0,29592083281.0,334821370.0
21608,2060-01-01,GW_storage_OR_WA_BPA_GW1[AF],371886.0,29695071869.0,335193256.0
21609,2060-02-01,GW_storage_OR_WA_BPA_GW1[AF],363259.0,29797999369.0,335556515.0
21610,2060-03-01,GW_storage_OR_WA_BPA_GW1[AF],354250.0,29907235449.0,335910765.0
21611,2060-04-01,GW_storage_OR_WA_BPA_GW1[AF],912308.0,30022282651.0,336823073.0
21612,2060-05-01,GW_storage_OR_WA_BPA_GW1[AF],845791.0,30138204137.0,337668864.0
21613,2060-06-01,GW_storage_OR_WA_BPA_GW1[AF],825492.0,30253989194.0,338494356.0
21614,2060-07-01,GW_storage_OR_WA_BPA_GW1[AF],805021.0,30369445165.0,339299377.0
21615,2060-08-01,GW_storage_OR_WA_BPA_GW1[AF],831347.0,30483354195.0,340130724.0
21616,2060-09-01,GW_storage_OR_WA_BPA_GW1[AF],855486.0,30595912136.0,340986210.0
21617,2060-10-01,GW_storage_OR_WA_BPA_GW1[AF],834270.0,30707058453.0,341820480.0
21618,2060-11-01,GW_storage_OR_WA_BPA_GW1[AF],814247.0,30816686913.0,342634727.0
21619,2060-12-01,GW_storage_OR_WA_BPA_GW1[AF],794053.0,30924630927.0,343428780.0
21620,2061-01-01,GW_storage_OR_WA_BPA_GW1[AF],774361.0,31038058188.0,344203141.0
21621,2061-02-01,GW_storage_OR_WA_BPA_GW1[AF],757016.0,31163247262.0,344960157.0
21622,2061-03-01,GW_storage_OR_WA_BPA_GW1[AF],738244.0,31301926464.0,345698401.0
21623,2061-04-01,GW_storage_OR_WA_BPA_GW1[AF],2283739.0,31460043743.0,347982140.0
21624,2061-05-01,GW_storage_OR_WA_BPA_GW1[AF],2227102.0,31621719240.0,350209242.0
21625,2061-06-01,GW_storage_OR_WA_BPA_GW1[AF],2173655.0,31781944019.0,352382897.0
21626,2061-07-01,GW_storage_OR_WA_BPA_GW1[AF],2167024.0,31940594248.0,354549921.0
21627,2061-08-01,GW_storage_OR_WA_BPA_GW1[AF],2113281.0,32097666692.0,356663202.0
21628,2061-09-01,GW_storage_OR_WA_BPA_GW1[AF],2062566.0,32253244922.0,358725768.0
21629,2061-10-01,GW_storage_OR_WA_BPA_GW1[AF],2011416.0,32407132898.0,360737184.0
21630,2061-11-01,GW_storage_OR_WA_BPA_GW1[AF],1963145.0,32559108380.0,362700329.0
21631,2061-12-01,GW_storage_OR_WA_BPA_GW1[AF],1914462.0,32709321481.0,364614791.0
21632,2062-01-01,GW_storage_OR_WA_BPA_GW1[AF],1866985.0,32858735378.0,366481776.0
21633,2062-02-01,GW_storage_OR_WA_BPA_GW1[AF],1825165.0,33022044851.0,368306941.0
21634,2062-03-01,GW_storage_OR_WA_BPA_GW1[AF],1779904.0,33198837130.0,370086845.0
21635,2062-04-01,GW_storage_OR_WA_BPA_GW1[AF],1737186.0,33390837210.0,371824031.0
21636,2062-05-01,GW_storage_OR_WA_BPA_GW1[AF],1694166.0,33584259641.0,373518197.0
21637,2062-06-01,GW_storage_OR_WA_BPA_GW1[AF],1653506.0,33776858517.0,375171703.0
21638,2062-07-01,GW_storage_OR_WA_BPA_GW1[AF],1612500.0,33967635736.0,376784203.0
21639,2062-08-01,GW_storage_OR_WA_BPA_GW1[AF],1618924.0,34156855847.0,378403127.0
21640,2062-09-01,GW_storage_OR_WA_BPA_GW1[AF],1625448.0,34344548104.0,380028575.0
21641,2062-10-01,GW_storage_OR_WA_BPA_GW1[AF],1585138.0,34530332137.0,381613713.0
21642,2062-11-01,GW_storage_OR_WA_BPA_GW1[AF],1547096.0,34714073091.0,383160809.0
21643,2062-12-01,GW_storage_OR_WA_BPA_GW1[AF],1508731.0,34895778448.0,384669540.0
21644,2063-01-01,GW_storage_OR_WA_BPA_GW1[AF],1471319.0,35079072230.0,386140859.0
21645,2063-02-01,GW_storage_OR_WA_BPA_GW1[AF],1478072.0,35269350335.0,387618931.0
21646,2063-03-01,GW_storage_OR_WA_BPA_GW1[AF],1441418.0,35470064786.0,389060349.0
21647,2063-04-01,GW_storage_OR_WA_BPA_GW1[AF],1406825.0,35683040547.0,390467174.0
21648,2063-05-01,GW_storage_OR_WA_BPA_GW1[AF],1371938.0,35907121073.0,391839112.0
21649,2063-06-01,GW_storage_OR_WA_BPA_GW1[AF],1339015.0,36134854310.0,393178127.0
21650,2063-07-01,GW_storage_OR_WA_BPA_GW1[AF],1305808.0,36361472567.0,394483935.0
21651,2063-08-01,GW_storage_OR_WA_BPA_GW1[AF],1321327.0,36586142514.0,395805262.0
21652,2063-09-01,GW_storage_OR_WA_BPA_GW1[AF],1335667.0,36808934029.0,397140929.0
21653,2063-10-01,GW_storage_OR_WA_BPA_GW1[AF],1302545.0,37029507927.0,398443474.0
21654,2063-11-01,GW_storage_OR_WA_BPA_GW1[AF],1271287.0,37248012309.0,399714761.0
21655,2063-12-01,GW_storage_OR_WA_BPA_GW1[AF],1239762.0,37465671472.0,400954523.0
21656,2064-01-01,GW_storage_OR_WA_BPA_GW1[AF],1248467.0,37694815963.0,402202990.0
21657,2064-02-01,GW_storage_OR_WA_BPA_GW1[AF],1219502.0,37945097639.0,403422492.0
21658,2064-03-01,GW_storage_OR_WA_BPA_GW1[AF],1189263.0,38213638934.0,404611755.0
21659,2064-04-01,GW_storage_OR_WA_BPA_GW1[AF],1160720.0,38493367090.0,405772475.0
21660,2064-05-01,GW_storage_OR_WA_BPA_GW1[AF],1086307.0,38776738105.0,406858782.0
21661,2064-06-01,GW_storage_OR_WA_BPA_GW1[AF],1060236.0,39060661713.0,407919018.0
21662,2064-07-01,GW_storage_OR_WA_BPA_GW1[AF],1033945.0,39341932866.0,408952963.0
21663,2064-08-01,GW_storage_OR_WA_BPA_GW1[AF],1008304.0,39620711220.0,409961267.0
21664,2064-09-01,GW_storage_OR_WA_BPA_GW1[AF],984105.0,39897002798.0,410945372.0
21665,2064-10-01,GW_storage_OR_WA_BPA_GW1[AF],959701.0,40170736712.0,411905073.0
21666,2064-11-01,GW_storage_OR_WA_BPA_GW1[AF],936669.0,40442044957.0,412841742.0
21667,2064-12-01,GW_storage_OR_WA_BPA_GW1[AF],913442.0,40711834451.0,413755184.0
21668,2065-01-01,GW_storage_OR_WA_BPA_GW1[AF],930881.0,40982757097.0,414686065.0
21669,2065-02-01,GW_storage_OR_WA_BPA_GW1[AF],910029.0,41255716076.0,415596094.0
21670,2065-03-01,GW_storage_OR_WA_BPA_GW1[AF],887461.0,41533378347.0,416483555.0
21671,2065-04-01,GW_storage_OR_WA_BPA_GW1[AF],866161.0,41819419395.0,417349716.0
21672,2065-05-01,GW_storage_OR_WA_BPA_GW1[AF],844684.0,42107659636.0,418194400.0
21673,2065-06-01,GW_storage_OR_WA_BPA_GW1[AF],824412.0,42393392346.0,419018812.0
21674,2065-07-01,GW_storage_OR_WA_BPA_GW1[AF],803966.0,42678359041.0,419822778.0
21675,2065-08-01,GW_storage_OR_WA_BPA_GW1[AF],784032.0,42960938762.0,420606810.0
21676,2065-09-01,GW_storage_OR_WA_BPA_GW1[AF],765215.0,43241061639.0,421372025.0
21677,2065-10-01,GW_storage_OR_WA_BPA_GW1[AF],746240.0,43518553408.0,422118265.0
21678,2065-11-01,GW_storage_OR_WA_BPA_GW1[AF],728331.0,43793351378.0,422846596.0
21679,2065-12-01,GW_storage_OR_WA_BPA_GW1[AF],710268.0,44065325818.0,423556864.0
21680,2066-01-01,GW_storage_OR_WA_BPA_GW1[AF],692654.0,44334625115.0,424249518.0
21681,2066-02-01,GW_storage_OR_WA_BPA_GW1[AF],677138.0,44601575728.0,424926656.0
21682,2066-03-01,GW_storage_OR_WA_BPA_GW1[AF],660348.0,44865977654.0,425587004.0
21683,2066-04-01,GW_storage_OR_WA_BPA_GW1[AF],644500.0,45130939542.0,426231504.0
21684,2066-05-01,GW_storage_OR_WA_BPA_GW1[AF],628517.0,45393925169.0,426860021.0
21685,2066-06-01,GW_storage_OR_WA_BPA_GW1[AF],613433.0,45654573916.0,427473454.0
21686,2066-07-01,GW_storage_OR_WA_BPA_GW1[AF],598223.0,45912927675.0,428071677.0
21687,2066-08-01,GW_storage_OR_WA_BPA_GW1[AF],583389.0,46169111465.0,428655066.0
21688,2066-09-01,GW_storage_OR_WA_BPA_GW1[AF],569388.0,46423600426.0,429224454.0
21689,2066-10-01,GW_storage_OR_WA_BPA_GW1[AF],600427.0,46676263355.0,429824881.0
21690,2066-11-01,GW_storage_OR_WA_BPA_GW1[AF],628351.0,46927228863.0,430453232.0
21691,2066-12-01,GW_storage_OR_WA_BPA_GW1[AF],612769.0,47176198480.0,431066001.0
21692,2067-01-01,GW_storage_OR_WA_BPA_GW1[AF],597571.0,47422896821.0,431663572.0
21693,2067-02-01,GW_storage_OR_WA_BPA_GW1[AF],584186.0,47667661431.0,432247758.0
21694,2067-03-01,GW_storage_OR_WA_BPA_GW1[AF],569699.0,47910308464.0,432817457.0
21695,2067-04-01,GW_storage_OR_WA_BPA_GW1[AF],556025.0,48151085524.0,433373482.0
21696,2067-05-01,GW_storage_OR_WA_BPA_GW1[AF],542236.0,48389950965.0,433915718.0
21697,2067-06-01,GW_storage_OR_WA_BPA_GW1[AF],529222.0,48627002221.0,434444940.0
21698,2067-07-01,GW_storage_OR_WA_BPA_GW1[AF],516098.0,48862124917.0,434961038.0
21699,2067-08-01,GW_storage_OR_WA_BPA_GW1[AF],503299.0,49095321876.0,435464337.0
21700,2067-09-01,GW_storage_OR_WA_BPA_GW1[AF],491219.0,49326841519.0,435955556.0
21701,2067-10-01,GW_storage_OR_WA_BPA_GW1[AF],479037.0,49556552267.0,436434593.0
21702,2067-11-01,GW_storage_OR_WA_BPA_GW1[AF],509996.0,49784868208.0,436944589.0
21703,2067-12-01,GW_storage_OR_WA_BPA_GW1[AF],497348.0,50011545293.0,437441937.0
21704,2068-01-01,GW_storage_OR_WA_BPA_GW1[AF],485014.0,50238331069.0,437926951.0
21705,2068-02-01,GW_storage_OR_WA_BPA_GW1[AF],473772.0,50478937732.0,438400723.0
21706,2068-03-01,GW_storage_OR_WA_BPA_GW1[AF],505506.0,50739381265.0,438906229.0
21707,2068-04-01,GW_storage_OR_WA_BPA_GW1[AF],493374.0,51011294375.0,439399603.0
21708,2068-05-01,GW_storage_OR_WA_BPA_GW1[AF],481139.0,51290774772.0,439880742.0
21709,2068-06-01,GW_storage_OR_WA_BPA_GW1[AF],469592.0,51571539123.0,440350334.0
21710,2068-07-01,GW_storage_OR_WA_BPA_GW1[AF],457946.0,51851333229.0,440808280.0
21711,2068-08-01,GW_storage_OR_WA_BPA_GW1[AF],446589.0,52129191774.0,441254869.0
21712,2068-09-01,GW_storage_OR_WA_BPA_GW1[AF],483911.0,52405096290.0,441738780.0
21713,2068-10-01,GW_storage_OR_WA_BPA_GW1[AF],471910.0,52678907664.0,442210690.0
21714,2068-11-01,GW_storage_OR_WA_BPA_GW1[AF],460585.0,52950483517.0,442671275.0
21715,2068-12-01,GW_storage_OR_WA_BPA_GW1[AF],449162.0,53219819895.0,443120437.0
21716,2069-01-01,GW_storage_OR_WA_BPA_GW1[AF],438023.0,53487155316.0,443558460.0
21717,2069-02-01,GW_storage_OR_WA_BPA_GW1[AF],428211.0,53760870931.0,443986671.0
21718,2069-03-01,GW_storage_OR_WA_BPA_GW1[AF],417591.0,54039428849.0,444404262.0
21719,2069-04-01,GW_storage_OR_WA_BPA_GW1[AF],867184.0,54324092180.0,445271446.0
21720,2069-05-01,GW_storage_OR_WA_BPA_GW1[AF],845678.0,54609436481.0,446117124.0
21721,2069-06-01,GW_storage_OR_WA_BPA_GW1[AF],825381.0,54894337917.0,446942505.0
21722,2069-07-01,GW_storage_OR_WA_BPA_GW1[AF],804912.0,55177218144.0,447747417.0
21723,2069-08-01,GW_storage_OR_WA_BPA_GW1[AF],784951.0,55458179949.0,448532368.0
21724,2069-09-01,GW_storage_OR_WA_BPA_GW1[AF],766112.0,55737226700.0,449298480.0
21725,2069-10-01,GW_storage_OR_WA_BPA_GW1[AF],764491.0,56014313112.0,450062971.0
21726,2069-11-01,GW_storage_OR_WA_BPA_GW1[AF],746143.0,56289244905.0,450809114.0
21727,2069-12-01,GW_storage_OR_WA_BPA_GW1[AF],727639.0,56561948550.0,451536753.0
21728,2070-01-01,GW_storage_OR_WA_BPA_GW1[AF],709593.0,56832455571.0,452246346.0
21729,2070-02-01,GW_storage_OR_WA_BPA_GW1[AF],693698.0,57101031869.0,452940044.0
21730,2070-03-01,GW_storage_OR_WA_BPA_GW1[AF],676495.0,57367456127.0,453616539.0
21731,2070-04-01,GW_storage_OR_WA_BPA_GW1[AF],660259.0,57631884127.0,454276798.0
21732,2070-05-01,GW_storage_OR_WA_BPA_GW1[AF],643885.0,57894580730.0,454920683.0
21733,2070-06-01,GW_storage_OR_WA_BPA_GW1[AF],628432.0,58156625113.0,455549115.0
21734,2070-07-01,GW_storage_OR_WA_BPA_GW1[AF],612847.0,58417720429.0,456161962.0
21735,2070-08-01,GW_storage_OR_WA_BPA_GW1[AF],597648.0,58677125935.0,456759610.0
21736,2070-09-01,GW_storage_OR_WA_BPA_GW1[AF],583305.0,58935122487.0,457342915.0
21737,2070-10-01,GW_storage_OR_WA_BPA_GW1[AF],615392.0,59191573450.0,457958307.0
21738,2070-11-01,GW_storage_OR_WA_BPA_GW1[AF],600623.0,59446278042.0,458558930.0
21739,2070-12-01,GW_storage_OR_WA_BPA_GW1[AF],585727.0,59699129256.0,459144657.0
21740,2025-08-01,GW_storage_OR_WA_BPA_GW2[AF],-23712.0,60752330.0,-23712.0
21741,2025-09-01,GW_storage_OR_WA_BPA_GW2[AF],-23013.0,63291561.0,-46725.0
21742,2025-10-01,GW_storage_OR_WA_BPA_GW2[AF],-22517.0,66117192.0,-69242.0
21743,2025-11-01,GW_storage_OR_WA_BPA_GW2[AF],-22055.0,69169207.0,-91297.0
21744,2025-12-01,GW_storage_OR_WA_BPA_GW2[AF],-21594.0,72377661.0,-112891.0
21745,2026-01-01,GW_storage_OR_WA_BPA_GW2[AF],-21145.0,75644729.0,-134036.0
21746,2026-02-01,GW_storage_OR_WA_BPA_GW2[AF],-20749.0,83025589.0,-154785.0
21747,2026-03-01,GW_storage_OR_WA_BPA_GW2[AF],-20323.0,93674924.0,-175108.0
21748,2026-04-01,GW_storage_OR_WA_BPA_GW2[AF],-19927.0,112497734.0,-195035.0
21749,2026-05-01,GW_storage_OR_WA_BPA_GW2[AF],715243.0,136460613.0,520208.0
21750,2026-06-01,GW_storage_OR_WA_BPA_GW2[AF],701511.0,160180041.0,1221719.0
21751,2026-07-01,GW_storage_OR_WA_BPA_GW2[AF],687593.0,184580314.0,1909312.0
21752,2026-08-01,GW_storage_OR_WA_BPA_GW2[AF],673950.0,208538131.0,2583262.0
21753,2026-09-01,GW_storage_OR_WA_BPA_GW2[AF],661010.0,232132273.0,3244272.0
21754,2026-10-01,GW_storage_OR_WA_BPA_GW2[AF],647896.0,255250646.0,3892168.0
21755,2026-11-01,GW_storage_OR_WA_BPA_GW2[AF],635457.0,277908394.0,4527625.0
21756,2026-12-01,GW_storage_OR_WA_BPA_GW2[AF],622849.0,300103214.0,5150474.0
21757,2027-01-01,GW_storage_OR_WA_BPA_GW2[AF],610492.0,321847786.0,5760966.0
21758,2027-02-01,GW_storage_OR_WA_BPA_GW2[AF],599551.0,343199646.0,6360517.0
21759,2027-03-01,GW_storage_OR_WA_BPA_GW2[AF],587657.0,369620421.0,6948174.0
21760,2027-04-01,GW_storage_OR_WA_BPA_GW2[AF],576374.0,409179141.0,7524548.0
21761,2027-05-01,GW_storage_OR_WA_BPA_GW2[AF],564939.0,455970259.0,8089487.0
21762,2027-06-01,GW_storage_OR_WA_BPA_GW2[AF],554091.0,506103237.0,8643578.0
21763,2027-07-01,GW_storage_OR_WA_BPA_GW2[AF],543098.0,558027240.0,9186676.0
21764,2027-08-01,GW_storage_OR_WA_BPA_GW2[AF],532323.0,610747556.0,9718999.0
21765,2027-09-01,GW_storage_OR_WA_BPA_GW2[AF],522103.0,662576568.0,10241102.0
21766,2027-10-01,GW_storage_OR_WA_BPA_GW2[AF],511744.0,713531026.0,10752846.0
21767,2027-11-01,GW_storage_OR_WA_BPA_GW2[AF],501919.0,763602436.0,11254765.0
21768,2027-12-01,GW_storage_OR_WA_BPA_GW2[AF],491961.0,812846873.0,11746726.0
21769,2028-01-01,GW_storage_OR_WA_BPA_GW2[AF],482201.0,861121911.0,12228927.0
21770,2028-02-01,GW_storage_OR_WA_BPA_GW2[AF],473251.0,908650771.0,12702178.0
21771,2028-03-01,GW_storage_OR_WA_BPA_GW2[AF],463862.0,959000163.0,13166040.0
21772,2028-04-01,GW_storage_OR_WA_BPA_GW2[AF],454956.0,1012039411.0,13620996.0
21773,2028-05-01,GW_storage_OR_WA_BPA_GW2[AF],445929.0,1068060916.0,14066925.0
21774,2028-06-01,GW_storage_OR_WA_BPA_GW2[AF],437367.0,1125203670.0,14504292.0
21775,2028-07-01,GW_storage_OR_WA_BPA_GW2[AF],428691.0,1183903968.0,14932983.0
21776,2028-08-01,GW_storage_OR_WA_BPA_GW2[AF],420185.0,1241633200.0,15353168.0
21777,2028-09-01,GW_storage_OR_WA_BPA_GW2[AF],412117.0,1298536546.0,15765285.0
21778,2028-10-01,GW_storage_OR_WA_BPA_GW2[AF],403941.0,1354465802.0,16169226.0
21779,2028-11-01,GW_storage_OR_WA_BPA_GW2[AF],396185.0,1409406877.0,16565411.0
21780,2028-12-01,GW_storage_OR_WA_BPA_GW2[AF],388325.0,1463330743.0,16953736.0
21781,2029-01-01,GW_storage_OR_WA_BPA_GW2[AF],380621.0,1516331973.0,17334357.0
21782,2029-02-01,GW_storage_OR_WA_BPA_GW2[AF],373800.0,1568436361.0,17708157.0
21783,2029-03-01,GW_storage_OR_WA_BPA_GW2[AF],366383.0,1622957905.0,18074540.0
21784,2029-04-01,GW_storage_OR_WA_BPA_GW2[AF],359349.0,1679352962.0,18433889.0
21785,2029-05-01,GW_storage_OR_WA_BPA_GW2[AF],352220.0,1742904338.0,18786109.0
21786,2029-06-01,GW_storage_OR_WA_BPA_GW2[AF],345457.0,1807169538.0,19131566.0
21787,2029-07-01,GW_storage_OR_WA_BPA_GW2[AF],338603.0,1872474684.0,19470169.0
21788,2029-08-01,GW_storage_OR_WA_BPA_GW2[AF],331886.0,1936569687.0,19802055.0
21789,2029-09-01,GW_storage_OR_WA_BPA_GW2[AF],325513.0,1999536921.0,20127568.0
21790,2029-10-01,GW_storage_OR_WA_BPA_GW2[AF],319055.0,2061251234.0,20446623.0
21791,2029-11-01,GW_storage_OR_WA_BPA_GW2[AF],312929.0,2121792309.0,20759552.0
21792,2029-12-01,GW_storage_OR_WA_BPA_GW2[AF],306720.0,2181276298.0,21066272.0
21793,2030-01-01,GW_storage_OR_WA_BPA_GW2[AF],300636.0,2239598911.0,21366908.0
21794,2030-02-01,GW_storage_OR_WA_BPA_GW2[AF],295248.0,2296908282.0,21662156.0
21795,2030-03-01,GW_storage_OR_WA_BPA_GW2[AF],289390.0,2353273149.0,21951546.0
21796,2030-04-01,GW_storage_OR_WA_BPA_GW2[AF],283834.0,2408813513.0,22235380.0
21797,2030-05-01,GW_storage_OR_WA_BPA_GW2[AF],278203.0,2463288321.0,22513583.0
21798,2030-06-01,GW_storage_OR_WA_BPA_GW2[AF],272861.0,2519189259.0,22786444.0
21799,2030-07-01,GW_storage_OR_WA_BPA_GW2[AF],267448.0,2574987711.0,23053892.0
21800,2030-08-01,GW_storage_OR_WA_BPA_GW2[AF],262141.0,2629845780.0,23316033.0
21801,2030-09-01,GW_storage_OR_WA_BPA_GW2[AF],257108.0,2683731630.0,23573141.0
21802,2030-10-01,GW_storage_OR_WA_BPA_GW2[AF],252007.0,2736573135.0,23825148.0
21803,2030-11-01,GW_storage_OR_WA_BPA_GW2[AF],247168.0,2788437015.0,24072316.0
21804,2030-12-01,GW_storage_OR_WA_BPA_GW2[AF],242265.0,2839371858.0,24314581.0
21805,2031-01-01,GW_storage_OR_WA_BPA_GW2[AF],237458.0,2889285425.0,24552039.0
21806,2031-02-01,GW_storage_OR_WA_BPA_GW2[AF],233203.0,2938331300.0,24785242.0
21807,2031-03-01,GW_storage_OR_WA_BPA_GW2[AF],228576.0,2986403207.0,25013818.0
21808,2031-04-01,GW_storage_OR_WA_BPA_GW2[AF],224187.0,3034117058.0,25238005.0
21809,2031-05-01,GW_storage_OR_WA_BPA_GW2[AF],219739.0,3081639947.0,25457744.0
21810,2031-06-01,GW_storage_OR_WA_BPA_GW2[AF],215520.0,3128466639.0,25673264.0
21811,2031-07-01,GW_storage_OR_WA_BPA_GW2[AF],211245.0,3175256040.0,25884509.0
21812,2031-08-01,GW_storage_OR_WA_BPA_GW2[AF],207053.0,3221201089.0,26091562.0
21813,2031-09-01,GW_storage_OR_WA_BPA_GW2[AF],203078.0,3266538806.0,26294640.0
21814,2031-10-01,GW_storage_OR_WA_BPA_GW2[AF],199049.0,3311005126.0,26493689.0
21815,2031-11-01,GW_storage_OR_WA_BPA_GW2[AF],195227.0,3354843436.0,26688916.0
21816,2031-12-01,GW_storage_OR_WA_BPA_GW2[AF],191354.0,3397917039.0,26880270.0
21817,2032-01-01,GW_storage_OR_WA_BPA_GW2[AF],187557.0,3440765830.0,27067827.0
21818,2032-02-01,GW_storage_OR_WA_BPA_GW2[AF],184076.0,3500332884.0,27251903.0
21819,2032-03-01,GW_storage_OR_WA_BPA_GW2[AF],180424.0,3570397039.0,27432327.0
21820,2032-04-01,GW_storage_OR_WA_BPA_GW2[AF],999104.0,3645988541.0,28431431.0
21821,2032-05-01,GW_storage_OR_WA_BPA_GW2[AF],1796239.0,3723860841.0,30227670.0
21822,2032-06-01,GW_storage_OR_WA_BPA_GW2[AF],2567730.0,3803847465.0,32795400.0
21823,2032-07-01,GW_storage_OR_WA_BPA_GW2[AF],3243628.0,3884065220.0,36039028.0
21824,2032-08-01,GW_storage_OR_WA_BPA_GW2[AF],3179274.0,3963910669.0,39218302.0
21825,2032-09-01,GW_storage_OR_WA_BPA_GW2[AF],3118232.0,4042724779.0,42336534.0
21826,2032-10-01,GW_storage_OR_WA_BPA_GW2[AF],3056367.0,4120308321.0,45392901.0
21827,2032-11-01,GW_storage_OR_WA_BPA_GW2[AF],2997684.0,4196679403.0,48390585.0
21828,2032-12-01,GW_storage_OR_WA_BPA_GW2[AF],2938210.0,4271822754.0,51328795.0
21829,2033-01-01,GW_storage_OR_WA_BPA_GW2[AF],2879916.0,4345538492.0,54208711.0
21830,2033-02-01,GW_storage_OR_WA_BPA_GW2[AF],2828308.0,4423218301.0,57037019.0
21831,2033-03-01,GW_storage_OR_WA_BPA_GW2[AF],2772194.0,4505470297.0,59809213.0
21832,2033-04-01,GW_storage_OR_WA_BPA_GW2[AF],2718968.0,4590681136.0,62528181.0
21833,2033-05-01,GW_storage_OR_WA_BPA_GW2[AF],2665024.0,4675360581.0,65193205.0
21834,2033-06-01,GW_storage_OR_WA_BPA_GW2[AF],2613855.0,4760708398.0,67807060.0
21835,2033-07-01,GW_storage_OR_WA_BPA_GW2[AF],2561996.0,4846138178.0,70369056.0
21836,2033-08-01,GW_storage_OR_WA_BPA_GW2[AF],2511167.0,4931118427.0,72880223.0
21837,2033-09-01,GW_storage_OR_WA_BPA_GW2[AF],2462952.0,5014914731.0,75343175.0
21838,2033-10-01,GW_storage_OR_WA_BPA_GW2[AF],2414087.0,5097508172.0,77757262.0
21839,2033-11-01,GW_storage_OR_WA_BPA_GW2[AF],2367737.0,5178663669.0,80124999.0
21840,2033-12-01,GW_storage_OR_WA_BPA_GW2[AF],2320760.0,5258443309.0,82445759.0
21841,2034-01-01,GW_storage_OR_WA_BPA_GW2[AF],2274716.0,5339163828.0,84720475.0
21842,2034-02-01,GW_storage_OR_WA_BPA_GW2[AF],2233954.0,5418722190.0,86954429.0
21843,2034-03-01,GW_storage_OR_WA_BPA_GW2[AF],2189632.0,5500220744.0,89144061.0
21844,2034-04-01,GW_storage_OR_WA_BPA_GW2[AF],2147591.0,5584032903.0,91291652.0
21845,2034-05-01,GW_storage_OR_WA_BPA_GW2[AF],2104983.0,5676873319.0,93396635.0
21846,2034-06-01,GW_storage_OR_WA_BPA_GW2[AF],2064567.0,5773341236.0,95461202.0
21847,2034-07-01,GW_storage_OR_WA_BPA_GW2[AF],2023606.0,5871231225.0,97484808.0
21848,2034-08-01,GW_storage_OR_WA_BPA_GW2[AF],1983458.0,5968392389.0,99468266.0
21849,2034-09-01,GW_storage_OR_WA_BPA_GW2[AF],1945375.0,6064112138.0,101413641.0
21850,2034-10-01,GW_storage_OR_WA_BPA_GW2[AF],1906780.0,6158273690.0,103320421.0
21851,2034-11-01,GW_storage_OR_WA_BPA_GW2[AF],1870169.0,6251013792.0,105190590.0
21852,2034-12-01,GW_storage_OR_WA_BPA_GW2[AF],1833065.0,6342469856.0,107023655.0
21853,2035-01-01,GW_storage_OR_WA_BPA_GW2[AF],1796697.0,6432436397.0,108820352.0
21854,2035-02-01,GW_storage_OR_WA_BPA_GW2[AF],1764500.0,6520973109.0,110584852.0
21855,2035-03-01,GW_storage_OR_WA_BPA_GW2[AF],1729492.0,6608114132.0,112314344.0
21856,2035-04-01,GW_storage_OR_WA_BPA_GW2[AF],1696286.0,6694040771.0,114010630.0
21857,2035-05-01,GW_storage_OR_WA_BPA_GW2[AF],1662632.0,6778544504.0,115673262.0
21858,2035-06-01,GW_storage_OR_WA_BPA_GW2[AF],1630709.0,6863239534.0,117303971.0
21859,2035-07-01,GW_storage_OR_WA_BPA_GW2[AF],1598356.0,6947511289.0,118902327.0
21860,2035-08-01,GW_storage_OR_WA_BPA_GW2[AF],1566645.0,7030376153.0,120468972.0
21861,2035-09-01,GW_storage_OR_WA_BPA_GW2[AF],1536565.0,7112119087.0,122005537.0
21862,2035-10-01,GW_storage_OR_WA_BPA_GW2[AF],1506080.0,7192574428.0,123511617.0
21863,2035-11-01,GW_storage_OR_WA_BPA_GW2[AF],1477163.0,7271865334.0,124988780.0
21864,2035-12-01,GW_storage_OR_WA_BPA_GW2[AF],1447856.0,7350179909.0,126436636.0
21865,2036-01-01,GW_storage_OR_WA_BPA_GW2[AF],1419131.0,7427195979.0,127855767.0
21866,2036-02-01,GW_storage_OR_WA_BPA_GW2[AF],1392792.0,7503024891.0,129248559.0
21867,2036-03-01,GW_storage_OR_WA_BPA_GW2[AF],1365159.0,7577632108.0,130613718.0
21868,2036-04-01,GW_storage_OR_WA_BPA_GW2[AF],1338948.0,7651185144.0,131952666.0
21869,2036-05-01,GW_storage_OR_WA_BPA_GW2[AF],1312383.0,7724300240.0,133265049.0
21870,2036-06-01,GW_storage_OR_WA_BPA_GW2[AF],1287186.0,7796353708.0,134552235.0
21871,2036-07-01,GW_storage_OR_WA_BPA_GW2[AF],1261648.0,7867314948.0,135813883.0
21872,2036-08-01,GW_storage_OR_WA_BPA_GW2[AF],1236617.0,7937241278.0,137050500.0
21873,2036-09-01,GW_storage_OR_WA_BPA_GW2[AF],1212874.0,8006295323.0,138263374.0
21874,2036-10-01,GW_storage_OR_WA_BPA_GW2[AF],1188810.0,8074305646.0,139452184.0
21875,2036-11-01,GW_storage_OR_WA_BPA_GW2[AF],1165985.0,8141376577.0,140618169.0
21876,2036-12-01,GW_storage_OR_WA_BPA_GW2[AF],1142852.0,8207644541.0,141761021.0
21877,2037-01-01,GW_storage_OR_WA_BPA_GW2[AF],1120178.0,8273161410.0,142881199.0
21878,2037-02-01,GW_storage_OR_WA_BPA_GW2[AF],1100104.0,8337733681.0,143981303.0
21879,2037-03-01,GW_storage_OR_WA_BPA_GW2[AF],1078278.0,8401237350.0,145059581.0
21880,2037-04-01,GW_storage_OR_WA_BPA_GW2[AF],1057575.0,8463716442.0,146117156.0
21881,2037-05-01,GW_storage_OR_WA_BPA_GW2[AF],1036593.0,8525229166.0,147153749.0
21882,2037-06-01,GW_storage_OR_WA_BPA_GW2[AF],1016690.0,8585780498.0,148170439.0
21883,2037-07-01,GW_storage_OR_WA_BPA_GW2[AF],996519.0,8645518277.0,149166958.0
21884,2037-08-01,GW_storage_OR_WA_BPA_GW2[AF],976748.0,8704580765.0,150143706.0
21885,2037-09-01,GW_storage_OR_WA_BPA_GW2[AF],957994.0,8763159684.0,151101700.0
21886,2037-10-01,GW_storage_OR_WA_BPA_GW2[AF],938988.0,8821181815.0,152040688.0
21887,2037-11-01,GW_storage_OR_WA_BPA_GW2[AF],920959.0,8878677095.0,152961647.0
21888,2037-12-01,GW_storage_OR_WA_BPA_GW2[AF],902687.0,8935618642.0,153864334.0
21889,2038-01-01,GW_storage_OR_WA_BPA_GW2[AF],884777.0,8991690289.0,154749111.0
21890,2038-02-01,GW_storage_OR_WA_BPA_GW2[AF],868923.0,9049081585.0,155618034.0
21891,2038-03-01,GW_storage_OR_WA_BPA_GW2[AF],851683.0,9108044798.0,156469717.0
21892,2038-04-01,GW_storage_OR_WA_BPA_GW2[AF],835331.0,9168794933.0,157305048.0
21893,2038-05-01,GW_storage_OR_WA_BPA_GW2[AF],818758.0,9229969082.0,158123806.0
21894,2038-06-01,GW_storage_OR_WA_BPA_GW2[AF],803037.0,9290494843.0,158926843.0
21895,2038-07-01,GW_storage_OR_WA_BPA_GW2[AF],787105.0,9350294408.0,159713948.0
21896,2038-08-01,GW_storage_OR_WA_BPA_GW2[AF],771489.0,9409318940.0,160485437.0
21897,2038-09-01,GW_storage_OR_WA_BPA_GW2[AF],756677.0,9467673979.0,161242114.0
21898,2038-10-01,GW_storage_OR_WA_BPA_GW2[AF],741664.0,9525253636.0,161983778.0
21899,2038-11-01,GW_storage_OR_WA_BPA_GW2[AF],727425.0,9582098472.0,162711203.0
21900,2038-12-01,GW_storage_OR_WA_BPA_GW2[AF],712993.0,9638248766.0,163424196.0
21901,2039-01-01,GW_storage_OR_WA_BPA_GW2[AF],698847.0,9693650977.0,164123043.0
21902,2039-02-01,GW_storage_OR_WA_BPA_GW2[AF],686324.0,9750458830.0,164809367.0
21903,2039-03-01,GW_storage_OR_WA_BPA_GW2[AF],672707.0,9809156458.0,165482074.0
21904,2039-04-01,GW_storage_OR_WA_BPA_GW2[AF],659791.0,9868559467.0,166141865.0
21905,2039-05-01,GW_storage_OR_WA_BPA_GW2[AF],646702.0,9927385773.0,166788567.0
21906,2039-06-01,GW_storage_OR_WA_BPA_GW2[AF],634285.0,9986965256.0,167422852.0
21907,2039-07-01,GW_storage_OR_WA_BPA_GW2[AF],621700.0,10046475029.0,168044552.0
21908,2039-08-01,GW_storage_OR_WA_BPA_GW2[AF],609366.0,10105238592.0,168653918.0
21909,2039-09-01,GW_storage_OR_WA_BPA_GW2[AF],597666.0,10163363477.0,169251584.0
21910,2039-10-01,GW_storage_OR_WA_BPA_GW2[AF],585809.0,10220781260.0,169837393.0
21911,2039-11-01,GW_storage_OR_WA_BPA_GW2[AF],574561.0,10277373162.0,170411954.0
21912,2039-12-01,GW_storage_OR_WA_BPA_GW2[AF],563162.0,10333185165.0,170975116.0
21913,2040-01-01,GW_storage_OR_WA_BPA_GW2[AF],551989.0,10388289039.0,171527105.0
21914,2040-02-01,GW_storage_OR_WA_BPA_GW2[AF],541744.0,10442633493.0,172068849.0
21915,2040-03-01,GW_storage_OR_WA_BPA_GW2[AF],530995.0,10496196844.0,172599844.0
21916,2040-04-01,GW_storage_OR_WA_BPA_GW2[AF],520800.0,10549040409.0,173120644.0
21917,2040-05-01,GW_storage_OR_WA_BPA_GW2[AF],510467.0,10601395194.0,173631111.0
21918,2040-06-01,GW_storage_OR_WA_BPA_GW2[AF],500667.0,10653107949.0,174131778.0
21919,2040-07-01,GW_storage_OR_WA_BPA_GW2[AF],490734.0,10704171007.0,174622512.0
21920,2040-08-01,GW_storage_OR_WA_BPA_GW2[AF],480997.0,10754605305.0,175103509.0
21921,2040-09-01,GW_storage_OR_WA_BPA_GW2[AF],471762.0,10804445973.0,175575271.0
21922,2040-10-01,GW_storage_OR_WA_BPA_GW2[AF],462402.0,10853648570.0,176037673.0
21923,2040-11-01,GW_storage_OR_WA_BPA_GW2[AF],453524.0,10902484914.0,176491197.0
21924,2040-12-01,GW_storage_OR_WA_BPA_GW2[AF],444526.0,10950730644.0,176935723.0
21925,2041-01-01,GW_storage_OR_WA_BPA_GW2[AF],435707.0,10998281298.0,177371430.0
21926,2041-02-01,GW_storage_OR_WA_BPA_GW2[AF],427899.0,11047818234.0,177799329.0
21927,2041-03-01,GW_storage_OR_WA_BPA_GW2[AF],419409.0,11099139984.0,178218738.0
21928,2041-04-01,GW_storage_OR_WA_BPA_GW2[AF],411357.0,11151170281.0,178630095.0
21929,2041-05-01,GW_storage_OR_WA_BPA_GW2[AF],403196.0,11202540882.0,179033291.0
21930,2041-06-01,GW_storage_OR_WA_BPA_GW2[AF],395454.0,11253584926.0,179428745.0
21931,2041-07-01,GW_storage_OR_WA_BPA_GW2[AF],387608.0,11304087287.0,179816353.0
21932,2041-08-01,GW_storage_OR_WA_BPA_GW2[AF],379918.0,11354085428.0,180196271.0
21933,2041-09-01,GW_storage_OR_WA_BPA_GW2[AF],372623.0,11403615397.0,180568894.0
21934,2041-10-01,GW_storage_OR_WA_BPA_GW2[AF],365231.0,11452671944.0,180934125.0
21935,2041-11-01,GW_storage_OR_WA_BPA_GW2[AF],358218.0,11501212889.0,181292343.0
21936,2041-12-01,GW_storage_OR_WA_BPA_GW2[AF],351111.0,11549056939.0,181643454.0
21937,2042-01-01,GW_storage_OR_WA_BPA_GW2[AF],344145.0,11596204581.0,181987599.0
21938,2042-02-01,GW_storage_OR_WA_BPA_GW2[AF],337978.0,11642935334.0,182325577.0
21939,2042-03-01,GW_storage_OR_WA_BPA_GW2[AF],331272.0,11689092595.0,182656849.0
21940,2042-04-01,GW_storage_OR_WA_BPA_GW2[AF],324911.0,11735022869.0,182981760.0
21941,2042-05-01,GW_storage_OR_WA_BPA_GW2[AF],318465.0,11780876718.0,183300225.0
21942,2042-06-01,GW_storage_OR_WA_BPA_GW2[AF],312351.0,11826092725.0,183612576.0
21943,2042-07-01,GW_storage_OR_WA_BPA_GW2[AF],306154.0,11871546727.0,183918730.0
21944,2042-08-01,GW_storage_OR_WA_BPA_GW2[AF],300079.0,11916431990.0,184218809.0
21945,2042-09-01,GW_storage_OR_WA_BPA_GW2[AF],294318.0,11960791410.0,184513127.0
21946,2042-10-01,GW_storage_OR_WA_BPA_GW2[AF],288479.0,12004660184.0,184801606.0
21947,2042-11-01,GW_storage_OR_WA_BPA_GW2[AF],282940.0,12048130811.0,185084546.0
21948,2042-12-01,GW_storage_OR_WA_BPA_GW2[AF],277326.0,12091062837.0,185361872.0
21949,2043-01-01,GW_storage_OR_WA_BPA_GW2[AF],271824.0,12133444088.0,185633696.0
21950,2043-02-01,GW_storage_OR_WA_BPA_GW2[AF],266953.0,12175363925.0,185900649.0
21951,2043-03-01,GW_storage_OR_WA_BPA_GW2[AF],261656.0,12216725340.0,186162305.0
21952,2043-04-01,GW_storage_OR_WA_BPA_GW2[AF],256632.0,12257666079.0,186418937.0
21953,2043-05-01,GW_storage_OR_WA_BPA_GW2[AF],251540.0,12298078753.0,186670477.0
21954,2043-06-01,GW_storage_OR_WA_BPA_GW2[AF],246711.0,12338040338.0,186917188.0
21955,2043-07-01,GW_storage_OR_WA_BPA_GW2[AF],241816.0,12377535688.0,187159004.0
21956,2043-08-01,GW_storage_OR_WA_BPA_GW2[AF],237019.0,12416568319.0,187396023.0
21957,2043-09-01,GW_storage_OR_WA_BPA_GW2[AF],232468.0,12455234071.0,187628491.0
21958,2043-10-01,GW_storage_OR_WA_BPA_GW2[AF],227856.0,12493493716.0,187856347.0
21959,2043-11-01,GW_storage_OR_WA_BPA_GW2[AF],223481.0,12531340494.0,188079828.0
21960,2043-12-01,GW_storage_OR_WA_BPA_GW2[AF],219047.0,12568703212.0,188298875.0
21961,2044-01-01,GW_storage_OR_WA_BPA_GW2[AF],214701.0,12605614127.0,188513576.0
21962,2044-02-01,GW_storage_OR_WA_BPA_GW2[AF],210716.0,12642100391.0,188724292.0
21963,2044-03-01,GW_storage_OR_WA_BPA_GW2[AF],206535.0,12678094207.0,188930827.0
21964,2044-04-01,GW_storage_OR_WA_BPA_GW2[AF],202570.0,12715489683.0,189133397.0
21965,2044-05-01,GW_storage_OR_WA_BPA_GW2[AF],198551.0,12757376464.0,189331948.0
21966,2044-06-01,GW_storage_OR_WA_BPA_GW2[AF],194739.0,12798680033.0,189526687.0
21967,2044-07-01,GW_storage_OR_WA_BPA_GW2[AF],190875.0,12840178366.0,189717562.0
21968,2044-08-01,GW_storage_OR_WA_BPA_GW2[AF],187088.0,12881238666.0,189904650.0
21969,2044-09-01,GW_storage_OR_WA_BPA_GW2[AF],183497.0,12921922929.0,190088147.0
21970,2044-10-01,GW_storage_OR_WA_BPA_GW2[AF],179856.0,12962137170.0,190268003.0
21971,2044-11-01,GW_storage_OR_WA_BPA_GW2[AF],176402.0,13001917872.0,190444405.0
21972,2044-12-01,GW_storage_OR_WA_BPA_GW2[AF],172902.0,13041192913.0,190617307.0
21973,2045-01-01,GW_storage_OR_WA_BPA_GW2[AF],169472.0,13079996277.0,190786779.0
21974,2045-02-01,GW_storage_OR_WA_BPA_GW2[AF],166435.0,13119222084.0,190953214.0
21975,2045-03-01,GW_storage_OR_WA_BPA_GW2[AF],163133.0,13158364150.0,191116347.0
21976,2045-04-01,GW_storage_OR_WA_BPA_GW2[AF],160001.0,13198157185.0,191276348.0
21977,2045-05-01,GW_storage_OR_WA_BPA_GW2[AF],156827.0,13237869018.0,191433175.0
21978,2045-06-01,GW_storage_OR_WA_BPA_GW2[AF],153816.0,13278774379.0,191586991.0
21979,2045-07-01,GW_storage_OR_WA_BPA_GW2[AF],150763.0,13324244062.0,191737754.0
21980,2045-08-01,GW_storage_OR_WA_BPA_GW2[AF],147773.0,13372386542.0,191885527.0
21981,2045-09-01,GW_storage_OR_WA_BPA_GW2[AF],144935.0,13419876881.0,192030462.0
21982,2045-10-01,GW_storage_OR_WA_BPA_GW2[AF],142060.0,13466818785.0,192172522.0
21983,2045-11-01,GW_storage_OR_WA_BPA_GW2[AF],139333.0,13513160105.0,192311855.0
21984,2045-12-01,GW_storage_OR_WA_BPA_GW2[AF],136568.0,13560745919.0,192448423.0
21985,2046-01-01,GW_storage_OR_WA_BPA_GW2[AF],133859.0,13615290772.0,192582282.0
21986,2046-02-01,GW_storage_OR_WA_BPA_GW2[AF],131460.0,13677811710.0,192713742.0
21987,2046-03-01,GW_storage_OR_WA_BPA_GW2[AF],1082388.0,13748607831.0,193796130.0
21988,2046-04-01,GW_storage_OR_WA_BPA_GW2[AF],1943164.0,13826873589.0,195739294.0
21989,2046-05-01,GW_storage_OR_WA_BPA_GW2[AF],2680964.0,13907944967.0,198420258.0
21990,2046-06-01,GW_storage_OR_WA_BPA_GW2[AF],3246876.0,13989979852.0,201667134.0
21991,2046-07-01,GW_storage_OR_WA_BPA_GW2[AF],3182459.0,14071604903.0,204849593.0
21992,2046-08-01,GW_storage_OR_WA_BPA_GW2[AF],3119319.0,14152131683.0,207968912.0
21993,2046-09-01,GW_storage_OR_WA_BPA_GW2[AF],3059428.0,14231617714.0,211028340.0
21994,2046-10-01,GW_storage_OR_WA_BPA_GW2[AF],2998729.0,14310005025.0,214027069.0
21995,2046-11-01,GW_storage_OR_WA_BPA_GW2[AF],2941153.0,14387273527.0,216968222.0
21996,2046-12-01,GW_storage_OR_WA_BPA_GW2[AF],2882801.0,14463437376.0,219851023.0
21997,2047-01-01,GW_storage_OR_WA_BPA_GW2[AF],2825607.0,14538457981.0,222676630.0
21998,2047-02-01,GW_storage_OR_WA_BPA_GW2[AF],2774971.0,14612508014.0,225451601.0
21999,2047-03-01,GW_storage_OR_WA_BPA_GW2[AF],2719916.0,14685452283.0,228171517.0
22000,2047-04-01,GW_storage_OR_WA_BPA_GW2[AF],2667694.0,14764472816.0,230839211.0
22001,2047-05-01,GW_storage_OR_WA_BPA_GW2[AF],3556186.0,14860897341.0,234395397.0
22002,2047-06-01,GW_storage_OR_WA_BPA_GW2[AF],4337195.0,14972506362.0,238732592.0
22003,2047-07-01,GW_storage_OR_WA_BPA_GW2[AF],4912556.0,15088231692.0,243645148.0
22004,2047-08-01,GW_storage_OR_WA_BPA_GW2[AF],4815091.0,15203332934.0,248460239.0
22005,2047-09-01,GW_storage_OR_WA_BPA_GW2[AF],4722641.0,15317492289.0,253182880.0
22006,2047-10-01,GW_storage_OR_WA_BPA_GW2[AF],4628944.0,15430042333.0,257811824.0
22007,2047-11-01,GW_storage_OR_WA_BPA_GW2[AF],4540068.0,15542831934.0,262351892.0
22008,2047-12-01,GW_storage_OR_WA_BPA_GW2[AF],4449993.0,15653870877.0,266801885.0
22009,2048-01-01,GW_storage_OR_WA_BPA_GW2[AF],4361705.0,15763169397.0,271163590.0
22010,2048-02-01,GW_storage_OR_WA_BPA_GW2[AF],4280752.0,15872138297.0,275444342.0
22011,2048-03-01,GW_storage_OR_WA_BPA_GW2[AF],4195822.0,15987897138.0,279640164.0
22012,2048-04-01,GW_storage_OR_WA_BPA_GW2[AF],4115262.0,16106751114.0,283755426.0
22013,2048-05-01,GW_storage_OR_WA_BPA_GW2[AF],4033615.0,16226738594.0,287789041.0
22014,2048-06-01,GW_storage_OR_WA_BPA_GW2[AF],3956170.0,16346930466.0,291745211.0
22015,2048-07-01,GW_storage_OR_WA_BPA_GW2[AF],3877679.0,16466203172.0,295622890.0
22016,2048-08-01,GW_storage_OR_WA_BPA_GW2[AF],3800746.0,16583670765.0,299423636.0
22017,2048-09-01,GW_storage_OR_WA_BPA_GW2[AF],3727772.0,16699553017.0,303151408.0
22018,2048-10-01,GW_storage_OR_WA_BPA_GW2[AF],3653813.0,16813788962.0,306805221.0
22019,2048-11-01,GW_storage_OR_WA_BPA_GW2[AF],3583660.0,16926416472.0,310388881.0
22020,2048-12-01,GW_storage_OR_WA_BPA_GW2[AF],3512561.0,17038918116.0,313901442.0
22021,2049-01-01,GW_storage_OR_WA_BPA_GW2[AF],3442871.0,17150214903.0,317344313.0
22022,2049-02-01,GW_storage_OR_WA_BPA_GW2[AF],3381175.0,17259849423.0,320725488.0
22023,2049-03-01,GW_storage_OR_WA_BPA_GW2[AF],3314093.0,17374140295.0,324039581.0
22024,2049-04-01,GW_storage_OR_WA_BPA_GW2[AF],3250462.0,17496980626.0,327290043.0
22025,2049-05-01,GW_storage_OR_WA_BPA_GW2[AF],3185972.0,17623520262.0,330476015.0
22026,2049-06-01,GW_storage_OR_WA_BPA_GW2[AF],3124802.0,17749882278.0,333600817.0
22027,2049-07-01,GW_storage_OR_WA_BPA_GW2[AF],3062806.0,17875311834.0,336663623.0
22028,2049-08-01,GW_storage_OR_WA_BPA_GW2[AF],3002040.0,17998950915.0,339665663.0
22029,2049-09-01,GW_storage_OR_WA_BPA_GW2[AF],2944400.0,18120987592.0,342610063.0
22030,2049-10-01,GW_storage_OR_WA_BPA_GW2[AF],2885984.0,18241422265.0,345496047.0
22031,2049-11-01,GW_storage_OR_WA_BPA_GW2[AF],2830572.0,18360102830.0,348326619.0
22032,2049-12-01,GW_storage_OR_WA_BPA_GW2[AF],2774414.0,18476910369.0,351101033.0
22033,2050-01-01,GW_storage_OR_WA_BPA_GW2[AF],2719369.0,18591916831.0,353820402.0
22034,2050-02-01,GW_storage_OR_WA_BPA_GW2[AF],2670638.0,18705272956.0,356491040.0
22035,2050-03-01,GW_storage_OR_WA_BPA_GW2[AF],2617654.0,18821028859.0,359108694.0
22036,2050-04-01,GW_storage_OR_WA_BPA_GW2[AF],2567394.0,18940506995.0,361676088.0
22037,2050-05-01,GW_storage_OR_WA_BPA_GW2[AF],2516457.0,19059600483.0,364192545.0
22038,2050-06-01,GW_storage_OR_WA_BPA_GW2[AF],2468141.0,19178428021.0,366660686.0
22039,2050-07-01,GW_storage_OR_WA_BPA_GW2[AF],2419174.0,19296435077.0,369079860.0
22040,2050-08-01,GW_storage_OR_WA_BPA_GW2[AF],2371177.0,19412834260.0,371451037.0
22041,2050-09-01,GW_storage_OR_WA_BPA_GW2[AF],2325650.0,19527808893.0,373776687.0
22042,2050-10-01,GW_storage_OR_WA_BPA_GW2[AF],2279509.0,19641173895.0,376056196.0
22043,2050-11-01,GW_storage_OR_WA_BPA_GW2[AF],2235743.0,19752769080.0,378291939.0
22044,2050-12-01,GW_storage_OR_WA_BPA_GW2[AF],2191386.0,19862611454.0,380483325.0
22045,2051-01-01,GW_storage_OR_WA_BPA_GW2[AF],2147909.0,19970764786.0,382631234.0
22046,2051-02-01,GW_storage_OR_WA_BPA_GW2[AF],2109418.0,20077395432.0,384740652.0
22047,2051-03-01,GW_storage_OR_WA_BPA_GW2[AF],2067567.0,20182370827.0,386808219.0
22048,2051-04-01,GW_storage_OR_WA_BPA_GW2[AF],2027870.0,20291580463.0,388836089.0
22049,2051-05-01,GW_storage_OR_WA_BPA_GW2[AF],1987636.0,20400038326.0,390823725.0
22050,2051-06-01,GW_storage_OR_WA_BPA_GW2[AF],1949474.0,20508257786.0,392773199.0
22051,2051-07-01,GW_storage_OR_WA_BPA_GW2[AF],1910796.0,20615875318.0,394683995.0
22052,2051-08-01,GW_storage_OR_WA_BPA_GW2[AF],1872886.0,20722198437.0,396556881.0
22053,2051-09-01,GW_storage_OR_WA_BPA_GW2[AF],1836927.0,20827038775.0,398393808.0
22054,2051-10-01,GW_storage_OR_WA_BPA_GW2[AF],1800482.0,20930437548.0,400194290.0
22055,2051-11-01,GW_storage_OR_WA_BPA_GW2[AF],1765914.0,21032468769.0,401960204.0
22056,2051-12-01,GW_storage_OR_WA_BPA_GW2[AF],1730878.0,21133705710.0,403691082.0
22057,2052-01-01,GW_storage_OR_WA_BPA_GW2[AF],1696537.0,21233433839.0,405387619.0
22058,2052-02-01,GW_storage_OR_WA_BPA_GW2[AF],1665049.0,21331717041.0,407052668.0
22059,2052-03-01,GW_storage_OR_WA_BPA_GW2[AF],1632015.0,21429607427.0,408684683.0
22060,2052-04-01,GW_storage_OR_WA_BPA_GW2[AF],1600680.0,21527851494.0,410285363.0
22061,2052-05-01,GW_storage_OR_WA_BPA_GW2[AF],1568923.0,21624977785.0,411854286.0
22062,2052-06-01,GW_storage_OR_WA_BPA_GW2[AF],1538800.0,21720857498.0,413393086.0
22063,2052-07-01,GW_storage_OR_WA_BPA_GW2[AF],1508270.0,21815421513.0,414901356.0
22064,2052-08-01,GW_storage_OR_WA_BPA_GW2[AF],1478346.0,21908765850.0,416379702.0
22065,2052-09-01,GW_storage_OR_WA_BPA_GW2[AF],1449962.0,22001026854.0,417829664.0
22066,2052-10-01,GW_storage_OR_WA_BPA_GW2[AF],1421195.0,22092179195.0,419250859.0
22067,2052-11-01,GW_storage_OR_WA_BPA_GW2[AF],1393908.0,22182158688.0,420644767.0
22068,2052-12-01,GW_storage_OR_WA_BPA_GW2[AF],1366252.0,22270990851.0,422011019.0
22069,2053-01-01,GW_storage_OR_WA_BPA_GW2[AF],1339147.0,22358572318.0,423350166.0
22070,2053-02-01,GW_storage_OR_WA_BPA_GW2[AF],1315149.0,22445234888.0,424665315.0
22071,2053-03-01,GW_storage_OR_WA_BPA_GW2[AF],1289056.0,22531338210.0,425954371.0
22072,2053-04-01,GW_storage_OR_WA_BPA_GW2[AF],1264307.0,22618197854.0,427218678.0
22073,2053-05-01,GW_storage_OR_WA_BPA_GW2[AF],1239223.0,22705000235.0,428457901.0
22074,2053-06-01,GW_storage_OR_WA_BPA_GW2[AF],1215430.0,22792005107.0,429673331.0
22075,2053-07-01,GW_storage_OR_WA_BPA_GW2[AF],1191316.0,22878611714.0,430864647.0
22076,2053-08-01,GW_storage_OR_WA_BPA_GW2[AF],1167680.0,22964123789.0,432032327.0
22077,2053-09-01,GW_storage_OR_WA_BPA_GW2[AF],1145260.0,23048536524.0,433177587.0
22078,2053-10-01,GW_storage_OR_WA_BPA_GW2[AF],1122539.0,23131866519.0,434300126.0
22079,2053-11-01,GW_storage_OR_WA_BPA_GW2[AF],1100986.0,23214276747.0,435401112.0
22080,2053-12-01,GW_storage_OR_WA_BPA_GW2[AF],1079142.0,23295578937.0,436480254.0
22081,2054-01-01,GW_storage_OR_WA_BPA_GW2[AF],1057732.0,23375761806.0,437537986.0
22082,2054-02-01,GW_storage_OR_WA_BPA_GW2[AF],1038777.0,23454991045.0,438576763.0
22083,2054-03-01,GW_storage_OR_WA_BPA_GW2[AF],1018168.0,23533194281.0,439594931.0
22084,2054-04-01,GW_storage_OR_WA_BPA_GW2[AF],998619.0,23610840643.0,440593550.0
22085,2054-05-01,GW_storage_OR_WA_BPA_GW2[AF],978806.0,23687968757.0,441572356.0
22086,2054-06-01,GW_storage_OR_WA_BPA_GW2[AF],960013.0,23764134532.0,442532369.0
22087,2054-07-01,GW_storage_OR_WA_BPA_GW2[AF],940966.0,23839346953.0,443473335.0
22088,2054-08-01,GW_storage_OR_WA_BPA_GW2[AF],922297.0,23913680649.0,444395632.0
22089,2054-09-01,GW_storage_OR_WA_BPA_GW2[AF],904589.0,23987275722.0,445300221.0
22090,2054-10-01,GW_storage_OR_WA_BPA_GW2[AF],886642.0,24060063673.0,446186863.0
22091,2054-11-01,GW_storage_OR_WA_BPA_GW2[AF],869618.0,24132040073.0,447056481.0
22092,2054-12-01,GW_storage_OR_WA_BPA_GW2[AF],852365.0,24203075252.0,447908846.0
22093,2055-01-01,GW_storage_OR_WA_BPA_GW2[AF],835454.0,24273232069.0,448744300.0
22094,2055-02-01,GW_storage_OR_WA_BPA_GW2[AF],820483.0,24346983422.0,449564783.0
22095,2055-03-01,GW_storage_OR_WA_BPA_GW2[AF],804204.0,24429418525.0,450368987.0
22096,2055-04-01,GW_storage_OR_WA_BPA_GW2[AF],1621418.0,24519974284.0,451990405.0
22097,2055-05-01,GW_storage_OR_WA_BPA_GW2[AF],2395565.0,24612887460.0,454385970.0
22098,2055-06-01,GW_storage_OR_WA_BPA_GW2[AF],3019822.0,24705731755.0,457405792.0
22099,2055-07-01,GW_storage_OR_WA_BPA_GW2[AF],2959909.0,24797561549.0,460365701.0
22100,2055-08-01,GW_storage_OR_WA_BPA_GW2[AF],2901184.0,24888417864.0,463266885.0
22101,2055-09-01,GW_storage_OR_WA_BPA_GW2[AF],2845482.0,24978247446.0,466112367.0
22102,2055-10-01,GW_storage_OR_WA_BPA_GW2[AF],2789027.0,25067037402.0,468901394.0
22103,2055-11-01,GW_storage_OR_WA_BPA_GW2[AF],2735478.0,25154620871.0,471636872.0
22104,2055-12-01,GW_storage_OR_WA_BPA_GW2[AF],2681205.0,25240958786.0,474318077.0
22105,2056-01-01,GW_storage_OR_WA_BPA_GW2[AF],2628010.0,25326085001.0,476946087.0
22106,2056-02-01,GW_storage_OR_WA_BPA_GW2[AF],2579234.0,25410115783.0,479525321.0
22107,2056-03-01,GW_storage_OR_WA_BPA_GW2[AF],2528062.0,25493046199.0,482053383.0
22108,2056-04-01,GW_storage_OR_WA_BPA_GW2[AF],2479523.0,25579867650.0,484532906.0
22109,2056-05-01,GW_storage_OR_WA_BPA_GW2[AF],2430329.0,25665994452.0,486963235.0
22110,2056-06-01,GW_storage_OR_WA_BPA_GW2[AF],2383667.0,25751014051.0,489346902.0
22111,2056-07-01,GW_storage_OR_WA_BPA_GW2[AF],2336375.0,25834999057.0,491683277.0
22112,2056-08-01,GW_storage_OR_WA_BPA_GW2[AF],2290022.0,25918012980.0,493973299.0
22113,2056-09-01,GW_storage_OR_WA_BPA_GW2[AF],2246052.0,26000006720.0,496219351.0
22114,2056-10-01,GW_storage_OR_WA_BPA_GW2[AF],2201491.0,26080893812.0,498420842.0
22115,2056-11-01,GW_storage_OR_WA_BPA_GW2[AF],2159223.0,26160908259.0,500580065.0
22116,2056-12-01,GW_storage_OR_WA_BPA_GW2[AF],2116383.0,26240212456.0,502696448.0
22117,2057-01-01,GW_storage_OR_WA_BPA_GW2[AF],2074394.0,26318587848.0,504770842.0
22118,2057-02-01,GW_storage_OR_WA_BPA_GW2[AF],2037221.0,26395985372.0,506808063.0
22119,2057-03-01,GW_storage_OR_WA_BPA_GW2[AF],1996803.0,26472734266.0,508804866.0
22120,2057-04-01,GW_storage_OR_WA_BPA_GW2[AF],1958464.0,26556295278.0,510763330.0
22121,2057-05-01,GW_storage_OR_WA_BPA_GW2[AF],1919608.0,26638790503.0,512682938.0
22122,2057-06-01,GW_storage_OR_WA_BPA_GW2[AF],1882751.0,26720263696.0,514565689.0
22123,2057-07-01,GW_storage_OR_WA_BPA_GW2[AF],1845398.0,26800720453.0,516411087.0
22124,2057-08-01,GW_storage_OR_WA_BPA_GW2[AF],1808785.0,26880212595.0,518219872.0
22125,2057-09-01,GW_storage_OR_WA_BPA_GW2[AF],1774056.0,26958875022.0,519993928.0
22126,2057-10-01,GW_storage_OR_WA_BPA_GW2[AF],1738859.0,27036568588.0,521732787.0
22127,2057-11-01,GW_storage_OR_WA_BPA_GW2[AF],1705473.0,27113396201.0,523438260.0
22128,2057-12-01,GW_storage_OR_WA_BPA_GW2[AF],1671636.0,27189264327.0,525109896.0
22129,2058-01-01,GW_storage_OR_WA_BPA_GW2[AF],1638471.0,27264124633.0,526748367.0
22130,2058-02-01,GW_storage_OR_WA_BPA_GW2[AF],1609110.0,27348265847.0,528357477.0
22131,2058-03-01,GW_storage_OR_WA_BPA_GW2[AF],1577185.0,27440889382.0,529934662.0
22132,2058-04-01,GW_storage_OR_WA_BPA_GW2[AF],1546903.0,27539133274.0,531481565.0
22133,2058-05-01,GW_storage_OR_WA_BPA_GW2[AF],1516213.0,27639449314.0,532997778.0
22134,2058-06-01,GW_storage_OR_WA_BPA_GW2[AF],1487101.0,27738779306.0,534484879.0
22135,2058-07-01,GW_storage_OR_WA_BPA_GW2[AF],1457596.0,27837531793.0,535942475.0
22136,2058-08-01,GW_storage_OR_WA_BPA_GW2[AF],1428678.0,27935280444.0,537371153.0
22137,2058-09-01,GW_storage_OR_WA_BPA_GW2[AF],1401248.0,28031862865.0,538772401.0
22138,2058-10-01,GW_storage_OR_WA_BPA_GW2[AF],1373447.0,28127260463.0,540145848.0
22139,2058-11-01,GW_storage_OR_WA_BPA_GW2[AF],1347076.0,28221366217.0,541492924.0
22140,2058-12-01,GW_storage_OR_WA_BPA_GW2[AF],1320351.0,28314157055.0,542813275.0
22141,2059-01-01,GW_storage_OR_WA_BPA_GW2[AF],1294155.0,28405540773.0,544107430.0
22142,2059-02-01,GW_storage_OR_WA_BPA_GW2[AF],1270963.0,28502067677.0,545378393.0
22143,2059-03-01,GW_storage_OR_WA_BPA_GW2[AF],1245747.0,28605457246.0,546624140.0
22144,2059-04-01,GW_storage_OR_WA_BPA_GW2[AF],1221829.0,28717814838.0,547845969.0
22145,2059-05-01,GW_storage_OR_WA_BPA_GW2[AF],1197587.0,28830913147.0,549043556.0
22146,2059-06-01,GW_storage_OR_WA_BPA_GW2[AF],1174594.0,28943770190.0,550218150.0
22147,2059-07-01,GW_storage_OR_WA_BPA_GW2[AF],1151290.0,29055182582.0,551369440.0
22148,2059-08-01,GW_storage_OR_WA_BPA_GW2[AF],1128447.0,29165160032.0,552497887.0
22149,2059-09-01,GW_storage_OR_WA_BPA_GW2[AF],1106781.0,29273920291.0,553604668.0
22150,2059-10-01,GW_storage_OR_WA_BPA_GW2[AF],1084823.0,29381402010.0,554689491.0
22151,2059-11-01,GW_storage_OR_WA_BPA_GW2[AF],1063995.0,29487451547.0,555753486.0
22152,2059-12-01,GW_storage_OR_WA_BPA_GW2[AF],1042885.0,29592083281.0,556796371.0
22153,2060-01-01,GW_storage_OR_WA_BPA_GW2[AF],1022194.0,29695071869.0,557818565.0
22154,2060-02-01,GW_storage_OR_WA_BPA_GW2[AF],1003222.0,29797999369.0,558821787.0
22155,2060-03-01,GW_storage_OR_WA_BPA_GW2[AF],983317.0,29907235449.0,559805104.0
22156,2060-04-01,GW_storage_OR_WA_BPA_GW2[AF],964439.0,30022282651.0,560769543.0
22157,2060-05-01,GW_storage_OR_WA_BPA_GW2[AF],945304.0,30138204137.0,561714847.0
22158,2060-06-01,GW_storage_OR_WA_BPA_GW2[AF],927154.0,30253989194.0,562642001.0
22159,2060-07-01,GW_storage_OR_WA_BPA_GW2[AF],908759.0,30369445165.0,563550760.0
22160,2060-08-01,GW_storage_OR_WA_BPA_GW2[AF],890730.0,30483354195.0,564441490.0
22161,2060-09-01,GW_storage_OR_WA_BPA_GW2[AF],873627.0,30595912136.0,565315117.0
22162,2060-10-01,GW_storage_OR_WA_BPA_GW2[AF],856295.0,30707058453.0,566171412.0
22163,2060-11-01,GW_storage_OR_WA_BPA_GW2[AF],839855.0,30816686913.0,567011267.0
22164,2060-12-01,GW_storage_OR_WA_BPA_GW2[AF],823191.0,30924630927.0,567834458.0
22165,2061-01-01,GW_storage_OR_WA_BPA_GW2[AF],806859.0,31038058188.0,568641317.0
22166,2061-02-01,GW_storage_OR_WA_BPA_GW2[AF],792400.0,31163247262.0,569433717.0
22167,2061-03-01,GW_storage_OR_WA_BPA_GW2[AF],1841522.0,31301926464.0,571275239.0
22168,2061-04-01,GW_storage_OR_WA_BPA_GW2[AF],2658261.0,31460043743.0,573933500.0
22169,2061-05-01,GW_storage_OR_WA_BPA_GW2[AF],3301340.0,31621719240.0,577234840.0
22170,2061-06-01,GW_storage_OR_WA_BPA_GW2[AF],3237954.0,31781944019.0,580472794.0
22171,2061-07-01,GW_storage_OR_WA_BPA_GW2[AF],3173713.0,31940594248.0,583646507.0
22172,2061-08-01,GW_storage_OR_WA_BPA_GW2[AF],3110747.0,32097666692.0,586757254.0
22173,2061-09-01,GW_storage_OR_WA_BPA_GW2[AF],3051020.0,32253244922.0,589808274.0
22174,2061-10-01,GW_storage_OR_WA_BPA_GW2[AF],2990488.0,32407132898.0,592798762.0
22175,2061-11-01,GW_storage_OR_WA_BPA_GW2[AF],2933071.0,32559108380.0,595731833.0
22176,2061-12-01,GW_storage_OR_WA_BPA_GW2[AF],2874879.0,32709321481.0,598606712.0
22177,2062-01-01,GW_storage_OR_WA_BPA_GW2[AF],2817841.0,32858735378.0,601424553.0
22178,2062-02-01,GW_storage_OR_WA_BPA_GW2[AF],2767345.0,33022044851.0,604191898.0
22179,2062-03-01,GW_storage_OR_WA_BPA_GW2[AF],2712442.0,33198837130.0,606904340.0
22180,2062-04-01,GW_storage_OR_WA_BPA_GW2[AF],3544170.0,33390837210.0,610448510.0
22181,2062-05-01,GW_storage_OR_WA_BPA_GW2[AF],4206508.0,33584259641.0,614655018.0
22182,2062-06-01,GW_storage_OR_WA_BPA_GW2[AF],4125743.0,33776858517.0,618780761.0
22183,2062-07-01,GW_storage_OR_WA_BPA_GW2[AF],4043889.0,33967635736.0,622824650.0
22184,2062-08-01,GW_storage_OR_WA_BPA_GW2[AF],3963657.0,34156855847.0,626788307.0
22185,2062-09-01,GW_storage_OR_WA_BPA_GW2[AF],3887556.0,34344548104.0,630675863.0
22186,2062-10-01,GW_storage_OR_WA_BPA_GW2[AF],3810426.0,34530332137.0,634486289.0
22187,2062-11-01,GW_storage_OR_WA_BPA_GW2[AF],3737266.0,34714073091.0,638223555.0
22188,2062-12-01,GW_storage_OR_WA_BPA_GW2[AF],3663119.0,34895778448.0,641886674.0
22189,2063-01-01,GW_storage_OR_WA_BPA_GW2[AF],3590443.0,35079072230.0,645477117.0
22190,2063-02-01,GW_storage_OR_WA_BPA_GW2[AF],3526102.0,35269350335.0,649003219.0
22191,2063-03-01,GW_storage_OR_WA_BPA_GW2[AF],3456144.0,35470064786.0,652459363.0
22192,2063-04-01,GW_storage_OR_WA_BPA_GW2[AF],3389786.0,35683040547.0,655849149.0
22193,2063-05-01,GW_storage_OR_WA_BPA_GW2[AF],4088721.0,35907121073.0,659937870.0
22194,2063-06-01,GW_storage_OR_WA_BPA_GW2[AF],4614305.0,36134854310.0,664552175.0
22195,2063-07-01,GW_storage_OR_WA_BPA_GW2[AF],4522757.0,36361472567.0,669074932.0
22196,2063-08-01,GW_storage_OR_WA_BPA_GW2[AF],4433027.0,36586142514.0,673507959.0
22197,2063-09-01,GW_storage_OR_WA_BPA_GW2[AF],4347912.0,36808934029.0,677855871.0
22198,2063-10-01,GW_storage_OR_WA_BPA_GW2[AF],4261649.0,37029507927.0,682117520.0
22199,2063-11-01,GW_storage_OR_WA_BPA_GW2[AF],4179827.0,37248012309.0,686297347.0
22200,2063-12-01,GW_storage_OR_WA_BPA_GW2[AF],4096899.0,37465671472.0,690394246.0
22201,2064-01-01,GW_storage_OR_WA_BPA_GW2[AF],4015615.0,37694815963.0,694409861.0
22202,2064-02-01,GW_storage_OR_WA_BPA_GW2[AF],3941086.0,37945097639.0,698350947.0
22203,2064-03-01,GW_storage_OR_WA_BPA_GW2[AF],3862895.0,38213638934.0,702213842.0
22204,2064-04-01,GW_storage_OR_WA_BPA_GW2[AF],4573643.0,38493367090.0,706787485.0
22205,2064-05-01,GW_storage_OR_WA_BPA_GW2[AF],5212517.0,38776738105.0,712000002.0
22206,2064-06-01,GW_storage_OR_WA_BPA_GW2[AF],5112437.0,39060661713.0,717112439.0
22207,2064-07-01,GW_storage_OR_WA_BPA_GW2[AF],5011006.0,39341932866.0,722123445.0
22208,2064-08-01,GW_storage_OR_WA_BPA_GW2[AF],4911588.0,39620711220.0,727035033.0
22209,2064-09-01,GW_storage_OR_WA_BPA_GW2[AF],4817285.0,39897002798.0,731852318.0
22210,2064-10-01,GW_storage_OR_WA_BPA_GW2[AF],4721711.0,40170736712.0,736574029.0
22211,2064-11-01,GW_storage_OR_WA_BPA_GW2[AF],4631053.0,40442044957.0,741205082.0
22212,2064-12-01,GW_storage_OR_WA_BPA_GW2[AF],4539173.0,40711834451.0,745744255.0
22213,2065-01-01,GW_storage_OR_WA_BPA_GW2[AF],4449116.0,40982757097.0,750193371.0
22214,2065-02-01,GW_storage_OR_WA_BPA_GW2[AF],4369388.0,41255716076.0,754562759.0
22215,2065-03-01,GW_storage_OR_WA_BPA_GW2[AF],4282699.0,41533378347.0,758845458.0
22216,2065-04-01,GW_storage_OR_WA_BPA_GW2[AF],4200471.0,41819419395.0,763045929.0
22217,2065-05-01,GW_storage_OR_WA_BPA_GW2[AF],4117134.0,42107659636.0,767163063.0
22218,2065-06-01,GW_storage_OR_WA_BPA_GW2[AF],4038084.0,42393392346.0,771201147.0
22219,2065-07-01,GW_storage_OR_WA_BPA_GW2[AF],3957969.0,42678359041.0,775159116.0
22220,2065-08-01,GW_storage_OR_WA_BPA_GW2[AF],3879442.0,42960938762.0,779038558.0
22221,2065-09-01,GW_storage_OR_WA_BPA_GW2[AF],3804958.0,43241061639.0,782843516.0
22222,2065-10-01,GW_storage_OR_WA_BPA_GW2[AF],3729467.0,43518553408.0,786572983.0
22223,2065-11-01,GW_storage_OR_WA_BPA_GW2[AF],3657861.0,43793351378.0,790230844.0
22224,2065-12-01,GW_storage_OR_WA_BPA_GW2[AF],3585290.0,44065325818.0,793816134.0
22225,2066-01-01,GW_storage_OR_WA_BPA_GW2[AF],3514157.0,44334625115.0,797330291.0
22226,2066-02-01,GW_storage_OR_WA_BPA_GW2[AF],3451184.0,44601575728.0,800781475.0
22227,2066-03-01,GW_storage_OR_WA_BPA_GW2[AF],3382712.0,44865977654.0,804164187.0
22228,2066-04-01,GW_storage_OR_WA_BPA_GW2[AF],3317764.0,45130939542.0,807481951.0
22229,2066-05-01,GW_storage_OR_WA_BPA_GW2[AF],3251940.0,45393925169.0,810733891.0
22230,2066-06-01,GW_storage_OR_WA_BPA_GW2[AF],3189503.0,45654573916.0,813923394.0
22231,2066-07-01,GW_storage_OR_WA_BPA_GW2[AF],3126223.0,45912927675.0,817049617.0
22232,2066-08-01,GW_storage_OR_WA_BPA_GW2[AF],3064198.0,46169111465.0,820113815.0
22233,2066-09-01,GW_storage_OR_WA_BPA_GW2[AF],3005365.0,46423600426.0,823119180.0
22234,2066-10-01,GW_storage_OR_WA_BPA_GW2[AF],2945739.0,46676263355.0,826064919.0
22235,2066-11-01,GW_storage_OR_WA_BPA_GW2[AF],2889181.0,46927228863.0,828954100.0
22236,2066-12-01,GW_storage_OR_WA_BPA_GW2[AF],2831859.0,47176198480.0,831785959.0
22237,2067-01-01,GW_storage_OR_WA_BPA_GW2[AF],2775676.0,47422896821.0,834561635.0
22238,2067-02-01,GW_storage_OR_WA_BPA_GW2[AF],2725936.0,47667661431.0,837287571.0
22239,2067-03-01,GW_storage_OR_WA_BPA_GW2[AF],2671853.0,47910308464.0,839959424.0
22240,2067-04-01,GW_storage_OR_WA_BPA_GW2[AF],2620553.0,48151085524.0,842579977.0
22241,2067-05-01,GW_storage_OR_WA_BPA_GW2[AF],2568562.0,48389950965.0,845148539.0
22242,2067-06-01,GW_storage_OR_WA_BPA_GW2[AF],2519245.0,48627002221.0,847667784.0
22243,2067-07-01,GW_storage_OR_WA_BPA_GW2[AF],2469264.0,48862124917.0,850137048.0
22244,2067-08-01,GW_storage_OR_WA_BPA_GW2[AF],2420273.0,49095321876.0,852557321.0
22245,2067-09-01,GW_storage_OR_WA_BPA_GW2[AF],2373804.0,49326841519.0,854931125.0
22246,2067-10-01,GW_storage_OR_WA_BPA_GW2[AF],2326708.0,49556552267.0,857257833.0
22247,2067-11-01,GW_storage_OR_WA_BPA_GW2[AF],2282035.0,49784868208.0,859539868.0
22248,2067-12-01,GW_storage_OR_WA_BPA_GW2[AF],2236760.0,50011545293.0,861776628.0
22249,2068-01-01,GW_storage_OR_WA_BPA_GW2[AF],2192383.0,50238331069.0,863969011.0
22250,2068-02-01,GW_storage_OR_WA_BPA_GW2[AF],2151691.0,50478937732.0,866120702.0
22251,2068-03-01,GW_storage_OR_WA_BPA_GW2[AF],2109002.0,50739381265.0,868229704.0
22252,2068-04-01,GW_storage_OR_WA_BPA_GW2[AF],2068509.0,51011294375.0,870298213.0
22253,2068-05-01,GW_storage_OR_WA_BPA_GW2[AF],2027470.0,51290774772.0,872325683.0
22254,2068-06-01,GW_storage_OR_WA_BPA_GW2[AF],1988542.0,51571539123.0,874314225.0
22255,2068-07-01,GW_storage_OR_WA_BPA_GW2[AF],1949090.0,51851333229.0,876263315.0
22256,2068-08-01,GW_storage_OR_WA_BPA_GW2[AF],1910420.0,52129191774.0,878173735.0
22257,2068-09-01,GW_storage_OR_WA_BPA_GW2[AF],1873740.0,52405096290.0,880047475.0
22258,2068-10-01,GW_storage_OR_WA_BPA_GW2[AF],1836565.0,52678907664.0,881884040.0
22259,2068-11-01,GW_storage_OR_WA_BPA_GW2[AF],1801303.0,52950483517.0,883685343.0
22260,2068-12-01,GW_storage_OR_WA_BPA_GW2[AF],1765564.0,53219819895.0,885450907.0
22261,2069-01-01,GW_storage_OR_WA_BPA_GW2[AF],1730536.0,53487155316.0,887181443.0
22262,2069-02-01,GW_storage_OR_WA_BPA_GW2[AF],1699525.0,53760870931.0,888880968.0
22263,2069-03-01,GW_storage_OR_WA_BPA_GW2[AF],1665807.0,54039428849.0,890546775.0
22264,2069-04-01,GW_storage_OR_WA_BPA_GW2[AF],2390593.0,54324092180.0,892937368.0
22265,2069-05-01,GW_storage_OR_WA_BPA_GW2[AF],2343163.0,54609436481.0,895280531.0
22266,2069-06-01,GW_storage_OR_WA_BPA_GW2[AF],2298175.0,54894337917.0,897578706.0
22267,2069-07-01,GW_storage_OR_WA_BPA_GW2[AF],2252579.0,55177218144.0,899831285.0
22268,2069-08-01,GW_storage_OR_WA_BPA_GW2[AF],2207888.0,55458179949.0,902039173.0
22269,2069-09-01,GW_storage_OR_WA_BPA_GW2[AF],2165497.0,55737226700.0,904204670.0
22270,2069-10-01,GW_storage_OR_WA_BPA_GW2[AF],2122533.0,56014313112.0,906327203.0
22271,2069-11-01,GW_storage_OR_WA_BPA_GW2[AF],2081780.0,56289244905.0,908408983.0
22272,2069-12-01,GW_storage_OR_WA_BPA_GW2[AF],2040477.0,56561948550.0,910449460.0
22273,2070-01-01,GW_storage_OR_WA_BPA_GW2[AF],1999994.0,56832455571.0,912449454.0
22274,2070-02-01,GW_storage_OR_WA_BPA_GW2[AF],1964154.0,57101031869.0,914413608.0
22275,2070-03-01,GW_storage_OR_WA_BPA_GW2[AF],1925186.0,57367456127.0,916338794.0
22276,2070-04-01,GW_storage_OR_WA_BPA_GW2[AF],1888223.0,57631884127.0,918227017.0
22277,2070-05-01,GW_storage_OR_WA_BPA_GW2[AF],1850760.0,57894580730.0,920077777.0
22278,2070-06-01,GW_storage_OR_WA_BPA_GW2[AF],1815225.0,58156625113.0,921893002.0
22279,2070-07-01,GW_storage_OR_WA_BPA_GW2[AF],1779211.0,58417720429.0,923672213.0
22280,2070-08-01,GW_storage_OR_WA_BPA_GW2[AF],1743912.0,58677125935.0,925416125.0
22281,2070-09-01,GW_storage_OR_WA_BPA_GW2[AF],1710429.0,58935122487.0,927126554.0
22282,2070-10-01,GW_storage_OR_WA_BPA_GW2[AF],1676494.0,59191573450.0,928803048.0
22283,2070-11-01,GW_storage_OR_WA_BPA_GW2[AF],1644305.0,59446278042.0,930447353.0
22284,2070-12-01,GW_storage_OR_WA_BPA_GW2[AF],1611682.0,59699129256.0,932059035.0
20071,2025-08-01,GW_storage_OR_W_GW1[AF],-55402.0,60752330.0,-55402.0
20072,2025-09-01,GW_storage_OR_W_GW1[AF],-53081.0,63291561.0,-108483.0
20073,2025-10-01,GW_storage_OR_W_GW1[AF],-51587.0,66117192.0,-160070.0
20074,2025-11-01,GW_storage_OR_W_GW1[AF],-50200.0,69169207.0,-210270.0
20075,2025-12-01,GW_storage_OR_W_GW1[AF],-48835.0,72377661.0,-259105.0
20076,2026-01-01,GW_storage_OR_W_GW1[AF],-47546.0,75644729.0,-306651.0
20077,2026-02-01,GW_storage_OR_W_GW1[AF],1724329.0,83025589.0,1417678.0
20078,2026-03-01,GW_storage_OR_W_GW1[AF],1681583.0,93674924.0,3099261.0
20079,2026-04-01,GW_storage_OR_W_GW1[AF],1641232.0,112497734.0,4740493.0
20080,2026-05-01,GW_storage_OR_W_GW1[AF],1600533.0,136460613.0,6341026.0
20081,2026-06-01,GW_storage_OR_W_GW1[AF],1562120.0,160180041.0,7903146.0
20082,2026-07-01,GW_storage_OR_W_GW1[AF],1523379.0,184580314.0,9426525.0
20083,2026-08-01,GW_storage_OR_W_GW1[AF],1485600.0,208538131.0,10912125.0
20084,2026-09-01,GW_storage_OR_W_GW1[AF],1449945.0,232132273.0,12362070.0
20085,2026-10-01,GW_storage_OR_W_GW1[AF],1413987.0,255250646.0,13776057.0
20086,2026-11-01,GW_storage_OR_W_GW1[AF],1380051.0,277908394.0,15156108.0
20087,2026-12-01,GW_storage_OR_W_GW1[AF],1345825.0,300103214.0,16501933.0
20088,2027-01-01,GW_storage_OR_W_GW1[AF],1312449.0,321847786.0,17814382.0
20089,2027-02-01,GW_storage_OR_W_GW1[AF],1283050.0,343199646.0,19097432.0
20090,2027-03-01,GW_storage_OR_W_GW1[AF],1251230.0,369620421.0,20348662.0
20091,2027-04-01,GW_storage_OR_W_GW1[AF],2302910.0,409179141.0,22651572.0
20092,2027-05-01,GW_storage_OR_W_GW1[AF],2245798.0,455970259.0,24897370.0
20093,2027-06-01,GW_storage_OR_W_GW1[AF],2191898.0,506103237.0,27089268.0
20094,2027-07-01,GW_storage_OR_W_GW1[AF],2137540.0,558027240.0,29226808.0
20095,2027-08-01,GW_storage_OR_W_GW1[AF],2084528.0,610747556.0,31311336.0
20096,2027-09-01,GW_storage_OR_W_GW1[AF],2034500.0,662576568.0,33345836.0
20097,2027-10-01,GW_storage_OR_W_GW1[AF],1984044.0,713531026.0,35329880.0
20098,2027-11-01,GW_storage_OR_W_GW1[AF],1936428.0,763602436.0,37266308.0
20099,2027-12-01,GW_storage_OR_W_GW1[AF],1888404.0,812846873.0,39154712.0
20100,2028-01-01,GW_storage_OR_W_GW1[AF],1841571.0,861121911.0,40996283.0
20101,2028-02-01,GW_storage_OR_W_GW1[AF],1798847.0,908650771.0,42795130.0
20102,2028-03-01,GW_storage_OR_W_GW1[AF],3328768.0,959000163.0,46123898.0
20103,2028-04-01,GW_storage_OR_W_GW1[AF],3248877.0,1012039411.0,49372775.0
20104,2028-05-01,GW_storage_OR_W_GW1[AF],3168305.0,1068060916.0,52541080.0
20105,2028-06-01,GW_storage_OR_W_GW1[AF],3092266.0,1125203670.0,55633346.0
20106,2028-07-01,GW_storage_OR_W_GW1[AF],3015577.0,1183903968.0,58648923.0
20107,2028-08-01,GW_storage_OR_W_GW1[AF],2940791.0,1241633200.0,61589714.0
20108,2028-09-01,GW_storage_OR_W_GW1[AF],2870212.0,1298536546.0,64459926.0
20109,2028-10-01,GW_storage_OR_W_GW1[AF],2799030.0,1354465802.0,67258956.0
20110,2028-11-01,GW_storage_OR_W_GW1[AF],2731854.0,1409406877.0,69990810.0
20111,2028-12-01,GW_storage_OR_W_GW1[AF],2664104.0,1463330743.0,72654914.0
20112,2029-01-01,GW_storage_OR_W_GW1[AF],2598034.0,1516331973.0,75252948.0
20113,2029-02-01,GW_storage_OR_W_GW1[AF],2539838.0,1568436361.0,77792786.0
20114,2029-03-01,GW_storage_OR_W_GW1[AF],3979445.0,1622957905.0,81772231.0
20115,2029-04-01,GW_storage_OR_W_GW1[AF],3883939.0,1679352962.0,85656170.0
20116,2029-05-01,GW_storage_OR_W_GW1[AF],3787617.0,1742904338.0,89443787.0
20117,2029-06-01,GW_storage_OR_W_GW1[AF],3696715.0,1807169538.0,93140502.0
20118,2029-07-01,GW_storage_OR_W_GW1[AF],3605037.0,1872474684.0,96745539.0
20119,2029-08-01,GW_storage_OR_W_GW1[AF],3515632.0,1936569687.0,100261171.0
20120,2029-09-01,GW_storage_OR_W_GW1[AF],3431257.0,1999536921.0,103692428.0
20121,2029-10-01,GW_storage_OR_W_GW1[AF],3346161.0,2061251234.0,107038589.0
20122,2029-11-01,GW_storage_OR_W_GW1[AF],3265853.0,2121792309.0,110304442.0
20123,2029-12-01,GW_storage_OR_W_GW1[AF],3184860.0,2181276298.0,113489302.0
20124,2030-01-01,GW_storage_OR_W_GW1[AF],3105876.0,2239598911.0,116595178.0
20125,2030-02-01,GW_storage_OR_W_GW1[AF],3036305.0,2296908282.0,119631483.0
20126,2030-03-01,GW_storage_OR_W_GW1[AF],2961004.0,2353273149.0,122592487.0
20127,2030-04-01,GW_storage_OR_W_GW1[AF],2889940.0,2408813513.0,125482427.0
20128,2030-05-01,GW_storage_OR_W_GW1[AF],2818269.0,2463288321.0,128300696.0
20129,2030-06-01,GW_storage_OR_W_GW1[AF],2750630.0,2519189259.0,131051326.0
20130,2030-07-01,GW_storage_OR_W_GW1[AF],2682415.0,2574987711.0,133733741.0
20131,2030-08-01,GW_storage_OR_W_GW1[AF],2615892.0,2629845780.0,136349633.0
20132,2030-09-01,GW_storage_OR_W_GW1[AF],2553110.0,2683731630.0,138902743.0
20133,2030-10-01,GW_storage_OR_W_GW1[AF],2489792.0,2736573135.0,141392535.0
20134,2030-11-01,GW_storage_OR_W_GW1[AF],2430038.0,2788437015.0,143822573.0
20135,2030-12-01,GW_storage_OR_W_GW1[AF],2369773.0,2839371858.0,146192346.0
20136,2031-01-01,GW_storage_OR_W_GW1[AF],2311002.0,2889285425.0,148503348.0
20137,2031-02-01,GW_storage_OR_W_GW1[AF],2259236.0,2938331300.0,150762584.0
20138,2031-03-01,GW_storage_OR_W_GW1[AF],2203206.0,2986403207.0,152965790.0
20139,2031-04-01,GW_storage_OR_W_GW1[AF],2150330.0,3034117058.0,155116120.0
20140,2031-05-01,GW_storage_OR_W_GW1[AF],2097001.0,3081639947.0,157213121.0
20141,2031-06-01,GW_storage_OR_W_GW1[AF],2046674.0,3128466639.0,159259795.0
20142,2031-07-01,GW_storage_OR_W_GW1[AF],1995916.0,3175256040.0,161255711.0
20143,2031-08-01,GW_storage_OR_W_GW1[AF],1946418.0,3221201089.0,163202129.0
20144,2031-09-01,GW_storage_OR_W_GW1[AF],1899703.0,3266538806.0,165101832.0
20145,2031-10-01,GW_storage_OR_W_GW1[AF],1852591.0,3311005126.0,166954423.0
20146,2031-11-01,GW_storage_OR_W_GW1[AF],1808129.0,3354843436.0,168762552.0
20147,2031-12-01,GW_storage_OR_W_GW1[AF],1763287.0,3397917039.0,170525839.0
20148,2032-01-01,GW_storage_OR_W_GW1[AF],1719558.0,3440765830.0,172245397.0
20149,2032-02-01,GW_storage_OR_W_GW1[AF],3486406.0,3500332884.0,175731803.0
20150,2032-03-01,GW_storage_OR_W_GW1[AF],3399943.0,3570397039.0,179131746.0
20151,2032-04-01,GW_storage_OR_W_GW1[AF],3318345.0,3645988541.0,182450091.0
20152,2032-05-01,GW_storage_OR_W_GW1[AF],3236049.0,3723860841.0,185686140.0
20153,2032-06-01,GW_storage_OR_W_GW1[AF],3158384.0,3803847465.0,188844524.0
20154,2032-07-01,GW_storage_OR_W_GW1[AF],3080056.0,3884065220.0,191924580.0
20155,2032-08-01,GW_storage_OR_W_GW1[AF],3003671.0,3963910669.0,194928251.0
20156,2032-09-01,GW_storage_OR_W_GW1[AF],2931583.0,4042724779.0,197859834.0
20157,2032-10-01,GW_storage_OR_W_GW1[AF],2858880.0,4120308321.0,200718714.0
20158,2032-11-01,GW_storage_OR_W_GW1[AF],2790266.0,4196679403.0,203508980.0
20159,2032-12-01,GW_storage_OR_W_GW1[AF],2721068.0,4271822754.0,206230048.0
20160,2033-01-01,GW_storage_OR_W_GW1[AF],2653586.0,4345538492.0,208883634.0
20161,2033-02-01,GW_storage_OR_W_GW1[AF],2594145.0,4423218301.0,211477779.0
20162,2033-03-01,GW_storage_OR_W_GW1[AF],2529810.0,4505470297.0,214007589.0
20163,2033-04-01,GW_storage_OR_W_GW1[AF],2469095.0,4590681136.0,216476684.0
20164,2033-05-01,GW_storage_OR_W_GW1[AF],2407861.0,4675360581.0,218884545.0
20165,2033-06-01,GW_storage_OR_W_GW1[AF],2350072.0,4760708398.0,221234617.0
20166,2033-07-01,GW_storage_OR_W_GW1[AF],2291790.0,4846138178.0,223526407.0
20167,2033-08-01,GW_storage_OR_W_GW1[AF],2234955.0,4931118427.0,225761362.0
20168,2033-09-01,GW_storage_OR_W_GW1[AF],2181315.0,5014914731.0,227942677.0
20169,2033-10-01,GW_storage_OR_W_GW1[AF],2127219.0,5097508172.0,230069896.0
20170,2033-11-01,GW_storage_OR_W_GW1[AF],2076165.0,5178663669.0,232146061.0
20171,2033-12-01,GW_storage_OR_W_GW1[AF],2024676.0,5258443309.0,234170737.0
20172,2034-01-01,GW_storage_OR_W_GW1[AF],1974464.0,5339163828.0,236145201.0
20173,2034-02-01,GW_storage_OR_W_GW1[AF],1930236.0,5418722190.0,238075437.0
20174,2034-03-01,GW_storage_OR_W_GW1[AF],5053026.0,5500220744.0,243128463.0
20175,2034-04-01,GW_storage_OR_W_GW1[AF],7925759.0,5584032903.0,251054222.0
20176,2034-05-01,GW_storage_OR_W_GW1[AF],7729200.0,5676873319.0,258783422.0
20177,2034-06-01,GW_storage_OR_W_GW1[AF],7543700.0,5773341236.0,266327122.0
20178,2034-07-01,GW_storage_OR_W_GW1[AF],7356618.0,5871231225.0,273683740.0
20179,2034-08-01,GW_storage_OR_W_GW1[AF],7174175.0,5968392389.0,280857915.0
20180,2034-09-01,GW_storage_OR_W_GW1[AF],7001997.0,6064112138.0,287859912.0
20181,2034-10-01,GW_storage_OR_W_GW1[AF],6828350.0,6158273690.0,294688262.0
20182,2034-11-01,GW_storage_OR_W_GW1[AF],6664470.0,6251013792.0,301352732.0
20183,2034-12-01,GW_storage_OR_W_GW1[AF],6499192.0,6342469856.0,307851924.0
20184,2035-01-01,GW_storage_OR_W_GW1[AF],6338013.0,6432436397.0,314189937.0
20185,2035-02-01,GW_storage_OR_W_GW1[AF],6196043.0,6520973109.0,320385980.0
20186,2035-03-01,GW_storage_OR_W_GW1[AF],6042382.0,6608114132.0,326428362.0
20187,2035-04-01,GW_storage_OR_W_GW1[AF],5897366.0,6694040771.0,332325728.0
20188,2035-05-01,GW_storage_OR_W_GW1[AF],5751113.0,6778544504.0,338076841.0
20189,2035-06-01,GW_storage_OR_W_GW1[AF],5613088.0,6863239534.0,343689929.0
20190,2035-07-01,GW_storage_OR_W_GW1[AF],5473884.0,6947511289.0,349163813.0
20191,2035-08-01,GW_storage_OR_W_GW1[AF],5338133.0,7030376153.0,354501946.0
20192,2035-09-01,GW_storage_OR_W_GW1[AF],5210018.0,7112119087.0,359711964.0
20193,2035-10-01,GW_storage_OR_W_GW1[AF],5080810.0,7192574428.0,364792774.0
20194,2035-11-01,GW_storage_OR_W_GW1[AF],4958873.0,7271865334.0,369751647.0
20195,2035-12-01,GW_storage_OR_W_GW1[AF],4835895.0,7350179909.0,374587542.0
20196,2036-01-01,GW_storage_OR_W_GW1[AF],4715965.0,7427195979.0,379303507.0
20197,2036-02-01,GW_storage_OR_W_GW1[AF],4606555.0,7503024891.0,383910062.0
20198,2036-03-01,GW_storage_OR_W_GW1[AF],4492314.0,7577632108.0,388402376.0
20199,2036-04-01,GW_storage_OR_W_GW1[AF],4384500.0,7651185144.0,392786876.0
20200,2036-05-01,GW_storage_OR_W_GW1[AF],4275766.0,7724300240.0,397062642.0
20201,2036-06-01,GW_storage_OR_W_GW1[AF],4173150.0,7796353708.0,401235792.0
20202,2036-07-01,GW_storage_OR_W_GW1[AF],4069656.0,7867314948.0,405305448.0
20203,2036-08-01,GW_storage_OR_W_GW1[AF],3968730.0,7937241278.0,409274178.0
20204,2036-09-01,GW_storage_OR_W_GW1[AF],3873481.0,8006295323.0,413147659.0
20205,2036-10-01,GW_storage_OR_W_GW1[AF],3777418.0,8074305646.0,416925077.0
20206,2036-11-01,GW_storage_OR_W_GW1[AF],3686760.0,8141376577.0,420611837.0
20207,2036-12-01,GW_storage_OR_W_GW1[AF],3595329.0,8207644541.0,424207166.0
20208,2037-01-01,GW_storage_OR_W_GW1[AF],3506165.0,8273161410.0,427713331.0
20209,2037-02-01,GW_storage_OR_W_GW1[AF],3427627.0,8337733681.0,431140958.0
20210,2037-03-01,GW_storage_OR_W_GW1[AF],3342622.0,8401237350.0,434483580.0
20211,2037-04-01,GW_storage_OR_W_GW1[AF],3262398.0,8463716442.0,437745978.0
20212,2037-05-01,GW_storage_OR_W_GW1[AF],3181491.0,8525229166.0,440927469.0
20213,2037-06-01,GW_storage_OR_W_GW1[AF],3105135.0,8585780498.0,444032604.0
20214,2037-07-01,GW_storage_OR_W_GW1[AF],3028128.0,8645518277.0,447060732.0
20215,2037-08-01,GW_storage_OR_W_GW1[AF],2953030.0,8704580765.0,450013762.0
20216,2037-09-01,GW_storage_OR_W_GW1[AF],2882157.0,8763159684.0,452895919.0
20217,2037-10-01,GW_storage_OR_W_GW1[AF],2810680.0,8821181815.0,455706599.0
20218,2037-11-01,GW_storage_OR_W_GW1[AF],2743224.0,8878677095.0,458449823.0
20219,2037-12-01,GW_storage_OR_W_GW1[AF],2675191.0,8935618642.0,461125014.0
20220,2038-01-01,GW_storage_OR_W_GW1[AF],2608847.0,8991690289.0,463733861.0
20221,2038-02-01,GW_storage_OR_W_GW1[AF],2550409.0,9049081585.0,466284270.0
20222,2038-03-01,GW_storage_OR_W_GW1[AF],2487158.0,9108044798.0,468771428.0
20223,2038-04-01,GW_storage_OR_W_GW1[AF],2427467.0,9168794933.0,471198895.0
20224,2038-05-01,GW_storage_OR_W_GW1[AF],2367265.0,9229969082.0,473566160.0
20225,2038-06-01,GW_storage_OR_W_GW1[AF],2310451.0,9290494843.0,475876611.0
20226,2038-07-01,GW_storage_OR_W_GW1[AF],2253152.0,9350294408.0,478129763.0
20227,2038-08-01,GW_storage_OR_W_GW1[AF],2197273.0,9409318940.0,480327036.0
20228,2038-09-01,GW_storage_OR_W_GW1[AF],2144539.0,9467673979.0,482471575.0
20229,2038-10-01,GW_storage_OR_W_GW1[AF],2091355.0,9525253636.0,484562930.0
20230,2038-11-01,GW_storage_OR_W_GW1[AF],2041162.0,9582098472.0,486604092.0
20231,2038-12-01,GW_storage_OR_W_GW1[AF],1990541.0,9638248766.0,488594633.0
20232,2039-01-01,GW_storage_OR_W_GW1[AF],1941175.0,9693650977.0,490535808.0
20233,2039-02-01,GW_storage_OR_W_GW1[AF],1897694.0,9750458830.0,492433502.0
20234,2039-03-01,GW_storage_OR_W_GW1[AF],1850630.0,9809156458.0,494284132.0
20235,2039-04-01,GW_storage_OR_W_GW1[AF],1806215.0,9868559467.0,496090347.0
20236,2039-05-01,GW_storage_OR_W_GW1[AF],1761421.0,9927385773.0,497851768.0
20237,2039-06-01,GW_storage_OR_W_GW1[AF],1719147.0,9986965256.0,499570915.0
20238,2039-07-01,GW_storage_OR_W_GW1[AF],1676513.0,10046475029.0,501247428.0
20239,2039-08-01,GW_storage_OR_W_GW1[AF],1634934.0,10105238592.0,502882362.0
20240,2039-09-01,GW_storage_OR_W_GW1[AF],1595696.0,10163363477.0,504478058.0
20241,2039-10-01,GW_storage_OR_W_GW1[AF],1556123.0,10220781260.0,506034181.0
20242,2039-11-01,GW_storage_OR_W_GW1[AF],1518775.0,10277373162.0,507552956.0
20243,2039-12-01,GW_storage_OR_W_GW1[AF],1481110.0,10333185165.0,509034066.0
20244,2040-01-01,GW_storage_OR_W_GW1[AF],1444378.0,10388289039.0,510478444.0
20245,2040-02-01,GW_storage_OR_W_GW1[AF],1410869.0,10442633493.0,511889313.0
20246,2040-03-01,GW_storage_OR_W_GW1[AF],1375879.0,10496196844.0,513265192.0
20247,2040-04-01,GW_storage_OR_W_GW1[AF],1342858.0,10549040409.0,514608050.0
20248,2040-05-01,GW_storage_OR_W_GW1[AF],1309555.0,10601395194.0,515917605.0
20249,2040-06-01,GW_storage_OR_W_GW1[AF],1278126.0,10653107949.0,517195731.0
20250,2040-07-01,GW_storage_OR_W_GW1[AF],1246428.0,10704171007.0,518442159.0
20251,2040-08-01,GW_storage_OR_W_GW1[AF],1215517.0,10754605305.0,519657676.0
20252,2040-09-01,GW_storage_OR_W_GW1[AF],1186344.0,10804445973.0,520844020.0
20253,2040-10-01,GW_storage_OR_W_GW1[AF],1156923.0,10853648570.0,522000943.0
20254,2040-11-01,GW_storage_OR_W_GW1[AF],1129157.0,10902484914.0,523130100.0
20255,2040-12-01,GW_storage_OR_W_GW1[AF],1101154.0,10950730644.0,524231254.0
20256,2041-01-01,GW_storage_OR_W_GW1[AF],1073846.0,10998281298.0,525305100.0
20257,2041-02-01,GW_storage_OR_W_GW1[AF],3665985.0,11047818234.0,528971085.0
20258,2041-03-01,GW_storage_OR_W_GW1[AF],3575069.0,11099139984.0,532546154.0
20259,2041-04-01,GW_storage_OR_W_GW1[AF],3489266.0,11151170281.0,536035420.0
20260,2041-05-01,GW_storage_OR_W_GW1[AF],3402733.0,11202540882.0,539438153.0
20261,2041-06-01,GW_storage_OR_W_GW1[AF],3321067.0,11253584926.0,542759220.0
20262,2041-07-01,GW_storage_OR_W_GW1[AF],3238705.0,11304087287.0,545997925.0
20263,2041-08-01,GW_storage_OR_W_GW1[AF],3158385.0,11354085428.0,549156310.0
20264,2041-09-01,GW_storage_OR_W_GW1[AF],3082584.0,11403615397.0,552238894.0
20265,2041-10-01,GW_storage_OR_W_GW1[AF],3006136.0,11452671944.0,555245030.0
20266,2041-11-01,GW_storage_OR_W_GW1[AF],2933988.0,11501212889.0,558179018.0
20267,2041-12-01,GW_storage_OR_W_GW1[AF],2861226.0,11549056939.0,561040244.0
20268,2042-01-01,GW_storage_OR_W_GW1[AF],2790268.0,11596204581.0,563830512.0
20269,2042-02-01,GW_storage_OR_W_GW1[AF],2727765.0,11642935334.0,566558277.0
20270,2042-03-01,GW_storage_OR_W_GW1[AF],2660117.0,11689092595.0,569218394.0
20271,2042-04-01,GW_storage_OR_W_GW1[AF],2596274.0,11735022869.0,571814668.0
20272,2042-05-01,GW_storage_OR_W_GW1[AF],2531886.0,11780876718.0,574346554.0
20273,2042-06-01,GW_storage_OR_W_GW1[AF],2471121.0,11826092725.0,576817675.0
20274,2042-07-01,GW_storage_OR_W_GW1[AF],2409837.0,11871546727.0,579227512.0
20275,2042-08-01,GW_storage_OR_W_GW1[AF],2350073.0,11916431990.0,581577585.0
20276,2042-09-01,GW_storage_OR_W_GW1[AF],2293672.0,11960791410.0,583871257.0
20277,2042-10-01,GW_storage_OR_W_GW1[AF],2236788.0,12004660184.0,586108045.0
20278,2042-11-01,GW_storage_OR_W_GW1[AF],2183105.0,12048130811.0,588291150.0
20279,2042-12-01,GW_storage_OR_W_GW1[AF],2128965.0,12091062837.0,590420115.0
20280,2043-01-01,GW_storage_OR_W_GW1[AF],2076166.0,12133444088.0,592496281.0
20281,2043-02-01,GW_storage_OR_W_GW1[AF],2029660.0,12175363925.0,594525941.0
20282,2043-03-01,GW_storage_OR_W_GW1[AF],1979325.0,12216725340.0,596505266.0
20283,2043-04-01,GW_storage_OR_W_GW1[AF],1931821.0,12257666079.0,598437087.0
20284,2043-05-01,GW_storage_OR_W_GW1[AF],1883912.0,12298078753.0,600320999.0
20285,2043-06-01,GW_storage_OR_W_GW1[AF],1838698.0,12338040338.0,602159697.0
20286,2043-07-01,GW_storage_OR_W_GW1[AF],1793099.0,12377535688.0,603952796.0
20287,2043-08-01,GW_storage_OR_W_GW1[AF],1748630.0,12416568319.0,605701426.0
20288,2043-09-01,GW_storage_OR_W_GW1[AF],1706662.0,12455234071.0,607408088.0
20289,2043-10-01,GW_storage_OR_W_GW1[AF],1664337.0,12493493716.0,609072425.0
20290,2043-11-01,GW_storage_OR_W_GW1[AF],1624392.0,12531340494.0,610696817.0
20291,2043-12-01,GW_storage_OR_W_GW1[AF],1584108.0,12568703212.0,612280925.0
20292,2044-01-01,GW_storage_OR_W_GW1[AF],1544822.0,12605614127.0,613825747.0
20293,2044-02-01,GW_storage_OR_W_GW1[AF],1508982.0,12642100391.0,615334729.0
20294,2044-03-01,GW_storage_OR_W_GW1[AF],1471560.0,12678094207.0,616806289.0
20295,2044-04-01,GW_storage_OR_W_GW1[AF],1436242.0,12715489683.0,618242531.0
20296,2044-05-01,GW_storage_OR_W_GW1[AF],1400623.0,12757376464.0,619643154.0
20297,2044-06-01,GW_storage_OR_W_GW1[AF],1367008.0,12798680033.0,621010162.0
20298,2044-07-01,GW_storage_OR_W_GW1[AF],1333106.0,12840178366.0,622343268.0
20299,2044-08-01,GW_storage_OR_W_GW1[AF],1300046.0,12881238666.0,623643314.0
20300,2044-09-01,GW_storage_OR_W_GW1[AF],1268844.0,12921922929.0,624912158.0
20301,2044-10-01,GW_storage_OR_W_GW1[AF],1237376.0,12962137170.0,626149534.0
20302,2044-11-01,GW_storage_OR_W_GW1[AF],1207679.0,13001917872.0,627357213.0
20303,2044-12-01,GW_storage_OR_W_GW1[AF],1177729.0,13041192913.0,628534942.0
20304,2045-01-01,GW_storage_OR_W_GW1[AF],1148521.0,13079996277.0,629683463.0
20305,2045-02-01,GW_storage_OR_W_GW1[AF],1122795.0,13119222084.0,630806258.0
20306,2045-03-01,GW_storage_OR_W_GW1[AF],1094949.0,13158364150.0,631901207.0
20307,2045-04-01,GW_storage_OR_W_GW1[AF],1068670.0,13198157185.0,632969877.0
20308,2045-05-01,GW_storage_OR_W_GW1[AF],1042168.0,13237869018.0,634012045.0
20309,2045-06-01,GW_storage_OR_W_GW1[AF],1017155.0,13278774379.0,635029200.0
20310,2045-07-01,GW_storage_OR_W_GW1[AF],991930.0,13324244062.0,636021130.0
20311,2045-08-01,GW_storage_OR_W_GW1[AF],967330.0,13372386542.0,636988460.0
20312,2045-09-01,GW_storage_OR_W_GW1[AF],944114.0,13419876881.0,637932574.0
20313,2045-10-01,GW_storage_OR_W_GW1[AF],920700.0,13466818785.0,638853274.0
20314,2045-11-01,GW_storage_OR_W_GW1[AF],898603.0,13513160105.0,639751877.0
20315,2045-12-01,GW_storage_OR_W_GW1[AF],876318.0,13560745919.0,640628195.0
20316,2046-01-01,GW_storage_OR_W_GW1[AF],2904907.0,13615290772.0,643533102.0
20317,2046-02-01,GW_storage_OR_W_GW1[AF],2839837.0,13677811710.0,646372939.0
20318,2046-03-01,GW_storage_OR_W_GW1[AF],2769409.0,13748607831.0,649142348.0
20319,2046-04-01,GW_storage_OR_W_GW1[AF],2702944.0,13826873589.0,651845292.0
20320,2046-05-01,GW_storage_OR_W_GW1[AF],2635910.0,13907944967.0,654481202.0
20321,2046-06-01,GW_storage_OR_W_GW1[AF],2572649.0,13989979852.0,657053851.0
20322,2046-07-01,GW_storage_OR_W_GW1[AF],2508847.0,14071604903.0,659562698.0
20323,2046-08-01,GW_storage_OR_W_GW1[AF],2446627.0,14152131683.0,662009325.0
20324,2046-09-01,GW_storage_OR_W_GW1[AF],2387909.0,14231617714.0,664397234.0
20325,2046-10-01,GW_storage_OR_W_GW1[AF],2328688.0,14310005025.0,666725922.0
20326,2046-11-01,GW_storage_OR_W_GW1[AF],2272800.0,14387273527.0,668998722.0
20327,2046-12-01,GW_storage_OR_W_GW1[AF],2216435.0,14463437376.0,671215157.0
20328,2047-01-01,GW_storage_OR_W_GW1[AF],2161467.0,14538457981.0,673376624.0
20329,2047-02-01,GW_storage_OR_W_GW1[AF],2113050.0,14612508014.0,675489674.0
20330,2047-03-01,GW_storage_OR_W_GW1[AF],2060647.0,14685452283.0,677550321.0
20331,2047-04-01,GW_storage_OR_W_GW1[AF],2011191.0,14764472816.0,679561512.0
20332,2047-05-01,GW_storage_OR_W_GW1[AF],1961313.0,14860897341.0,681522825.0
20333,2047-06-01,GW_storage_OR_W_GW1[AF],1914242.0,14972506362.0,683437067.0
20334,2047-07-01,GW_storage_OR_W_GW1[AF],1866769.0,15088231692.0,685303836.0
20335,2047-08-01,GW_storage_OR_W_GW1[AF],1820473.0,15203332934.0,687124309.0
20336,2047-09-01,GW_storage_OR_W_GW1[AF],1776781.0,15317492289.0,688901090.0
20337,2047-10-01,GW_storage_OR_W_GW1[AF],1732717.0,15430042333.0,690633807.0
20338,2047-11-01,GW_storage_OR_W_GW1[AF],1691132.0,15542831934.0,692324939.0
20339,2047-12-01,GW_storage_OR_W_GW1[AF],1649192.0,15653870877.0,693974131.0
20340,2048-01-01,GW_storage_OR_W_GW1[AF],1608293.0,15763169397.0,695582424.0
20341,2048-02-01,GW_storage_OR_W_GW1[AF],1570980.0,15872138297.0,697153404.0
20342,2048-03-01,GW_storage_OR_W_GW1[AF],2796047.0,15987897138.0,699949451.0
20343,2048-04-01,GW_storage_OR_W_GW1[AF],2728942.0,16106751114.0,702678393.0
20344,2048-05-01,GW_storage_OR_W_GW1[AF],2661264.0,16226738594.0,705339657.0
20345,2048-06-01,GW_storage_OR_W_GW1[AF],2597394.0,16346930466.0,707937051.0
20346,2048-07-01,GW_storage_OR_W_GW1[AF],2532979.0,16466203172.0,710470030.0
20347,2048-08-01,GW_storage_OR_W_GW1[AF],2470161.0,16583670765.0,712940191.0
20348,2048-09-01,GW_storage_OR_W_GW1[AF],2410877.0,16699553017.0,715351068.0
20349,2048-10-01,GW_storage_OR_W_GW1[AF],2351087.0,16813788962.0,717702155.0
20350,2048-11-01,GW_storage_OR_W_GW1[AF],2294661.0,16926416472.0,719996816.0
20351,2048-12-01,GW_storage_OR_W_GW1[AF],2237753.0,17038918116.0,722234569.0
20352,2049-01-01,GW_storage_OR_W_GW1[AF],2182257.0,17150214903.0,724416826.0
20353,2049-02-01,GW_storage_OR_W_GW1[AF],2133375.0,17259849423.0,726550201.0
20354,2049-03-01,GW_storage_OR_W_GW1[AF],2080466.0,17374140295.0,728630667.0
20355,2049-04-01,GW_storage_OR_W_GW1[AF],4460840.0,17496980626.0,733091507.0
20356,2049-05-01,GW_storage_OR_W_GW1[AF],4350211.0,17623520262.0,737441718.0
20357,2049-06-01,GW_storage_OR_W_GW1[AF],4245808.0,17749882278.0,741687526.0
20358,2049-07-01,GW_storage_OR_W_GW1[AF],4140513.0,17875311834.0,745828039.0
20359,2049-08-01,GW_storage_OR_W_GW1[AF],4037829.0,17998950915.0,749865868.0
20360,2049-09-01,GW_storage_OR_W_GW1[AF],3940921.0,18120987592.0,753806789.0
20361,2049-10-01,GW_storage_OR_W_GW1[AF],3843187.0,18241422265.0,757649976.0
20362,2049-11-01,GW_storage_OR_W_GW1[AF],3750951.0,18360102830.0,761400927.0
20363,2049-12-01,GW_storage_OR_W_GW1[AF],3657928.0,18476910369.0,765058855.0
20364,2050-01-01,GW_storage_OR_W_GW1[AF],3567211.0,18591916831.0,768626066.0
20365,2050-02-01,GW_storage_OR_W_GW1[AF],3487306.0,18705272956.0,772113372.0
20366,2050-03-01,GW_storage_OR_W_GW1[AF],3400821.0,18821028859.0,775514193.0
20367,2050-04-01,GW_storage_OR_W_GW1[AF],3319201.0,18940506995.0,778833394.0
20368,2050-05-01,GW_storage_OR_W_GW1[AF],3236884.0,19059600483.0,782070278.0
20369,2050-06-01,GW_storage_OR_W_GW1[AF],3159199.0,19178428021.0,785229477.0
20370,2050-07-01,GW_storage_OR_W_GW1[AF],3080851.0,19296435077.0,788310328.0
20371,2050-08-01,GW_storage_OR_W_GW1[AF],3004446.0,19412834260.0,791314774.0
20372,2050-09-01,GW_storage_OR_W_GW1[AF],2932340.0,19527808893.0,794247114.0
20373,2050-10-01,GW_storage_OR_W_GW1[AF],2859618.0,19641173895.0,797106732.0
20374,2050-11-01,GW_storage_OR_W_GW1[AF],2790987.0,19752769080.0,799897719.0
20375,2050-12-01,GW_storage_OR_W_GW1[AF],2721770.0,19862611454.0,802619489.0
20376,2051-01-01,GW_storage_OR_W_GW1[AF],2654271.0,19970764786.0,805273760.0
20377,2051-02-01,GW_storage_OR_W_GW1[AF],2594815.0,20077395432.0,807868575.0
20378,2051-03-01,GW_storage_OR_W_GW1[AF],2530463.0,20182370827.0,810399038.0
20379,2051-04-01,GW_storage_OR_W_GW1[AF],2469733.0,20291580463.0,812868771.0
20380,2051-05-01,GW_storage_OR_W_GW1[AF],2408484.0,20400038326.0,815277255.0
20381,2051-06-01,GW_storage_OR_W_GW1[AF],2350679.0,20508257786.0,817627934.0
20382,2051-07-01,GW_storage_OR_W_GW1[AF],2292383.0,20615875318.0,819920317.0
20383,2051-08-01,GW_storage_OR_W_GW1[AF],2235532.0,20722198437.0,822155849.0
20384,2051-09-01,GW_storage_OR_W_GW1[AF],2181879.0,20827038775.0,824337728.0
20385,2051-10-01,GW_storage_OR_W_GW1[AF],2127768.0,20930437548.0,826465496.0
20386,2051-11-01,GW_storage_OR_W_GW1[AF],2076702.0,21032468769.0,828542198.0
20387,2051-12-01,GW_storage_OR_W_GW1[AF],2025200.0,21133705710.0,830567398.0
20388,2052-01-01,GW_storage_OR_W_GW1[AF],1974975.0,21233433839.0,832542373.0
20389,2052-02-01,GW_storage_OR_W_GW1[AF],1929156.0,21331717041.0,834471529.0
20390,2052-03-01,GW_storage_OR_W_GW1[AF],1881312.0,21429607427.0,836352841.0
20391,2052-04-01,GW_storage_OR_W_GW1[AF],1836161.0,21527851494.0,838189002.0
20392,2052-05-01,GW_storage_OR_W_GW1[AF],1790625.0,21624977785.0,839979627.0
20393,2052-06-01,GW_storage_OR_W_GW1[AF],1747649.0,21720857498.0,841727276.0
20394,2052-07-01,GW_storage_OR_W_GW1[AF],1704307.0,21815421513.0,843431583.0
20395,2052-08-01,GW_storage_OR_W_GW1[AF],1662041.0,21908765850.0,845093624.0
20396,2052-09-01,GW_storage_OR_W_GW1[AF],1622152.0,22001026854.0,846715776.0
20397,2052-10-01,GW_storage_OR_W_GW1[AF],1581922.0,22092179195.0,848297698.0
20398,2052-11-01,GW_storage_OR_W_GW1[AF],1543956.0,22182158688.0,849841654.0
20399,2052-12-01,GW_storage_OR_W_GW1[AF],1505666.0,22270990851.0,851347320.0
20400,2053-01-01,GW_storage_OR_W_GW1[AF],1468325.0,22358572318.0,852815645.0
20401,2053-02-01,GW_storage_OR_W_GW1[AF],1435435.0,22445234888.0,854251080.0
20402,2053-03-01,GW_storage_OR_W_GW1[AF],1399837.0,22531338210.0,855650917.0
20403,2053-04-01,GW_storage_OR_W_GW1[AF],1366240.0,22618197854.0,857017157.0
20404,2053-05-01,GW_storage_OR_W_GW1[AF],1332358.0,22705000235.0,858349515.0
20405,2053-06-01,GW_storage_OR_W_GW1[AF],1300381.0,22792005107.0,859649896.0
20406,2053-07-01,GW_storage_OR_W_GW1[AF],1268131.0,22878611714.0,860918027.0
20407,2053-08-01,GW_storage_OR_W_GW1[AF],1236681.0,22964123789.0,862154708.0
20408,2053-09-01,GW_storage_OR_W_GW1[AF],1207002.0,23048536524.0,863361710.0
20409,2053-10-01,GW_storage_OR_W_GW1[AF],1177067.0,23131866519.0,864538777.0
20410,2053-11-01,GW_storage_OR_W_GW1[AF],1148817.0,23214276747.0,865687594.0
20411,2053-12-01,GW_storage_OR_W_GW1[AF],1120327.0,23295578937.0,866807921.0
20412,2054-01-01,GW_storage_OR_W_GW1[AF],1092543.0,23375761806.0,867900464.0
20413,2054-02-01,GW_storage_OR_W_GW1[AF],1068070.0,23454991045.0,868968534.0
20414,2054-03-01,GW_storage_OR_W_GW1[AF],1041582.0,23533194281.0,870010116.0
20415,2054-04-01,GW_storage_OR_W_GW1[AF],1016584.0,23610840643.0,871026700.0
20416,2054-05-01,GW_storage_OR_W_GW1[AF],991372.0,23687968757.0,872018072.0
20417,2054-06-01,GW_storage_OR_W_GW1[AF],967580.0,23764134532.0,872985652.0
20418,2054-07-01,GW_storage_OR_W_GW1[AF],943584.0,23839346953.0,873929236.0
20419,2054-08-01,GW_storage_OR_W_GW1[AF],920183.0,23913680649.0,874849419.0
20420,2054-09-01,GW_storage_OR_W_GW1[AF],898098.0,23987275722.0,875747517.0
20421,2054-10-01,GW_storage_OR_W_GW1[AF],875826.0,24060063673.0,876623343.0
20422,2054-11-01,GW_storage_OR_W_GW1[AF],854806.0,24132040073.0,877478149.0
20423,2054-12-01,GW_storage_OR_W_GW1[AF],833607.0,24203075252.0,878311756.0
20424,2055-01-01,GW_storage_OR_W_GW1[AF],812933.0,24273232069.0,879124689.0
20425,2055-02-01,GW_storage_OR_W_GW1[AF],794723.0,24346983422.0,879919412.0
20426,2055-03-01,GW_storage_OR_W_GW1[AF],2157944.0,24429418525.0,882077356.0
20427,2055-04-01,GW_storage_OR_W_GW1[AF],2106154.0,24519974284.0,884183510.0
20428,2055-05-01,GW_storage_OR_W_GW1[AF],2053921.0,24612887460.0,886237431.0
20429,2055-06-01,GW_storage_OR_W_GW1[AF],2004627.0,24705731755.0,888242058.0
20430,2055-07-01,GW_storage_OR_W_GW1[AF],1954912.0,24797561549.0,890196970.0
20431,2055-08-01,GW_storage_OR_W_GW1[AF],1906431.0,24888417864.0,892103401.0
20432,2055-09-01,GW_storage_OR_W_GW1[AF],1860676.0,24978247446.0,893964077.0
20433,2055-10-01,GW_storage_OR_W_GW1[AF],1814531.0,25067037402.0,895778608.0
20434,2055-11-01,GW_storage_OR_W_GW1[AF],1770983.0,25154620871.0,897549591.0
20435,2055-12-01,GW_storage_OR_W_GW1[AF],1727062.0,25240958786.0,899276653.0
20436,2056-01-01,GW_storage_OR_W_GW1[AF],1684231.0,25326085001.0,900960884.0
20437,2056-02-01,GW_storage_OR_W_GW1[AF],1645157.0,25410115783.0,902606041.0
20438,2056-03-01,GW_storage_OR_W_GW1[AF],1604357.0,25493046199.0,904210398.0
20439,2056-04-01,GW_storage_OR_W_GW1[AF],1565852.0,25579867650.0,905776250.0
20440,2056-05-01,GW_storage_OR_W_GW1[AF],1527019.0,25665994452.0,907303269.0
20441,2056-06-01,GW_storage_OR_W_GW1[AF],1490370.0,25751014051.0,908793639.0
20442,2056-07-01,GW_storage_OR_W_GW1[AF],1453409.0,25834999057.0,910247048.0
20443,2056-08-01,GW_storage_OR_W_GW1[AF],1417365.0,25918012980.0,911664413.0
20444,2056-09-01,GW_storage_OR_W_GW1[AF],1383348.0,26000006720.0,913047761.0
20445,2056-10-01,GW_storage_OR_W_GW1[AF],1349041.0,26080893812.0,914396802.0
20446,2056-11-01,GW_storage_OR_W_GW1[AF],1316664.0,26160908259.0,915713466.0
20447,2056-12-01,GW_storage_OR_W_GW1[AF],1284011.0,26240212456.0,916997477.0
20448,2057-01-01,GW_storage_OR_W_GW1[AF],1252167.0,26318587848.0,918249644.0
20449,2057-02-01,GW_storage_OR_W_GW1[AF],1224119.0,26395985372.0,919473763.0
20450,2057-03-01,GW_storage_OR_W_GW1[AF],1193761.0,26472734266.0,920667524.0
20451,2057-04-01,GW_storage_OR_W_GW1[AF],1165110.0,26556295278.0,921832634.0
20452,2057-05-01,GW_storage_OR_W_GW1[AF],1136215.0,26638790503.0,922968849.0
20453,2057-06-01,GW_storage_OR_W_GW1[AF],1108947.0,26720263696.0,924077796.0
20454,2057-07-01,GW_storage_OR_W_GW1[AF],1081444.0,26800720453.0,925159240.0
20455,2057-08-01,GW_storage_OR_W_GW1[AF],1054624.0,26880212595.0,926213864.0
20456,2057-09-01,GW_storage_OR_W_GW1[AF],1029313.0,26958875022.0,927243177.0
20457,2057-10-01,GW_storage_OR_W_GW1[AF],1003787.0,27036568588.0,928246964.0
20458,2057-11-01,GW_storage_OR_W_GW1[AF],979696.0,27113396201.0,929226660.0
20459,2057-12-01,GW_storage_OR_W_GW1[AF],955399.0,27189264327.0,930182059.0
20460,2058-01-01,GW_storage_OR_W_GW1[AF],931705.0,27264124633.0,931113764.0
20461,2058-02-01,GW_storage_OR_W_GW1[AF],910836.0,27348265847.0,932024600.0
20462,2058-03-01,GW_storage_OR_W_GW1[AF],888247.0,27440889382.0,932912847.0
20463,2058-04-01,GW_storage_OR_W_GW1[AF],866928.0,27539133274.0,933779775.0
20464,2058-05-01,GW_storage_OR_W_GW1[AF],845429.0,27639449314.0,934625204.0
20465,2058-06-01,GW_storage_OR_W_GW1[AF],825139.0,27738779306.0,935450343.0
20466,2058-07-01,GW_storage_OR_W_GW1[AF],804675.0,27837531793.0,936255018.0
20467,2058-08-01,GW_storage_OR_W_GW1[AF],784720.0,27935280444.0,937039738.0
20468,2058-09-01,GW_storage_OR_W_GW1[AF],765887.0,28031862865.0,937805625.0
20469,2058-10-01,GW_storage_OR_W_GW1[AF],746892.0,28127260463.0,938552517.0
20470,2058-11-01,GW_storage_OR_W_GW1[AF],728967.0,28221366217.0,939281484.0
20471,2058-12-01,GW_storage_OR_W_GW1[AF],710889.0,28314157055.0,939992373.0
20472,2059-01-01,GW_storage_OR_W_GW1[AF],693259.0,28405540773.0,940685632.0
20473,2059-02-01,GW_storage_OR_W_GW1[AF],2862798.0,28502067677.0,943548430.0
20474,2059-03-01,GW_storage_OR_W_GW1[AF],2791800.0,28605457246.0,946340230.0
20475,2059-04-01,GW_storage_OR_W_GW1[AF],2724797.0,28717814838.0,949065027.0
20476,2059-05-01,GW_storage_OR_W_GW1[AF],2657222.0,28830913147.0,951722249.0
20477,2059-06-01,GW_storage_OR_W_GW1[AF],2593449.0,28943770190.0,954315698.0
20478,2059-07-01,GW_storage_OR_W_GW1[AF],2529131.0,29055182582.0,956844829.0
20479,2059-08-01,GW_storage_OR_W_GW1[AF],2466408.0,29165160032.0,959311237.0
20480,2059-09-01,GW_storage_OR_W_GW1[AF],2407215.0,29273920291.0,961718452.0
20481,2059-10-01,GW_storage_OR_W_GW1[AF],2347516.0,29381402010.0,964065968.0
20482,2059-11-01,GW_storage_OR_W_GW1[AF],2291175.0,29487451547.0,966357143.0
20483,2059-12-01,GW_storage_OR_W_GW1[AF],2234354.0,29592083281.0,968591497.0
20484,2060-01-01,GW_storage_OR_W_GW1[AF],2178943.0,29695071869.0,970770440.0
20485,2060-02-01,GW_storage_OR_W_GW1[AF],2128391.0,29797999369.0,972898831.0
20486,2060-03-01,GW_storage_OR_W_GW1[AF],3185006.0,29907235449.0,976083837.0
20487,2060-04-01,GW_storage_OR_W_GW1[AF],3108566.0,30022282651.0,979192403.0
20488,2060-05-01,GW_storage_OR_W_GW1[AF],3031473.0,30138204137.0,982223876.0
20489,2060-06-01,GW_storage_OR_W_GW1[AF],2958718.0,30253989194.0,985182594.0
20490,2060-07-01,GW_storage_OR_W_GW1[AF],2885342.0,30369445165.0,988067936.0
20491,2060-08-01,GW_storage_OR_W_GW1[AF],2813785.0,30483354195.0,990881721.0
20492,2060-09-01,GW_storage_OR_W_GW1[AF],2746254.0,30595912136.0,993627975.0
20493,2060-10-01,GW_storage_OR_W_GW1[AF],2678147.0,30707058453.0,996306122.0
20494,2060-11-01,GW_storage_OR_W_GW1[AF],2613872.0,30816686913.0,998919994.0
20495,2060-12-01,GW_storage_OR_W_GW1[AF],2549048.0,30924630927.0,1001469042.0
20496,2061-01-01,GW_storage_OR_W_GW1[AF],2485831.0,31038058188.0,1003954873.0
20497,2061-02-01,GW_storage_OR_W_GW1[AF],3864164.0,31163247262.0,1007819037.0
20498,2061-03-01,GW_storage_OR_W_GW1[AF],3768333.0,31301926464.0,1011587370.0
20499,2061-04-01,GW_storage_OR_W_GW1[AF],3677895.0,31460043743.0,1015265265.0
20500,2061-05-01,GW_storage_OR_W_GW1[AF],3586684.0,31621719240.0,1018851949.0
20501,2061-06-01,GW_storage_OR_W_GW1[AF],3500604.0,31781944019.0,1022352553.0
20502,2061-07-01,GW_storage_OR_W_GW1[AF],3413789.0,31940594248.0,1025766342.0
20503,2061-08-01,GW_storage_OR_W_GW1[AF],3329127.0,32097666692.0,1029095469.0
20504,2061-09-01,GW_storage_OR_W_GW1[AF],3249228.0,32253244922.0,1032344697.0
20505,2061-10-01,GW_storage_OR_W_GW1[AF],3168648.0,32407132898.0,1035513345.0
20506,2061-11-01,GW_storage_OR_W_GW1[AF],3092600.0,32559108380.0,1038605945.0
20507,2061-12-01,GW_storage_OR_W_GW1[AF],3015903.0,32709321481.0,1041621848.0
20508,2062-01-01,GW_storage_OR_W_GW1[AF],2941109.0,32858735378.0,1044562957.0
20509,2062-02-01,GW_storage_OR_W_GW1[AF],2875228.0,33022044851.0,1047438185.0
20510,2062-03-01,GW_storage_OR_W_GW1[AF],2803922.0,33198837130.0,1050242107.0
20511,2062-04-01,GW_storage_OR_W_GW1[AF],3783439.0,33390837210.0,1054025546.0
20512,2062-05-01,GW_storage_OR_W_GW1[AF],3689611.0,33584259641.0,1057715157.0
20513,2062-06-01,GW_storage_OR_W_GW1[AF],3601063.0,33776858517.0,1061316220.0
20514,2062-07-01,GW_storage_OR_W_GW1[AF],3511759.0,33967635736.0,1064827979.0
20515,2062-08-01,GW_storage_OR_W_GW1[AF],3424669.0,34156855847.0,1068252648.0
20516,2062-09-01,GW_storage_OR_W_GW1[AF],3342477.0,34344548104.0,1071595125.0
20517,2062-10-01,GW_storage_OR_W_GW1[AF],3259584.0,34530332137.0,1074854709.0
20518,2062-11-01,GW_storage_OR_W_GW1[AF],3181353.0,34714073091.0,1078036062.0
20519,2062-12-01,GW_storage_OR_W_GW1[AF],3102457.0,34895778448.0,1081138519.0
20520,2063-01-01,GW_storage_OR_W_GW1[AF],3025516.0,35079072230.0,1084164035.0
20521,2063-02-01,GW_storage_OR_W_GW1[AF],2957744.0,35269350335.0,1087121779.0
20522,2063-03-01,GW_storage_OR_W_GW1[AF],2884392.0,35470064786.0,1090006171.0
20523,2063-04-01,GW_storage_OR_W_GW1[AF],2815166.0,35683040547.0,1092821337.0
20524,2063-05-01,GW_storage_OR_W_GW1[AF],2745351.0,35907121073.0,1095566688.0
20525,2063-06-01,GW_storage_OR_W_GW1[AF],2679462.0,36134854310.0,1098246150.0
20526,2063-07-01,GW_storage_OR_W_GW1[AF],2613012.0,36361472567.0,1100859162.0
20527,2063-08-01,GW_storage_OR_W_GW1[AF],2548208.0,36586142514.0,1103407370.0
20528,2063-09-01,GW_storage_OR_W_GW1[AF],2487052.0,36808934029.0,1105894422.0
20529,2063-10-01,GW_storage_OR_W_GW1[AF],2425373.0,37029507927.0,1108319795.0
20530,2063-11-01,GW_storage_OR_W_GW1[AF],2367164.0,37248012309.0,1110686959.0
20531,2063-12-01,GW_storage_OR_W_GW1[AF],2308458.0,37465671472.0,1112995417.0
20532,2064-01-01,GW_storage_OR_W_GW1[AF],2251208.0,37694815963.0,1115246625.0
20533,2064-02-01,GW_storage_OR_W_GW1[AF],2198980.0,37945097639.0,1117445605.0
20534,2064-03-01,GW_storage_OR_W_GW1[AF],3279459.0,38213638934.0,1120725064.0
20535,2064-04-01,GW_storage_OR_W_GW1[AF],3200751.0,38493367090.0,1123925815.0
20536,2064-05-01,GW_storage_OR_W_GW1[AF],3121373.0,38776738105.0,1127047188.0
20537,2064-06-01,GW_storage_OR_W_GW1[AF],3046460.0,39060661713.0,1130093648.0
20538,2064-07-01,GW_storage_OR_W_GW1[AF],2970908.0,39341932866.0,1133064556.0
20539,2064-08-01,GW_storage_OR_W_GW1[AF],2897230.0,39620711220.0,1135961786.0
20540,2064-09-01,GW_storage_OR_W_GW1[AF],2827696.0,39897002798.0,1138789482.0
20541,2064-10-01,GW_storage_OR_W_GW1[AF],2757569.0,40170736712.0,1141547051.0
20542,2064-11-01,GW_storage_OR_W_GW1[AF],2691388.0,40442044957.0,1144238439.0
20543,2064-12-01,GW_storage_OR_W_GW1[AF],2624641.0,40711834451.0,1146863080.0
20544,2065-01-01,GW_storage_OR_W_GW1[AF],2559550.0,40982757097.0,1149422630.0
20545,2065-02-01,GW_storage_OR_W_GW1[AF],2502216.0,41255716076.0,1151924846.0
20546,2065-03-01,GW_storage_OR_W_GW1[AF],2440161.0,41533378347.0,1154365007.0
20547,2065-04-01,GW_storage_OR_W_GW1[AF],2381598.0,41819419395.0,1156746605.0
20548,2065-05-01,GW_storage_OR_W_GW1[AF],2322533.0,42107659636.0,1159069138.0
20549,2065-06-01,GW_storage_OR_W_GW1[AF],2266793.0,42393392346.0,1161335931.0
20550,2065-07-01,GW_storage_OR_W_GW1[AF],2210576.0,42678359041.0,1163546507.0
20551,2065-08-01,GW_storage_OR_W_GW1[AF],2155753.0,42960938762.0,1165702260.0
20552,2065-09-01,GW_storage_OR_W_GW1[AF],2104015.0,43241061639.0,1167806275.0
20553,2065-10-01,GW_storage_OR_W_GW1[AF],2051836.0,43518553408.0,1169858111.0
20554,2065-11-01,GW_storage_OR_W_GW1[AF],2002592.0,43793351378.0,1171860703.0
20555,2065-12-01,GW_storage_OR_W_GW1[AF],1952927.0,44065325818.0,1173813630.0
20556,2066-01-01,GW_storage_OR_W_GW1[AF],1904495.0,44334625115.0,1175718125.0
20557,2066-02-01,GW_storage_OR_W_GW1[AF],1861835.0,44601575728.0,1177579960.0
20558,2066-03-01,GW_storage_OR_W_GW1[AF],1815661.0,44865977654.0,1179395621.0
20559,2066-04-01,GW_storage_OR_W_GW1[AF],2652205.0,45130939542.0,1182047826.0
20560,2066-05-01,GW_storage_OR_W_GW1[AF],2586430.0,45393925169.0,1184634256.0
20561,2066-06-01,GW_storage_OR_W_GW1[AF],2524355.0,45654573916.0,1187158611.0
20562,2066-07-01,GW_storage_OR_W_GW1[AF],2461751.0,45912927675.0,1189620362.0
20563,2066-08-01,GW_storage_OR_W_GW1[AF],2400699.0,46169111465.0,1192021061.0
20564,2066-09-01,GW_storage_OR_W_GW1[AF],2343083.0,46423600426.0,1194364144.0
20565,2066-10-01,GW_storage_OR_W_GW1[AF],2284974.0,46676263355.0,1196649118.0
20566,2066-11-01,GW_storage_OR_W_GW1[AF],2230135.0,46927228863.0,1198879253.0
20567,2066-12-01,GW_storage_OR_W_GW1[AF],2174827.0,47176198480.0,1201054080.0
20568,2067-01-01,GW_storage_OR_W_GW1[AF],2120892.0,47422896821.0,1203174972.0
20569,2067-02-01,GW_storage_OR_W_GW1[AF],2073384.0,47667661431.0,1205248356.0
20570,2067-03-01,GW_storage_OR_W_GW1[AF],2021963.0,47910308464.0,1207270319.0
20571,2067-04-01,GW_storage_OR_W_GW1[AF],1973437.0,48151085524.0,1209243756.0
20572,2067-05-01,GW_storage_OR_W_GW1[AF],1924495.0,48389950965.0,1211168251.0
20573,2067-06-01,GW_storage_OR_W_GW1[AF],1878307.0,48627002221.0,1213046558.0
20574,2067-07-01,GW_storage_OR_W_GW1[AF],1831725.0,48862124917.0,1214878283.0
20575,2067-08-01,GW_storage_OR_W_GW1[AF],1786298.0,49095321876.0,1216664581.0
20576,2067-09-01,GW_storage_OR_W_GW1[AF],1743428.0,49326841519.0,1218408009.0
20577,2067-10-01,GW_storage_OR_W_GW1[AF],1700191.0,49556552267.0,1220108200.0
20578,2067-11-01,GW_storage_OR_W_GW1[AF],1659387.0,49784868208.0,1221767587.0
20579,2067-12-01,GW_storage_OR_W_GW1[AF],1618233.0,50011545293.0,1223385820.0
20580,2068-01-01,GW_storage_OR_W_GW1[AF],1578102.0,50238331069.0,1224963922.0
20581,2068-02-01,GW_storage_OR_W_GW1[AF],1541489.0,50478937732.0,1226505411.0
20582,2068-03-01,GW_storage_OR_W_GW1[AF],1503261.0,50739381265.0,1228008672.0
20583,2068-04-01,GW_storage_OR_W_GW1[AF],1467182.0,51011294375.0,1229475854.0
20584,2068-05-01,GW_storage_OR_W_GW1[AF],1430796.0,51290774772.0,1230906650.0
20585,2068-06-01,GW_storage_OR_W_GW1[AF],1396457.0,51571539123.0,1232303107.0
20586,2068-07-01,GW_storage_OR_W_GW1[AF],1361825.0,51851333229.0,1233664932.0
20587,2068-08-01,GW_storage_OR_W_GW1[AF],1328051.0,52129191774.0,1234992983.0
20588,2068-09-01,GW_storage_OR_W_GW1[AF],1296178.0,52405096290.0,1236289161.0
20589,2068-10-01,GW_storage_OR_W_GW1[AF],1264033.0,52678907664.0,1237553194.0
20590,2068-11-01,GW_storage_OR_W_GW1[AF],1233696.0,52950483517.0,1238786890.0
20591,2068-12-01,GW_storage_OR_W_GW1[AF],1203100.0,53219819895.0,1239989990.0
20592,2069-01-01,GW_storage_OR_W_GW1[AF],1173263.0,53487155316.0,1241163253.0
20593,2069-02-01,GW_storage_OR_W_GW1[AF],2320180.0,53760870931.0,1243483433.0
20594,2069-03-01,GW_storage_OR_W_GW1[AF],2262640.0,54039428849.0,1245746073.0
20595,2069-04-01,GW_storage_OR_W_GW1[AF],2208336.0,54324092180.0,1247954409.0
20596,2069-05-01,GW_storage_OR_W_GW1[AF],2153569.0,54609436481.0,1250107978.0
20597,2069-06-01,GW_storage_OR_W_GW1[AF],2101884.0,54894337917.0,1252209862.0
20598,2069-07-01,GW_storage_OR_W_GW1[AF],2049758.0,55177218144.0,1254259620.0
20599,2069-08-01,GW_storage_OR_W_GW1[AF],1998923.0,55458179949.0,1256258543.0
20600,2069-09-01,GW_storage_OR_W_GW1[AF],1950949.0,55737226700.0,1258209492.0
20601,2069-10-01,GW_storage_OR_W_GW1[AF],1902566.0,56014313112.0,1260112058.0
20602,2069-11-01,GW_storage_OR_W_GW1[AF],1856904.0,56289244905.0,1261968962.0
20603,2069-12-01,GW_storage_OR_W_GW1[AF],1810853.0,56561948550.0,1263779815.0
20604,2070-01-01,GW_storage_OR_W_GW1[AF],1765943.0,56832455571.0,1265545758.0
20605,2070-02-01,GW_storage_OR_W_GW1[AF],1726386.0,57101031869.0,1267272144.0
20606,2070-03-01,GW_storage_OR_W_GW1[AF],1683572.0,57367456127.0,1268955716.0
20607,2070-04-01,GW_storage_OR_W_GW1[AF],1643166.0,57631884127.0,1270598882.0
20608,2070-05-01,GW_storage_OR_W_GW1[AF],1602416.0,57894580730.0,1272201298.0
20609,2070-06-01,GW_storage_OR_W_GW1[AF],1563958.0,58156625113.0,1273765256.0
20610,2070-07-01,GW_storage_OR_W_GW1[AF],1525172.0,58417720429.0,1275290428.0
20611,2070-08-01,GW_storage_OR_W_GW1[AF],1487347.0,58677125935.0,1276777775.0
20612,2070-09-01,GW_storage_OR_W_GW1[AF],1451652.0,58935122487.0,1278229427.0
20613,2070-10-01,GW_storage_OR_W_GW1[AF],1415651.0,59191573450.0,1279645078.0
20614,2070-11-01,GW_storage_OR_W_GW1[AF],1381674.0,59446278042.0,1281026752.0
20615,2070-12-01,GW_storage_OR_W_GW1[AF],1347410.0,59699129256.0,1282374162.0
20616,2025-08-01,GW_storage_OR_W_GW2[AF],-69939.0,60752330.0,-69939.0
20617,2025-09-01,GW_storage_OR_W_GW2[AF],-67579.0,63291561.0,-137518.0
20618,2025-10-01,GW_storage_OR_W_GW2[AF],-65778.0,66117192.0,-203296.0
20619,2025-11-01,GW_storage_OR_W_GW2[AF],-64095.0,69169207.0,-267391.0
20620,2025-12-01,GW_storage_OR_W_GW2[AF],-62424.0,72377661.0,-329815.0
20621,2026-01-01,GW_storage_OR_W_GW2[AF],-60824.0,75644729.0,-390639.0
20622,2026-02-01,GW_storage_OR_W_GW2[AF],2113813.0,83025589.0,1723174.0
20623,2026-03-01,GW_storage_OR_W_GW2[AF],4792141.0,93674924.0,6515315.0
20624,2026-04-01,GW_storage_OR_W_GW2[AF],6392728.0,112497734.0,12908043.0
20625,2026-05-01,GW_storage_OR_W_GW2[AF],6234191.0,136460613.0,19142234.0
20626,2026-06-01,GW_storage_OR_W_GW2[AF],6084570.0,160180041.0,25226804.0
20627,2026-07-01,GW_storage_OR_W_GW2[AF],5933673.0,184580314.0,31160477.0
20628,2026-08-01,GW_storage_OR_W_GW2[AF],5786518.0,208538131.0,36946995.0
20629,2026-09-01,GW_storage_OR_W_GW2[AF],5647641.0,232132273.0,42594636.0
20630,2026-10-01,GW_storage_OR_W_GW2[AF],5507580.0,255250646.0,48102216.0
20631,2026-11-01,GW_storage_OR_W_GW2[AF],5375398.0,277908394.0,53477614.0
20632,2026-12-01,GW_storage_OR_W_GW2[AF],5242088.0,300103214.0,58719702.0
20633,2027-01-01,GW_storage_OR_W_GW2[AF],5112085.0,321847786.0,63831787.0
20634,2027-02-01,GW_storage_OR_W_GW2[AF],4997574.0,343199646.0,68829361.0
20635,2027-03-01,GW_storage_OR_W_GW2[AF],4873634.0,369620421.0,73702995.0
20636,2027-04-01,GW_storage_OR_W_GW2[AF],6353504.0,409179141.0,80056499.0
20637,2027-05-01,GW_storage_OR_W_GW2[AF],6195938.0,455970259.0,86252437.0
20638,2027-06-01,GW_storage_OR_W_GW2[AF],6047235.0,506103237.0,92299672.0
20639,2027-07-01,GW_storage_OR_W_GW2[AF],5897263.0,558027240.0,98196935.0
20640,2027-08-01,GW_storage_OR_W_GW2[AF],5751012.0,610747556.0,103947947.0
20641,2027-09-01,GW_storage_OR_W_GW2[AF],5612988.0,662576568.0,109560935.0
20642,2027-10-01,GW_storage_OR_W_GW2[AF],5473785.0,713531026.0,115034720.0
20643,2027-11-01,GW_storage_OR_W_GW2[AF],5342414.0,763602436.0,120377134.0
20644,2027-12-01,GW_storage_OR_W_GW2[AF],5209923.0,812846873.0,125587057.0
20645,2028-01-01,GW_storage_OR_W_GW2[AF],5080717.0,861121911.0,130667774.0
20646,2028-02-01,GW_storage_OR_W_GW2[AF],4962844.0,908650771.0,135630618.0
20647,2028-03-01,GW_storage_OR_W_GW2[AF],6873611.0,959000163.0,142504229.0
20648,2028-04-01,GW_storage_OR_W_GW2[AF],8210581.0,1012039411.0,150714810.0
20649,2028-05-01,GW_storage_OR_W_GW2[AF],8006959.0,1068060916.0,158721769.0
20650,2028-06-01,GW_storage_OR_W_GW2[AF],7814792.0,1125203670.0,166536561.0
20651,2028-07-01,GW_storage_OR_W_GW2[AF],7620985.0,1183903968.0,174157546.0
20652,2028-08-01,GW_storage_OR_W_GW2[AF],7431987.0,1241633200.0,181589533.0
20653,2028-09-01,GW_storage_OR_W_GW2[AF],7253622.0,1298536546.0,188843155.0
20654,2028-10-01,GW_storage_OR_W_GW2[AF],7073733.0,1354465802.0,195916888.0
20655,2028-11-01,GW_storage_OR_W_GW2[AF],6903963.0,1409406877.0,202820851.0
20656,2028-12-01,GW_storage_OR_W_GW2[AF],6732747.0,1463330743.0,209553598.0
20657,2029-01-01,GW_storage_OR_W_GW2[AF],6565776.0,1516331973.0,216119374.0
20658,2029-02-01,GW_storage_OR_W_GW2[AF],6418703.0,1568436361.0,222538077.0
20659,2029-03-01,GW_storage_OR_W_GW2[AF],8114513.0,1622957905.0,230652590.0
20660,2029-04-01,GW_storage_OR_W_GW2[AF],9320278.0,1679352962.0,239972868.0
20661,2029-05-01,GW_storage_OR_W_GW2[AF],9089138.0,1742904338.0,249062006.0
20662,2029-06-01,GW_storage_OR_W_GW2[AF],8871001.0,1807169538.0,257933007.0
20663,2029-07-01,GW_storage_OR_W_GW2[AF],8651000.0,1872474684.0,266584007.0
20664,2029-08-01,GW_storage_OR_W_GW2[AF],8436457.0,1936569687.0,275020464.0
20665,2029-09-01,GW_storage_OR_W_GW2[AF],8233983.0,1999536921.0,283254447.0
20666,2029-10-01,GW_storage_OR_W_GW2[AF],8029781.0,2061251234.0,291284228.0
20667,2029-11-01,GW_storage_OR_W_GW2[AF],7837067.0,2121792309.0,299121295.0
20668,2029-12-01,GW_storage_OR_W_GW2[AF],7642710.0,2181276298.0,306764005.0
20669,2030-01-01,GW_storage_OR_W_GW2[AF],7453172.0,2239598911.0,314217177.0
20670,2030-02-01,GW_storage_OR_W_GW2[AF],7286222.0,2296908282.0,321503399.0
20671,2030-03-01,GW_storage_OR_W_GW2[AF],7105525.0,2353273149.0,328608924.0
20672,2030-04-01,GW_storage_OR_W_GW2[AF],6934992.0,2408813513.0,335543916.0
20673,2030-05-01,GW_storage_OR_W_GW2[AF],6763005.0,2463288321.0,342306921.0
20674,2030-06-01,GW_storage_OR_W_GW2[AF],6600693.0,2519189259.0,348907614.0
20675,2030-07-01,GW_storage_OR_W_GW2[AF],6436998.0,2574987711.0,355344612.0
20676,2030-08-01,GW_storage_OR_W_GW2[AF],6277360.0,2629845780.0,361621972.0
20677,2030-09-01,GW_storage_OR_W_GW2[AF],6126704.0,2683731630.0,367748676.0
20678,2030-10-01,GW_storage_OR_W_GW2[AF],5974761.0,2736573135.0,373723437.0
20679,2030-11-01,GW_storage_OR_W_GW2[AF],5831367.0,2788437015.0,379554804.0
20680,2030-12-01,GW_storage_OR_W_GW2[AF],5686750.0,2839371858.0,385241554.0
20681,2031-01-01,GW_storage_OR_W_GW2[AF],5545718.0,2889285425.0,390787272.0
20682,2031-02-01,GW_storage_OR_W_GW2[AF],5421494.0,2938331300.0,396208766.0
20683,2031-03-01,GW_storage_OR_W_GW2[AF],5287041.0,2986403207.0,401495807.0
20684,2031-04-01,GW_storage_OR_W_GW2[AF],5160152.0,3034117058.0,406655959.0
20685,2031-05-01,GW_storage_OR_W_GW2[AF],5032180.0,3081639947.0,411688139.0
20686,2031-06-01,GW_storage_OR_W_GW2[AF],4911408.0,3128466639.0,416599547.0
20687,2031-07-01,GW_storage_OR_W_GW2[AF],4789605.0,3175256040.0,421389152.0
20688,2031-08-01,GW_storage_OR_W_GW2[AF],4670823.0,3221201089.0,426059975.0
20689,2031-09-01,GW_storage_OR_W_GW2[AF],4558723.0,3266538806.0,430618698.0
20690,2031-10-01,GW_storage_OR_W_GW2[AF],4445667.0,3311005126.0,435064365.0
20691,2031-11-01,GW_storage_OR_W_GW2[AF],4338970.0,3354843436.0,439403335.0
20692,2031-12-01,GW_storage_OR_W_GW2[AF],4231364.0,3397917039.0,443634699.0
20693,2032-01-01,GW_storage_OR_W_GW2[AF],4126427.0,3440765830.0,447761126.0
20694,2032-02-01,GW_storage_OR_W_GW2[AF],6310296.0,3500332884.0,454071422.0
20695,2032-03-01,GW_storage_OR_W_GW2[AF],7906198.0,3570397039.0,461977620.0
20696,2032-04-01,GW_storage_OR_W_GW2[AF],7716450.0,3645988541.0,469694070.0
20697,2032-05-01,GW_storage_OR_W_GW2[AF],7525084.0,3723860841.0,477219154.0
20698,2032-06-01,GW_storage_OR_W_GW2[AF],7344485.0,3803847465.0,484563639.0
20699,2032-07-01,GW_storage_OR_W_GW2[AF],7162344.0,3884065220.0,491725983.0
20700,2032-08-01,GW_storage_OR_W_GW2[AF],6984717.0,3963910669.0,498710700.0
20701,2032-09-01,GW_storage_OR_W_GW2[AF],6817086.0,4042724779.0,505527786.0
20702,2032-10-01,GW_storage_OR_W_GW2[AF],6648025.0,4120308321.0,512175811.0
20703,2032-11-01,GW_storage_OR_W_GW2[AF],6488472.0,4196679403.0,518664283.0
20704,2032-12-01,GW_storage_OR_W_GW2[AF],6327558.0,4271822754.0,524991841.0
20705,2033-01-01,GW_storage_OR_W_GW2[AF],6170635.0,4345538492.0,531162476.0
20706,2033-02-01,GW_storage_OR_W_GW2[AF],6032413.0,4423218301.0,537194889.0
20707,2033-03-01,GW_storage_OR_W_GW2[AF],5882808.0,4505470297.0,543077697.0
20708,2033-04-01,GW_storage_OR_W_GW2[AF],5741621.0,4590681136.0,548819318.0
20709,2033-05-01,GW_storage_OR_W_GW2[AF],5599229.0,4675360581.0,554418547.0
20710,2033-06-01,GW_storage_OR_W_GW2[AF],5464847.0,4760708398.0,559883394.0
20711,2033-07-01,GW_storage_OR_W_GW2[AF],5329319.0,4846138178.0,565212713.0
20712,2033-08-01,GW_storage_OR_W_GW2[AF],5197152.0,4931118427.0,570409865.0
20713,2033-09-01,GW_storage_OR_W_GW2[AF],5072420.0,5014914731.0,575482285.0
20714,2033-10-01,GW_storage_OR_W_GW2[AF],4946625.0,5097508172.0,580428910.0
20715,2033-11-01,GW_storage_OR_W_GW2[AF],4827905.0,5178663669.0,585256815.0
20716,2033-12-01,GW_storage_OR_W_GW2[AF],4708173.0,5258443309.0,589964988.0
20717,2034-01-01,GW_storage_OR_W_GW2[AF],4591410.0,5339163828.0,594556398.0
20718,2034-02-01,GW_storage_OR_W_GW2[AF],4488563.0,5418722190.0,599044961.0
20719,2034-03-01,GW_storage_OR_W_GW2[AF],4377247.0,5500220744.0,603422208.0
20720,2034-04-01,GW_storage_OR_W_GW2[AF],4272193.0,5584032903.0,607694401.0
20721,2034-05-01,GW_storage_OR_W_GW2[AF],4166243.0,5676873319.0,611860644.0
20722,2034-06-01,GW_storage_OR_W_GW2[AF],4066253.0,5773341236.0,615926897.0
20723,2034-07-01,GW_storage_OR_W_GW2[AF],3965410.0,5871231225.0,619892307.0
20724,2034-08-01,GW_storage_OR_W_GW2[AF],3867067.0,5968392389.0,623759374.0
20725,2034-09-01,GW_storage_OR_W_GW2[AF],3774257.0,6064112138.0,627533631.0
20726,2034-10-01,GW_storage_OR_W_GW2[AF],3680656.0,6158273690.0,631214287.0
20727,2034-11-01,GW_storage_OR_W_GW2[AF],3592320.0,6251013792.0,634806607.0
20728,2034-12-01,GW_storage_OR_W_GW2[AF],3503231.0,6342469856.0,638309838.0
20729,2035-01-01,GW_storage_OR_W_GW2[AF],3416350.0,6432436397.0,641726188.0
20730,2035-02-01,GW_storage_OR_W_GW2[AF],3339825.0,6520973109.0,645066013.0
20731,2035-03-01,GW_storage_OR_W_GW2[AF],3256997.0,6608114132.0,648323010.0
20732,2035-04-01,GW_storage_OR_W_GW2[AF],3178829.0,6694040771.0,651501839.0
20733,2035-05-01,GW_storage_OR_W_GW2[AF],3099994.0,6778544504.0,654601833.0
20734,2035-06-01,GW_storage_OR_W_GW2[AF],3025595.0,6863239534.0,657627428.0
20735,2035-07-01,GW_storage_OR_W_GW2[AF],2950560.0,6947511289.0,660577988.0
20736,2035-08-01,GW_storage_OR_W_GW2[AF],2877386.0,7030376153.0,663455374.0
20737,2035-09-01,GW_storage_OR_W_GW2[AF],2808328.0,7112119087.0,666263702.0
20738,2035-10-01,GW_storage_OR_W_GW2[AF],2738682.0,7192574428.0,669002384.0
20739,2035-11-01,GW_storage_OR_W_GW2[AF],2672953.0,7271865334.0,671675337.0
20740,2035-12-01,GW_storage_OR_W_GW2[AF],2606664.0,7350179909.0,674282001.0
20741,2036-01-01,GW_storage_OR_W_GW2[AF],2542019.0,7427195979.0,676824020.0
20742,2036-02-01,GW_storage_OR_W_GW2[AF],2483044.0,7503024891.0,679307064.0
20743,2036-03-01,GW_storage_OR_W_GW2[AF],2421465.0,7577632108.0,681728529.0
20744,2036-04-01,GW_storage_OR_W_GW2[AF],2363349.0,7651185144.0,684091878.0
20745,2036-05-01,GW_storage_OR_W_GW2[AF],2304739.0,7724300240.0,686396617.0
20746,2036-06-01,GW_storage_OR_W_GW2[AF],2249425.0,7796353708.0,688646042.0
20747,2036-07-01,GW_storage_OR_W_GW2[AF],2193639.0,7867314948.0,690839681.0
20748,2036-08-01,GW_storage_OR_W_GW2[AF],2139237.0,7937241278.0,692978918.0
20749,2036-09-01,GW_storage_OR_W_GW2[AF],2087895.0,8006295323.0,695066813.0
20750,2036-10-01,GW_storage_OR_W_GW2[AF],2036116.0,8074305646.0,697102929.0
20751,2036-11-01,GW_storage_OR_W_GW2[AF],1987249.0,8141376577.0,699090178.0
20752,2036-12-01,GW_storage_OR_W_GW2[AF],1937965.0,8207644541.0,701028143.0
20753,2037-01-01,GW_storage_OR_W_GW2[AF],1889904.0,8273161410.0,702918047.0
20754,2037-02-01,GW_storage_OR_W_GW2[AF],1847570.0,8337733681.0,704765617.0
20755,2037-03-01,GW_storage_OR_W_GW2[AF],1801751.0,8401237350.0,706567368.0
20756,2037-04-01,GW_storage_OR_W_GW2[AF],1758508.0,8463716442.0,708325876.0
20757,2037-05-01,GW_storage_OR_W_GW2[AF],1714897.0,8525229166.0,710040773.0
20758,2037-06-01,GW_storage_OR_W_GW2[AF],1673739.0,8585780498.0,711714512.0
20759,2037-07-01,GW_storage_OR_W_GW2[AF],1632231.0,8645518277.0,713346743.0
20760,2037-08-01,GW_storage_OR_W_GW2[AF],1591752.0,8704580765.0,714938495.0
20761,2037-09-01,GW_storage_OR_W_GW2[AF],1553550.0,8763159684.0,716492045.0
20762,2037-10-01,GW_storage_OR_W_GW2[AF],1515022.0,8821181815.0,718007067.0
20763,2037-11-01,GW_storage_OR_W_GW2[AF],1478661.0,8878677095.0,719485728.0
20764,2037-12-01,GW_storage_OR_W_GW2[AF],1441990.0,8935618642.0,720927718.0
20765,2038-01-01,GW_storage_OR_W_GW2[AF],1406229.0,8991690289.0,722333947.0
20766,2038-02-01,GW_storage_OR_W_GW2[AF],1374730.0,9049081585.0,723708677.0
20767,2038-03-01,GW_storage_OR_W_GW2[AF],1340636.0,9108044798.0,725049313.0
20768,2038-04-01,GW_storage_OR_W_GW2[AF],1308460.0,9168794933.0,726357773.0
20769,2038-05-01,GW_storage_OR_W_GW2[AF],1276010.0,9229969082.0,727633783.0
20770,2038-06-01,GW_storage_OR_W_GW2[AF],1245387.0,9290494843.0,728879170.0
20771,2038-07-01,GW_storage_OR_W_GW2[AF],1214501.0,9350294408.0,730093671.0
20772,2038-08-01,GW_storage_OR_W_GW2[AF],1184381.0,9409318940.0,731278052.0
20773,2038-09-01,GW_storage_OR_W_GW2[AF],1155956.0,9467673979.0,732434008.0
20774,2038-10-01,GW_storage_OR_W_GW2[AF],1127289.0,9525253636.0,733561297.0
20775,2038-11-01,GW_storage_OR_W_GW2[AF],1100234.0,9582098472.0,734661531.0
20776,2038-12-01,GW_storage_OR_W_GW2[AF],1072948.0,9638248766.0,735734479.0
20777,2039-01-01,GW_storage_OR_W_GW2[AF],1046338.0,9693650977.0,736780817.0
20778,2039-02-01,GW_storage_OR_W_GW2[AF],1022901.0,9750458830.0,737803718.0
20779,2039-03-01,GW_storage_OR_W_GW2[AF],997532.0,9809156458.0,738801250.0
20780,2039-04-01,GW_storage_OR_W_GW2[AF],973592.0,9868559467.0,739774842.0
20781,2039-05-01,GW_storage_OR_W_GW2[AF],949447.0,9927385773.0,740724289.0
20782,2039-06-01,GW_storage_OR_W_GW2[AF],926660.0,9986965256.0,741650949.0
20783,2039-07-01,GW_storage_OR_W_GW2[AF],903679.0,10046475029.0,742554628.0
20784,2039-08-01,GW_storage_OR_W_GW2[AF],881268.0,10105238592.0,743435896.0
20785,2039-09-01,GW_storage_OR_W_GW2[AF],860117.0,10163363477.0,744296013.0
20786,2039-10-01,GW_storage_OR_W_GW2[AF],838787.0,10220781260.0,745134800.0
20787,2039-11-01,GW_storage_OR_W_GW2[AF],818656.0,10277373162.0,745953456.0
20788,2039-12-01,GW_storage_OR_W_GW2[AF],798352.0,10333185165.0,746751808.0
20789,2040-01-01,GW_storage_OR_W_GW2[AF],778553.0,10388289039.0,747530361.0
20790,2040-02-01,GW_storage_OR_W_GW2[AF],760491.0,10442633493.0,748290852.0
20791,2040-03-01,GW_storage_OR_W_GW2[AF],741631.0,10496196844.0,749032483.0
20792,2040-04-01,GW_storage_OR_W_GW2[AF],723832.0,10549040409.0,749756315.0
20793,2040-05-01,GW_storage_OR_W_GW2[AF],705881.0,10601395194.0,750462196.0
20794,2040-06-01,GW_storage_OR_W_GW2[AF],688940.0,10653107949.0,751151136.0
20795,2040-07-01,GW_storage_OR_W_GW2[AF],671854.0,10704171007.0,751822990.0
20796,2040-08-01,GW_storage_OR_W_GW2[AF],655192.0,10754605305.0,752478182.0
20797,2040-09-01,GW_storage_OR_W_GW2[AF],639468.0,10804445973.0,753117650.0
20798,2040-10-01,GW_storage_OR_W_GW2[AF],623609.0,10853648570.0,753741259.0
20799,2040-11-01,GW_storage_OR_W_GW2[AF],608643.0,10902484914.0,754349902.0
20800,2040-12-01,GW_storage_OR_W_GW2[AF],593548.0,10950730644.0,754943450.0
20801,2041-01-01,GW_storage_OR_W_GW2[AF],578828.0,10998281298.0,755522278.0
20802,2041-02-01,GW_storage_OR_W_GW2[AF],565862.0,11047818234.0,756088140.0
20803,2041-03-01,GW_storage_OR_W_GW2[AF],551829.0,11099139984.0,756639969.0
20804,2041-04-01,GW_storage_OR_W_GW2[AF],538585.0,11151170281.0,757178554.0
20805,2041-05-01,GW_storage_OR_W_GW2[AF],525228.0,11202540882.0,757703782.0
20806,2041-06-01,GW_storage_OR_W_GW2[AF],512623.0,11253584926.0,758216405.0
20807,2041-07-01,GW_storage_OR_W_GW2[AF],499910.0,11304087287.0,758716315.0
20808,2041-08-01,GW_storage_OR_W_GW2[AF],487512.0,11354085428.0,759203827.0
20809,2041-09-01,GW_storage_OR_W_GW2[AF],475811.0,11403615397.0,759679638.0
20810,2041-10-01,GW_storage_OR_W_GW2[AF],464012.0,11452671944.0,760143650.0
20811,2041-11-01,GW_storage_OR_W_GW2[AF],452875.0,11501212889.0,760596525.0
20812,2041-12-01,GW_storage_OR_W_GW2[AF],441644.0,11549056939.0,761038169.0
20813,2042-01-01,GW_storage_OR_W_GW2[AF],430691.0,11596204581.0,761468860.0
20814,2042-02-01,GW_storage_OR_W_GW2[AF],421044.0,11642935334.0,761889904.0
20815,2042-03-01,GW_storage_OR_W_GW2[AF],410601.0,11689092595.0,762300505.0
20816,2042-04-01,GW_storage_OR_W_GW2[AF],400748.0,11735022869.0,762701253.0
20817,2042-05-01,GW_storage_OR_W_GW2[AF],390809.0,11780876718.0,763092062.0
20818,2042-06-01,GW_storage_OR_W_GW2[AF],381429.0,11826092725.0,763473491.0
20819,2042-07-01,GW_storage_OR_W_GW2[AF],371970.0,11871546727.0,763845461.0
20820,2042-08-01,GW_storage_OR_W_GW2[AF],362745.0,11916431990.0,764208206.0
20821,2042-09-01,GW_storage_OR_W_GW2[AF],354039.0,11960791410.0,764562245.0
20822,2042-10-01,GW_storage_OR_W_GW2[AF],345259.0,12004660184.0,764907504.0
20823,2042-11-01,GW_storage_OR_W_GW2[AF],336973.0,12048130811.0,765244477.0
20824,2042-12-01,GW_storage_OR_W_GW2[AF],328617.0,12091062837.0,765573094.0
20825,2043-01-01,GW_storage_OR_W_GW2[AF],320466.0,12133444088.0,765893560.0
20826,2043-02-01,GW_storage_OR_W_GW2[AF],313288.0,12175363925.0,766206848.0
20827,2043-03-01,GW_storage_OR_W_GW2[AF],305519.0,12216725340.0,766512367.0
20828,2043-04-01,GW_storage_OR_W_GW2[AF],298185.0,12257666079.0,766810552.0
20829,2043-05-01,GW_storage_OR_W_GW2[AF],290790.0,12298078753.0,767101342.0
20830,2043-06-01,GW_storage_OR_W_GW2[AF],283812.0,12338040338.0,767385154.0
20831,2043-07-01,GW_storage_OR_W_GW2[AF],276773.0,12377535688.0,767661927.0
20832,2043-08-01,GW_storage_OR_W_GW2[AF],269910.0,12416568319.0,767931837.0
20833,2043-09-01,GW_storage_OR_W_GW2[AF],263431.0,12455234071.0,768195268.0
20834,2043-10-01,GW_storage_OR_W_GW2[AF],256898.0,12493493716.0,768452166.0
20835,2043-11-01,GW_storage_OR_W_GW2[AF],250732.0,12531340494.0,768702898.0
20836,2043-12-01,GW_storage_OR_W_GW2[AF],244514.0,12568703212.0,768947412.0
20837,2044-01-01,GW_storage_OR_W_GW2[AF],238450.0,12605614127.0,769185862.0
20838,2044-02-01,GW_storage_OR_W_GW2[AF],232918.0,12642100391.0,769418780.0
20839,2044-03-01,GW_storage_OR_W_GW2[AF],227142.0,12678094207.0,769645922.0
20840,2044-04-01,GW_storage_OR_W_GW2[AF],221690.0,12715489683.0,769867612.0
20841,2044-05-01,GW_storage_OR_W_GW2[AF],216193.0,12757376464.0,770083805.0
20842,2044-06-01,GW_storage_OR_W_GW2[AF],211004.0,12798680033.0,770294809.0
20843,2044-07-01,GW_storage_OR_W_GW2[AF],205771.0,12840178366.0,770500580.0
20844,2044-08-01,GW_storage_OR_W_GW2[AF],200668.0,12881238666.0,770701248.0
20845,2044-09-01,GW_storage_OR_W_GW2[AF],195852.0,12921922929.0,770897100.0
20846,2044-10-01,GW_storage_OR_W_GW2[AF],190994.0,12962137170.0,771088094.0
20847,2044-11-01,GW_storage_OR_W_GW2[AF],186411.0,13001917872.0,771274505.0
20848,2044-12-01,GW_storage_OR_W_GW2[AF],181788.0,13041192913.0,771456293.0
20849,2045-01-01,GW_storage_OR_W_GW2[AF],177279.0,13079996277.0,771633572.0
20850,2045-02-01,GW_storage_OR_W_GW2[AF],173309.0,13119222084.0,771806881.0
20851,2045-03-01,GW_storage_OR_W_GW2[AF],169010.0,13158364150.0,771975891.0
20852,2045-04-01,GW_storage_OR_W_GW2[AF],164954.0,13198157185.0,772140845.0
20853,2045-05-01,GW_storage_OR_W_GW2[AF],160863.0,13237869018.0,772301708.0
20854,2045-06-01,GW_storage_OR_W_GW2[AF],157002.0,13278774379.0,772458710.0
20855,2045-07-01,GW_storage_OR_W_GW2[AF],153109.0,13324244062.0,772611819.0
20856,2045-08-01,GW_storage_OR_W_GW2[AF],149312.0,13372386542.0,772761131.0
20857,2045-09-01,GW_storage_OR_W_GW2[AF],145728.0,13419876881.0,772906859.0
20858,2045-10-01,GW_storage_OR_W_GW2[AF],142114.0,13466818785.0,773048973.0
20859,2045-11-01,GW_storage_OR_W_GW2[AF],138703.0,13513160105.0,773187676.0
20860,2045-12-01,GW_storage_OR_W_GW2[AF],135263.0,13560745919.0,773322939.0
20861,2046-01-01,GW_storage_OR_W_GW2[AF],2851339.0,13615290772.0,776174278.0
20862,2046-02-01,GW_storage_OR_W_GW2[AF],4730410.0,13677811710.0,780904688.0
20863,2046-03-01,GW_storage_OR_W_GW2[AF],6298069.0,13748607831.0,787202757.0
20864,2046-04-01,GW_storage_OR_W_GW2[AF],6146915.0,13826873589.0,793349672.0
20865,2046-05-01,GW_storage_OR_W_GW2[AF],5994474.0,13907944967.0,799344146.0
20866,2046-06-01,GW_storage_OR_W_GW2[AF],5850607.0,13989979852.0,805194753.0
20867,2046-07-01,GW_storage_OR_W_GW2[AF],5705511.0,14071604903.0,810900264.0
20868,2046-08-01,GW_storage_OR_W_GW2[AF],5564014.0,14152131683.0,816464278.0
20869,2046-09-01,GW_storage_OR_W_GW2[AF],5430478.0,14231617714.0,821894756.0
20870,2046-10-01,GW_storage_OR_W_GW2[AF],5295802.0,14310005025.0,827190558.0
20871,2046-11-01,GW_storage_OR_W_GW2[AF],5168703.0,14387273527.0,832359261.0
20872,2046-12-01,GW_storage_OR_W_GW2[AF],5040519.0,14463437376.0,837399780.0
20873,2047-01-01,GW_storage_OR_W_GW2[AF],4915515.0,14538457981.0,842315295.0
20874,2047-02-01,GW_storage_OR_W_GW2[AF],4805407.0,14612508014.0,847120702.0
20875,2047-03-01,GW_storage_OR_W_GW2[AF],4686233.0,14685452283.0,851806935.0
20876,2047-04-01,GW_storage_OR_W_GW2[AF],4573763.0,14764472816.0,856380698.0
20877,2047-05-01,GW_storage_OR_W_GW2[AF],4460334.0,14860897341.0,860841032.0
20878,2047-06-01,GW_storage_OR_W_GW2[AF],4353286.0,14972506362.0,865194318.0
20879,2047-07-01,GW_storage_OR_W_GW2[AF],4245324.0,15088231692.0,869439642.0
20880,2047-08-01,GW_storage_OR_W_GW2[AF],4140040.0,15203332934.0,873579682.0
20881,2047-09-01,GW_storage_OR_W_GW2[AF],4040680.0,15317492289.0,877620362.0
20882,2047-10-01,GW_storage_OR_W_GW2[AF],3940470.0,15430042333.0,881560832.0
20883,2047-11-01,GW_storage_OR_W_GW2[AF],3845899.0,15542831934.0,885406731.0
20884,2047-12-01,GW_storage_OR_W_GW2[AF],3750520.0,15653870877.0,889157251.0
20885,2048-01-01,GW_storage_OR_W_GW2[AF],3657508.0,15763169397.0,892814759.0
20886,2048-02-01,GW_storage_OR_W_GW2[AF],3572653.0,15872138297.0,896387412.0
20887,2048-03-01,GW_storage_OR_W_GW2[AF],5123261.0,15987897138.0,901510673.0
20888,2048-04-01,GW_storage_OR_W_GW2[AF],5000302.0,16106751114.0,906510975.0
20889,2048-05-01,GW_storage_OR_W_GW2[AF],4876295.0,16226738594.0,911387270.0
20890,2048-06-01,GW_storage_OR_W_GW2[AF],4759264.0,16346930466.0,916146534.0
20891,2048-07-01,GW_storage_OR_W_GW2[AF],4641234.0,16466203172.0,920787768.0
20892,2048-08-01,GW_storage_OR_W_GW2[AF],4526132.0,16583670765.0,925313900.0
20893,2048-09-01,GW_storage_OR_W_GW2[AF],4417505.0,16699553017.0,929731405.0
20894,2048-10-01,GW_storage_OR_W_GW2[AF],4307951.0,16813788962.0,934039356.0
20895,2048-11-01,GW_storage_OR_W_GW2[AF],4204560.0,16926416472.0,938243916.0
20896,2048-12-01,GW_storage_OR_W_GW2[AF],4100287.0,17038918116.0,942344203.0
20897,2049-01-01,GW_storage_OR_W_GW2[AF],3998599.0,17150214903.0,946342802.0
20898,2049-02-01,GW_storage_OR_W_GW2[AF],3909031.0,17259849423.0,950251833.0
20899,2049-03-01,GW_storage_OR_W_GW2[AF],3812087.0,17374140295.0,954063920.0
20900,2049-04-01,GW_storage_OR_W_GW2[AF],3720598.0,17496980626.0,957784518.0
20901,2049-05-01,GW_storage_OR_W_GW2[AF],3628327.0,17623520262.0,961412845.0
20902,2049-06-01,GW_storage_OR_W_GW2[AF],3541247.0,17749882278.0,964954092.0
20903,2049-07-01,GW_storage_OR_W_GW2[AF],3453424.0,17875311834.0,968407516.0
20904,2049-08-01,GW_storage_OR_W_GW2[AF],3367779.0,17998950915.0,971775295.0
20905,2049-09-01,GW_storage_OR_W_GW2[AF],3286952.0,18120987592.0,975062247.0
20906,2049-10-01,GW_storage_OR_W_GW2[AF],3205436.0,18241422265.0,978267683.0
20907,2049-11-01,GW_storage_OR_W_GW2[AF],3128505.0,18360102830.0,981396188.0
20908,2049-12-01,GW_storage_OR_W_GW2[AF],3050918.0,18476910369.0,984447106.0
20909,2050-01-01,GW_storage_OR_W_GW2[AF],2975256.0,18591916831.0,987422362.0
20910,2050-02-01,GW_storage_OR_W_GW2[AF],2908611.0,18705272956.0,990330973.0
20911,2050-03-01,GW_storage_OR_W_GW2[AF],2836477.0,18821028859.0,993167450.0
20912,2050-04-01,GW_storage_OR_W_GW2[AF],2768401.0,18940506995.0,995935851.0
20913,2050-05-01,GW_storage_OR_W_GW2[AF],2699745.0,19059600483.0,998635596.0
20914,2050-06-01,GW_storage_OR_W_GW2[AF],2634951.0,19178428021.0,1001270547.0
20915,2050-07-01,GW_storage_OR_W_GW2[AF],2569604.0,19296435077.0,1003840151.0
20916,2050-08-01,GW_storage_OR_W_GW2[AF],2505878.0,19412834260.0,1006346029.0
20917,2050-09-01,GW_storage_OR_W_GW2[AF],2445737.0,19527808893.0,1008791766.0
20918,2050-10-01,GW_storage_OR_W_GW2[AF],2385083.0,19641173895.0,1011176849.0
20919,2050-11-01,GW_storage_OR_W_GW2[AF],2327840.0,19752769080.0,1013504689.0
20920,2050-12-01,GW_storage_OR_W_GW2[AF],2270110.0,19862611454.0,1015774799.0
20921,2051-01-01,GW_storage_OR_W_GW2[AF],2213811.0,19970764786.0,1017988610.0
20922,2051-02-01,GW_storage_OR_W_GW2[AF],2164222.0,20077395432.0,1020152832.0
20923,2051-03-01,GW_storage_OR_W_GW2[AF],2110549.0,20182370827.0,1022263381.0
20924,2051-04-01,GW_storage_OR_W_GW2[AF],2059897.0,20291580463.0,1024323278.0
20925,2051-05-01,GW_storage_OR_W_GW2[AF],2008811.0,20400038326.0,1026332089.0
20926,2051-06-01,GW_storage_OR_W_GW2[AF],1960599.0,20508257786.0,1028292688.0
20927,2051-07-01,GW_storage_OR_W_GW2[AF],1911976.0,20615875318.0,1030204664.0
20928,2051-08-01,GW_storage_OR_W_GW2[AF],1864559.0,20722198437.0,1032069223.0
20929,2051-09-01,GW_storage_OR_W_GW2[AF],1819810.0,20827038775.0,1033889033.0
20930,2051-10-01,GW_storage_OR_W_GW2[AF],1774679.0,20930437548.0,1035663712.0
20931,2051-11-01,GW_storage_OR_W_GW2[AF],1732087.0,21032468769.0,1037395799.0
20932,2051-12-01,GW_storage_OR_W_GW2[AF],1689131.0,21133705710.0,1039084930.0
20933,2052-01-01,GW_storage_OR_W_GW2[AF],1647240.0,21233433839.0,1040732170.0
20934,2052-02-01,GW_storage_OR_W_GW2[AF],1609024.0,21331717041.0,1042341194.0
20935,2052-03-01,GW_storage_OR_W_GW2[AF],1569121.0,21429607427.0,1043910315.0
20936,2052-04-01,GW_storage_OR_W_GW2[AF],1531462.0,21527851494.0,1045441777.0
20937,2052-05-01,GW_storage_OR_W_GW2[AF],1493482.0,21624977785.0,1046935259.0
20938,2052-06-01,GW_storage_OR_W_GW2[AF],1457638.0,21720857498.0,1048392897.0
20939,2052-07-01,GW_storage_OR_W_GW2[AF],1421489.0,21815421513.0,1049814386.0
20940,2052-08-01,GW_storage_OR_W_GW2[AF],1386235.0,21908765850.0,1051200621.0
20941,2052-09-01,GW_storage_OR_W_GW2[AF],1352965.0,22001026854.0,1052553586.0
20942,2052-10-01,GW_storage_OR_W_GW2[AF],1319412.0,22092179195.0,1053872998.0
20943,2052-11-01,GW_storage_OR_W_GW2[AF],1287746.0,22182158688.0,1055160744.0
20944,2052-12-01,GW_storage_OR_W_GW2[AF],1255810.0,22270990851.0,1056416554.0
20945,2053-01-01,GW_storage_OR_W_GW2[AF],1224666.0,22358572318.0,1057641220.0
20946,2053-02-01,GW_storage_OR_W_GW2[AF],1197233.0,22445234888.0,1058838453.0
20947,2053-03-01,GW_storage_OR_W_GW2[AF],1167542.0,22531338210.0,1060005995.0
20948,2053-04-01,GW_storage_OR_W_GW2[AF],1139522.0,22618197854.0,1061145517.0
20949,2053-05-01,GW_storage_OR_W_GW2[AF],1111262.0,22705000235.0,1062256779.0
20950,2053-06-01,GW_storage_OR_W_GW2[AF],1084591.0,22792005107.0,1063341370.0
20951,2053-07-01,GW_storage_OR_W_GW2[AF],1057693.0,22878611714.0,1064399063.0
20952,2053-08-01,GW_storage_OR_W_GW2[AF],1031462.0,22964123789.0,1065430525.0
20953,2053-09-01,GW_storage_OR_W_GW2[AF],1006707.0,23048536524.0,1066437232.0
20954,2053-10-01,GW_storage_OR_W_GW2[AF],981741.0,23131866519.0,1067418973.0
20955,2053-11-01,GW_storage_OR_W_GW2[AF],958179.0,23214276747.0,1068377152.0
20956,2053-12-01,GW_storage_OR_W_GW2[AF],934417.0,23295578937.0,1069311569.0
20957,2054-01-01,GW_storage_OR_W_GW2[AF],911243.0,23375761806.0,1070222812.0
20958,2054-02-01,GW_storage_OR_W_GW2[AF],890831.0,23454991045.0,1071113643.0
20959,2054-03-01,GW_storage_OR_W_GW2[AF],868739.0,23533194281.0,1071982382.0
20960,2054-04-01,GW_storage_OR_W_GW2[AF],847889.0,23610840643.0,1072830271.0
20961,2054-05-01,GW_storage_OR_W_GW2[AF],826861.0,23687968757.0,1073657132.0
20962,2054-06-01,GW_storage_OR_W_GW2[AF],807016.0,23764134532.0,1074464148.0
20963,2054-07-01,GW_storage_OR_W_GW2[AF],787003.0,23839346953.0,1075251151.0
20964,2054-08-01,GW_storage_OR_W_GW2[AF],767485.0,23913680649.0,1076018636.0
20965,2054-09-01,GW_storage_OR_W_GW2[AF],749066.0,23987275722.0,1076767702.0
20966,2054-10-01,GW_storage_OR_W_GW2[AF],730489.0,24060063673.0,1077498191.0
20967,2054-11-01,GW_storage_OR_W_GW2[AF],712958.0,24132040073.0,1078211149.0
20968,2054-12-01,GW_storage_OR_W_GW2[AF],695276.0,24203075252.0,1078906425.0
20969,2055-01-01,GW_storage_OR_W_GW2[AF],678033.0,24273232069.0,1079584458.0
20970,2055-02-01,GW_storage_OR_W_GW2[AF],662846.0,24346983422.0,1080247304.0
20971,2055-03-01,GW_storage_OR_W_GW2[AF],2494062.0,24429418525.0,1082741366.0
20972,2055-04-01,GW_storage_OR_W_GW2[AF],3772457.0,24519974284.0,1086513823.0
20973,2055-05-01,GW_storage_OR_W_GW2[AF],3678900.0,24612887460.0,1090192723.0
20974,2055-06-01,GW_storage_OR_W_GW2[AF],3590607.0,24705731755.0,1093783330.0
20975,2055-07-01,GW_storage_OR_W_GW2[AF],3501560.0,24797561549.0,1097284890.0
20976,2055-08-01,GW_storage_OR_W_GW2[AF],3414721.0,24888417864.0,1100699611.0
20977,2055-09-01,GW_storage_OR_W_GW2[AF],3332768.0,24978247446.0,1104032379.0
20978,2055-10-01,GW_storage_OR_W_GW2[AF],3250116.0,25067037402.0,1107282495.0
20979,2055-11-01,GW_storage_OR_W_GW2[AF],3172113.0,25154620871.0,1110454608.0
20980,2055-12-01,GW_storage_OR_W_GW2[AF],3093445.0,25240958786.0,1113548053.0
20981,2056-01-01,GW_storage_OR_W_GW2[AF],3016727.0,25326085001.0,1116564780.0
20982,2056-02-01,GW_storage_OR_W_GW2[AF],2946738.0,25410115783.0,1119511518.0
20983,2056-03-01,GW_storage_OR_W_GW2[AF],2873659.0,25493046199.0,1122385177.0
20984,2056-04-01,GW_storage_OR_W_GW2[AF],2804691.0,25579867650.0,1125189868.0
20985,2056-05-01,GW_storage_OR_W_GW2[AF],2735135.0,25665994452.0,1127925003.0
20986,2056-06-01,GW_storage_OR_W_GW2[AF],2669492.0,25751014051.0,1130594495.0
20987,2056-07-01,GW_storage_OR_W_GW2[AF],2603288.0,25834999057.0,1133197783.0
20988,2056-08-01,GW_storage_OR_W_GW2[AF],2538727.0,25918012980.0,1135736510.0
20989,2056-09-01,GW_storage_OR_W_GW2[AF],2477798.0,26000006720.0,1138214308.0
20990,2056-10-01,GW_storage_OR_W_GW2[AF],2416348.0,26080893812.0,1140630656.0
20991,2056-11-01,GW_storage_OR_W_GW2[AF],2358356.0,26160908259.0,1142989012.0
20992,2056-12-01,GW_storage_OR_W_GW2[AF],2299869.0,26240212456.0,1145288881.0
20993,2057-01-01,GW_storage_OR_W_GW2[AF],2242832.0,26318587848.0,1147531713.0
20994,2057-02-01,GW_storage_OR_W_GW2[AF],2192593.0,26395985372.0,1149724306.0
20995,2057-03-01,GW_storage_OR_W_GW2[AF],2138216.0,26472734266.0,1151862522.0
20996,2057-04-01,GW_storage_OR_W_GW2[AF],2086898.0,26556295278.0,1153949420.0
20997,2057-05-01,GW_storage_OR_W_GW2[AF],2035144.0,26638790503.0,1155984564.0
20998,2057-06-01,GW_storage_OR_W_GW2[AF],1986301.0,26720263696.0,1157970865.0
20999,2057-07-01,GW_storage_OR_W_GW2[AF],1937041.0,26800720453.0,1159907906.0
21000,2057-08-01,GW_storage_OR_W_GW2[AF],1889001.0,26880212595.0,1161796907.0
21001,2057-09-01,GW_storage_OR_W_GW2[AF],1843665.0,26958875022.0,1163640572.0
21002,2057-10-01,GW_storage_OR_W_GW2[AF],1797943.0,27036568588.0,1165438515.0
21003,2057-11-01,GW_storage_OR_W_GW2[AF],1754792.0,27113396201.0,1167193307.0
21004,2057-12-01,GW_storage_OR_W_GW2[AF],1711274.0,27189264327.0,1168904581.0
21005,2058-01-01,GW_storage_OR_W_GW2[AF],1668834.0,27264124633.0,1170573415.0
21006,2058-02-01,GW_storage_OR_W_GW2[AF],1631452.0,27348265847.0,1172204867.0
21007,2058-03-01,GW_storage_OR_W_GW2[AF],1590992.0,27440889382.0,1173795859.0
21008,2058-04-01,GW_storage_OR_W_GW2[AF],1552808.0,27539133274.0,1175348667.0
21009,2058-05-01,GW_storage_OR_W_GW2[AF],1514298.0,27639449314.0,1176862965.0
21010,2058-06-01,GW_storage_OR_W_GW2[AF],1477955.0,27738779306.0,1178340920.0
21011,2058-07-01,GW_storage_OR_W_GW2[AF],1441302.0,27837531793.0,1179782222.0
21012,2058-08-01,GW_storage_OR_W_GW2[AF],1405558.0,27935280444.0,1181187780.0
21013,2058-09-01,GW_storage_OR_W_GW2[AF],1371825.0,28031862865.0,1182559605.0
21014,2058-10-01,GW_storage_OR_W_GW2[AF],1337802.0,28127260463.0,1183897407.0
21015,2058-11-01,GW_storage_OR_W_GW2[AF],1305695.0,28221366217.0,1185203102.0
21016,2058-12-01,GW_storage_OR_W_GW2[AF],1273314.0,28314157055.0,1186476416.0
21017,2059-01-01,GW_storage_OR_W_GW2[AF],1241736.0,28405540773.0,1187718152.0
21018,2059-02-01,GW_storage_OR_W_GW2[AF],1213921.0,28502067677.0,1188932073.0
21019,2059-03-01,GW_storage_OR_W_GW2[AF],1183816.0,28605457246.0,1190115889.0
21020,2059-04-01,GW_storage_OR_W_GW2[AF],1155404.0,28717814838.0,1191271293.0
21021,2059-05-01,GW_storage_OR_W_GW2[AF],1126751.0,28830913147.0,1192398044.0
21022,2059-06-01,GW_storage_OR_W_GW2[AF],1099709.0,28943770190.0,1193497753.0
21023,2059-07-01,GW_storage_OR_W_GW2[AF],1072436.0,29055182582.0,1194570189.0
21024,2059-08-01,GW_storage_OR_W_GW2[AF],1045839.0,29165160032.0,1195616028.0
21025,2059-09-01,GW_storage_OR_W_GW2[AF],1020740.0,29273920291.0,1196636768.0
21026,2059-10-01,GW_storage_OR_W_GW2[AF],995426.0,29381402010.0,1197632194.0
21027,2059-11-01,GW_storage_OR_W_GW2[AF],971535.0,29487451547.0,1198603729.0
21028,2059-12-01,GW_storage_OR_W_GW2[AF],947441.0,29592083281.0,1199551170.0
21029,2060-01-01,GW_storage_OR_W_GW2[AF],923945.0,29695071869.0,1200475115.0
21030,2060-02-01,GW_storage_OR_W_GW2[AF],902510.0,29797999369.0,1201377625.0
21031,2060-03-01,GW_storage_OR_W_GW2[AF],2269875.0,29907235449.0,1203647500.0
21032,2060-04-01,GW_storage_OR_W_GW2[AF],2215399.0,30022282651.0,1205862899.0
21033,2060-05-01,GW_storage_OR_W_GW2[AF],2160456.0,30138204137.0,1208023355.0
21034,2060-06-01,GW_storage_OR_W_GW2[AF],2108606.0,30253989194.0,1210131961.0
21035,2060-07-01,GW_storage_OR_W_GW2[AF],2056312.0,30369445165.0,1212188273.0
21036,2060-08-01,GW_storage_OR_W_GW2[AF],2005316.0,30483354195.0,1214193589.0
21037,2060-09-01,GW_storage_OR_W_GW2[AF],1957188.0,30595912136.0,1216150777.0
21038,2060-10-01,GW_storage_OR_W_GW2[AF],1908650.0,30707058453.0,1218059427.0
21039,2060-11-01,GW_storage_OR_W_GW2[AF],1862842.0,30816686913.0,1219922269.0
21040,2060-12-01,GW_storage_OR_W_GW2[AF],1816644.0,30924630927.0,1221738913.0
21041,2061-01-01,GW_storage_OR_W_GW2[AF],1771592.0,31038058188.0,1223510505.0
21042,2061-02-01,GW_storage_OR_W_GW2[AF],3707656.0,31163247262.0,1227218161.0
21043,2061-03-01,GW_storage_OR_W_GW2[AF],5170430.0,31301926464.0,1232388591.0
21044,2061-04-01,GW_storage_OR_W_GW2[AF],5046339.0,31460043743.0,1237434930.0
21045,2061-05-01,GW_storage_OR_W_GW2[AF],4921191.0,31621719240.0,1242356121.0
21046,2061-06-01,GW_storage_OR_W_GW2[AF],4803082.0,31781944019.0,1247159203.0
21047,2061-07-01,GW_storage_OR_W_GW2[AF],4683966.0,31940594248.0,1251843169.0
21048,2061-08-01,GW_storage_OR_W_GW2[AF],4567804.0,32097666692.0,1256410973.0
21049,2061-09-01,GW_storage_OR_W_GW2[AF],4458176.0,32253244922.0,1260869149.0
21050,2061-10-01,GW_storage_OR_W_GW2[AF],4347613.0,32407132898.0,1265216762.0
21051,2061-11-01,GW_storage_OR_W_GW2[AF],4243270.0,32559108380.0,1269460032.0
21052,2061-12-01,GW_storage_OR_W_GW2[AF],4138037.0,32709321481.0,1273598069.0
21053,2062-01-01,GW_storage_OR_W_GW2[AF],4035414.0,32858735378.0,1277633483.0
21054,2062-02-01,GW_storage_OR_W_GW2[AF],3945021.0,33022044851.0,1281578504.0
21055,2062-03-01,GW_storage_OR_W_GW2[AF],3847185.0,33198837130.0,1285425689.0
21056,2062-04-01,GW_storage_OR_W_GW2[AF],5153246.0,33390837210.0,1290578935.0
21057,2062-05-01,GW_storage_OR_W_GW2[AF],5025445.0,33584259641.0,1295604380.0
21058,2062-06-01,GW_storage_OR_W_GW2[AF],4904835.0,33776858517.0,1300509215.0
21059,2062-07-01,GW_storage_OR_W_GW2[AF],4783195.0,33967635736.0,1305292410.0
21060,2062-08-01,GW_storage_OR_W_GW2[AF],4664571.0,34156855847.0,1309956981.0
21061,2062-09-01,GW_storage_OR_W_GW2[AF],4552621.0,34344548104.0,1314509602.0
21062,2062-10-01,GW_storage_OR_W_GW2[AF],4439717.0,34530332137.0,1318949319.0
21063,2062-11-01,GW_storage_OR_W_GW2[AF],4333164.0,34714073091.0,1323282483.0
21064,2062-12-01,GW_storage_OR_W_GW2[AF],4225701.0,34895778448.0,1327508184.0
21065,2063-01-01,GW_storage_OR_W_GW2[AF],4120903.0,35079072230.0,1331629087.0
21066,2063-02-01,GW_storage_OR_W_GW2[AF],4028596.0,35269350335.0,1335657683.0
21067,2063-03-01,GW_storage_OR_W_GW2[AF],3928686.0,35470064786.0,1339586369.0
21068,2063-04-01,GW_storage_OR_W_GW2[AF],3834397.0,35683040547.0,1343420766.0
21069,2063-05-01,GW_storage_OR_W_GW2[AF],3739304.0,35907121073.0,1347160070.0
21070,2063-06-01,GW_storage_OR_W_GW2[AF],3649561.0,36134854310.0,1350809631.0
21071,2063-07-01,GW_storage_OR_W_GW2[AF],3559052.0,36361472567.0,1354368683.0
21072,2063-08-01,GW_storage_OR_W_GW2[AF],3470787.0,36586142514.0,1357839470.0
21073,2063-09-01,GW_storage_OR_W_GW2[AF],3387488.0,36808934029.0,1361226958.0
21074,2063-10-01,GW_storage_OR_W_GW2[AF],3303479.0,37029507927.0,1364530437.0
21075,2063-11-01,GW_storage_OR_W_GW2[AF],3224195.0,37248012309.0,1367754632.0
21076,2063-12-01,GW_storage_OR_W_GW2[AF],3144235.0,37465671472.0,1370898867.0
21077,2064-01-01,GW_storage_OR_W_GW2[AF],3066258.0,37694815963.0,1373965125.0
21078,2064-02-01,GW_storage_OR_W_GW2[AF],2995121.0,37945097639.0,1376960246.0
21079,2064-03-01,GW_storage_OR_W_GW2[AF],4454559.0,38213638934.0,1381414805.0
21080,2064-04-01,GW_storage_OR_W_GW2[AF],4347651.0,38493367090.0,1385762456.0
21081,2064-05-01,GW_storage_OR_W_GW2[AF],4239829.0,38776738105.0,1390002285.0
21082,2064-06-01,GW_storage_OR_W_GW2[AF],4138073.0,39060661713.0,1394140358.0
21083,2064-07-01,GW_storage_OR_W_GW2[AF],4035449.0,39341932866.0,1398175807.0
21084,2064-08-01,GW_storage_OR_W_GW2[AF],3935370.0,39620711220.0,1402111177.0
21085,2064-09-01,GW_storage_OR_W_GW2[AF],3840920.0,39897002798.0,1405952097.0
21086,2064-10-01,GW_storage_OR_W_GW2[AF],3745665.0,40170736712.0,1409697762.0
21087,2064-11-01,GW_storage_OR_W_GW2[AF],3655770.0,40442044957.0,1413353532.0
21088,2064-12-01,GW_storage_OR_W_GW2[AF],3565107.0,40711834451.0,1416918639.0
21089,2065-01-01,GW_storage_OR_W_GW2[AF],3476692.0,40982757097.0,1420395331.0
21090,2065-02-01,GW_storage_OR_W_GW2[AF],3398814.0,41255716076.0,1423794145.0
21091,2065-03-01,GW_storage_OR_W_GW2[AF],3314523.0,41533378347.0,1427108668.0
21092,2065-04-01,GW_storage_OR_W_GW2[AF],3234975.0,41819419395.0,1430343643.0
21093,2065-05-01,GW_storage_OR_W_GW2[AF],3154747.0,42107659636.0,1433498390.0
21094,2065-06-01,GW_storage_OR_W_GW2[AF],3079034.0,42393392346.0,1436577424.0
21095,2065-07-01,GW_storage_OR_W_GW2[AF],3002674.0,42678359041.0,1439580098.0
21096,2065-08-01,GW_storage_OR_W_GW2[AF],2928207.0,42960938762.0,1442508305.0
21097,2065-09-01,GW_storage_OR_W_GW2[AF],2857930.0,43241061639.0,1445366235.0
21098,2065-10-01,GW_storage_OR_W_GW2[AF],2787053.0,43518553408.0,1448153288.0
21099,2065-11-01,GW_storage_OR_W_GW2[AF],2720164.0,43793351378.0,1450873452.0
21100,2065-12-01,GW_storage_OR_W_GW2[AF],2652704.0,44065325818.0,1453526156.0
21101,2066-01-01,GW_storage_OR_W_GW2[AF],2586917.0,44334625115.0,1456113073.0
21102,2066-02-01,GW_storage_OR_W_GW2[AF],2528970.0,44601575728.0,1458642043.0
21103,2066-03-01,GW_storage_OR_W_GW2[AF],2466252.0,44865977654.0,1461108295.0
21104,2066-04-01,GW_storage_OR_W_GW2[AF],3565129.0,45130939542.0,1464673424.0
21105,2066-05-01,GW_storage_OR_W_GW2[AF],3476714.0,45393925169.0,1468150138.0
21106,2066-06-01,GW_storage_OR_W_GW2[AF],3393272.0,45654573916.0,1471543410.0
21107,2066-07-01,GW_storage_OR_W_GW2[AF],3309120.0,45912927675.0,1474852530.0
21108,2066-08-01,GW_storage_OR_W_GW2[AF],3227054.0,46169111465.0,1478079584.0
21109,2066-09-01,GW_storage_OR_W_GW2[AF],3149605.0,46423600426.0,1481229189.0
21110,2066-10-01,GW_storage_OR_W_GW2[AF],3071495.0,46676263355.0,1484300684.0
21111,2066-11-01,GW_storage_OR_W_GW2[AF],2997778.0,46927228863.0,1487298462.0
21112,2066-12-01,GW_storage_OR_W_GW2[AF],2923433.0,47176198480.0,1490221895.0
21113,2067-01-01,GW_storage_OR_W_GW2[AF],2850933.0,47422896821.0,1493072828.0
21114,2067-02-01,GW_storage_OR_W_GW2[AF],2787071.0,47667661431.0,1495859899.0
21115,2067-03-01,GW_storage_OR_W_GW2[AF],2717952.0,47910308464.0,1498577851.0
21116,2067-04-01,GW_storage_OR_W_GW2[AF],2652720.0,48151085524.0,1501230571.0
21117,2067-05-01,GW_storage_OR_W_GW2[AF],2586933.0,48389950965.0,1503817504.0
21118,2067-06-01,GW_storage_OR_W_GW2[AF],2524847.0,48627002221.0,1506342351.0
21119,2067-07-01,GW_storage_OR_W_GW2[AF],2462231.0,48862124917.0,1508804582.0
21120,2067-08-01,GW_storage_OR_W_GW2[AF],2401167.0,49095321876.0,1511205749.0
21121,2067-09-01,GW_storage_OR_W_GW2[AF],2343539.0,49326841519.0,1513549288.0
21122,2067-10-01,GW_storage_OR_W_GW2[AF],2285420.0,49556552267.0,1515834708.0
21123,2067-11-01,GW_storage_OR_W_GW2[AF],2230569.0,49784868208.0,1518065277.0
21124,2067-12-01,GW_storage_OR_W_GW2[AF],2175251.0,50011545293.0,1520240528.0
21125,2068-01-01,GW_storage_OR_W_GW2[AF],2121305.0,50238331069.0,1522361833.0
21126,2068-02-01,GW_storage_OR_W_GW2[AF],2072091.0,50478937732.0,1524433924.0
21127,2068-03-01,GW_storage_OR_W_GW2[AF],2020703.0,50739381265.0,1526454627.0
21128,2068-04-01,GW_storage_OR_W_GW2[AF],1972206.0,51011294375.0,1528426833.0
21129,2068-05-01,GW_storage_OR_W_GW2[AF],1923294.0,51290774772.0,1530350127.0
21130,2068-06-01,GW_storage_OR_W_GW2[AF],1877135.0,51571539123.0,1532227262.0
21131,2068-07-01,GW_storage_OR_W_GW2[AF],1830583.0,51851333229.0,1534057845.0
21132,2068-08-01,GW_storage_OR_W_GW2[AF],1785184.0,52129191774.0,1535843029.0
21133,2068-09-01,GW_storage_OR_W_GW2[AF],1742340.0,52405096290.0,1537585369.0
21134,2068-10-01,GW_storage_OR_W_GW2[AF],1699129.0,52678907664.0,1539284498.0
21135,2068-11-01,GW_storage_OR_W_GW2[AF],1658351.0,52950483517.0,1540942849.0
21136,2068-12-01,GW_storage_OR_W_GW2[AF],1617224.0,53219819895.0,1542560073.0
21137,2069-01-01,GW_storage_OR_W_GW2[AF],1577116.0,53487155316.0,1544137189.0
21138,2069-02-01,GW_storage_OR_W_GW2[AF],3195020.0,53760870931.0,1547332209.0
21139,2069-03-01,GW_storage_OR_W_GW2[AF],3115783.0,54039428849.0,1550447992.0
21140,2069-04-01,GW_storage_OR_W_GW2[AF],3041004.0,54324092180.0,1553488996.0
21141,2069-05-01,GW_storage_OR_W_GW2[AF],2965588.0,54609436481.0,1556454584.0
21142,2069-06-01,GW_storage_OR_W_GW2[AF],2894413.0,54894337917.0,1559348997.0
21143,2069-07-01,GW_storage_OR_W_GW2[AF],2822632.0,55177218144.0,1562171629.0
21144,2069-08-01,GW_storage_OR_W_GW2[AF],2752630.0,55458179949.0,1564924259.0
21145,2069-09-01,GW_storage_OR_W_GW2[AF],2686567.0,55737226700.0,1567610826.0
21146,2069-10-01,GW_storage_OR_W_GW2[AF],2619940.0,56014313112.0,1570230766.0
21147,2069-11-01,GW_storage_OR_W_GW2[AF],2557062.0,56289244905.0,1572787828.0
21148,2069-12-01,GW_storage_OR_W_GW2[AF],2493647.0,56561948550.0,1575281475.0
21149,2070-01-01,GW_storage_OR_W_GW2[AF],2431804.0,56832455571.0,1577713279.0
21150,2070-02-01,GW_storage_OR_W_GW2[AF],2377332.0,57101031869.0,1580090611.0
21151,2070-03-01,GW_storage_OR_W_GW2[AF],2318374.0,57367456127.0,1582408985.0
21152,2070-04-01,GW_storage_OR_W_GW2[AF],2262733.0,57631884127.0,1584671718.0
21153,2070-05-01,GW_storage_OR_W_GW2[AF],2206617.0,57894580730.0,1586878335.0
21154,2070-06-01,GW_storage_OR_W_GW2[AF],2153659.0,58156625113.0,1589031994.0
21155,2070-07-01,GW_storage_OR_W_GW2[AF],2100248.0,58417720429.0,1591132242.0
21156,2070-08-01,GW_storage_OR_W_GW2[AF],2048162.0,58677125935.0,1593180404.0
21157,2070-09-01,GW_storage_OR_W_GW2[AF],1999006.0,58935122487.0,1595179410.0
21158,2070-10-01,GW_storage_OR_W_GW2[AF],1949430.0,59191573450.0,1597128840.0
21159,2070-11-01,GW_storage_OR_W_GW2[AF],1902645.0,59446278042.0,1599031485.0
21160,2070-12-01,GW_storage_OR_W_GW2[AF],1855459.0,59699129256.0,1600886944.0
22285,2021-09-01,GW_storage_UT_N_GW[AF],2.0,1034591.0,2.0
22286,2021-10-01,GW_storage_UT_N_GW[AF],2.0,1228184.0,4.0
22287,2021-11-01,GW_storage_UT_N_GW[AF],2.0,1408873.0,6.0
22288,2021-12-01,GW_storage_UT_N_GW[AF],2.0,1583705.0,8.0
22289,2022-01-01,GW_storage_UT_N_GW[AF],2.0,1753848.0,10.0
22290,2022-02-01,GW_storage_UT_N_GW[AF],2.0,1920342.0,12.0
22291,2022-03-01,GW_storage_UT_N_GW[AF],2.0,2083476.0,14.0
22292,2022-04-01,GW_storage_UT_N_GW[AF],2.0,2243387.0,16.0
22293,2022-05-01,GW_storage_UT_N_GW[AF],123050.0,2522880.0,123066.0
22294,2022-06-01,GW_storage_UT_N_GW[AF],122130.0,3551564.0,245196.0
22295,2022-07-01,GW_storage_UT_N_GW[AF],121980.0,4562843.0,367176.0
22296,2022-08-01,GW_storage_UT_N_GW[AF],121845.0,5557441.0,489021.0
22297,2022-09-01,GW_storage_UT_N_GW[AF],121731.0,6536311.0,610752.0
22298,2022-10-01,GW_storage_UT_N_GW[AF],120792.0,7499151.0,731544.0
22299,2022-11-01,GW_storage_UT_N_GW[AF],119891.0,8445383.0,851435.0
22300,2022-12-01,GW_storage_UT_N_GW[AF],118966.0,9374562.0,970401.0
22301,2023-01-01,GW_storage_UT_N_GW[AF],118048.0,10287031.0,1088449.0
22302,2023-02-01,GW_storage_UT_N_GW[AF],117225.0,11192982.0,1205674.0
22303,2023-03-01,GW_storage_UT_N_GW[AF],116320.0,12082492.0,1321994.0
22304,2023-04-01,GW_storage_UT_N_GW[AF],115451.0,12955603.0,1437445.0
22305,2023-05-01,GW_storage_UT_N_GW[AF],114579.0,13813215.0,1552024.0
22306,2023-06-01,GW_storage_UT_N_GW[AF],113725.0,15164430.0,1665749.0
22307,2023-07-01,GW_storage_UT_N_GW[AF],112869.0,17236845.0,1778618.0
22308,2023-08-01,GW_storage_UT_N_GW[AF],112032.0,19274971.0,1890650.0
22309,2023-09-01,GW_storage_UT_N_GW[AF],111926.0,21282260.0,2002576.0
22310,2023-10-01,GW_storage_UT_N_GW[AF],111059.0,23279746.0,2113635.0
22311,2023-11-01,GW_storage_UT_N_GW[AF],110227.0,25247116.0,2223862.0
22312,2023-12-01,GW_storage_UT_N_GW[AF],109373.0,27178503.0,2333235.0
22313,2024-01-01,GW_storage_UT_N_GW[AF],108525.0,29079026.0,2441760.0
22314,2024-02-01,GW_storage_UT_N_GW[AF],107739.0,30951693.0,2549499.0
22315,2024-03-01,GW_storage_UT_N_GW[AF],106904.0,32794640.0,2656403.0
22316,2024-04-01,GW_storage_UT_N_GW[AF],106105.0,34598451.0,2762508.0
22317,2024-05-01,GW_storage_UT_N_GW[AF],105284.0,36379549.0,2867792.0
22318,2024-06-01,GW_storage_UT_N_GW[AF],105159.0,38134426.0,2972951.0
22319,2024-07-01,GW_storage_UT_N_GW[AF],105037.0,39862715.0,3077988.0
22320,2024-08-01,GW_storage_UT_N_GW[AF],104875.0,41565221.0,3182863.0
22321,2024-09-01,GW_storage_UT_N_GW[AF],104781.0,43242727.0,3287644.0
22322,2024-10-01,GW_storage_UT_N_GW[AF],104790.0,44894530.0,3392434.0
22323,2024-11-01,GW_storage_UT_N_GW[AF],104799.0,46522142.0,3497233.0
22324,2024-12-01,GW_storage_UT_N_GW[AF],104806.0,48125394.0,3602039.0
22325,2025-01-01,GW_storage_UT_N_GW[AF],104812.0,49704625.0,3706851.0
22326,2025-02-01,GW_storage_UT_N_GW[AF],104080.0,51264049.0,3810931.0
22327,2025-03-01,GW_storage_UT_N_GW[AF],103277.0,52800150.0,3914208.0
22328,2025-04-01,GW_storage_UT_N_GW[AF],102506.0,54422403.0,4016714.0
22329,2025-05-01,GW_storage_UT_N_GW[AF],101716.0,56023530.0,4118430.0
22330,2025-06-01,GW_storage_UT_N_GW[AF],174528.0,57673121.0,4292958.0
22331,2025-07-01,GW_storage_UT_N_GW[AF],164540.0,59233291.0,4457498.0
22332,2025-08-01,GW_storage_UT_N_GW[AF],198283.0,60752330.0,4655781.0
22333,2025-09-01,GW_storage_UT_N_GW[AF],226211.0,63291561.0,4881992.0
22334,2025-10-01,GW_storage_UT_N_GW[AF],227130.0,66117192.0,5109122.0
22335,2025-11-01,GW_storage_UT_N_GW[AF],227558.0,69169207.0,5336680.0
22336,2025-12-01,GW_storage_UT_N_GW[AF],227570.0,72377661.0,5564250.0
22337,2026-01-01,GW_storage_UT_N_GW[AF],227403.0,75644729.0,5791653.0
22338,2026-02-01,GW_storage_UT_N_GW[AF],227268.0,83025589.0,6018921.0
22339,2026-03-01,GW_storage_UT_N_GW[AF],226971.0,93674924.0,6245892.0
22340,2026-04-01,GW_storage_UT_N_GW[AF],226695.0,112497734.0,6472587.0
22341,2026-05-01,GW_storage_UT_N_GW[AF],1061389.0,136460613.0,7533976.0
22342,2026-06-01,GW_storage_UT_N_GW[AF],1099792.0,160180041.0,8633768.0
22343,2026-07-01,GW_storage_UT_N_GW[AF],1091349.0,184580314.0,9725117.0
22344,2026-08-01,GW_storage_UT_N_GW[AF],1082932.0,208538131.0,10808049.0
22345,2026-09-01,GW_storage_UT_N_GW[AF],1075073.0,232132273.0,11883122.0
22346,2026-10-01,GW_storage_UT_N_GW[AF],1066745.0,255250646.0,12949867.0
22347,2026-11-01,GW_storage_UT_N_GW[AF],1058748.0,277908394.0,14008615.0
22348,2026-12-01,GW_storage_UT_N_GW[AF],1050546.0,300103214.0,15059161.0
22349,2027-01-01,GW_storage_UT_N_GW[AF],1042407.0,321847786.0,16101568.0
22350,2027-02-01,GW_storage_UT_N_GW[AF],1035112.0,343199646.0,17136680.0
22351,2027-03-01,GW_storage_UT_N_GW[AF],1027093.0,369620421.0,18163773.0
22352,2027-04-01,GW_storage_UT_N_GW[AF],1019393.0,409179141.0,19183166.0
22353,2027-05-01,GW_storage_UT_N_GW[AF],2899867.0,455970259.0,22083033.0
22354,2027-06-01,GW_storage_UT_N_GW[AF],3810118.0,506103237.0,25893151.0
22355,2027-07-01,GW_storage_UT_N_GW[AF],3780590.0,558027240.0,29673741.0
22356,2027-08-01,GW_storage_UT_N_GW[AF],3751350.0,610747556.0,33425091.0
22357,2027-09-01,GW_storage_UT_N_GW[AF],3727755.0,662576568.0,37152846.0
22358,2027-10-01,GW_storage_UT_N_GW[AF],3698873.0,713531026.0,40851719.0
22359,2027-11-01,GW_storage_UT_N_GW[AF],3671139.0,763602436.0,44522858.0
22360,2027-12-01,GW_storage_UT_N_GW[AF],3642694.0,812846873.0,48165552.0
22361,2028-01-01,GW_storage_UT_N_GW[AF],3614470.0,861121911.0,51780022.0
22362,2028-02-01,GW_storage_UT_N_GW[AF],3588271.0,908650771.0,55368293.0
22363,2028-03-01,GW_storage_UT_N_GW[AF],3560468.0,959000163.0,58928761.0
22364,2028-04-01,GW_storage_UT_N_GW[AF],3533770.0,1012039411.0,62462531.0
22365,2028-05-01,GW_storage_UT_N_GW[AF],3588699.0,1068060916.0,66051230.0
22366,2028-06-01,GW_storage_UT_N_GW[AF],3561834.0,1125203670.0,69613064.0
22367,2028-07-01,GW_storage_UT_N_GW[AF],3542056.0,1183903968.0,73155120.0
22368,2028-08-01,GW_storage_UT_N_GW[AF],3538133.0,1241633200.0,76693253.0
22369,2028-09-01,GW_storage_UT_N_GW[AF],3533073.0,1298536546.0,80226326.0
22370,2028-10-01,GW_storage_UT_N_GW[AF],3505900.0,1354465802.0,83732226.0
22371,2028-11-01,GW_storage_UT_N_GW[AF],3479780.0,1409406877.0,87212006.0
22372,2028-12-01,GW_storage_UT_N_GW[AF],3452961.0,1463330743.0,90664967.0
22373,2029-01-01,GW_storage_UT_N_GW[AF],3426335.0,1516331973.0,94091302.0
22374,2029-02-01,GW_storage_UT_N_GW[AF],3402477.0,1568436361.0,97493779.0
22375,2029-03-01,GW_storage_UT_N_GW[AF],3376233.0,1622957905.0,100870012.0
22376,2029-04-01,GW_storage_UT_N_GW[AF],3351979.0,1679352962.0,104221991.0
22377,2029-05-01,GW_storage_UT_N_GW[AF],3326062.0,1742904338.0,107548053.0
22378,2029-06-01,GW_storage_UT_N_GW[AF],3301174.0,1807169538.0,110849227.0
22379,2029-07-01,GW_storage_UT_N_GW[AF],3277233.0,1872474684.0,114126460.0
22380,2029-08-01,GW_storage_UT_N_GW[AF],3273659.0,1936569687.0,117400119.0
22381,2029-09-01,GW_storage_UT_N_GW[AF],3268042.0,1999536921.0,120668161.0
22382,2029-10-01,GW_storage_UT_N_GW[AF],3242846.0,2061251234.0,123911007.0
22383,2029-11-01,GW_storage_UT_N_GW[AF],3218632.0,2121792309.0,127129639.0
22384,2029-12-01,GW_storage_UT_N_GW[AF],3193780.0,2181276298.0,130323419.0
22385,2030-01-01,GW_storage_UT_N_GW[AF],3169110.0,2239598911.0,133492529.0
22386,2030-02-01,GW_storage_UT_N_GW[AF],3147001.0,2296908282.0,136639530.0
22387,2030-03-01,GW_storage_UT_N_GW[AF],3122684.0,2353273149.0,139762214.0
22388,2030-04-01,GW_storage_UT_N_GW[AF],3099333.0,2408813513.0,142861547.0
22389,2030-05-01,GW_storage_UT_N_GW[AF],3075757.0,2463288321.0,145937304.0
22390,2030-06-01,GW_storage_UT_N_GW[AF],3052787.0,2519189259.0,148990091.0
22391,2030-07-01,GW_storage_UT_N_GW[AF],3045802.0,2574987711.0,152035893.0
22392,2030-08-01,GW_storage_UT_N_GW[AF],3042396.0,2629845780.0,155078289.0
22393,2030-09-01,GW_storage_UT_N_GW[AF],3038624.0,2683731630.0,158116913.0
22394,2030-10-01,GW_storage_UT_N_GW[AF],3015226.0,2736573135.0,161132139.0
22395,2030-11-01,GW_storage_UT_N_GW[AF],2992734.0,2788437015.0,164124873.0
22396,2030-12-01,GW_storage_UT_N_GW[AF],2969647.0,2839371858.0,167094520.0
22397,2031-01-01,GW_storage_UT_N_GW[AF],2946726.0,2889285425.0,170041246.0
22398,2031-02-01,GW_storage_UT_N_GW[AF],2926185.0,2938331300.0,172967431.0
22399,2031-03-01,GW_storage_UT_N_GW[AF],2903599.0,2986403207.0,175871030.0
22400,2031-04-01,GW_storage_UT_N_GW[AF],2881918.0,3034117058.0,178752948.0
22401,2031-05-01,GW_storage_UT_N_GW[AF],3402927.0,3081639947.0,182155875.0
22402,2031-06-01,GW_storage_UT_N_GW[AF],3377517.0,3128466639.0,185533392.0
22403,2031-07-01,GW_storage_UT_N_GW[AF],3352068.0,3175256040.0,188885460.0
22404,2031-08-01,GW_storage_UT_N_GW[AF],3338749.0,3221201089.0,192224209.0
22405,2031-09-01,GW_storage_UT_N_GW[AF],3334954.0,3266538806.0,195559163.0
22406,2031-10-01,GW_storage_UT_N_GW[AF],3309123.0,3311005126.0,198868286.0
22407,2031-11-01,GW_storage_UT_N_GW[AF],3284317.0,3354843436.0,202152603.0
22408,2031-12-01,GW_storage_UT_N_GW[AF],3258875.0,3397917039.0,205411478.0
22409,2032-01-01,GW_storage_UT_N_GW[AF],3233629.0,3440765830.0,208645107.0
22410,2032-02-01,GW_storage_UT_N_GW[AF],3210195.0,3500332884.0,211855302.0
22411,2032-03-01,GW_storage_UT_N_GW[AF],3185326.0,3570397039.0,215040628.0
22412,2032-04-01,GW_storage_UT_N_GW[AF],3161445.0,3645988541.0,218202073.0
22413,2032-05-01,GW_storage_UT_N_GW[AF],4125642.0,3723860841.0,222327715.0
22414,2032-06-01,GW_storage_UT_N_GW[AF],4470721.0,3803847465.0,226798436.0
22415,2032-07-01,GW_storage_UT_N_GW[AF],4436075.0,3884065220.0,231234511.0
22416,2032-08-01,GW_storage_UT_N_GW[AF],4401772.0,3963910669.0,235636283.0
22417,2032-09-01,GW_storage_UT_N_GW[AF],4379994.0,4042724779.0,240016277.0
22418,2032-10-01,GW_storage_UT_N_GW[AF],4346061.0,4120308321.0,244362338.0
22419,2032-11-01,GW_storage_UT_N_GW[AF],4313474.0,4196679403.0,248675812.0
22420,2032-12-01,GW_storage_UT_N_GW[AF],4280053.0,4271822754.0,252955865.0
22421,2033-01-01,GW_storage_UT_N_GW[AF],4246889.0,4345538492.0,257202754.0
22422,2033-02-01,GW_storage_UT_N_GW[AF],4217169.0,4423218301.0,261419923.0
22423,2033-03-01,GW_storage_UT_N_GW[AF],4184494.0,4505470297.0,265604417.0
22424,2033-04-01,GW_storage_UT_N_GW[AF],4153116.0,4590681136.0,269757533.0
22425,2033-05-01,GW_storage_UT_N_GW[AF],4528102.0,4675360581.0,274285635.0
22426,2033-06-01,GW_storage_UT_N_GW[AF],4494145.0,4760708398.0,278779780.0
22427,2033-07-01,GW_storage_UT_N_GW[AF],4459393.0,4846138178.0,283239173.0
22428,2033-08-01,GW_storage_UT_N_GW[AF],4454129.0,4931118427.0,287693302.0
22429,2033-09-01,GW_storage_UT_N_GW[AF],4449898.0,5014914731.0,292143200.0
22430,2033-10-01,GW_storage_UT_N_GW[AF],4422562.0,5097508172.0,296565762.0
22431,2033-11-01,GW_storage_UT_N_GW[AF],4389570.0,5178663669.0,300955332.0
22432,2033-12-01,GW_storage_UT_N_GW[AF],4355709.0,5258443309.0,305311041.0
22433,2034-01-01,GW_storage_UT_N_GW[AF],4322090.0,5339163828.0,309633131.0
22434,2034-02-01,GW_storage_UT_N_GW[AF],4291959.0,5418722190.0,313925090.0
22435,2034-03-01,GW_storage_UT_N_GW[AF],4258810.0,5500220744.0,318183900.0
22436,2034-04-01,GW_storage_UT_N_GW[AF],4228036.0,5584032903.0,322411936.0
22437,2034-05-01,GW_storage_UT_N_GW[AF],4195331.0,5676873319.0,326607267.0
22438,2034-06-01,GW_storage_UT_N_GW[AF],4163954.0,5773341236.0,330771221.0
22439,2034-07-01,GW_storage_UT_N_GW[AF],4133270.0,5871231225.0,334904491.0
22440,2034-08-01,GW_storage_UT_N_GW[AF],4106119.0,5968392389.0,339010610.0
22441,2034-09-01,GW_storage_UT_N_GW[AF],4092905.0,6064112138.0,343103515.0
22442,2034-10-01,GW_storage_UT_N_GW[AF],4061203.0,6158273690.0,347164718.0
22443,2034-11-01,GW_storage_UT_N_GW[AF],4030759.0,6251013792.0,351195477.0
22444,2034-12-01,GW_storage_UT_N_GW[AF],3999533.0,6342469856.0,355195010.0
22445,2035-01-01,GW_storage_UT_N_GW[AF],3968548.0,6432436397.0,359163558.0
22446,2035-02-01,GW_storage_UT_N_GW[AF],3940779.0,6520973109.0,363104337.0
22447,2035-03-01,GW_storage_UT_N_GW[AF],3910247.0,6608114132.0,367014584.0
22448,2035-04-01,GW_storage_UT_N_GW[AF],3880931.0,6694040771.0,370895515.0
22449,2035-05-01,GW_storage_UT_N_GW[AF],3850933.0,6778544504.0,374746448.0
22450,2035-06-01,GW_storage_UT_N_GW[AF],3822113.0,6863239534.0,378568561.0
22451,2035-07-01,GW_storage_UT_N_GW[AF],3806512.0,6947511289.0,382375073.0
22452,2035-08-01,GW_storage_UT_N_GW[AF],3794020.0,7030376153.0,386169093.0
22453,2035-09-01,GW_storage_UT_N_GW[AF],3789031.0,7112119087.0,389958124.0
22454,2035-10-01,GW_storage_UT_N_GW[AF],3759852.0,7192574428.0,393717976.0
22455,2035-11-01,GW_storage_UT_N_GW[AF],3731802.0,7271865334.0,397449778.0
22456,2035-12-01,GW_storage_UT_N_GW[AF],3703011.0,7350179909.0,401152789.0
22457,2036-01-01,GW_storage_UT_N_GW[AF],3674431.0,7427195979.0,404827220.0
22458,2036-02-01,GW_storage_UT_N_GW[AF],3647900.0,7503024891.0,408475120.0
22459,2036-03-01,GW_storage_UT_N_GW[AF],3619736.0,7577632108.0,412094856.0
22460,2036-04-01,GW_storage_UT_N_GW[AF],3593596.0,7651185144.0,415688452.0
22461,2036-05-01,GW_storage_UT_N_GW[AF],3565866.0,7724300240.0,419254318.0
22462,2036-06-01,GW_storage_UT_N_GW[AF],3561700.0,7796353708.0,422816018.0
22463,2036-07-01,GW_storage_UT_N_GW[AF],3557661.0,7867314948.0,426373679.0
22464,2036-08-01,GW_storage_UT_N_GW[AF],3553884.0,7937241278.0,429927563.0
22465,2036-09-01,GW_storage_UT_N_GW[AF],3549912.0,8006295323.0,433477475.0
22466,2036-10-01,GW_storage_UT_N_GW[AF],3522593.0,8074305646.0,437000068.0
22467,2036-11-01,GW_storage_UT_N_GW[AF],3496337.0,8141376577.0,440496405.0
22468,2036-12-01,GW_storage_UT_N_GW[AF],3469381.0,8207644541.0,443965786.0
22469,2037-01-01,GW_storage_UT_N_GW[AF],3442617.0,8273161410.0,447408403.0
22470,2037-02-01,GW_storage_UT_N_GW[AF],3418635.0,8337733681.0,450827038.0
22471,2037-03-01,GW_storage_UT_N_GW[AF],3392253.0,8401237350.0,454219291.0
22472,2037-04-01,GW_storage_UT_N_GW[AF],3366918.0,8463716442.0,457586209.0
22473,2037-05-01,GW_storage_UT_N_GW[AF],3341533.0,8525229166.0,460927742.0
22474,2037-06-01,GW_storage_UT_N_GW[AF],3316602.0,8585780498.0,464244344.0
22475,2037-07-01,GW_storage_UT_N_GW[AF],3299917.0,8645518277.0,467544261.0
22476,2037-08-01,GW_storage_UT_N_GW[AF],3296317.0,8704580765.0,470840578.0
22477,2037-09-01,GW_storage_UT_N_GW[AF],3279787.0,8763159684.0,474120365.0
22478,2037-10-01,GW_storage_UT_N_GW[AF],3254534.0,8821181815.0,477374899.0
22479,2037-11-01,GW_storage_UT_N_GW[AF],3230254.0,8878677095.0,480605153.0
22480,2037-12-01,GW_storage_UT_N_GW[AF],3205330.0,8935618642.0,483810483.0
22481,2038-01-01,GW_storage_UT_N_GW[AF],3180592.0,8991690289.0,486991075.0
22482,2038-02-01,GW_storage_UT_N_GW[AF],3158433.0,9049081585.0,490149508.0
22483,2038-03-01,GW_storage_UT_N_GW[AF],3134061.0,9108044798.0,493283569.0
22484,2038-04-01,GW_storage_UT_N_GW[AF],3110658.0,9168794933.0,496394227.0
22485,2038-05-01,GW_storage_UT_N_GW[AF],3387902.0,9229969082.0,499782129.0
22486,2038-06-01,GW_storage_UT_N_GW[AF],3362602.0,9290494843.0,503144731.0
22487,2038-07-01,GW_storage_UT_N_GW[AF],3337175.0,9350294408.0,506481906.0
22488,2038-08-01,GW_storage_UT_N_GW[AF],3329959.0,9409318940.0,509811865.0
22489,2038-09-01,GW_storage_UT_N_GW[AF],3326592.0,9467673979.0,513138457.0
22490,2038-10-01,GW_storage_UT_N_GW[AF],3300829.0,9525253636.0,516439286.0
22491,2038-11-01,GW_storage_UT_N_GW[AF],3276089.0,9582098472.0,519715375.0
22492,2038-12-01,GW_storage_UT_N_GW[AF],3250714.0,9638248766.0,522966089.0
22493,2039-01-01,GW_storage_UT_N_GW[AF],3225535.0,9693650977.0,526191624.0
22494,2039-02-01,GW_storage_UT_N_GW[AF],3202969.0,9750458830.0,529394593.0
22495,2039-03-01,GW_storage_UT_N_GW[AF],3178158.0,9809156458.0,532572751.0
22496,2039-04-01,GW_storage_UT_N_GW[AF],3154333.0,9868559467.0,535727084.0
22497,2039-05-01,GW_storage_UT_N_GW[AF],3525841.0,9927385773.0,539252925.0
22498,2039-06-01,GW_storage_UT_N_GW[AF],3511815.0,9986965256.0,542764740.0
22499,2039-07-01,GW_storage_UT_N_GW[AF],3484653.0,10046475029.0,546249393.0
22500,2039-08-01,GW_storage_UT_N_GW[AF],3480444.0,10105238592.0,549729837.0
22501,2039-09-01,GW_storage_UT_N_GW[AF],3476706.0,10163363477.0,553206543.0
22502,2039-10-01,GW_storage_UT_N_GW[AF],3449775.0,10220781260.0,556656318.0
22503,2039-11-01,GW_storage_UT_N_GW[AF],3423912.0,10277373162.0,560080230.0
22504,2039-12-01,GW_storage_UT_N_GW[AF],3397387.0,10333185165.0,563477617.0
22505,2040-01-01,GW_storage_UT_N_GW[AF],3371065.0,10388289039.0,566848682.0
22506,2040-02-01,GW_storage_UT_N_GW[AF],3346632.0,10442633493.0,570195314.0
22507,2040-03-01,GW_storage_UT_N_GW[AF],3320703.0,10496196844.0,573516017.0
22508,2040-04-01,GW_storage_UT_N_GW[AF],3295857.0,10549040409.0,576811874.0
22509,2040-05-01,GW_storage_UT_N_GW[AF],3270363.0,10601395194.0,580082237.0
22510,2040-06-01,GW_storage_UT_N_GW[AF],3257040.0,10653107949.0,583339277.0
22511,2040-07-01,GW_storage_UT_N_GW[AF],3253442.0,10704171007.0,586592719.0
22512,2040-08-01,GW_storage_UT_N_GW[AF],3250073.0,10754605305.0,589842792.0
22513,2040-09-01,GW_storage_UT_N_GW[AF],3247110.0,10804445973.0,593089902.0
22514,2040-10-01,GW_storage_UT_N_GW[AF],3228198.0,10853648570.0,596318100.0
22515,2040-11-01,GW_storage_UT_N_GW[AF],3204118.0,10902484914.0,599522218.0
22516,2040-12-01,GW_storage_UT_N_GW[AF],3179401.0,10950730644.0,602701619.0
22517,2041-01-01,GW_storage_UT_N_GW[AF],3154869.0,10998281298.0,605856488.0
22518,2041-02-01,GW_storage_UT_N_GW[AF],3132889.0,11047818234.0,608989377.0
22519,2041-03-01,GW_storage_UT_N_GW[AF],3108715.0,11099139984.0,612098092.0
22520,2041-04-01,GW_storage_UT_N_GW[AF],3086156.0,11151170281.0,615184248.0
22521,2041-05-01,GW_storage_UT_N_GW[AF],3062311.0,11202540882.0,618246559.0
22522,2041-06-01,GW_storage_UT_N_GW[AF],3057982.0,11253584926.0,621304541.0
22523,2041-07-01,GW_storage_UT_N_GW[AF],3054234.0,11304087287.0,624358775.0
22524,2041-08-01,GW_storage_UT_N_GW[AF],3051072.0,11354085428.0,627409847.0
22525,2041-09-01,GW_storage_UT_N_GW[AF],3047308.0,11403615397.0,630457155.0
22526,2041-10-01,GW_storage_UT_N_GW[AF],3023706.0,11452671944.0,633480861.0
22527,2041-11-01,GW_storage_UT_N_GW[AF],3001041.0,11501212889.0,636481902.0
22528,2041-12-01,GW_storage_UT_N_GW[AF],2977794.0,11549056939.0,639459696.0
22529,2042-01-01,GW_storage_UT_N_GW[AF],2954727.0,11596204581.0,642414423.0
22530,2042-02-01,GW_storage_UT_N_GW[AF],2934052.0,11642935334.0,645348475.0
22531,2042-03-01,GW_storage_UT_N_GW[AF],2911323.0,11689092595.0,648259798.0
22532,2042-04-01,GW_storage_UT_N_GW[AF],2889496.0,11735022869.0,651149294.0
22533,2042-05-01,GW_storage_UT_N_GW[AF],3424686.0,11780876718.0,654573980.0
22534,2042-06-01,GW_storage_UT_N_GW[AF],3399055.0,11826092725.0,657973035.0
22535,2042-07-01,GW_storage_UT_N_GW[AF],3394883.0,11871546727.0,661367918.0
22536,2042-08-01,GW_storage_UT_N_GW[AF],3391125.0,11916431990.0,664759043.0
22537,2042-09-01,GW_storage_UT_N_GW[AF],3387903.0,11960791410.0,668146946.0
22538,2042-10-01,GW_storage_UT_N_GW[AF],3383796.0,12004660184.0,671530742.0
22539,2042-11-01,GW_storage_UT_N_GW[AF],3370545.0,12048130811.0,674901287.0
22540,2042-12-01,GW_storage_UT_N_GW[AF],3344534.0,12091062837.0,678245821.0
22541,2043-01-01,GW_storage_UT_N_GW[AF],3318712.0,12133444088.0,681564533.0
22542,2043-02-01,GW_storage_UT_N_GW[AF],3295571.0,12175363925.0,684860104.0
22543,2043-03-01,GW_storage_UT_N_GW[AF],3270114.0,12216725340.0,688130218.0
22544,2043-04-01,GW_storage_UT_N_GW[AF],3246632.0,12257666079.0,691376850.0
22545,2043-05-01,GW_storage_UT_N_GW[AF],3226776.0,12298078753.0,694603626.0
22546,2043-06-01,GW_storage_UT_N_GW[AF],3223641.0,12338040338.0,697827267.0
22547,2043-07-01,GW_storage_UT_N_GW[AF],3220380.0,12377535688.0,701047647.0
22548,2043-08-01,GW_storage_UT_N_GW[AF],3217168.0,12416568319.0,704264815.0
22549,2043-09-01,GW_storage_UT_N_GW[AF],3214283.0,12455234071.0,707479098.0
22550,2043-10-01,GW_storage_UT_N_GW[AF],3192771.0,12493493716.0,710671869.0
22551,2043-11-01,GW_storage_UT_N_GW[AF],3168979.0,12531340494.0,713840848.0
22552,2043-12-01,GW_storage_UT_N_GW[AF],3144558.0,12568703212.0,716985406.0
22553,2044-01-01,GW_storage_UT_N_GW[AF],3120311.0,12605614127.0,720105717.0
22554,2044-02-01,GW_storage_UT_N_GW[AF],3097805.0,12642100391.0,723203522.0
22555,2044-03-01,GW_storage_UT_N_GW[AF],3073909.0,12678094207.0,726277431.0
22556,2044-04-01,GW_storage_UT_N_GW[AF],3050962.0,12715489683.0,729328393.0
22557,2044-05-01,GW_storage_UT_N_GW[AF],3028108.0,12757376464.0,732356501.0
22558,2044-06-01,GW_storage_UT_N_GW[AF],3005506.0,12798680033.0,735362007.0
22559,2044-07-01,GW_storage_UT_N_GW[AF],3001860.0,12840178366.0,738363867.0
22560,2044-08-01,GW_storage_UT_N_GW[AF],2998620.0,12881238666.0,741362487.0
22561,2044-09-01,GW_storage_UT_N_GW[AF],2995616.0,12921922929.0,744358103.0
22562,2044-10-01,GW_storage_UT_N_GW[AF],2989647.0,12962137170.0,747347750.0
22563,2044-11-01,GW_storage_UT_N_GW[AF],2967248.0,13001917872.0,750314998.0
22564,2044-12-01,GW_storage_UT_N_GW[AF],2944271.0,13041192913.0,753259269.0
22565,2045-01-01,GW_storage_UT_N_GW[AF],2921471.0,13079996277.0,756180740.0
22566,2045-02-01,GW_storage_UT_N_GW[AF],2901037.0,13119222084.0,759081777.0
22567,2045-03-01,GW_storage_UT_N_GW[AF],2878570.0,13158364150.0,761960347.0
22568,2045-04-01,GW_storage_UT_N_GW[AF],2856999.0,13198157185.0,764817346.0
22569,2045-05-01,GW_storage_UT_N_GW[AF],2834977.0,13237869018.0,767652323.0
22570,2045-06-01,GW_storage_UT_N_GW[AF],2934240.0,13278774379.0,770586563.0
22571,2045-07-01,GW_storage_UT_N_GW[AF],2911548.0,13324244062.0,773498111.0
22572,2045-08-01,GW_storage_UT_N_GW[AF],2908054.0,13372386542.0,776406165.0
22573,2045-09-01,GW_storage_UT_N_GW[AF],2891963.0,13419876881.0,779298128.0
22574,2045-10-01,GW_storage_UT_N_GW[AF],2869564.0,13466818785.0,782167692.0
22575,2045-11-01,GW_storage_UT_N_GW[AF],2848055.0,13513160105.0,785015747.0
22576,2045-12-01,GW_storage_UT_N_GW[AF],2825995.0,13560745919.0,787841742.0
22577,2046-01-01,GW_storage_UT_N_GW[AF],2804104.0,13615290772.0,790645846.0
22578,2046-02-01,GW_storage_UT_N_GW[AF],2784485.0,13677811710.0,793430331.0
22579,2046-03-01,GW_storage_UT_N_GW[AF],2762914.0,13748607831.0,796193245.0
22580,2046-04-01,GW_storage_UT_N_GW[AF],4111607.0,13826873589.0,800304852.0
22581,2046-05-01,GW_storage_UT_N_GW[AF],5390045.0,13907944967.0,805694897.0
22582,2046-06-01,GW_storage_UT_N_GW[AF],5512056.0,13989979852.0,811206953.0
22583,2046-07-01,GW_storage_UT_N_GW[AF],5469433.0,14071604903.0,816676386.0
22584,2046-08-01,GW_storage_UT_N_GW[AF],5460104.0,14152131683.0,822136490.0
22585,2046-09-01,GW_storage_UT_N_GW[AF],5448348.0,14231617714.0,827584838.0
22586,2046-10-01,GW_storage_UT_N_GW[AF],5406168.0,14310005025.0,832991006.0
22587,2046-11-01,GW_storage_UT_N_GW[AF],5365658.0,14387273527.0,838356664.0
22588,2046-12-01,GW_storage_UT_N_GW[AF],5324108.0,14463437376.0,843680772.0
22589,2047-01-01,GW_storage_UT_N_GW[AF],5282876.0,14538457981.0,848963648.0
22590,2047-02-01,GW_storage_UT_N_GW[AF],5245924.0,14612508014.0,854209572.0
22591,2047-03-01,GW_storage_UT_N_GW[AF],5205297.0,14685452283.0,859414869.0
22592,2047-04-01,GW_storage_UT_N_GW[AF],5166284.0,14764472816.0,864581153.0
22593,2047-05-01,GW_storage_UT_N_GW[AF],6428338.0,14860897341.0,871009491.0
22594,2047-06-01,GW_storage_UT_N_GW[AF],7051424.0,14972506362.0,878060915.0
22595,2047-07-01,GW_storage_UT_N_GW[AF],6996791.0,15088231692.0,885057706.0
22596,2047-08-01,GW_storage_UT_N_GW[AF],6942695.0,15203332934.0,892000401.0
22597,2047-09-01,GW_storage_UT_N_GW[AF],6890798.0,15317492289.0,898891199.0
22598,2047-10-01,GW_storage_UT_N_GW[AF],6837488.0,15430042333.0,905728687.0
22599,2047-11-01,GW_storage_UT_N_GW[AF],6786281.0,15542831934.0,912514968.0
22600,2047-12-01,GW_storage_UT_N_GW[AF],6733751.0,15653870877.0,919248719.0
22601,2048-01-01,GW_storage_UT_N_GW[AF],6681623.0,15763169397.0,925930342.0
22602,2048-02-01,GW_storage_UT_N_GW[AF],6633238.0,15872138297.0,932563580.0
22603,2048-03-01,GW_storage_UT_N_GW[AF],6581886.0,15987897138.0,939145466.0
22604,2048-04-01,GW_storage_UT_N_GW[AF],6532577.0,16106751114.0,945678043.0
22605,2048-05-01,GW_storage_UT_N_GW[AF],7824094.0,16226738594.0,953502137.0
22606,2048-06-01,GW_storage_UT_N_GW[AF],7924449.0,16346930466.0,961426586.0
22607,2048-07-01,GW_storage_UT_N_GW[AF],7863952.0,16466203172.0,969290538.0
22608,2048-08-01,GW_storage_UT_N_GW[AF],7830583.0,16583670765.0,977121121.0
22609,2048-09-01,GW_storage_UT_N_GW[AF],7772199.0,16699553017.0,984893320.0
22610,2048-10-01,GW_storage_UT_N_GW[AF],7712231.0,16813788962.0,992605551.0
22611,2048-11-01,GW_storage_UT_N_GW[AF],7654622.0,16926416472.0,1000260173.0
22612,2048-12-01,GW_storage_UT_N_GW[AF],7595513.0,17038918116.0,1007855686.0
22613,2049-01-01,GW_storage_UT_N_GW[AF],7536843.0,17150214903.0,1015392529.0
22614,2049-02-01,GW_storage_UT_N_GW[AF],7484270.0,17259849423.0,1022876799.0
22615,2049-03-01,GW_storage_UT_N_GW[AF],7426442.0,17374140295.0,1030303241.0
22616,2049-04-01,GW_storage_UT_N_GW[AF],9031269.0,17496980626.0,1039334510.0
22617,2049-05-01,GW_storage_UT_N_GW[AF],10389540.0,17623520262.0,1049724050.0
22618,2049-06-01,GW_storage_UT_N_GW[AF],10528563.0,17749882278.0,1060252613.0
22619,2049-07-01,GW_storage_UT_N_GW[AF],10447139.0,17875311834.0,1070699752.0
22620,2049-08-01,GW_storage_UT_N_GW[AF],10375640.0,17998950915.0,1081075392.0
22621,2049-09-01,GW_storage_UT_N_GW[AF],10301156.0,18120987592.0,1091376548.0
22622,2049-10-01,GW_storage_UT_N_GW[AF],10221371.0,18241422265.0,1101597919.0
22623,2049-11-01,GW_storage_UT_N_GW[AF],10144753.0,18360102830.0,1111742672.0
22624,2049-12-01,GW_storage_UT_N_GW[AF],10066166.0,18476910369.0,1121808838.0
22625,2050-01-01,GW_storage_UT_N_GW[AF],9988184.0,18591916831.0,1131797022.0
22626,2050-02-01,GW_storage_UT_N_GW[AF],9918297.0,18705272956.0,1141715319.0
22627,2050-03-01,GW_storage_UT_N_GW[AF],9841463.0,18821028859.0,1151556782.0
22628,2050-04-01,GW_storage_UT_N_GW[AF],9767682.0,18940506995.0,1161324464.0
22629,2050-05-01,GW_storage_UT_N_GW[AF],10375671.0,19059600483.0,1171700135.0
22630,2050-06-01,GW_storage_UT_N_GW[AF],10298023.0,19178428021.0,1181998158.0
22631,2050-07-01,GW_storage_UT_N_GW[AF],10220308.0,19296435077.0,1192218466.0
22632,2050-08-01,GW_storage_UT_N_GW[AF],10149224.0,19412834260.0,1202367690.0
22633,2050-09-01,GW_storage_UT_N_GW[AF],10077036.0,19527808893.0,1212444726.0
22634,2050-10-01,GW_storage_UT_N_GW[AF],9998997.0,19641173895.0,1222443723.0
22635,2050-11-01,GW_storage_UT_N_GW[AF],9924056.0,19752769080.0,1232367779.0
22636,2050-12-01,GW_storage_UT_N_GW[AF],9847189.0,19862611454.0,1242214968.0
22637,2051-01-01,GW_storage_UT_N_GW[AF],9770912.0,19970764786.0,1251985880.0
22638,2051-02-01,GW_storage_UT_N_GW[AF],9702551.0,20077395432.0,1261688431.0
22639,2051-03-01,GW_storage_UT_N_GW[AF],9627392.0,20182370827.0,1271315823.0
22640,2051-04-01,GW_storage_UT_N_GW[AF],9555389.0,20291580463.0,1280871212.0
22641,2051-05-01,GW_storage_UT_N_GW[AF],9764622.0,20400038326.0,1290635834.0
22642,2051-06-01,GW_storage_UT_N_GW[AF],9691532.0,20508257786.0,1300327366.0
22643,2051-07-01,GW_storage_UT_N_GW[AF],9618423.0,20615875318.0,1309945789.0
22644,2051-08-01,GW_storage_UT_N_GW[AF],9546951.0,20722198437.0,1319492740.0
22645,2051-09-01,GW_storage_UT_N_GW[AF],9484687.0,20827038775.0,1328977427.0
22646,2051-10-01,GW_storage_UT_N_GW[AF],9411209.0,20930437548.0,1338388636.0
22647,2051-11-01,GW_storage_UT_N_GW[AF],9340651.0,21032468769.0,1347729287.0
22648,2051-12-01,GW_storage_UT_N_GW[AF],9268282.0,21133705710.0,1356997569.0
22649,2052-01-01,GW_storage_UT_N_GW[AF],9196471.0,21233433839.0,1366194040.0
22650,2052-02-01,GW_storage_UT_N_GW[AF],9129814.0,21331717041.0,1375323854.0
22651,2052-03-01,GW_storage_UT_N_GW[AF],9059076.0,21429607427.0,1384382930.0
22652,2052-04-01,GW_storage_UT_N_GW[AF],8991148.0,21527851494.0,1393374078.0
22653,2052-05-01,GW_storage_UT_N_GW[AF],8921581.0,21624977785.0,1402295659.0
22654,2052-06-01,GW_storage_UT_N_GW[AF],8877374.0,21720857498.0,1411173033.0
22655,2052-07-01,GW_storage_UT_N_GW[AF],8831263.0,21815421513.0,1420004296.0
22656,2052-08-01,GW_storage_UT_N_GW[AF],8801390.0,21908765850.0,1428805686.0
22657,2052-09-01,GW_storage_UT_N_GW[AF],8773336.0,22001026854.0,1437579022.0
22658,2052-10-01,GW_storage_UT_N_GW[AF],8706456.0,22092179195.0,1446285478.0
22659,2052-11-01,GW_storage_UT_N_GW[AF],8641531.0,22182158688.0,1454927009.0
22660,2052-12-01,GW_storage_UT_N_GW[AF],8574891.0,22270990851.0,1463501900.0
22661,2053-01-01,GW_storage_UT_N_GW[AF],8508742.0,22358572318.0,1472010642.0
22662,2053-02-01,GW_storage_UT_N_GW[AF],8449476.0,22445234888.0,1480460118.0
22663,2053-03-01,GW_storage_UT_N_GW[AF],8384291.0,22531338210.0,1488844409.0
22664,2053-04-01,GW_storage_UT_N_GW[AF],8321702.0,22618197854.0,1497166111.0
22665,2053-05-01,GW_storage_UT_N_GW[AF],9023221.0,22705000235.0,1506189332.0
22666,2053-06-01,GW_storage_UT_N_GW[AF],8955892.0,22792005107.0,1515145224.0
22667,2053-07-01,GW_storage_UT_N_GW[AF],8895352.0,22878611714.0,1524040576.0
22668,2053-08-01,GW_storage_UT_N_GW[AF],8851497.0,22964123789.0,1532892073.0
22669,2053-09-01,GW_storage_UT_N_GW[AF],8807176.0,23048536524.0,1541699249.0
22670,2053-10-01,GW_storage_UT_N_GW[AF],8738959.0,23131866519.0,1550438208.0
22671,2053-11-01,GW_storage_UT_N_GW[AF],8673448.0,23214276747.0,1559111656.0
22672,2053-12-01,GW_storage_UT_N_GW[AF],8606258.0,23295578937.0,1567717914.0
22673,2054-01-01,GW_storage_UT_N_GW[AF],8539584.0,23375761806.0,1576257498.0
22674,2054-02-01,GW_storage_UT_N_GW[AF],8479830.0,23454991045.0,1584737328.0
22675,2054-03-01,GW_storage_UT_N_GW[AF],8414136.0,23533194281.0,1593151464.0
22676,2054-04-01,GW_storage_UT_N_GW[AF],8351053.0,23610840643.0,1601502517.0
22677,2054-05-01,GW_storage_UT_N_GW[AF],8286473.0,23687968757.0,1609788990.0
22678,2054-06-01,GW_storage_UT_N_GW[AF],8232205.0,23764134532.0,1618021195.0
22679,2054-07-01,GW_storage_UT_N_GW[AF],8216445.0,23839346953.0,1626237640.0
22680,2054-08-01,GW_storage_UT_N_GW[AF],8207465.0,23913680649.0,1634445105.0
22681,2054-09-01,GW_storage_UT_N_GW[AF],8163667.0,23987275722.0,1642608772.0
22682,2054-10-01,GW_storage_UT_N_GW[AF],8105656.0,24060063673.0,1650714428.0
22683,2054-11-01,GW_storage_UT_N_GW[AF],8045094.0,24132040073.0,1658759522.0
22684,2054-12-01,GW_storage_UT_N_GW[AF],7982956.0,24203075252.0,1666742478.0
22685,2055-01-01,GW_storage_UT_N_GW[AF],7921286.0,24273232069.0,1674663764.0
22686,2055-02-01,GW_storage_UT_N_GW[AF],7866036.0,24346983422.0,1682529800.0
22687,2055-03-01,GW_storage_UT_N_GW[AF],7805279.0,24429418525.0,1690335079.0
22688,2055-04-01,GW_storage_UT_N_GW[AF],7746930.0,24519974284.0,1698082009.0
22689,2055-05-01,GW_storage_UT_N_GW[AF],8871310.0,24612887460.0,1706953319.0
22690,2055-06-01,GW_storage_UT_N_GW[AF],9077878.0,24705731755.0,1716031197.0
22691,2055-07-01,GW_storage_UT_N_GW[AF],9007680.0,24797561549.0,1725038877.0
22692,2055-08-01,GW_storage_UT_N_GW[AF],8939836.0,24888417864.0,1733978713.0
22693,2055-09-01,GW_storage_UT_N_GW[AF],8895917.0,24978247446.0,1742874630.0
22694,2055-10-01,GW_storage_UT_N_GW[AF],8827007.0,25067037402.0,1751701637.0
22695,2055-11-01,GW_storage_UT_N_GW[AF],8760831.0,25154620871.0,1760462468.0
22696,2055-12-01,GW_storage_UT_N_GW[AF],8692958.0,25240958786.0,1769155426.0
22697,2056-01-01,GW_storage_UT_N_GW[AF],8625608.0,25326085001.0,1777781034.0
22698,2056-02-01,GW_storage_UT_N_GW[AF],8563093.0,25410115783.0,1786344127.0
22699,2056-03-01,GW_storage_UT_N_GW[AF],8496749.0,25493046199.0,1794840876.0
22700,2056-04-01,GW_storage_UT_N_GW[AF],8433043.0,25579867650.0,1803273919.0
22701,2056-05-01,GW_storage_UT_N_GW[AF],8572404.0,25665994452.0,1811846323.0
22702,2056-06-01,GW_storage_UT_N_GW[AF],8519051.0,25751014051.0,1820365374.0
22703,2056-07-01,GW_storage_UT_N_GW[AF],8490369.0,25834999057.0,1828855743.0
22704,2056-08-01,GW_storage_UT_N_GW[AF],8473782.0,25918012980.0,1837329525.0
22705,2056-09-01,GW_storage_UT_N_GW[AF],8431535.0,26000006720.0,1845761060.0
22706,2056-10-01,GW_storage_UT_N_GW[AF],8370776.0,26080893812.0,1854131836.0
22707,2056-11-01,GW_storage_UT_N_GW[AF],8308131.0,26160908259.0,1862439967.0
22708,2056-12-01,GW_storage_UT_N_GW[AF],8243861.0,26240212456.0,1870683828.0
22709,2057-01-01,GW_storage_UT_N_GW[AF],8180085.0,26318587848.0,1878863913.0
22710,2057-02-01,GW_storage_UT_N_GW[AF],8122943.0,26395985372.0,1886986856.0
22711,2057-03-01,GW_storage_UT_N_GW[AF],8060104.0,26472734266.0,1895046960.0
22712,2057-04-01,GW_storage_UT_N_GW[AF],8000430.0,26556295278.0,1903047390.0
22713,2057-05-01,GW_storage_UT_N_GW[AF],7938627.0,26638790503.0,1910986017.0
22714,2057-06-01,GW_storage_UT_N_GW[AF],7914977.0,26720263696.0,1918900994.0
22715,2057-07-01,GW_storage_UT_N_GW[AF],7886265.0,26800720453.0,1926787259.0
22716,2057-08-01,GW_storage_UT_N_GW[AF],7858090.0,26880212595.0,1934645349.0
22717,2057-09-01,GW_storage_UT_N_GW[AF],7802675.0,26958875022.0,1942448024.0
22718,2057-10-01,GW_storage_UT_N_GW[AF],7742250.0,27036568588.0,1950190274.0
22719,2057-11-01,GW_storage_UT_N_GW[AF],7684220.0,27113396201.0,1957874494.0
22720,2057-12-01,GW_storage_UT_N_GW[AF],7624701.0,27189264327.0,1965499195.0
22721,2058-01-01,GW_storage_UT_N_GW[AF],7565641.0,27264124633.0,1973064836.0
22722,2058-02-01,GW_storage_UT_N_GW[AF],7512714.0,27348265847.0,1980577550.0
22723,2058-03-01,GW_storage_UT_N_GW[AF],7454523.0,27440889382.0,1988032073.0
22724,2058-04-01,GW_storage_UT_N_GW[AF],9026933.0,27539133274.0,1997059006.0
22725,2058-05-01,GW_storage_UT_N_GW[AF],10035876.0,27639449314.0,2007094882.0
22726,2058-06-01,GW_storage_UT_N_GW[AF],10234275.0,27738779306.0,2017329157.0
22727,2058-07-01,GW_storage_UT_N_GW[AF],10155121.0,27837531793.0,2027484278.0
22728,2058-08-01,GW_storage_UT_N_GW[AF],10092860.0,27935280444.0,2037577138.0
22729,2058-09-01,GW_storage_UT_N_GW[AF],10020314.0,28031862865.0,2047597452.0
22730,2058-10-01,GW_storage_UT_N_GW[AF],9942710.0,28127260463.0,2057540162.0
22731,2058-11-01,GW_storage_UT_N_GW[AF],9868184.0,28221366217.0,2067408346.0
22732,2058-12-01,GW_storage_UT_N_GW[AF],9791744.0,28314157055.0,2077200090.0
22733,2059-01-01,GW_storage_UT_N_GW[AF],9715894.0,28405540773.0,2086915984.0
22734,2059-02-01,GW_storage_UT_N_GW[AF],9647917.0,28502067677.0,2096563901.0
22735,2059-03-01,GW_storage_UT_N_GW[AF],9573182.0,28605457246.0,2106137083.0
22736,2059-04-01,GW_storage_UT_N_GW[AF],10900113.0,28717814838.0,2117037196.0
22737,2059-05-01,GW_storage_UT_N_GW[AF],11433841.0,28830913147.0,2128471037.0
22738,2059-06-01,GW_storage_UT_N_GW[AF],11348265.0,28943770190.0,2139819302.0
22739,2059-07-01,GW_storage_UT_N_GW[AF],11267649.0,29055182582.0,2151086951.0
22740,2059-08-01,GW_storage_UT_N_GW[AF],11215940.0,29165160032.0,2162302891.0
22741,2059-09-01,GW_storage_UT_N_GW[AF],11136089.0,29273920291.0,2173438980.0
22742,2059-10-01,GW_storage_UT_N_GW[AF],11049846.0,29381402010.0,2184488826.0
22743,2059-11-01,GW_storage_UT_N_GW[AF],10967025.0,29487451547.0,2195455851.0
22744,2059-12-01,GW_storage_UT_N_GW[AF],10882077.0,29592083281.0,2206337928.0
22745,2060-01-01,GW_storage_UT_N_GW[AF],10797785.0,29695071869.0,2217135713.0
22746,2060-02-01,GW_storage_UT_N_GW[AF],10719543.0,29797999369.0,2227855256.0
22747,2060-03-01,GW_storage_UT_N_GW[AF],10636505.0,29907235449.0,2238491761.0
22748,2060-04-01,GW_storage_UT_N_GW[AF],11955499.0,30022282651.0,2250447260.0
22749,2060-05-01,GW_storage_UT_N_GW[AF],12367656.0,30138204137.0,2262814916.0
22750,2060-06-01,GW_storage_UT_N_GW[AF],12275095.0,30253989194.0,2275090011.0
22751,2060-07-01,GW_storage_UT_N_GW[AF],12182499.0,30369445165.0,2287272510.0
22752,2060-08-01,GW_storage_UT_N_GW[AF],12131751.0,30483354195.0,2299404261.0
22753,2060-09-01,GW_storage_UT_N_GW[AF],12074767.0,30595912136.0,2311479028.0
22754,2060-10-01,GW_storage_UT_N_GW[AF],11981692.0,30707058453.0,2323460720.0
22755,2060-11-01,GW_storage_UT_N_GW[AF],11892087.0,30816686913.0,2335352807.0
22756,2060-12-01,GW_storage_UT_N_GW[AF],11800168.0,30924630927.0,2347152975.0
22757,2061-01-01,GW_storage_UT_N_GW[AF],11708957.0,31038058188.0,2358861932.0
22758,2061-02-01,GW_storage_UT_N_GW[AF],11627229.0,31163247262.0,2370489161.0
22759,2061-03-01,GW_storage_UT_N_GW[AF],11537343.0,31301926464.0,2382026504.0
22760,2061-04-01,GW_storage_UT_N_GW[AF],12471519.0,31460043743.0,2394498023.0
22761,2061-05-01,GW_storage_UT_N_GW[AF],12486714.0,31621719240.0,2406984737.0
22762,2061-06-01,GW_storage_UT_N_GW[AF],12393345.0,31781944019.0,2419378082.0
22763,2061-07-01,GW_storage_UT_N_GW[AF],12299843.0,31940594248.0,2431677925.0
22764,2061-08-01,GW_storage_UT_N_GW[AF],12208508.0,32097666692.0,2443886433.0
22765,2061-09-01,GW_storage_UT_N_GW[AF],12122710.0,32253244922.0,2456009143.0
22766,2061-10-01,GW_storage_UT_N_GW[AF],12028825.0,32407132898.0,2468037968.0
22767,2061-11-01,GW_storage_UT_N_GW[AF],11938665.0,32559108380.0,2479976633.0
22768,2061-12-01,GW_storage_UT_N_GW[AF],11846191.0,32709321481.0,2491822824.0
22769,2062-01-01,GW_storage_UT_N_GW[AF],11754430.0,32858735378.0,2503577254.0
22770,2062-02-01,GW_storage_UT_N_GW[AF],11672197.0,33022044851.0,2515249451.0
22771,2062-03-01,GW_storage_UT_N_GW[AF],11581786.0,33198837130.0,2526831237.0
22772,2062-04-01,GW_storage_UT_N_GW[AF],13981152.0,33390837210.0,2540812389.0
22773,2062-05-01,GW_storage_UT_N_GW[AF],14428899.0,33584259641.0,2555241288.0
22774,2062-06-01,GW_storage_UT_N_GW[AF],14320916.0,33776858517.0,2569562204.0
22775,2062-07-01,GW_storage_UT_N_GW[AF],14212798.0,33967635736.0,2583775002.0
22776,2062-08-01,GW_storage_UT_N_GW[AF],14110119.0,34156855847.0,2597885121.0
22777,2062-09-01,GW_storage_UT_N_GW[AF],14011330.0,34344548104.0,2611896451.0
22778,2062-10-01,GW_storage_UT_N_GW[AF],13902816.0,34530332137.0,2625799267.0
22779,2062-11-01,GW_storage_UT_N_GW[AF],13798603.0,34714073091.0,2639597870.0
22780,2062-12-01,GW_storage_UT_N_GW[AF],13691715.0,34895778448.0,2653289585.0
22781,2063-01-01,GW_storage_UT_N_GW[AF],13585652.0,35079072230.0,2666875237.0
22782,2063-02-01,GW_storage_UT_N_GW[AF],13490602.0,35269350335.0,2680365839.0
22783,2063-03-01,GW_storage_UT_N_GW[AF],13386101.0,35470064786.0,2693751940.0
22784,2063-04-01,GW_storage_UT_N_GW[AF],13285756.0,35683040547.0,2707037696.0
22785,2063-05-01,GW_storage_UT_N_GW[AF],16101103.0,35907121073.0,2723138799.0
22786,2063-06-01,GW_storage_UT_N_GW[AF],16823532.0,36134854310.0,2739962331.0
22787,2063-07-01,GW_storage_UT_N_GW[AF],16693165.0,36361472567.0,2756655496.0
22788,2063-08-01,GW_storage_UT_N_GW[AF],16563925.0,36586142514.0,2773219421.0
22789,2063-09-01,GW_storage_UT_N_GW[AF],16439909.0,36808934029.0,2789659330.0
22790,2063-10-01,GW_storage_UT_N_GW[AF],16312651.0,37029507927.0,2805971981.0
22791,2063-11-01,GW_storage_UT_N_GW[AF],16190429.0,37248012309.0,2822162410.0
22792,2063-12-01,GW_storage_UT_N_GW[AF],16065064.0,37465671472.0,2838227474.0
22793,2064-01-01,GW_storage_UT_N_GW[AF],15940668.0,37694815963.0,2854168142.0
22794,2064-02-01,GW_storage_UT_N_GW[AF],15825207.0,37945097639.0,2869993349.0
22795,2064-03-01,GW_storage_UT_N_GW[AF],15702665.0,38213638934.0,2885696014.0
22796,2064-04-01,GW_storage_UT_N_GW[AF],17478259.0,38493367090.0,2903174273.0
22797,2064-05-01,GW_storage_UT_N_GW[AF],17845165.0,38776738105.0,2921019438.0
22798,2064-06-01,GW_storage_UT_N_GW[AF],17711463.0,39060661713.0,2938730901.0
22799,2064-07-01,GW_storage_UT_N_GW[AF],17575727.0,39341932866.0,2956306628.0
22800,2064-08-01,GW_storage_UT_N_GW[AF],17444207.0,39620711220.0,2973750835.0
22801,2064-09-01,GW_storage_UT_N_GW[AF],17325968.0,39897002798.0,2991076803.0
22802,2064-10-01,GW_storage_UT_N_GW[AF],17191779.0,40170736712.0,3008268582.0
22803,2064-11-01,GW_storage_UT_N_GW[AF],17062915.0,40442044957.0,3025331497.0
22804,2064-12-01,GW_storage_UT_N_GW[AF],16930747.0,40711834451.0,3042262244.0
22805,2065-01-01,GW_storage_UT_N_GW[AF],16799595.0,40982757097.0,3059061839.0
22806,2065-02-01,GW_storage_UT_N_GW[AF],16682055.0,41255716076.0,3075743894.0
22807,2065-03-01,GW_storage_UT_N_GW[AF],16552827.0,41533378347.0,3092296721.0
22808,2065-04-01,GW_storage_UT_N_GW[AF],16428727.0,41819419395.0,3108725448.0
22809,2065-05-01,GW_storage_UT_N_GW[AF],16671619.0,42107659636.0,3125397067.0
22810,2065-06-01,GW_storage_UT_N_GW[AF],16546864.0,42393392346.0,3141943931.0
22811,2065-07-01,GW_storage_UT_N_GW[AF],16432516.0,42678359041.0,3158376447.0
22812,2065-08-01,GW_storage_UT_N_GW[AF],16324700.0,42960938762.0,3174701147.0
22813,2065-09-01,GW_storage_UT_N_GW[AF],16239793.0,43241061639.0,3190940940.0
22814,2065-10-01,GW_storage_UT_N_GW[AF],16114203.0,43518553408.0,3207055143.0
22815,2065-11-01,GW_storage_UT_N_GW[AF],15993562.0,43793351378.0,3223048705.0
22816,2065-12-01,GW_storage_UT_N_GW[AF],15869794.0,44065325818.0,3238918499.0
22817,2066-01-01,GW_storage_UT_N_GW[AF],15746969.0,44334625115.0,3254665468.0
22818,2066-02-01,GW_storage_UT_N_GW[AF],15636898.0,44601575728.0,3270302366.0
22819,2066-03-01,GW_storage_UT_N_GW[AF],15515861.0,44865977654.0,3285818227.0
22820,2066-04-01,GW_storage_UT_N_GW[AF],15400786.0,45130939542.0,3301219013.0
22821,2066-05-01,GW_storage_UT_N_GW[AF],15281507.0,45393925169.0,3316500520.0
22822,2066-06-01,GW_storage_UT_N_GW[AF],15183671.0,45654573916.0,3331684191.0
22823,2066-07-01,GW_storage_UT_N_GW[AF],15092835.0,45912927675.0,3346777026.0
22824,2066-08-01,GW_storage_UT_N_GW[AF],15017541.0,46169111465.0,3361794567.0
22825,2066-09-01,GW_storage_UT_N_GW[AF],14939563.0,46423600426.0,3376734130.0
22826,2066-10-01,GW_storage_UT_N_GW[AF],14832906.0,46676263355.0,3391567036.0
22827,2066-11-01,GW_storage_UT_N_GW[AF],14730114.0,46927228863.0,3406297150.0
22828,2066-12-01,GW_storage_UT_N_GW[AF],14616223.0,47176198480.0,3420913373.0
22829,2067-01-01,GW_storage_UT_N_GW[AF],14503196.0,47422896821.0,3435416569.0
22830,2067-02-01,GW_storage_UT_N_GW[AF],14401923.0,47667661431.0,3449818492.0
22831,2067-03-01,GW_storage_UT_N_GW[AF],14290555.0,47910308464.0,3464109047.0
22832,2067-04-01,GW_storage_UT_N_GW[AF],14185252.0,48151085524.0,3478294299.0
22833,2067-05-01,GW_storage_UT_N_GW[AF],14075575.0,48389950965.0,3492369874.0
22834,2067-06-01,GW_storage_UT_N_GW[AF],13996454.0,48627002221.0,3506366328.0
22835,2067-07-01,GW_storage_UT_N_GW[AF],13917810.0,48862124917.0,3520284138.0
22836,2067-08-01,GW_storage_UT_N_GW[AF],13831718.0,49095321876.0,3534115856.0
22837,2067-09-01,GW_storage_UT_N_GW[AF],13733904.0,49326841519.0,3547849760.0
22838,2067-10-01,GW_storage_UT_N_GW[AF],13627548.0,49556552267.0,3561477308.0
22839,2067-11-01,GW_storage_UT_N_GW[AF],13525407.0,49784868208.0,3575002715.0
22840,2067-12-01,GW_storage_UT_N_GW[AF],13420645.0,50011545293.0,3588423360.0
22841,2068-01-01,GW_storage_UT_N_GW[AF],13316693.0,50238331069.0,3601740053.0
22842,2068-02-01,GW_storage_UT_N_GW[AF],13220207.0,50478937732.0,3614960260.0
22843,2068-03-01,GW_storage_UT_N_GW[AF],13117813.0,50739381265.0,3628078073.0
22844,2068-04-01,GW_storage_UT_N_GW[AF],14871183.0,51011294375.0,3642949256.0
22845,2068-05-01,GW_storage_UT_N_GW[AF],17044729.0,51290774772.0,3659993985.0
22846,2068-06-01,GW_storage_UT_N_GW[AF],17354401.0,51571539123.0,3677348386.0
22847,2068-07-01,GW_storage_UT_N_GW[AF],17219949.0,51851333229.0,3694568335.0
22848,2068-08-01,GW_storage_UT_N_GW[AF],17086802.0,52129191774.0,3711655137.0
22849,2068-09-01,GW_storage_UT_N_GW[AF],16958657.0,52405096290.0,3728613794.0
22850,2068-10-01,GW_storage_UT_N_GW[AF],16827231.0,52678907664.0,3745441025.0
22851,2068-11-01,GW_storage_UT_N_GW[AF],16701030.0,52950483517.0,3762142055.0
22852,2068-12-01,GW_storage_UT_N_GW[AF],16571600.0,53219819895.0,3778713655.0
22853,2069-01-01,GW_storage_UT_N_GW[AF],16443172.0,53487155316.0,3795156827.0
22854,2069-02-01,GW_storage_UT_N_GW[AF],16328072.0,53760870931.0,3811484899.0
22855,2069-03-01,GW_storage_UT_N_GW[AF],16201533.0,54039428849.0,3827686432.0
22856,2069-04-01,GW_storage_UT_N_GW[AF],17478933.0,54324092180.0,3845165365.0
22857,2069-05-01,GW_storage_UT_N_GW[AF],18081744.0,54609436481.0,3863247109.0
22858,2069-06-01,GW_storage_UT_N_GW[AF],18142143.0,54894337917.0,3881389252.0
22859,2069-07-01,GW_storage_UT_N_GW[AF],18004928.0,55177218144.0,3899394180.0
22860,2069-08-01,GW_storage_UT_N_GW[AF],17898350.0,55458179949.0,3917292530.0
22861,2069-09-01,GW_storage_UT_N_GW[AF],17772571.0,55737226700.0,3935065101.0
22862,2069-10-01,GW_storage_UT_N_GW[AF],17634927.0,56014313112.0,3952700028.0
22863,2069-11-01,GW_storage_UT_N_GW[AF],17502738.0,56289244905.0,3970202766.0
22864,2069-12-01,GW_storage_UT_N_GW[AF],17367157.0,56561948550.0,3987569923.0
22865,2070-01-01,GW_storage_UT_N_GW[AF],17232619.0,56832455571.0,4004802542.0
22866,2070-02-01,GW_storage_UT_N_GW[AF],17112044.0,57101031869.0,4021914586.0
22867,2070-03-01,GW_storage_UT_N_GW[AF],16979479.0,57367456127.0,4038894065.0
22868,2070-04-01,GW_storage_UT_N_GW[AF],16852540.0,57631884127.0,4055746605.0
22869,2070-05-01,GW_storage_UT_N_GW[AF],16722159.0,57894580730.0,4072468764.0
22870,2070-06-01,GW_storage_UT_N_GW[AF],16631862.0,58156625113.0,4089100626.0
22871,2070-07-01,GW_storage_UT_N_GW[AF],16545742.0,58417720429.0,4105646368.0
22872,2070-08-01,GW_storage_UT_N_GW[AF],16463518.0,58677125935.0,4122109886.0
22873,2070-09-01,GW_storage_UT_N_GW[AF],16362472.0,58935122487.0,4138472358.0
22874,2070-10-01,GW_storage_UT_N_GW[AF],16243294.0,59191573450.0,4154715652.0
22875,2070-11-01,GW_storage_UT_N_GW[AF],16121581.0,59446278042.0,4170837233.0
22876,2070-12-01,GW_storage_UT_N_GW[AF],15996742.0,59699129256.0,4186833975.0
22877,2025-07-01,GW_storage_UT_S_GW[AF],-463.0,59233291.0,-463.0
22878,2025-08-01,GW_storage_UT_S_GW[AF],-553.0,60752330.0,-1016.0
22879,2025-09-01,GW_storage_UT_S_GW[AF],-493.0,63291561.0,-1509.0
22880,2025-10-01,GW_storage_UT_S_GW[AF],-483.0,66117192.0,-1992.0
22881,2025-11-01,GW_storage_UT_S_GW[AF],-480.0,69169207.0,-2472.0
22882,2025-12-01,GW_storage_UT_S_GW[AF],-476.0,72377661.0,-2948.0
22883,2026-01-01,GW_storage_UT_S_GW[AF],-472.0,75644729.0,-3420.0
22884,2026-02-01,GW_storage_UT_S_GW[AF],-469.0,83025589.0,-3889.0
22885,2026-03-01,GW_storage_UT_S_GW[AF],-465.0,93674924.0,-4354.0
22886,2026-04-01,GW_storage_UT_S_GW[AF],-461.0,112497734.0,-4815.0
22887,2026-05-01,GW_storage_UT_S_GW[AF],-458.0,136460613.0,-5273.0
22888,2026-06-01,GW_storage_UT_S_GW[AF],-455.0,160180041.0,-5728.0
22889,2026-07-01,GW_storage_UT_S_GW[AF],-451.0,184580314.0,-6179.0
22890,2026-08-01,GW_storage_UT_S_GW[AF],-448.0,208538131.0,-6627.0
22891,2026-09-01,GW_storage_UT_S_GW[AF],-445.0,232132273.0,-7072.0
22892,2026-10-01,GW_storage_UT_S_GW[AF],-440.0,255250646.0,-7512.0
22893,2026-11-01,GW_storage_UT_S_GW[AF],-437.0,277908394.0,-7949.0
22894,2026-12-01,GW_storage_UT_S_GW[AF],-434.0,300103214.0,-8383.0
22895,2027-01-01,GW_storage_UT_S_GW[AF],-430.0,321847786.0,-8813.0
22896,2027-02-01,GW_storage_UT_S_GW[AF],-428.0,343199646.0,-9241.0
22897,2027-03-01,GW_storage_UT_S_GW[AF],-424.0,369620421.0,-9665.0
22898,2027-04-01,GW_storage_UT_S_GW[AF],-421.0,409179141.0,-10086.0
22899,2027-05-01,GW_storage_UT_S_GW[AF],-418.0,455970259.0,-10504.0
22900,2027-06-01,GW_storage_UT_S_GW[AF],-414.0,506103237.0,-10918.0
22901,2027-07-01,GW_storage_UT_S_GW[AF],-411.0,558027240.0,-11329.0
22902,2027-08-01,GW_storage_UT_S_GW[AF],-408.0,610747556.0,-11737.0
22903,2027-09-01,GW_storage_UT_S_GW[AF],-405.0,662576568.0,-12142.0
22904,2027-10-01,GW_storage_UT_S_GW[AF],-402.0,713531026.0,-12544.0
22905,2027-11-01,GW_storage_UT_S_GW[AF],-399.0,763602436.0,-12943.0
22906,2027-12-01,GW_storage_UT_S_GW[AF],-396.0,812846873.0,-13339.0
22907,2028-01-01,GW_storage_UT_S_GW[AF],-393.0,861121911.0,-13732.0
22908,2028-02-01,GW_storage_UT_S_GW[AF],-390.0,908650771.0,-14122.0
22909,2028-03-01,GW_storage_UT_S_GW[AF],-387.0,959000163.0,-14509.0
22910,2028-04-01,GW_storage_UT_S_GW[AF],-385.0,1012039411.0,-14894.0
22911,2028-05-01,GW_storage_UT_S_GW[AF],-382.0,1068060916.0,-15276.0
22912,2028-06-01,GW_storage_UT_S_GW[AF],-378.0,1125203670.0,-15654.0
22913,2028-07-01,GW_storage_UT_S_GW[AF],-375.0,1183903968.0,-16029.0
22914,2028-08-01,GW_storage_UT_S_GW[AF],-372.0,1241633200.0,-16401.0
22915,2028-09-01,GW_storage_UT_S_GW[AF],-370.0,1298536546.0,-16771.0
22916,2028-10-01,GW_storage_UT_S_GW[AF],-367.0,1354465802.0,-17138.0
22917,2028-11-01,GW_storage_UT_S_GW[AF],-364.0,1409406877.0,-17502.0
22918,2028-12-01,GW_storage_UT_S_GW[AF],-361.0,1463330743.0,-17863.0
22919,2029-01-01,GW_storage_UT_S_GW[AF],-359.0,1516331973.0,-18222.0
22920,2029-02-01,GW_storage_UT_S_GW[AF],-356.0,1568436361.0,-18578.0
22921,2029-03-01,GW_storage_UT_S_GW[AF],-354.0,1622957905.0,-18932.0
22922,2029-04-01,GW_storage_UT_S_GW[AF],-351.0,1679352962.0,-19283.0
22923,2029-05-01,GW_storage_UT_S_GW[AF],-348.0,1742904338.0,-19631.0
22924,2029-06-01,GW_storage_UT_S_GW[AF],-345.0,1807169538.0,-19976.0
22925,2029-07-01,GW_storage_UT_S_GW[AF],-343.0,1872474684.0,-20319.0
22926,2029-08-01,GW_storage_UT_S_GW[AF],-340.0,1936569687.0,-20659.0
22927,2029-09-01,GW_storage_UT_S_GW[AF],-337.0,1999536921.0,-20996.0
22928,2029-10-01,GW_storage_UT_S_GW[AF],-335.0,2061251234.0,-21331.0
22929,2029-11-01,GW_storage_UT_S_GW[AF],-332.0,2121792309.0,-21663.0
22930,2029-12-01,GW_storage_UT_S_GW[AF],-330.0,2181276298.0,-21993.0
22931,2030-01-01,GW_storage_UT_S_GW[AF],-327.0,2239598911.0,-22320.0
22932,2030-02-01,GW_storage_UT_S_GW[AF],-325.0,2296908282.0,-22645.0
22933,2030-03-01,GW_storage_UT_S_GW[AF],-322.0,2353273149.0,-22967.0
22934,2030-04-01,GW_storage_UT_S_GW[AF],-320.0,2408813513.0,-23287.0
22935,2030-05-01,GW_storage_UT_S_GW[AF],-317.0,2463288321.0,-23604.0
22936,2030-06-01,GW_storage_UT_S_GW[AF],-315.0,2519189259.0,-23919.0
22937,2030-07-01,GW_storage_UT_S_GW[AF],-312.0,2574987711.0,-24231.0
22938,2030-08-01,GW_storage_UT_S_GW[AF],-311.0,2629845780.0,-24542.0
22939,2030-09-01,GW_storage_UT_S_GW[AF],-307.0,2683731630.0,-24849.0
22940,2030-10-01,GW_storage_UT_S_GW[AF],-305.0,2736573135.0,-25154.0
22941,2030-11-01,GW_storage_UT_S_GW[AF],-303.0,2788437015.0,-25457.0
22942,2030-12-01,GW_storage_UT_S_GW[AF],-301.0,2839371858.0,-25758.0
22943,2031-01-01,GW_storage_UT_S_GW[AF],-299.0,2889285425.0,-26057.0
22944,2031-02-01,GW_storage_UT_S_GW[AF],-296.0,2938331300.0,-26353.0
22945,2031-03-01,GW_storage_UT_S_GW[AF],-294.0,2986403207.0,-26647.0
22946,2031-04-01,GW_storage_UT_S_GW[AF],-292.0,3034117058.0,-26939.0
22947,2031-05-01,GW_storage_UT_S_GW[AF],-289.0,3081639947.0,-27228.0
22948,2031-06-01,GW_storage_UT_S_GW[AF],-287.0,3128466639.0,-27515.0
22949,2031-07-01,GW_storage_UT_S_GW[AF],-285.0,3175256040.0,-27800.0
22950,2031-08-01,GW_storage_UT_S_GW[AF],-283.0,3221201089.0,-28083.0
22951,2031-09-01,GW_storage_UT_S_GW[AF],-281.0,3266538806.0,-28364.0
22952,2031-10-01,GW_storage_UT_S_GW[AF],-278.0,3311005126.0,-28642.0
22953,2031-11-01,GW_storage_UT_S_GW[AF],-277.0,3354843436.0,-28919.0
22954,2031-12-01,GW_storage_UT_S_GW[AF],-275.0,3397917039.0,-29194.0
22955,2032-01-01,GW_storage_UT_S_GW[AF],-272.0,3440765830.0,-29466.0
22956,2032-02-01,GW_storage_UT_S_GW[AF],-270.0,3500332884.0,-29736.0
22957,2032-03-01,GW_storage_UT_S_GW[AF],-268.0,3570397039.0,-30004.0
22958,2032-04-01,GW_storage_UT_S_GW[AF],-266.0,3645988541.0,-30270.0
22959,2032-05-01,GW_storage_UT_S_GW[AF],-264.0,3723860841.0,-30534.0
22960,2032-06-01,GW_storage_UT_S_GW[AF],-263.0,3803847465.0,-30797.0
22961,2032-07-01,GW_storage_UT_S_GW[AF],-261.0,3884065220.0,-31058.0
22962,2032-08-01,GW_storage_UT_S_GW[AF],-258.0,3963910669.0,-31316.0
22963,2032-09-01,GW_storage_UT_S_GW[AF],-257.0,4042724779.0,-31573.0
22964,2032-10-01,GW_storage_UT_S_GW[AF],-254.0,4120308321.0,-31827.0
22965,2032-11-01,GW_storage_UT_S_GW[AF],-252.0,4196679403.0,-32079.0
22966,2032-12-01,GW_storage_UT_S_GW[AF],-250.0,4271822754.0,-32329.0
22967,2033-01-01,GW_storage_UT_S_GW[AF],-249.0,4345538492.0,-32578.0
22968,2033-02-01,GW_storage_UT_S_GW[AF],-247.0,4423218301.0,-32825.0
22969,2033-03-01,GW_storage_UT_S_GW[AF],-245.0,4505470297.0,-33070.0
22970,2033-04-01,GW_storage_UT_S_GW[AF],-243.0,4590681136.0,-33313.0
22971,2033-05-01,GW_storage_UT_S_GW[AF],-241.0,4675360581.0,-33554.0
22972,2033-06-01,GW_storage_UT_S_GW[AF],-239.0,4760708398.0,-33793.0
22973,2033-07-01,GW_storage_UT_S_GW[AF],-237.0,4846138178.0,-34030.0
22974,2033-08-01,GW_storage_UT_S_GW[AF],-236.0,4931118427.0,-34266.0
22975,2033-09-01,GW_storage_UT_S_GW[AF],-233.0,5014914731.0,-34499.0
22976,2033-10-01,GW_storage_UT_S_GW[AF],-232.0,5097508172.0,-34731.0
22977,2033-11-01,GW_storage_UT_S_GW[AF],-230.0,5178663669.0,-34961.0
22978,2033-12-01,GW_storage_UT_S_GW[AF],-228.0,5258443309.0,-35189.0
22979,2034-01-01,GW_storage_UT_S_GW[AF],-227.0,5339163828.0,-35416.0
22980,2034-02-01,GW_storage_UT_S_GW[AF],-225.0,5418722190.0,-35641.0
22981,2034-03-01,GW_storage_UT_S_GW[AF],-224.0,5500220744.0,-35865.0
22982,2034-04-01,GW_storage_UT_S_GW[AF],-222.0,5584032903.0,-36087.0
22983,2034-05-01,GW_storage_UT_S_GW[AF],-220.0,5676873319.0,-36307.0
22984,2034-06-01,GW_storage_UT_S_GW[AF],-219.0,5773341236.0,-36526.0
22985,2034-07-01,GW_storage_UT_S_GW[AF],-216.0,5871231225.0,-36742.0
22986,2034-08-01,GW_storage_UT_S_GW[AF],-215.0,5968392389.0,-36957.0
22987,2034-09-01,GW_storage_UT_S_GW[AF],-213.0,6064112138.0,-37170.0
22988,2034-10-01,GW_storage_UT_S_GW[AF],-211.0,6158273690.0,-37381.0
22989,2034-11-01,GW_storage_UT_S_GW[AF],-210.0,6251013792.0,-37591.0
22990,2034-12-01,GW_storage_UT_S_GW[AF],-209.0,6342469856.0,-37800.0
22991,2035-01-01,GW_storage_UT_S_GW[AF],-207.0,6432436397.0,-38007.0
22992,2035-02-01,GW_storage_UT_S_GW[AF],-205.0,6520973109.0,-38212.0
22993,2035-03-01,GW_storage_UT_S_GW[AF],-204.0,6608114132.0,-38416.0
22994,2035-04-01,GW_storage_UT_S_GW[AF],-202.0,6694040771.0,-38618.0
22995,2035-05-01,GW_storage_UT_S_GW[AF],-200.0,6778544504.0,-38818.0
22996,2035-06-01,GW_storage_UT_S_GW[AF],-199.0,6863239534.0,-39017.0
22997,2035-07-01,GW_storage_UT_S_GW[AF],-197.0,6947511289.0,-39214.0
22998,2035-08-01,GW_storage_UT_S_GW[AF],-196.0,7030376153.0,-39410.0
22999,2035-09-01,GW_storage_UT_S_GW[AF],-194.0,7112119087.0,-39604.0
23000,2035-10-01,GW_storage_UT_S_GW[AF],-194.0,7192574428.0,-39798.0
23001,2035-11-01,GW_storage_UT_S_GW[AF],-192.0,7271865334.0,-39990.0
23002,2035-12-01,GW_storage_UT_S_GW[AF],-190.0,7350179909.0,-40180.0
23003,2036-01-01,GW_storage_UT_S_GW[AF],-189.0,7427195979.0,-40369.0
23004,2036-02-01,GW_storage_UT_S_GW[AF],-187.0,7503024891.0,-40556.0
23005,2036-03-01,GW_storage_UT_S_GW[AF],-186.0,7577632108.0,-40742.0
23006,2036-04-01,GW_storage_UT_S_GW[AF],-185.0,7651185144.0,-40927.0
23007,2036-05-01,GW_storage_UT_S_GW[AF],-184.0,7724300240.0,-41111.0
23008,2036-06-01,GW_storage_UT_S_GW[AF],-181.0,7796353708.0,-41292.0
23009,2036-07-01,GW_storage_UT_S_GW[AF],-180.0,7867314948.0,-41472.0
23010,2036-08-01,GW_storage_UT_S_GW[AF],-179.0,7937241278.0,-41651.0
23011,2036-09-01,GW_storage_UT_S_GW[AF],-178.0,8006295323.0,-41829.0
23012,2036-10-01,GW_storage_UT_S_GW[AF],-177.0,8074305646.0,-42006.0
23013,2036-11-01,GW_storage_UT_S_GW[AF],-175.0,8141376577.0,-42181.0
23014,2036-12-01,GW_storage_UT_S_GW[AF],-174.0,8207644541.0,-42355.0
23015,2037-01-01,GW_storage_UT_S_GW[AF],-172.0,8273161410.0,-42527.0
23016,2037-02-01,GW_storage_UT_S_GW[AF],-171.0,8337733681.0,-42698.0
23017,2037-03-01,GW_storage_UT_S_GW[AF],-169.0,8401237350.0,-42867.0
23018,2037-04-01,GW_storage_UT_S_GW[AF],-169.0,8463716442.0,-43036.0
23019,2037-05-01,GW_storage_UT_S_GW[AF],-167.0,8525229166.0,-43203.0
23020,2037-06-01,GW_storage_UT_S_GW[AF],-166.0,8585780498.0,-43369.0
23021,2037-07-01,GW_storage_UT_S_GW[AF],-165.0,8645518277.0,-43534.0
23022,2037-08-01,GW_storage_UT_S_GW[AF],-164.0,8704580765.0,-43698.0
23023,2037-09-01,GW_storage_UT_S_GW[AF],-162.0,8763159684.0,-43860.0
23024,2037-10-01,GW_storage_UT_S_GW[AF],-161.0,8821181815.0,-44021.0
23025,2037-11-01,GW_storage_UT_S_GW[AF],-160.0,8878677095.0,-44181.0
23026,2037-12-01,GW_storage_UT_S_GW[AF],-158.0,8935618642.0,-44339.0
23027,2038-01-01,GW_storage_UT_S_GW[AF],-158.0,8991690289.0,-44497.0
23028,2038-02-01,GW_storage_UT_S_GW[AF],-156.0,9049081585.0,-44653.0
23029,2038-03-01,GW_storage_UT_S_GW[AF],-154.0,9108044798.0,-44807.0
23030,2038-04-01,GW_storage_UT_S_GW[AF],-154.0,9168794933.0,-44961.0
23031,2038-05-01,GW_storage_UT_S_GW[AF],-152.0,9229969082.0,-45113.0
23032,2038-06-01,GW_storage_UT_S_GW[AF],-152.0,9290494843.0,-45265.0
23033,2038-07-01,GW_storage_UT_S_GW[AF],-150.0,9350294408.0,-45415.0
23034,2038-08-01,GW_storage_UT_S_GW[AF],-149.0,9409318940.0,-45564.0
23035,2038-09-01,GW_storage_UT_S_GW[AF],-148.0,9467673979.0,-45712.0
23036,2038-10-01,GW_storage_UT_S_GW[AF],-147.0,9525253636.0,-45859.0
23037,2038-11-01,GW_storage_UT_S_GW[AF],-146.0,9582098472.0,-46005.0
23038,2038-12-01,GW_storage_UT_S_GW[AF],-145.0,9638248766.0,-46150.0
23039,2039-01-01,GW_storage_UT_S_GW[AF],-144.0,9693650977.0,-46294.0
23040,2039-02-01,GW_storage_UT_S_GW[AF],-142.0,9750458830.0,-46436.0
23041,2039-03-01,GW_storage_UT_S_GW[AF],-141.0,9809156458.0,-46577.0
23042,2039-04-01,GW_storage_UT_S_GW[AF],-140.0,9868559467.0,-46717.0
23043,2039-05-01,GW_storage_UT_S_GW[AF],-139.0,9927385773.0,-46856.0
23044,2039-06-01,GW_storage_UT_S_GW[AF],-139.0,9986965256.0,-46995.0
23045,2039-07-01,GW_storage_UT_S_GW[AF],-137.0,10046475029.0,-47132.0
23046,2039-08-01,GW_storage_UT_S_GW[AF],-136.0,10105238592.0,-47268.0
23047,2039-09-01,GW_storage_UT_S_GW[AF],-135.0,10163363477.0,-47403.0
23048,2039-10-01,GW_storage_UT_S_GW[AF],-133.0,10220781260.0,-47536.0
23049,2039-11-01,GW_storage_UT_S_GW[AF],-133.0,10277373162.0,-47669.0
23050,2039-12-01,GW_storage_UT_S_GW[AF],-132.0,10333185165.0,-47801.0
23051,2040-01-01,GW_storage_UT_S_GW[AF],-131.0,10388289039.0,-47932.0
23052,2040-02-01,GW_storage_UT_S_GW[AF],-130.0,10442633493.0,-48062.0
23053,2040-03-01,GW_storage_UT_S_GW[AF],-129.0,10496196844.0,-48191.0
23054,2040-04-01,GW_storage_UT_S_GW[AF],-128.0,10549040409.0,-48319.0
23055,2040-05-01,GW_storage_UT_S_GW[AF],-127.0,10601395194.0,-48446.0
23056,2040-06-01,GW_storage_UT_S_GW[AF],-126.0,10653107949.0,-48572.0
23057,2040-07-01,GW_storage_UT_S_GW[AF],-125.0,10704171007.0,-48697.0
23058,2040-08-01,GW_storage_UT_S_GW[AF],-124.0,10754605305.0,-48821.0
23059,2040-09-01,GW_storage_UT_S_GW[AF],-123.0,10804445973.0,-48944.0
23060,2040-10-01,GW_storage_UT_S_GW[AF],-122.0,10853648570.0,-49066.0
23061,2040-11-01,GW_storage_UT_S_GW[AF],-121.0,10902484914.0,-49187.0
23062,2040-12-01,GW_storage_UT_S_GW[AF],-120.0,10950730644.0,-49307.0
23063,2041-01-01,GW_storage_UT_S_GW[AF],-120.0,10998281298.0,-49427.0
23064,2041-02-01,GW_storage_UT_S_GW[AF],-119.0,11047818234.0,-49546.0
23065,2041-03-01,GW_storage_UT_S_GW[AF],-117.0,11099139984.0,-49663.0
23066,2041-04-01,GW_storage_UT_S_GW[AF],-117.0,11151170281.0,-49780.0
23067,2041-05-01,GW_storage_UT_S_GW[AF],-116.0,11202540882.0,-49896.0
23068,2041-06-01,GW_storage_UT_S_GW[AF],-115.0,11253584926.0,-50011.0
23069,2041-07-01,GW_storage_UT_S_GW[AF],-114.0,11304087287.0,-50125.0
23070,2041-08-01,GW_storage_UT_S_GW[AF],-113.0,11354085428.0,-50238.0
23071,2041-09-01,GW_storage_UT_S_GW[AF],-112.0,11403615397.0,-50350.0
23072,2041-10-01,GW_storage_UT_S_GW[AF],-112.0,11452671944.0,-50462.0
23073,2041-11-01,GW_storage_UT_S_GW[AF],-111.0,11501212889.0,-50573.0
23074,2041-12-01,GW_storage_UT_S_GW[AF],-110.0,11549056939.0,-50683.0
23075,2042-01-01,GW_storage_UT_S_GW[AF],-109.0,11596204581.0,-50792.0
23076,2042-02-01,GW_storage_UT_S_GW[AF],-108.0,11642935334.0,-50900.0
23077,2042-03-01,GW_storage_UT_S_GW[AF],-108.0,11689092595.0,-51008.0
23078,2042-04-01,GW_storage_UT_S_GW[AF],-106.0,11735022869.0,-51114.0
23079,2042-05-01,GW_storage_UT_S_GW[AF],-106.0,11780876718.0,-51220.0
23080,2042-06-01,GW_storage_UT_S_GW[AF],-105.0,11826092725.0,-51325.0
23081,2042-07-01,GW_storage_UT_S_GW[AF],-104.0,11871546727.0,-51429.0
23082,2042-08-01,GW_storage_UT_S_GW[AF],-104.0,11916431990.0,-51533.0
23083,2042-09-01,GW_storage_UT_S_GW[AF],-103.0,11960791410.0,-51636.0
23084,2042-10-01,GW_storage_UT_S_GW[AF],-102.0,12004660184.0,-51738.0
23085,2042-11-01,GW_storage_UT_S_GW[AF],-101.0,12048130811.0,-51839.0
23086,2042-12-01,GW_storage_UT_S_GW[AF],-100.0,12091062837.0,-51939.0
23087,2043-01-01,GW_storage_UT_S_GW[AF],-99.0,12133444088.0,-52038.0
23088,2043-02-01,GW_storage_UT_S_GW[AF],-98.0,12175363925.0,-52136.0
23089,2043-03-01,GW_storage_UT_S_GW[AF],-98.0,12216725340.0,-52234.0
23090,2043-04-01,GW_storage_UT_S_GW[AF],-97.0,12257666079.0,-52331.0
23091,2043-05-01,GW_storage_UT_S_GW[AF],-96.0,12298078753.0,-52427.0
23092,2043-06-01,GW_storage_UT_S_GW[AF],-96.0,12338040338.0,-52523.0
23093,2043-07-01,GW_storage_UT_S_GW[AF],-95.0,12377535688.0,-52618.0
23094,2043-08-01,GW_storage_UT_S_GW[AF],-95.0,12416568319.0,-52713.0
23095,2043-09-01,GW_storage_UT_S_GW[AF],-93.0,12455234071.0,-52806.0
23096,2043-10-01,GW_storage_UT_S_GW[AF],-92.0,12493493716.0,-52898.0
23097,2043-11-01,GW_storage_UT_S_GW[AF],-92.0,12531340494.0,-52990.0
23098,2043-12-01,GW_storage_UT_S_GW[AF],-91.0,12568703212.0,-53081.0
23099,2044-01-01,GW_storage_UT_S_GW[AF],-91.0,12605614127.0,-53172.0
23100,2044-02-01,GW_storage_UT_S_GW[AF],-90.0,12642100391.0,-53262.0
23101,2044-03-01,GW_storage_UT_S_GW[AF],-89.0,12678094207.0,-53351.0
23102,2044-04-01,GW_storage_UT_S_GW[AF],-89.0,12715489683.0,-53440.0
23103,2044-05-01,GW_storage_UT_S_GW[AF],-88.0,12757376464.0,-53528.0
23104,2044-06-01,GW_storage_UT_S_GW[AF],-87.0,12798680033.0,-53615.0
23105,2044-07-01,GW_storage_UT_S_GW[AF],-87.0,12840178366.0,-53702.0
23106,2044-08-01,GW_storage_UT_S_GW[AF],-86.0,12881238666.0,-53788.0
23107,2044-09-01,GW_storage_UT_S_GW[AF],-86.0,12921922929.0,-53874.0
23108,2044-10-01,GW_storage_UT_S_GW[AF],-85.0,12962137170.0,-53959.0
23109,2044-11-01,GW_storage_UT_S_GW[AF],-84.0,13001917872.0,-54043.0
23110,2044-12-01,GW_storage_UT_S_GW[AF],-84.0,13041192913.0,-54127.0
23111,2045-01-01,GW_storage_UT_S_GW[AF],-82.0,13079996277.0,-54209.0
23112,2045-02-01,GW_storage_UT_S_GW[AF],-82.0,13119222084.0,-54291.0
23113,2045-03-01,GW_storage_UT_S_GW[AF],-81.0,13158364150.0,-54372.0
23114,2045-04-01,GW_storage_UT_S_GW[AF],-81.0,13198157185.0,-54453.0
23115,2045-05-01,GW_storage_UT_S_GW[AF],-80.0,13237869018.0,-54533.0
23116,2045-06-01,GW_storage_UT_S_GW[AF],-79.0,13278774379.0,-54612.0
23117,2045-07-01,GW_storage_UT_S_GW[AF],-79.0,13324244062.0,-54691.0
23118,2045-08-01,GW_storage_UT_S_GW[AF],-78.0,13372386542.0,-54769.0
23119,2045-09-01,GW_storage_UT_S_GW[AF],-77.0,13419876881.0,-54846.0
23120,2045-10-01,GW_storage_UT_S_GW[AF],-77.0,13466818785.0,-54923.0
23121,2045-11-01,GW_storage_UT_S_GW[AF],-76.0,13513160105.0,-54999.0
23122,2045-12-01,GW_storage_UT_S_GW[AF],-76.0,13560745919.0,-55075.0
23123,2046-01-01,GW_storage_UT_S_GW[AF],-76.0,13615290772.0,-55151.0
23124,2046-02-01,GW_storage_UT_S_GW[AF],-75.0,13677811710.0,-55226.0
23125,2046-03-01,GW_storage_UT_S_GW[AF],-75.0,13748607831.0,-55301.0
23126,2046-04-01,GW_storage_UT_S_GW[AF],-74.0,13826873589.0,-55375.0
23127,2046-05-01,GW_storage_UT_S_GW[AF],-73.0,13907944967.0,-55448.0
23128,2046-06-01,GW_storage_UT_S_GW[AF],-72.0,13989979852.0,-55520.0
23129,2046-07-01,GW_storage_UT_S_GW[AF],-72.0,14071604903.0,-55592.0
23130,2046-08-01,GW_storage_UT_S_GW[AF],-72.0,14152131683.0,-55664.0
23131,2046-09-01,GW_storage_UT_S_GW[AF],-71.0,14231617714.0,-55735.0
23132,2046-10-01,GW_storage_UT_S_GW[AF],-71.0,14310005025.0,-55806.0
23133,2046-11-01,GW_storage_UT_S_GW[AF],-70.0,14387273527.0,-55876.0
23134,2046-12-01,GW_storage_UT_S_GW[AF],-69.0,14463437376.0,-55945.0
23135,2047-01-01,GW_storage_UT_S_GW[AF],-68.0,14538457981.0,-56013.0
23136,2047-02-01,GW_storage_UT_S_GW[AF],-68.0,14612508014.0,-56081.0
23137,2047-03-01,GW_storage_UT_S_GW[AF],-68.0,14685452283.0,-56149.0
23138,2047-04-01,GW_storage_UT_S_GW[AF],-67.0,14764472816.0,-56216.0
23139,2047-05-01,GW_storage_UT_S_GW[AF],-67.0,14860897341.0,-56283.0
23140,2047-06-01,GW_storage_UT_S_GW[AF],-66.0,14972506362.0,-56349.0
23141,2047-07-01,GW_storage_UT_S_GW[AF],-66.0,15088231692.0,-56415.0
23142,2047-08-01,GW_storage_UT_S_GW[AF],-66.0,15203332934.0,-56481.0
23143,2047-09-01,GW_storage_UT_S_GW[AF],-65.0,15317492289.0,-56546.0
23144,2047-10-01,GW_storage_UT_S_GW[AF],-64.0,15430042333.0,-56610.0
23145,2047-11-01,GW_storage_UT_S_GW[AF],-64.0,15542831934.0,-56674.0
23146,2047-12-01,GW_storage_UT_S_GW[AF],-64.0,15653870877.0,-56738.0
23147,2048-01-01,GW_storage_UT_S_GW[AF],-63.0,15763169397.0,-56801.0
23148,2048-02-01,GW_storage_UT_S_GW[AF],-62.0,15872138297.0,-56863.0
23149,2048-03-01,GW_storage_UT_S_GW[AF],-62.0,15987897138.0,-56925.0
23150,2048-04-01,GW_storage_UT_S_GW[AF],-62.0,16106751114.0,-56987.0
23151,2048-05-01,GW_storage_UT_S_GW[AF],-61.0,16226738594.0,-57048.0
23152,2048-06-01,GW_storage_UT_S_GW[AF],-61.0,16346930466.0,-57109.0
23153,2048-07-01,GW_storage_UT_S_GW[AF],-60.0,16466203172.0,-57169.0
23154,2048-08-01,GW_storage_UT_S_GW[AF],-59.0,16583670765.0,-57228.0
23155,2048-09-01,GW_storage_UT_S_GW[AF],-59.0,16699553017.0,-57287.0
23156,2048-10-01,GW_storage_UT_S_GW[AF],-59.0,16813788962.0,-57346.0
23157,2048-11-01,GW_storage_UT_S_GW[AF],-58.0,16926416472.0,-57404.0
23158,2048-12-01,GW_storage_UT_S_GW[AF],-58.0,17038918116.0,-57462.0
23159,2049-01-01,GW_storage_UT_S_GW[AF],-57.0,17150214903.0,-57519.0
23160,2049-02-01,GW_storage_UT_S_GW[AF],-57.0,17259849423.0,-57576.0
23161,2049-03-01,GW_storage_UT_S_GW[AF],-56.0,17374140295.0,-57632.0
23162,2049-04-01,GW_storage_UT_S_GW[AF],-56.0,17496980626.0,-57688.0
23163,2049-05-01,GW_storage_UT_S_GW[AF],-55.0,17623520262.0,-57743.0
23164,2049-06-01,GW_storage_UT_S_GW[AF],-55.0,17749882278.0,-57798.0
23165,2049-07-01,GW_storage_UT_S_GW[AF],-54.0,17875311834.0,-57852.0
23166,2049-08-01,GW_storage_UT_S_GW[AF],-54.0,17998950915.0,-57906.0
23167,2049-09-01,GW_storage_UT_S_GW[AF],-54.0,18120987592.0,-57960.0
23168,2049-10-01,GW_storage_UT_S_GW[AF],-54.0,18241422265.0,-58014.0
23169,2049-11-01,GW_storage_UT_S_GW[AF],-53.0,18360102830.0,-58067.0
23170,2049-12-01,GW_storage_UT_S_GW[AF],-52.0,18476910369.0,-58119.0
23171,2050-01-01,GW_storage_UT_S_GW[AF],-53.0,18591916831.0,-58172.0
23172,2050-02-01,GW_storage_UT_S_GW[AF],-51.0,18705272956.0,-58223.0
23173,2050-03-01,GW_storage_UT_S_GW[AF],-51.0,18821028859.0,-58274.0
23174,2050-04-01,GW_storage_UT_S_GW[AF],-51.0,18940506995.0,-58325.0
23175,2050-05-01,GW_storage_UT_S_GW[AF],-51.0,19059600483.0,-58376.0
23176,2050-06-01,GW_storage_UT_S_GW[AF],-50.0,19178428021.0,-58426.0
23177,2050-07-01,GW_storage_UT_S_GW[AF],-50.0,19296435077.0,-58476.0
23178,2050-08-01,GW_storage_UT_S_GW[AF],-50.0,19412834260.0,-58526.0
23179,2050-09-01,GW_storage_UT_S_GW[AF],-49.0,19527808893.0,-58575.0
23180,2050-10-01,GW_storage_UT_S_GW[AF],-49.0,19641173895.0,-58624.0
23181,2050-11-01,GW_storage_UT_S_GW[AF],-48.0,19752769080.0,-58672.0
23182,2050-12-01,GW_storage_UT_S_GW[AF],-48.0,19862611454.0,-58720.0
23183,2051-01-01,GW_storage_UT_S_GW[AF],-48.0,19970764786.0,-58768.0
23184,2051-02-01,GW_storage_UT_S_GW[AF],-48.0,20077395432.0,-58816.0
23185,2051-03-01,GW_storage_UT_S_GW[AF],-47.0,20182370827.0,-58863.0
23186,2051-04-01,GW_storage_UT_S_GW[AF],-47.0,20291580463.0,-58910.0
23187,2051-05-01,GW_storage_UT_S_GW[AF],-47.0,20400038326.0,-58957.0
23188,2051-06-01,GW_storage_UT_S_GW[AF],-46.0,20508257786.0,-59003.0
23189,2051-07-01,GW_storage_UT_S_GW[AF],-46.0,20615875318.0,-59049.0
23190,2051-08-01,GW_storage_UT_S_GW[AF],-45.0,20722198437.0,-59094.0
23191,2051-09-01,GW_storage_UT_S_GW[AF],-45.0,20827038775.0,-59139.0
23192,2051-10-01,GW_storage_UT_S_GW[AF],-44.0,20930437548.0,-59183.0
23193,2051-11-01,GW_storage_UT_S_GW[AF],-44.0,21032468769.0,-59227.0
23194,2051-12-01,GW_storage_UT_S_GW[AF],-44.0,21133705710.0,-59271.0
23195,2052-01-01,GW_storage_UT_S_GW[AF],-43.0,21233433839.0,-59314.0
23196,2052-02-01,GW_storage_UT_S_GW[AF],-43.0,21331717041.0,-59357.0
23197,2052-03-01,GW_storage_UT_S_GW[AF],-43.0,21429607427.0,-59400.0
23198,2052-04-01,GW_storage_UT_S_GW[AF],-43.0,21527851494.0,-59443.0
23199,2052-05-01,GW_storage_UT_S_GW[AF],-43.0,21624977785.0,-59486.0
23200,2052-06-01,GW_storage_UT_S_GW[AF],-42.0,21720857498.0,-59528.0
23201,2052-07-01,GW_storage_UT_S_GW[AF],-42.0,21815421513.0,-59570.0
23202,2052-08-01,GW_storage_UT_S_GW[AF],-41.0,21908765850.0,-59611.0
23203,2052-09-01,GW_storage_UT_S_GW[AF],-41.0,22001026854.0,-59652.0
23204,2052-10-01,GW_storage_UT_S_GW[AF],-40.0,22092179195.0,-59692.0
23205,2052-11-01,GW_storage_UT_S_GW[AF],-40.0,22182158688.0,-59732.0
23206,2052-12-01,GW_storage_UT_S_GW[AF],-40.0,22270990851.0,-59772.0
23207,2053-01-01,GW_storage_UT_S_GW[AF],-39.0,22358572318.0,-59811.0
23208,2053-02-01,GW_storage_UT_S_GW[AF],-39.0,22445234888.0,-59850.0
23209,2053-03-01,GW_storage_UT_S_GW[AF],-39.0,22531338210.0,-59889.0
23210,2053-04-01,GW_storage_UT_S_GW[AF],-38.0,22618197854.0,-59927.0
23211,2053-05-01,GW_storage_UT_S_GW[AF],-38.0,22705000235.0,-59965.0
23212,2053-06-01,GW_storage_UT_S_GW[AF],-38.0,22792005107.0,-60003.0
23213,2053-07-01,GW_storage_UT_S_GW[AF],-38.0,22878611714.0,-60041.0
23214,2053-08-01,GW_storage_UT_S_GW[AF],-37.0,22964123789.0,-60078.0
23215,2053-09-01,GW_storage_UT_S_GW[AF],-37.0,23048536524.0,-60115.0
23216,2053-10-01,GW_storage_UT_S_GW[AF],-37.0,23131866519.0,-60152.0
23217,2053-11-01,GW_storage_UT_S_GW[AF],-37.0,23214276747.0,-60189.0
23218,2053-12-01,GW_storage_UT_S_GW[AF],-37.0,23295578937.0,-60226.0
23219,2054-01-01,GW_storage_UT_S_GW[AF],-36.0,23375761806.0,-60262.0
23220,2054-02-01,GW_storage_UT_S_GW[AF],-36.0,23454991045.0,-60298.0
23221,2054-03-01,GW_storage_UT_S_GW[AF],-36.0,23533194281.0,-60334.0
23222,2054-04-01,GW_storage_UT_S_GW[AF],-35.0,23610840643.0,-60369.0
23223,2054-05-01,GW_storage_UT_S_GW[AF],-35.0,23687968757.0,-60404.0
23224,2054-06-01,GW_storage_UT_S_GW[AF],-34.0,23764134532.0,-60438.0
23225,2054-07-01,GW_storage_UT_S_GW[AF],-35.0,23839346953.0,-60473.0
23226,2054-08-01,GW_storage_UT_S_GW[AF],-34.0,23913680649.0,-60507.0
23227,2054-09-01,GW_storage_UT_S_GW[AF],-34.0,23987275722.0,-60541.0
23228,2054-10-01,GW_storage_UT_S_GW[AF],-34.0,24060063673.0,-60575.0
23229,2054-11-01,GW_storage_UT_S_GW[AF],-34.0,24132040073.0,-60609.0
23230,2054-12-01,GW_storage_UT_S_GW[AF],-33.0,24203075252.0,-60642.0
23231,2055-01-01,GW_storage_UT_S_GW[AF],-33.0,24273232069.0,-60675.0
23232,2055-02-01,GW_storage_UT_S_GW[AF],-33.0,24346983422.0,-60708.0
23233,2055-03-01,GW_storage_UT_S_GW[AF],-32.0,24429418525.0,-60740.0
23234,2055-04-01,GW_storage_UT_S_GW[AF],-32.0,24519974284.0,-60772.0
23235,2055-05-01,GW_storage_UT_S_GW[AF],-32.0,24612887460.0,-60804.0
23236,2055-06-01,GW_storage_UT_S_GW[AF],-31.0,24705731755.0,-60835.0
23237,2055-07-01,GW_storage_UT_S_GW[AF],-31.0,24797561549.0,-60866.0
23238,2055-08-01,GW_storage_UT_S_GW[AF],-31.0,24888417864.0,-60897.0
23239,2055-09-01,GW_storage_UT_S_GW[AF],-31.0,24978247446.0,-60928.0
23240,2055-10-01,GW_storage_UT_S_GW[AF],-31.0,25067037402.0,-60959.0
23241,2055-11-01,GW_storage_UT_S_GW[AF],-31.0,25154620871.0,-60990.0
23242,2055-12-01,GW_storage_UT_S_GW[AF],-30.0,25240958786.0,-61020.0
23243,2056-01-01,GW_storage_UT_S_GW[AF],-30.0,25326085001.0,-61050.0
23244,2056-02-01,GW_storage_UT_S_GW[AF],-30.0,25410115783.0,-61080.0
23245,2056-03-01,GW_storage_UT_S_GW[AF],-30.0,25493046199.0,-61110.0
23246,2056-04-01,GW_storage_UT_S_GW[AF],-29.0,25579867650.0,-61139.0
23247,2056-05-01,GW_storage_UT_S_GW[AF],-30.0,25665994452.0,-61169.0
23248,2056-06-01,GW_storage_UT_S_GW[AF],-29.0,25751014051.0,-61198.0
23249,2056-07-01,GW_storage_UT_S_GW[AF],-29.0,25834999057.0,-61227.0
23250,2056-08-01,GW_storage_UT_S_GW[AF],-29.0,25918012980.0,-61256.0
23251,2056-09-01,GW_storage_UT_S_GW[AF],-28.0,26000006720.0,-61284.0
23252,2056-10-01,GW_storage_UT_S_GW[AF],-28.0,26080893812.0,-61312.0
23253,2056-11-01,GW_storage_UT_S_GW[AF],-28.0,26160908259.0,-61340.0
23254,2056-12-01,GW_storage_UT_S_GW[AF],-28.0,26240212456.0,-61368.0
23255,2057-01-01,GW_storage_UT_S_GW[AF],-27.0,26318587848.0,-61395.0
23256,2057-02-01,GW_storage_UT_S_GW[AF],-27.0,26395985372.0,-61422.0
23257,2057-03-01,GW_storage_UT_S_GW[AF],-27.0,26472734266.0,-61449.0
23258,2057-04-01,GW_storage_UT_S_GW[AF],-27.0,26556295278.0,-61476.0
23259,2057-05-01,GW_storage_UT_S_GW[AF],-27.0,26638790503.0,-61503.0
23260,2057-06-01,GW_storage_UT_S_GW[AF],-26.0,26720263696.0,-61529.0
23261,2057-07-01,GW_storage_UT_S_GW[AF],-26.0,26800720453.0,-61555.0
23262,2057-08-01,GW_storage_UT_S_GW[AF],-27.0,26880212595.0,-61582.0
23263,2057-09-01,GW_storage_UT_S_GW[AF],-26.0,26958875022.0,-61608.0
23264,2057-10-01,GW_storage_UT_S_GW[AF],-26.0,27036568588.0,-61634.0
23265,2057-11-01,GW_storage_UT_S_GW[AF],-25.0,27113396201.0,-61659.0
23266,2057-12-01,GW_storage_UT_S_GW[AF],-25.0,27189264327.0,-61684.0
23267,2058-01-01,GW_storage_UT_S_GW[AF],-25.0,27264124633.0,-61709.0
23268,2058-02-01,GW_storage_UT_S_GW[AF],-25.0,27348265847.0,-61734.0
23269,2058-03-01,GW_storage_UT_S_GW[AF],-25.0,27440889382.0,-61759.0
23270,2058-04-01,GW_storage_UT_S_GW[AF],-25.0,27539133274.0,-61784.0
23271,2058-05-01,GW_storage_UT_S_GW[AF],-25.0,27639449314.0,-61809.0
23272,2058-06-01,GW_storage_UT_S_GW[AF],-24.0,27738779306.0,-61833.0
23273,2058-07-01,GW_storage_UT_S_GW[AF],-24.0,27837531793.0,-61857.0
23274,2058-08-01,GW_storage_UT_S_GW[AF],-23.0,27935280444.0,-61880.0
23275,2058-09-01,GW_storage_UT_S_GW[AF],-23.0,28031862865.0,-61903.0
23276,2058-10-01,GW_storage_UT_S_GW[AF],-24.0,28127260463.0,-61927.0
23277,2058-11-01,GW_storage_UT_S_GW[AF],-23.0,28221366217.0,-61950.0
23278,2058-12-01,GW_storage_UT_S_GW[AF],-23.0,28314157055.0,-61973.0
23279,2059-01-01,GW_storage_UT_S_GW[AF],-23.0,28405540773.0,-61996.0
23280,2059-02-01,GW_storage_UT_S_GW[AF],-22.0,28502067677.0,-62018.0
23281,2059-03-01,GW_storage_UT_S_GW[AF],-23.0,28605457246.0,-62041.0
23282,2059-04-01,GW_storage_UT_S_GW[AF],-22.0,28717814838.0,-62063.0
23283,2059-05-01,GW_storage_UT_S_GW[AF],-22.0,28830913147.0,-62085.0
23284,2059-06-01,GW_storage_UT_S_GW[AF],-22.0,28943770190.0,-62107.0
23285,2059-07-01,GW_storage_UT_S_GW[AF],-22.0,29055182582.0,-62129.0
23286,2059-08-01,GW_storage_UT_S_GW[AF],-22.0,29165160032.0,-62151.0
23287,2059-09-01,GW_storage_UT_S_GW[AF],-21.0,29273920291.0,-62172.0
23288,2059-10-01,GW_storage_UT_S_GW[AF],-22.0,29381402010.0,-62194.0
23289,2059-11-01,GW_storage_UT_S_GW[AF],-22.0,29487451547.0,-62216.0
23290,2059-12-01,GW_storage_UT_S_GW[AF],-21.0,29592083281.0,-62237.0
23291,2060-01-01,GW_storage_UT_S_GW[AF],-21.0,29695071869.0,-62258.0
23292,2060-02-01,GW_storage_UT_S_GW[AF],-20.0,29797999369.0,-62278.0
23293,2060-03-01,GW_storage_UT_S_GW[AF],-21.0,29907235449.0,-62299.0
23294,2060-04-01,GW_storage_UT_S_GW[AF],-20.0,30022282651.0,-62319.0
23295,2060-05-01,GW_storage_UT_S_GW[AF],-20.0,30138204137.0,-62339.0
23296,2060-06-01,GW_storage_UT_S_GW[AF],-20.0,30253989194.0,-62359.0
23297,2060-07-01,GW_storage_UT_S_GW[AF],-20.0,30369445165.0,-62379.0
23298,2060-08-01,GW_storage_UT_S_GW[AF],-20.0,30483354195.0,-62399.0
23299,2060-09-01,GW_storage_UT_S_GW[AF],-19.0,30595912136.0,-62418.0
23300,2060-10-01,GW_storage_UT_S_GW[AF],-20.0,30707058453.0,-62438.0
23301,2060-11-01,GW_storage_UT_S_GW[AF],-19.0,30816686913.0,-62457.0
23302,2060-12-01,GW_storage_UT_S_GW[AF],-19.0,30924630927.0,-62476.0
23303,2061-01-01,GW_storage_UT_S_GW[AF],-19.0,31038058188.0,-62495.0
23304,2061-02-01,GW_storage_UT_S_GW[AF],-19.0,31163247262.0,-62514.0
23305,2061-03-01,GW_storage_UT_S_GW[AF],-19.0,31301926464.0,-62533.0
23306,2061-04-01,GW_storage_UT_S_GW[AF],-19.0,31460043743.0,-62552.0
23307,2061-05-01,GW_storage_UT_S_GW[AF],-18.0,31621719240.0,-62570.0
23308,2061-06-01,GW_storage_UT_S_GW[AF],-18.0,31781944019.0,-62588.0
23309,2061-07-01,GW_storage_UT_S_GW[AF],-18.0,31940594248.0,-62606.0
23310,2061-08-01,GW_storage_UT_S_GW[AF],-18.0,32097666692.0,-62624.0
23311,2061-09-01,GW_storage_UT_S_GW[AF],-18.0,32253244922.0,-62642.0
23312,2061-10-01,GW_storage_UT_S_GW[AF],-18.0,32407132898.0,-62660.0
23313,2061-11-01,GW_storage_UT_S_GW[AF],-17.0,32559108380.0,-62677.0
23314,2061-12-01,GW_storage_UT_S_GW[AF],-17.0,32709321481.0,-62694.0
23315,2062-01-01,GW_storage_UT_S_GW[AF],-18.0,32858735378.0,-62712.0
23316,2062-02-01,GW_storage_UT_S_GW[AF],-18.0,33022044851.0,-62730.0
23317,2062-03-01,GW_storage_UT_S_GW[AF],-17.0,33198837130.0,-62747.0
23318,2062-04-01,GW_storage_UT_S_GW[AF],-17.0,33390837210.0,-62764.0
23319,2062-05-01,GW_storage_UT_S_GW[AF],-17.0,33584259641.0,-62781.0
23320,2062-06-01,GW_storage_UT_S_GW[AF],-17.0,33776858517.0,-62798.0
23321,2062-07-01,GW_storage_UT_S_GW[AF],-17.0,33967635736.0,-62815.0
23322,2062-08-01,GW_storage_UT_S_GW[AF],-17.0,34156855847.0,-62832.0
23323,2062-09-01,GW_storage_UT_S_GW[AF],-17.0,34344548104.0,-62849.0
23324,2062-10-01,GW_storage_UT_S_GW[AF],-16.0,34530332137.0,-62865.0
23325,2062-11-01,GW_storage_UT_S_GW[AF],-16.0,34714073091.0,-62881.0
23326,2062-12-01,GW_storage_UT_S_GW[AF],-16.0,34895778448.0,-62897.0
23327,2063-01-01,GW_storage_UT_S_GW[AF],-16.0,35079072230.0,-62913.0
23328,2063-02-01,GW_storage_UT_S_GW[AF],-16.0,35269350335.0,-62929.0
23329,2063-03-01,GW_storage_UT_S_GW[AF],-15.0,35470064786.0,-62944.0
23330,2063-04-01,GW_storage_UT_S_GW[AF],-16.0,35683040547.0,-62960.0
23331,2063-05-01,GW_storage_UT_S_GW[AF],-15.0,35907121073.0,-62975.0
23332,2063-06-01,GW_storage_UT_S_GW[AF],-16.0,36134854310.0,-62991.0
23333,2063-07-01,GW_storage_UT_S_GW[AF],-16.0,36361472567.0,-63007.0
23334,2063-08-01,GW_storage_UT_S_GW[AF],-15.0,36586142514.0,-63022.0
23335,2063-09-01,GW_storage_UT_S_GW[AF],-15.0,36808934029.0,-63037.0
23336,2063-10-01,GW_storage_UT_S_GW[AF],9295.0,37029507927.0,-53742.0
23337,2063-11-01,GW_storage_UT_S_GW[AF],9225.0,37248012309.0,-44517.0
23338,2063-12-01,GW_storage_UT_S_GW[AF],9153.0,37465671472.0,-35364.0
23339,2064-01-01,GW_storage_UT_S_GW[AF],9082.0,37694815963.0,-26282.0
23340,2064-02-01,GW_storage_UT_S_GW[AF],9016.0,37945097639.0,-17266.0
23341,2064-03-01,GW_storage_UT_S_GW[AF],8947.0,38213638934.0,-8319.0
23342,2064-04-01,GW_storage_UT_S_GW[AF],8880.0,38493367090.0,561.0
23343,2064-05-01,GW_storage_UT_S_GW[AF],-14684.0,38776738105.0,-14123.0
23344,2064-06-01,GW_storage_UT_S_GW[AF],-14573.0,39060661713.0,-28696.0
23345,2064-07-01,GW_storage_UT_S_GW[AF],-14460.0,39341932866.0,-43156.0
23346,2064-08-01,GW_storage_UT_S_GW[AF],-14348.0,39620711220.0,-57504.0
23347,2064-09-01,GW_storage_UT_S_GW[AF],-14241.0,39897002798.0,-71745.0
23348,2064-10-01,GW_storage_UT_S_GW[AF],-14130.0,40170736712.0,-85875.0
23349,2064-11-01,GW_storage_UT_S_GW[AF],-14025.0,40442044957.0,-99900.0
23350,2064-12-01,GW_storage_UT_S_GW[AF],-13916.0,40711834451.0,-113816.0
23351,2065-01-01,GW_storage_UT_S_GW[AF],-13808.0,40982757097.0,-127624.0
23352,2065-02-01,GW_storage_UT_S_GW[AF],-13711.0,41255716076.0,-141335.0
23353,2065-03-01,GW_storage_UT_S_GW[AF],-13605.0,41533378347.0,-154940.0
23354,2065-04-01,GW_storage_UT_S_GW[AF],-13503.0,41819419395.0,-168443.0
23355,2065-05-01,GW_storage_UT_S_GW[AF],-13398.0,42107659636.0,-181841.0
23356,2065-06-01,GW_storage_UT_S_GW[AF],-13298.0,42393392346.0,-195139.0
23357,2065-07-01,GW_storage_UT_S_GW[AF],-13195.0,42678359041.0,-208334.0
23358,2065-08-01,GW_storage_UT_S_GW[AF],-13093.0,42960938762.0,-221427.0
23359,2065-09-01,GW_storage_UT_S_GW[AF],-12994.0,43241061639.0,-234421.0
23360,2065-10-01,GW_storage_UT_S_GW[AF],-12894.0,43518553408.0,-247315.0
23361,2065-11-01,GW_storage_UT_S_GW[AF],-12796.0,43793351378.0,-260111.0
23362,2065-12-01,GW_storage_UT_S_GW[AF],-12697.0,44065325818.0,-272808.0
23363,2066-01-01,GW_storage_UT_S_GW[AF],-12599.0,44334625115.0,-285407.0
23364,2066-02-01,GW_storage_UT_S_GW[AF],-12511.0,44601575728.0,-297918.0
23365,2066-03-01,GW_storage_UT_S_GW[AF],-12414.0,44865977654.0,-310332.0
23366,2066-04-01,GW_storage_UT_S_GW[AF],-12321.0,45130939542.0,-322653.0
23367,2066-05-01,GW_storage_UT_S_GW[AF],-12225.0,45393925169.0,-334878.0
23368,2066-06-01,GW_storage_UT_S_GW[AF],-12134.0,45654573916.0,-347012.0
23369,2066-07-01,GW_storage_UT_S_GW[AF],-12040.0,45912927675.0,-359052.0
23370,2066-08-01,GW_storage_UT_S_GW[AF],-11947.0,46169111465.0,-370999.0
23371,2066-09-01,GW_storage_UT_S_GW[AF],-11857.0,46423600426.0,-382856.0
23372,2066-10-01,GW_storage_UT_S_GW[AF],-11765.0,46676263355.0,-394621.0
23373,2066-11-01,GW_storage_UT_S_GW[AF],-11677.0,46927228863.0,-406298.0
23374,2066-12-01,GW_storage_UT_S_GW[AF],-11587.0,47176198480.0,-417885.0
23375,2067-01-01,GW_storage_UT_S_GW[AF],-11497.0,47422896821.0,-429382.0
23376,2067-02-01,GW_storage_UT_S_GW[AF],-11416.0,47667661431.0,-440798.0
23377,2067-03-01,GW_storage_UT_S_GW[AF],-11327.0,47910308464.0,-452125.0
23378,2067-04-01,GW_storage_UT_S_GW[AF],-11243.0,48151085524.0,-463368.0
23379,2067-05-01,GW_storage_UT_S_GW[AF],-11156.0,48389950965.0,-474524.0
23380,2067-06-01,GW_storage_UT_S_GW[AF],-11072.0,48627002221.0,-485596.0
23381,2067-07-01,GW_storage_UT_S_GW[AF],-10986.0,48862124917.0,-496582.0
23382,2067-08-01,GW_storage_UT_S_GW[AF],-10901.0,49095321876.0,-507483.0
23383,2067-09-01,GW_storage_UT_S_GW[AF],-10819.0,49326841519.0,-518302.0
23384,2067-10-01,GW_storage_UT_S_GW[AF],-10735.0,49556552267.0,-529037.0
23385,2067-11-01,GW_storage_UT_S_GW[AF],-10654.0,49784868208.0,-539691.0
23386,2067-12-01,GW_storage_UT_S_GW[AF],-10572.0,50011545293.0,-550263.0
23387,2068-01-01,GW_storage_UT_S_GW[AF],-10490.0,50238331069.0,-560753.0
23388,2068-02-01,GW_storage_UT_S_GW[AF],-10415.0,50478937732.0,-571168.0
23389,2068-03-01,GW_storage_UT_S_GW[AF],-10333.0,50739381265.0,-581501.0
23390,2068-04-01,GW_storage_UT_S_GW[AF],-10256.0,51011294375.0,-591757.0
23391,2068-05-01,GW_storage_UT_S_GW[AF],-10176.0,51290774772.0,-601933.0
23392,2068-06-01,GW_storage_UT_S_GW[AF],-10100.0,51571539123.0,-612033.0
23393,2068-07-01,GW_storage_UT_S_GW[AF],-10022.0,51851333229.0,-622055.0
23394,2068-08-01,GW_storage_UT_S_GW[AF],-9944.0,52129191774.0,-631999.0
23395,2068-09-01,GW_storage_UT_S_GW[AF],-9870.0,52405096290.0,-641869.0
23396,2068-10-01,GW_storage_UT_S_GW[AF],-9793.0,52678907664.0,-651662.0
23397,2068-11-01,GW_storage_UT_S_GW[AF],-9720.0,52950483517.0,-661382.0
23398,2068-12-01,GW_storage_UT_S_GW[AF],-9645.0,53219819895.0,-671027.0
23399,2069-01-01,GW_storage_UT_S_GW[AF],-9569.0,53487155316.0,-680596.0
23400,2069-02-01,GW_storage_UT_S_GW[AF],-9502.0,53760870931.0,-690098.0
23401,2069-03-01,GW_storage_UT_S_GW[AF],-9429.0,54039428849.0,-699527.0
23402,2069-04-01,GW_storage_UT_S_GW[AF],-9358.0,54324092180.0,-708885.0
23403,2069-05-01,GW_storage_UT_S_GW[AF],-9286.0,54609436481.0,-718171.0
23404,2069-06-01,GW_storage_UT_S_GW[AF],-9216.0,54894337917.0,-727387.0
23405,2069-07-01,GW_storage_UT_S_GW[AF],-9144.0,55177218144.0,-736531.0
23406,2069-08-01,GW_storage_UT_S_GW[AF],-9074.0,55458179949.0,-745605.0
23407,2069-09-01,GW_storage_UT_S_GW[AF],-9005.0,55737226700.0,-754610.0
23408,2069-10-01,GW_storage_UT_S_GW[AF],-8936.0,56014313112.0,-763546.0
23409,2069-11-01,GW_storage_UT_S_GW[AF],-8869.0,56289244905.0,-772415.0
23410,2069-12-01,GW_storage_UT_S_GW[AF],-8800.0,56561948550.0,-781215.0
23411,2070-01-01,GW_storage_UT_S_GW[AF],-8732.0,56832455571.0,-789947.0
23412,2070-02-01,GW_storage_UT_S_GW[AF],-8671.0,57101031869.0,-798618.0
23413,2070-03-01,GW_storage_UT_S_GW[AF],-8604.0,57367456127.0,-807222.0
23414,2070-04-01,GW_storage_UT_S_GW[AF],-8539.0,57631884127.0,-815761.0
23415,2070-05-01,GW_storage_UT_S_GW[AF],-8473.0,57894580730.0,-824234.0
23416,2070-06-01,GW_storage_UT_S_GW[AF],-8409.0,58156625113.0,-832643.0
23417,2070-07-01,GW_storage_UT_S_GW[AF],-8344.0,58417720429.0,-840987.0
23418,2070-08-01,GW_storage_UT_S_GW[AF],-8280.0,58677125935.0,-849267.0
23419,2070-09-01,GW_storage_UT_S_GW[AF],-8217.0,58935122487.0,-857484.0
23420,2070-10-01,GW_storage_UT_S_GW[AF],-8154.0,59191573450.0,-865638.0
23421,2070-11-01,GW_storage_UT_S_GW[AF],-8093.0,59446278042.0,-873731.0
23422,2070-12-01,GW_storage_UT_S_GW[AF],-8030.0,59699129256.0,-881761.0
23423,2023-06-01,GW_storage_WA_ID_AVA_GW[AF],9.0,15164430.0,9.0
23424,2023-07-01,GW_storage_WA_ID_AVA_GW[AF],29.0,17236845.0,38.0
23425,2023-08-01,GW_storage_WA_ID_AVA_GW[AF],54.0,19274971.0,92.0
23426,2023-09-01,GW_storage_WA_ID_AVA_GW[AF],69.0,21282260.0,161.0
23427,2023-10-01,GW_storage_WA_ID_AVA_GW[AF],71.0,23279746.0,232.0
23428,2023-11-01,GW_storage_WA_ID_AVA_GW[AF],73.0,25247116.0,305.0
23429,2023-12-01,GW_storage_WA_ID_AVA_GW[AF],74.0,27178503.0,379.0
23430,2024-01-01,GW_storage_WA_ID_AVA_GW[AF],71.0,29079026.0,450.0
23431,2024-02-01,GW_storage_WA_ID_AVA_GW[AF],68.0,30951693.0,518.0
23432,2024-03-01,GW_storage_WA_ID_AVA_GW[AF],65.0,32794640.0,583.0
23433,2024-04-01,GW_storage_WA_ID_AVA_GW[AF],72.0,34598451.0,655.0
23434,2024-05-01,GW_storage_WA_ID_AVA_GW[AF],78.0,36379549.0,733.0
23435,2024-06-01,GW_storage_WA_ID_AVA_GW[AF],99.0,38134426.0,832.0
23436,2024-07-01,GW_storage_WA_ID_AVA_GW[AF],119.0,39862715.0,951.0
23437,2024-08-01,GW_storage_WA_ID_AVA_GW[AF],130.0,41565221.0,1081.0
23438,2024-09-01,GW_storage_WA_ID_AVA_GW[AF],138.0,43242727.0,1219.0
23439,2024-10-01,GW_storage_WA_ID_AVA_GW[AF],145.0,44894530.0,1364.0
23440,2024-11-01,GW_storage_WA_ID_AVA_GW[AF],149.0,46522142.0,1513.0
23441,2024-12-01,GW_storage_WA_ID_AVA_GW[AF],152.0,48125394.0,1665.0
23442,2025-01-01,GW_storage_WA_ID_AVA_GW[AF],154.0,49704625.0,1819.0
23443,2025-02-01,GW_storage_WA_ID_AVA_GW[AF],154.0,51264049.0,1973.0
23444,2025-03-01,GW_storage_WA_ID_AVA_GW[AF],155.0,52800150.0,2128.0
23445,2025-04-01,GW_storage_WA_ID_AVA_GW[AF],151.0,54422403.0,2279.0
23446,2025-05-01,GW_storage_WA_ID_AVA_GW[AF],150.0,56023530.0,2429.0
23447,2025-06-01,GW_storage_WA_ID_AVA_GW[AF],154.0,57673121.0,2583.0
23448,2025-07-01,GW_storage_WA_ID_AVA_GW[AF],-46.0,59233291.0,2537.0
23449,2025-08-01,GW_storage_WA_ID_AVA_GW[AF],204292.0,60752330.0,206829.0
23450,2025-09-01,GW_storage_WA_ID_AVA_GW[AF],348340.0,63291561.0,555169.0
23451,2025-10-01,GW_storage_WA_ID_AVA_GW[AF],367409.0,66117192.0,922578.0
23452,2025-11-01,GW_storage_WA_ID_AVA_GW[AF],379707.0,69169207.0,1302285.0
23453,2025-12-01,GW_storage_WA_ID_AVA_GW[AF],387098.0,72377661.0,1689383.0
23454,2026-01-01,GW_storage_WA_ID_AVA_GW[AF],391855.0,75644729.0,2081238.0
23455,2026-02-01,GW_storage_WA_ID_AVA_GW[AF],396092.0,83025589.0,2477330.0
23456,2026-03-01,GW_storage_WA_ID_AVA_GW[AF],398317.0,93674924.0,2875647.0
23457,2026-04-01,GW_storage_WA_ID_AVA_GW[AF],395693.0,112497734.0,3271340.0
23458,2026-05-01,GW_storage_WA_ID_AVA_GW[AF],1514325.0,136460613.0,4785665.0
23459,2026-06-01,GW_storage_WA_ID_AVA_GW[AF],1478556.0,160180041.0,6264221.0
23460,2026-07-01,GW_storage_WA_ID_AVA_GW[AF],1473590.0,184580314.0,7737811.0
23461,2026-08-01,GW_storage_WA_ID_AVA_GW[AF],1438566.0,208538131.0,9176377.0
23462,2026-09-01,GW_storage_WA_ID_AVA_GW[AF],1405707.0,232132273.0,10582084.0
23463,2026-10-01,GW_storage_WA_ID_AVA_GW[AF],1371317.0,255250646.0,11953401.0
23464,2026-11-01,GW_storage_WA_ID_AVA_GW[AF],1338759.0,277908394.0,13292160.0
23465,2026-12-01,GW_storage_WA_ID_AVA_GW[AF],1305850.0,300103214.0,14598010.0
23466,2027-01-01,GW_storage_WA_ID_AVA_GW[AF],1273702.0,321847786.0,15871712.0
23467,2027-02-01,GW_storage_WA_ID_AVA_GW[AF],1245360.0,343199646.0,17117072.0
23468,2027-03-01,GW_storage_WA_ID_AVA_GW[AF],1214658.0,369620421.0,18331730.0
23469,2027-04-01,GW_storage_WA_ID_AVA_GW[AF],1185658.0,409179141.0,19517388.0
23470,2027-05-01,GW_storage_WA_ID_AVA_GW[AF],1500998.0,455970259.0,21018386.0
23471,2027-06-01,GW_storage_WA_ID_AVA_GW[AF],1465018.0,506103237.0,22483404.0
23472,2027-07-01,GW_storage_WA_ID_AVA_GW[AF],1428688.0,558027240.0,23912092.0
23473,2027-08-01,GW_storage_WA_ID_AVA_GW[AF],1423438.0,610747556.0,25335530.0
23474,2027-09-01,GW_storage_WA_ID_AVA_GW[AF],1389276.0,662576568.0,26724806.0
23475,2027-10-01,GW_storage_WA_ID_AVA_GW[AF],1354820.0,713531026.0,28079626.0
23476,2027-11-01,GW_storage_WA_ID_AVA_GW[AF],1322302.0,763602436.0,29401928.0
23477,2027-12-01,GW_storage_WA_ID_AVA_GW[AF],1289509.0,812846873.0,30691437.0
23478,2028-01-01,GW_storage_WA_ID_AVA_GW[AF],1257531.0,861121911.0,31948968.0
23479,2028-02-01,GW_storage_WA_ID_AVA_GW[AF],1228357.0,908650771.0,33177325.0
23480,2028-03-01,GW_storage_WA_ID_AVA_GW[AF],1197894.0,959000163.0,34375219.0
23481,2028-04-01,GW_storage_WA_ID_AVA_GW[AF],1169143.0,1012039411.0,35544362.0
23482,2028-05-01,GW_storage_WA_ID_AVA_GW[AF],2543994.0,1068060916.0,38088356.0
23483,2028-06-01,GW_storage_WA_ID_AVA_GW[AF],2482935.0,1125203670.0,40571291.0
23484,2028-07-01,GW_storage_WA_ID_AVA_GW[AF],2425208.0,1183903968.0,42996499.0
23485,2028-08-01,GW_storage_WA_ID_AVA_GW[AF],2375014.0,1241633200.0,45371513.0
23486,2028-09-01,GW_storage_WA_ID_AVA_GW[AF],2324275.0,1298536546.0,47695788.0
23487,2028-10-01,GW_storage_WA_ID_AVA_GW[AF],2267582.0,1354465802.0,49963370.0
23488,2028-11-01,GW_storage_WA_ID_AVA_GW[AF],2213875.0,1409406877.0,52177245.0
23489,2028-12-01,GW_storage_WA_ID_AVA_GW[AF],2159531.0,1463330743.0,54336776.0
23490,2029-01-01,GW_storage_WA_ID_AVA_GW[AF],2106433.0,1516331973.0,56443209.0
23491,2029-02-01,GW_storage_WA_ID_AVA_GW[AF],2059679.0,1568436361.0,58502888.0
23492,2029-03-01,GW_storage_WA_ID_AVA_GW[AF],2009006.0,1622957905.0,60511894.0
23493,2029-04-01,GW_storage_WA_ID_AVA_GW[AF],1961136.0,1679352962.0,62473030.0
23494,2029-05-01,GW_storage_WA_ID_AVA_GW[AF],1912685.0,1742904338.0,64385715.0
23495,2029-06-01,GW_storage_WA_ID_AVA_GW[AF],1866818.0,1807169538.0,66252533.0
23496,2029-07-01,GW_storage_WA_ID_AVA_GW[AF],1823779.0,1872474684.0,68076312.0
23497,2029-08-01,GW_storage_WA_ID_AVA_GW[AF],1786799.0,1936569687.0,69863111.0
23498,2029-09-01,GW_storage_WA_ID_AVA_GW[AF],1749061.0,1999536921.0,71612172.0
23499,2029-10-01,GW_storage_WA_ID_AVA_GW[AF],1706424.0,2061251234.0,73318596.0
23500,2029-11-01,GW_storage_WA_ID_AVA_GW[AF],1666022.0,2121792309.0,74984618.0
23501,2029-12-01,GW_storage_WA_ID_AVA_GW[AF],1625151.0,2181276298.0,76609769.0
23502,2030-01-01,GW_storage_WA_ID_AVA_GW[AF],1585214.0,2239598911.0,78194983.0
23503,2030-02-01,GW_storage_WA_ID_AVA_GW[AF],1550005.0,2296908282.0,79744988.0
23504,2030-03-01,GW_storage_WA_ID_AVA_GW[AF],1511816.0,2353273149.0,81256804.0
23505,2030-04-01,GW_storage_WA_ID_AVA_GW[AF],1536670.0,2408813513.0,82793474.0
23506,2030-05-01,GW_storage_WA_ID_AVA_GW[AF],1501019.0,2463288321.0,84294493.0
23507,2030-06-01,GW_storage_WA_ID_AVA_GW[AF],1471116.0,2519189259.0,85765609.0
23508,2030-07-01,GW_storage_WA_ID_AVA_GW[AF],1442367.0,2574987711.0,87207976.0
23509,2030-08-01,GW_storage_WA_ID_AVA_GW[AF],1414422.0,2629845780.0,88622398.0
23510,2030-09-01,GW_storage_WA_ID_AVA_GW[AF],1387414.0,2683731630.0,90009812.0
23511,2030-10-01,GW_storage_WA_ID_AVA_GW[AF],1358680.0,2736573135.0,91368492.0
23512,2030-11-01,GW_storage_WA_ID_AVA_GW[AF],1330450.0,2788437015.0,92698942.0
23513,2030-12-01,GW_storage_WA_ID_AVA_GW[AF],1301011.0,2839371858.0,93999953.0
23514,2031-01-01,GW_storage_WA_ID_AVA_GW[AF],1271626.0,2889285425.0,95271579.0
23515,2031-02-01,GW_storage_WA_ID_AVA_GW[AF],1245600.0,2938331300.0,96517179.0
23516,2031-03-01,GW_storage_WA_ID_AVA_GW[AF],1216968.0,2986403207.0,97734147.0
23517,2031-04-01,GW_storage_WA_ID_AVA_GW[AF],1189194.0,3034117058.0,98923341.0
23518,2031-05-01,GW_storage_WA_ID_AVA_GW[AF],1160062.0,3081639947.0,100083403.0
23519,2031-06-01,GW_storage_WA_ID_AVA_GW[AF],1134434.0,3128466639.0,101217837.0
23520,2031-07-01,GW_storage_WA_ID_AVA_GW[AF],1112468.0,3175256040.0,102330305.0
23521,2031-08-01,GW_storage_WA_ID_AVA_GW[AF],1093547.0,3221201089.0,103423852.0
23522,2031-09-01,GW_storage_WA_ID_AVA_GW[AF],1072241.0,3266538806.0,104496093.0
23523,2031-10-01,GW_storage_WA_ID_AVA_GW[AF],1046427.0,3311005126.0,105542520.0
23524,2031-11-01,GW_storage_WA_ID_AVA_GW[AF],1021891.0,3354843436.0,106564411.0
23525,2031-12-01,GW_storage_WA_ID_AVA_GW[AF],997008.0,3397917039.0,107561419.0
23526,2032-01-01,GW_storage_WA_ID_AVA_GW[AF],972666.0,3440765830.0,108534085.0
23527,2032-02-01,GW_storage_WA_ID_AVA_GW[AF],950422.0,3500332884.0,109484507.0
23528,2032-03-01,GW_storage_WA_ID_AVA_GW[AF],927127.0,3570397039.0,110411634.0
23529,2032-04-01,GW_storage_WA_ID_AVA_GW[AF],905050.0,3645988541.0,111316684.0
23530,2032-05-01,GW_storage_WA_ID_AVA_GW[AF],882653.0,3723860841.0,112199337.0
23531,2032-06-01,GW_storage_WA_ID_AVA_GW[AF],861483.0,3803847465.0,113060820.0
23532,2032-07-01,GW_storage_WA_ID_AVA_GW[AF],840132.0,3884065220.0,113900952.0
23533,2032-08-01,GW_storage_WA_ID_AVA_GW[AF],822758.0,3963910669.0,114723710.0
23534,2032-09-01,GW_storage_WA_ID_AVA_GW[AF],804928.0,4042724779.0,115528638.0
23535,2032-10-01,GW_storage_WA_ID_AVA_GW[AF],785285.0,4120308321.0,116313923.0
23536,2032-11-01,GW_storage_WA_ID_AVA_GW[AF],766674.0,4196679403.0,117080597.0
23537,2032-12-01,GW_storage_WA_ID_AVA_GW[AF],747850.0,4271822754.0,117828447.0
23538,2033-01-01,GW_storage_WA_ID_AVA_GW[AF],729459.0,4345538492.0,118557906.0
23539,2033-02-01,GW_storage_WA_ID_AVA_GW[AF],713258.0,4423218301.0,119271164.0
23540,2033-03-01,GW_storage_WA_ID_AVA_GW[AF],695690.0,4505470297.0,119966854.0
23541,2033-04-01,GW_storage_WA_ID_AVA_GW[AF],679071.0,4590681136.0,120645925.0
23542,2033-05-01,GW_storage_WA_ID_AVA_GW[AF],662258.0,4675360581.0,121308183.0
23543,2033-06-01,GW_storage_WA_ID_AVA_GW[AF],681046.0,4760708398.0,121989229.0
23544,2033-07-01,GW_storage_WA_ID_AVA_GW[AF],682490.0,4846138178.0,122671719.0
23545,2033-08-01,GW_storage_WA_ID_AVA_GW[AF],667295.0,4931118427.0,123339014.0
23546,2033-09-01,GW_storage_WA_ID_AVA_GW[AF],653164.0,5014914731.0,123992178.0
23547,2033-10-01,GW_storage_WA_ID_AVA_GW[AF],637554.0,5097508172.0,124629732.0
23548,2033-11-01,GW_storage_WA_ID_AVA_GW[AF],622712.0,5178663669.0,125252444.0
23549,2033-12-01,GW_storage_WA_ID_AVA_GW[AF],607629.0,5258443309.0,125860073.0
23550,2034-01-01,GW_storage_WA_ID_AVA_GW[AF],592852.0,5339163828.0,126452925.0
23551,2034-02-01,GW_storage_WA_ID_AVA_GW[AF],579825.0,5418722190.0,127032750.0
23552,2034-03-01,GW_storage_WA_ID_AVA_GW[AF],565669.0,5500220744.0,127598419.0
23553,2034-04-01,GW_storage_WA_ID_AVA_GW[AF],552293.0,5584032903.0,128150712.0
23554,2034-05-01,GW_storage_WA_ID_AVA_GW[AF],2170393.0,5676873319.0,130321105.0
23555,2034-06-01,GW_storage_WA_ID_AVA_GW[AF],2118357.0,5773341236.0,132439462.0
23556,2034-07-01,GW_storage_WA_ID_AVA_GW[AF],2094900.0,5871231225.0,134534362.0
23557,2034-08-01,GW_storage_WA_ID_AVA_GW[AF],2044310.0,5968392389.0,136578672.0
23558,2034-09-01,GW_storage_WA_ID_AVA_GW[AF],1996573.0,6064112138.0,138575245.0
23559,2034-10-01,GW_storage_WA_ID_AVA_GW[AF],1947263.0,6158273690.0,140522508.0
23560,2034-11-01,GW_storage_WA_ID_AVA_GW[AF],1900677.0,6251013792.0,142423185.0
23561,2034-12-01,GW_storage_WA_ID_AVA_GW[AF],1853660.0,6342469856.0,144276845.0
23562,2035-01-01,GW_storage_WA_ID_AVA_GW[AF],1807790.0,6432436397.0,146084635.0
23563,2035-02-01,GW_storage_WA_ID_AVA_GW[AF],1767380.0,6520973109.0,147852015.0
23564,2035-03-01,GW_storage_WA_ID_AVA_GW[AF],1723624.0,6608114132.0,149575639.0
23565,2035-04-01,GW_storage_WA_ID_AVA_GW[AF],1682303.0,6694040771.0,151257942.0
23566,2035-05-01,GW_storage_WA_ID_AVA_GW[AF],1640589.0,6778544504.0,152898531.0
23567,2035-06-01,GW_storage_WA_ID_AVA_GW[AF],1602307.0,6863239534.0,154500838.0
23568,2035-07-01,GW_storage_WA_ID_AVA_GW[AF],1565376.0,6947511289.0,156066214.0
23569,2035-08-01,GW_storage_WA_ID_AVA_GW[AF],1530352.0,7030376153.0,157596566.0
23570,2035-09-01,GW_storage_WA_ID_AVA_GW[AF],1495853.0,7112119087.0,159092419.0
23571,2035-10-01,GW_storage_WA_ID_AVA_GW[AF],1459120.0,7192574428.0,160551539.0
23572,2035-11-01,GW_storage_WA_ID_AVA_GW[AF],1424371.0,7271865334.0,161975910.0
23573,2035-12-01,GW_storage_WA_ID_AVA_GW[AF],1389265.0,7350179909.0,163365175.0
23574,2036-01-01,GW_storage_WA_ID_AVA_GW[AF],1354999.0,7427195979.0,164720174.0
23575,2036-02-01,GW_storage_WA_ID_AVA_GW[AF],1323724.0,7503024891.0,166043898.0
23576,2036-03-01,GW_storage_WA_ID_AVA_GW[AF],1291030.0,7577632108.0,167334928.0
23577,2036-04-01,GW_storage_WA_ID_AVA_GW[AF],1260136.0,7651185144.0,168595064.0
23578,2036-05-01,GW_storage_WA_ID_AVA_GW[AF],1929539.0,7724300240.0,170524603.0
23579,2036-06-01,GW_storage_WA_ID_AVA_GW[AF],1883250.0,7796353708.0,172407853.0
23580,2036-07-01,GW_storage_WA_ID_AVA_GW[AF],1837642.0,7867314948.0,174245495.0
23581,2036-08-01,GW_storage_WA_ID_AVA_GW[AF],1794981.0,7937241278.0,176040476.0
23582,2036-09-01,GW_storage_WA_ID_AVA_GW[AF],1753825.0,8006295323.0,177794301.0
23583,2036-10-01,GW_storage_WA_ID_AVA_GW[AF],1710628.0,8074305646.0,179504929.0
23584,2036-11-01,GW_storage_WA_ID_AVA_GW[AF],1669798.0,8141376577.0,181174727.0
23585,2036-12-01,GW_storage_WA_ID_AVA_GW[AF],1628564.0,8207644541.0,182803291.0
23586,2037-01-01,GW_storage_WA_ID_AVA_GW[AF],1588319.0,8273161410.0,184391610.0
23587,2037-02-01,GW_storage_WA_ID_AVA_GW[AF],1552867.0,8337733681.0,185944477.0
23588,2037-03-01,GW_storage_WA_ID_AVA_GW[AF],1514466.0,8401237350.0,187458943.0
23589,2037-04-01,GW_storage_WA_ID_AVA_GW[AF],1478179.0,8463716442.0,188937122.0
23590,2037-05-01,GW_storage_WA_ID_AVA_GW[AF],1441538.0,8525229166.0,190378660.0
23591,2037-06-01,GW_storage_WA_ID_AVA_GW[AF],1407789.0,8585780498.0,191786449.0
23592,2037-07-01,GW_storage_WA_ID_AVA_GW[AF],1375046.0,8645518277.0,193161495.0
23593,2037-08-01,GW_storage_WA_ID_AVA_GW[AF],1343873.0,8704580765.0,194505368.0
23594,2037-09-01,GW_storage_WA_ID_AVA_GW[AF],1315122.0,8763159684.0,195820490.0
23595,2037-10-01,GW_storage_WA_ID_AVA_GW[AF],1285747.0,8821181815.0,197106237.0
23596,2037-11-01,GW_storage_WA_ID_AVA_GW[AF],1257302.0,8878677095.0,198363539.0
23597,2037-12-01,GW_storage_WA_ID_AVA_GW[AF],1228070.0,8935618642.0,199591609.0
23598,2038-01-01,GW_storage_WA_ID_AVA_GW[AF],1199243.0,8991690289.0,200790852.0
23599,2038-02-01,GW_storage_WA_ID_AVA_GW[AF],1173806.0,9049081585.0,201964658.0
23600,2038-03-01,GW_storage_WA_ID_AVA_GW[AF],1145961.0,9108044798.0,203110619.0
23601,2038-04-01,GW_storage_WA_ID_AVA_GW[AF],1119238.0,9168794933.0,204229857.0
23602,2038-05-01,GW_storage_WA_ID_AVA_GW[AF],1091749.0,9229969082.0,205321606.0
23603,2038-06-01,GW_storage_WA_ID_AVA_GW[AF],1066727.0,9290494843.0,206388333.0
23604,2038-07-01,GW_storage_WA_ID_AVA_GW[AF],1043221.0,9350294408.0,207431554.0
23605,2038-08-01,GW_storage_WA_ID_AVA_GW[AF],1021478.0,9409318940.0,208453032.0
23606,2038-09-01,GW_storage_WA_ID_AVA_GW[AF],999342.0,9467673979.0,209452374.0
23607,2038-10-01,GW_storage_WA_ID_AVA_GW[AF],974906.0,9525253636.0,210427280.0
23608,2038-11-01,GW_storage_WA_ID_AVA_GW[AF],951766.0,9582098472.0,211379046.0
23609,2038-12-01,GW_storage_WA_ID_AVA_GW[AF],928369.0,9638248766.0,212307415.0
23610,2039-01-01,GW_storage_WA_ID_AVA_GW[AF],905517.0,9693650977.0,213212932.0
23611,2039-02-01,GW_storage_WA_ID_AVA_GW[AF],885379.0,9750458830.0,214098311.0
23612,2039-03-01,GW_storage_WA_ID_AVA_GW[AF],863548.0,9809156458.0,214961859.0
23613,2039-04-01,GW_storage_WA_ID_AVA_GW[AF],842899.0,9868559467.0,215804758.0
23614,2039-05-01,GW_storage_WA_ID_AVA_GW[AF],822013.0,9927385773.0,216626771.0
23615,2039-06-01,GW_storage_WA_ID_AVA_GW[AF],811714.0,9986965256.0,217438485.0
23616,2039-07-01,GW_storage_WA_ID_AVA_GW[AF],792242.0,10046475029.0,218230727.0
23617,2039-08-01,GW_storage_WA_ID_AVA_GW[AF],774234.0,10105238592.0,219004961.0
23618,2039-09-01,GW_storage_WA_ID_AVA_GW[AF],756690.0,10163363477.0,219761651.0
23619,2039-10-01,GW_storage_WA_ID_AVA_GW[AF],738078.0,10220781260.0,220499729.0
23620,2039-11-01,GW_storage_WA_ID_AVA_GW[AF],720484.0,10277373162.0,221220213.0
23621,2039-12-01,GW_storage_WA_ID_AVA_GW[AF],702714.0,10333185165.0,221922927.0
23622,2040-01-01,GW_storage_WA_ID_AVA_GW[AF],685367.0,10388289039.0,222608294.0
23623,2040-02-01,GW_storage_WA_ID_AVA_GW[AF],669532.0,10442633493.0,223277826.0
23624,2040-03-01,GW_storage_WA_ID_AVA_GW[AF],652988.0,10496196844.0,223930814.0
23625,2040-04-01,GW_storage_WA_ID_AVA_GW[AF],637349.0,10549040409.0,224568163.0
23626,2040-05-01,GW_storage_WA_ID_AVA_GW[AF],621555.0,10601395194.0,225189718.0
23627,2040-06-01,GW_storage_WA_ID_AVA_GW[AF],607563.0,10653107949.0,225797281.0
23628,2040-07-01,GW_storage_WA_ID_AVA_GW[AF],594820.0,10704171007.0,226392101.0
23629,2040-08-01,GW_storage_WA_ID_AVA_GW[AF],583088.0,10754605305.0,226975189.0
23630,2040-09-01,GW_storage_WA_ID_AVA_GW[AF],572609.0,10804445973.0,227547798.0
23631,2040-10-01,GW_storage_WA_ID_AVA_GW[AF],561704.0,10853648570.0,228109502.0
23632,2040-11-01,GW_storage_WA_ID_AVA_GW[AF],550689.0,10902484914.0,228660191.0
23633,2040-12-01,GW_storage_WA_ID_AVA_GW[AF],539056.0,10950730644.0,229199247.0
23634,2041-01-01,GW_storage_WA_ID_AVA_GW[AF],527410.0,10998281298.0,229726657.0
23635,2041-02-01,GW_storage_WA_ID_AVA_GW[AF],517107.0,11047818234.0,230243764.0
23636,2041-03-01,GW_storage_WA_ID_AVA_GW[AF],505599.0,11099139984.0,230749363.0
23637,2041-04-01,GW_storage_WA_ID_AVA_GW[AF],494220.0,11151170281.0,231243583.0
23638,2041-05-01,GW_storage_WA_ID_AVA_GW[AF],482133.0,11202540882.0,231725716.0
23639,2041-06-01,GW_storage_WA_ID_AVA_GW[AF],471563.0,11253584926.0,232197279.0
23640,2041-07-01,GW_storage_WA_ID_AVA_GW[AF],462333.0,11304087287.0,232659612.0
23641,2041-08-01,GW_storage_WA_ID_AVA_GW[AF],454302.0,11354085428.0,233113914.0
23642,2041-09-01,GW_storage_WA_ID_AVA_GW[AF],445582.0,11403615397.0,233559496.0
23643,2041-10-01,GW_storage_WA_ID_AVA_GW[AF],435081.0,11452671944.0,233994577.0
23644,2041-11-01,GW_storage_WA_ID_AVA_GW[AF],425062.0,11501212889.0,234419639.0
23645,2041-12-01,GW_storage_WA_ID_AVA_GW[AF],414844.0,11549056939.0,234834483.0
23646,2042-01-01,GW_storage_WA_ID_AVA_GW[AF],404806.0,11596204581.0,235239289.0
23647,2042-02-01,GW_storage_WA_ID_AVA_GW[AF],395949.0,11642935334.0,235635238.0
23648,2042-03-01,GW_storage_WA_ID_AVA_GW[AF],386320.0,11689092595.0,236021558.0
23649,2042-04-01,GW_storage_WA_ID_AVA_GW[AF],377185.0,11735022869.0,236398743.0
23650,2042-05-01,GW_storage_WA_ID_AVA_GW[AF],367893.0,11780876718.0,236766636.0
23651,2042-06-01,GW_storage_WA_ID_AVA_GW[AF],359734.0,11826092725.0,237126370.0
23652,2042-07-01,GW_storage_WA_ID_AVA_GW[AF],352546.0,11871546727.0,237478916.0
23653,2042-08-01,GW_storage_WA_ID_AVA_GW[AF],346167.0,11916431990.0,237825083.0
23654,2042-09-01,GW_storage_WA_ID_AVA_GW[AF],339176.0,11960791410.0,238164259.0
23655,2042-10-01,GW_storage_WA_ID_AVA_GW[AF],330960.0,12004660184.0,238495219.0
23656,2042-11-01,GW_storage_WA_ID_AVA_GW[AF],323161.0,12048130811.0,238818380.0
23657,2042-12-01,GW_storage_WA_ID_AVA_GW[AF],315268.0,12091062837.0,239133648.0
23658,2043-01-01,GW_storage_WA_ID_AVA_GW[AF],307553.0,12133444088.0,239441201.0
23659,2043-02-01,GW_storage_WA_ID_AVA_GW[AF],300751.0,12175363925.0,239741952.0
23660,2043-03-01,GW_storage_WA_ID_AVA_GW[AF],293367.0,12216725340.0,240035319.0
23661,2043-04-01,GW_storage_WA_ID_AVA_GW[AF],286372.0,12257666079.0,240321691.0
23662,2043-05-01,GW_storage_WA_ID_AVA_GW[AF],279285.0,12298078753.0,240600976.0
23663,2043-06-01,GW_storage_WA_ID_AVA_GW[AF],273052.0,12338040338.0,240874028.0
23664,2043-07-01,GW_storage_WA_ID_AVA_GW[AF],267404.0,12377535688.0,241141432.0
23665,2043-08-01,GW_storage_WA_ID_AVA_GW[AF],262165.0,12416568319.0,241403597.0
23666,2043-09-01,GW_storage_WA_ID_AVA_GW[AF],256654.0,12455234071.0,241660251.0
23667,2043-10-01,GW_storage_WA_ID_AVA_GW[AF],250414.0,12493493716.0,241910665.0
23668,2043-11-01,GW_storage_WA_ID_AVA_GW[AF],244503.0,12531340494.0,242155168.0
23669,2043-12-01,GW_storage_WA_ID_AVA_GW[AF],238516.0,12568703212.0,242393684.0
23670,2044-01-01,GW_storage_WA_ID_AVA_GW[AF],232664.0,12605614127.0,242626348.0
23671,2044-02-01,GW_storage_WA_ID_AVA_GW[AF],227320.0,12642100391.0,242853668.0
23672,2044-03-01,GW_storage_WA_ID_AVA_GW[AF],221727.0,12678094207.0,243075395.0
23673,2044-04-01,GW_storage_WA_ID_AVA_GW[AF],216431.0,12715489683.0,243291826.0
23674,2044-05-01,GW_storage_WA_ID_AVA_GW[AF],1160722.0,12757376464.0,244452548.0
23675,2044-06-01,GW_storage_WA_ID_AVA_GW[AF],1132868.0,12798680033.0,245585416.0
23676,2044-07-01,GW_storage_WA_ID_AVA_GW[AF],1105965.0,12840178366.0,246691381.0
23677,2044-08-01,GW_storage_WA_ID_AVA_GW[AF],1081582.0,12881238666.0,247772963.0
23678,2044-09-01,GW_storage_WA_ID_AVA_GW[AF],1057737.0,12921922929.0,248830700.0
23679,2044-10-01,GW_storage_WA_ID_AVA_GW[AF],1032115.0,12962137170.0,249862815.0
23680,2044-11-01,GW_storage_WA_ID_AVA_GW[AF],1007795.0,13001917872.0,250870610.0
23681,2044-12-01,GW_storage_WA_ID_AVA_GW[AF],983153.0,13041192913.0,251853763.0
23682,2045-01-01,GW_storage_WA_ID_AVA_GW[AF],959048.0,13079996277.0,252812811.0
23683,2045-02-01,GW_storage_WA_ID_AVA_GW[AF],937787.0,13119222084.0,253750598.0
23684,2045-03-01,GW_storage_WA_ID_AVA_GW[AF],914738.0,13158364150.0,254665336.0
23685,2045-04-01,GW_storage_WA_ID_AVA_GW[AF],892898.0,13198157185.0,255558234.0
23686,2045-05-01,GW_storage_WA_ID_AVA_GW[AF],870770.0,13237869018.0,256429004.0
23687,2045-06-01,GW_storage_WA_ID_AVA_GW[AF],849876.0,13278774379.0,257278880.0
23688,2045-07-01,GW_storage_WA_ID_AVA_GW[AF],828804.0,13324244062.0,258107684.0
23689,2045-08-01,GW_storage_WA_ID_AVA_GW[AF],809919.0,13372386542.0,258917603.0
23690,2045-09-01,GW_storage_WA_ID_AVA_GW[AF],792127.0,13419876881.0,259709730.0
23691,2045-10-01,GW_storage_WA_ID_AVA_GW[AF],772758.0,13466818785.0,260482488.0
23692,2045-11-01,GW_storage_WA_ID_AVA_GW[AF],754424.0,13513160105.0,261236912.0
23693,2045-12-01,GW_storage_WA_ID_AVA_GW[AF],735884.0,13560745919.0,261972796.0
23694,2046-01-01,GW_storage_WA_ID_AVA_GW[AF],717779.0,13615290772.0,262690575.0
23695,2046-02-01,GW_storage_WA_ID_AVA_GW[AF],701823.0,13677811710.0,263392398.0
23696,2046-03-01,GW_storage_WA_ID_AVA_GW[AF],684515.0,13748607831.0,264076913.0
23697,2046-04-01,GW_storage_WA_ID_AVA_GW[AF],668143.0,13826873589.0,264745056.0
23698,2046-05-01,GW_storage_WA_ID_AVA_GW[AF],651591.0,13907944967.0,265396647.0
23699,2046-06-01,GW_storage_WA_ID_AVA_GW[AF],635971.0,13989979852.0,266032618.0
23700,2046-07-01,GW_storage_WA_ID_AVA_GW[AF],627038.0,14071604903.0,266659656.0
23701,2046-08-01,GW_storage_WA_ID_AVA_GW[AF],630669.0,14152131683.0,267290325.0
23702,2046-09-01,GW_storage_WA_ID_AVA_GW[AF],628179.0,14231617714.0,267918504.0
23703,2046-10-01,GW_storage_WA_ID_AVA_GW[AF],614594.0,14310005025.0,268533098.0
23704,2046-11-01,GW_storage_WA_ID_AVA_GW[AF],601412.0,14387273527.0,269134510.0
23705,2046-12-01,GW_storage_WA_ID_AVA_GW[AF],587759.0,14463437376.0,269722269.0
23706,2047-01-01,GW_storage_WA_ID_AVA_GW[AF],574232.0,14538457981.0,270296501.0
23707,2047-02-01,GW_storage_WA_ID_AVA_GW[AF],562255.0,14612508014.0,270858756.0
23708,2047-03-01,GW_storage_WA_ID_AVA_GW[AF],549073.0,14685452283.0,271407829.0
23709,2047-04-01,GW_storage_WA_ID_AVA_GW[AF],3919347.0,14764472816.0,275327176.0
23710,2047-05-01,GW_storage_WA_ID_AVA_GW[AF],6861203.0,14860897341.0,282188379.0
23711,2047-06-01,GW_storage_WA_ID_AVA_GW[AF],9247615.0,14972506362.0,291435994.0
23712,2047-07-01,GW_storage_WA_ID_AVA_GW[AF],10634303.0,15088231692.0,302070297.0
23713,2047-08-01,GW_storage_WA_ID_AVA_GW[AF],10479275.0,15203332934.0,312549572.0
23714,2047-09-01,GW_storage_WA_ID_AVA_GW[AF],10231351.0,15317492289.0,322780923.0
23715,2047-10-01,GW_storage_WA_ID_AVA_GW[AF],9978636.0,15430042333.0,332759559.0
23716,2047-11-01,GW_storage_WA_ID_AVA_GW[AF],9739906.0,15542831934.0,342499465.0
23717,2047-12-01,GW_storage_WA_ID_AVA_GW[AF],9498965.0,15653870877.0,351998430.0
23718,2048-01-01,GW_storage_WA_ID_AVA_GW[AF],9263893.0,15763169397.0,361262323.0
23719,2048-02-01,GW_storage_WA_ID_AVA_GW[AF],9049404.0,15872138297.0,370311727.0
23720,2048-03-01,GW_storage_WA_ID_AVA_GW[AF],8825372.0,15987897138.0,379137099.0
23721,2048-04-01,GW_storage_WA_ID_AVA_GW[AF],8613867.0,16106751114.0,387750966.0
23722,2048-05-01,GW_storage_WA_ID_AVA_GW[AF],8400365.0,16226738594.0,396151331.0
23723,2048-06-01,GW_storage_WA_ID_AVA_GW[AF],8245007.0,16346930466.0,404396338.0
23724,2048-07-01,GW_storage_WA_ID_AVA_GW[AF],8056472.0,16466203172.0,412452810.0
23725,2048-08-01,GW_storage_WA_ID_AVA_GW[AF],7883448.0,16583670765.0,420336258.0
23726,2048-09-01,GW_storage_WA_ID_AVA_GW[AF],7710733.0,16699553017.0,428046991.0
23727,2048-10-01,GW_storage_WA_ID_AVA_GW[AF],7522242.0,16813788962.0,435569233.0
23728,2048-11-01,GW_storage_WA_ID_AVA_GW[AF],7343806.0,16926416472.0,442913039.0
23729,2048-12-01,GW_storage_WA_ID_AVA_GW[AF],7163352.0,17038918116.0,450076391.0
23730,2049-01-01,GW_storage_WA_ID_AVA_GW[AF],6987093.0,17150214903.0,457063484.0
23731,2049-02-01,GW_storage_WA_ID_AVA_GW[AF],6831776.0,17259849423.0,463895260.0
23732,2049-03-01,GW_storage_WA_ID_AVA_GW[AF],6663383.0,17374140295.0,470558643.0
23733,2049-04-01,GW_storage_WA_ID_AVA_GW[AF],6504094.0,17496980626.0,477062737.0
23734,2049-05-01,GW_storage_WA_ID_AVA_GW[AF],7265274.0,17623520262.0,484328011.0
23735,2049-06-01,GW_storage_WA_ID_AVA_GW[AF],7090952.0,17749882278.0,491418963.0
23736,2049-07-01,GW_storage_WA_ID_AVA_GW[AF],6947093.0,17875311834.0,498366056.0
23737,2049-08-01,GW_storage_WA_ID_AVA_GW[AF],6801539.0,17998950915.0,505167595.0
23738,2049-09-01,GW_storage_WA_ID_AVA_GW[AF],6655674.0,18120987592.0,511823269.0
23739,2049-10-01,GW_storage_WA_ID_AVA_GW[AF],6493220.0,18241422265.0,518316489.0
23740,2049-11-01,GW_storage_WA_ID_AVA_GW[AF],6339388.0,18360102830.0,524655877.0
23741,2049-12-01,GW_storage_WA_ID_AVA_GW[AF],6183779.0,18476910369.0,530839656.0
23742,2050-01-01,GW_storage_WA_ID_AVA_GW[AF],6031706.0,18591916831.0,536871362.0
23743,2050-02-01,GW_storage_WA_ID_AVA_GW[AF],5897656.0,18705272956.0,542769018.0
23744,2050-03-01,GW_storage_WA_ID_AVA_GW[AF],5752291.0,18821028859.0,548521309.0
23745,2050-04-01,GW_storage_WA_ID_AVA_GW[AF],5614762.0,18940506995.0,554136071.0
23746,2050-05-01,GW_storage_WA_ID_AVA_GW[AF],5475641.0,19059600483.0,559611712.0
23747,2050-06-01,GW_storage_WA_ID_AVA_GW[AF],5413723.0,19178428021.0,565025435.0
23748,2050-07-01,GW_storage_WA_ID_AVA_GW[AF],5300041.0,19296435077.0,570325476.0
23749,2050-08-01,GW_storage_WA_ID_AVA_GW[AF],5201429.0,19412834260.0,575526905.0
23750,2050-09-01,GW_storage_WA_ID_AVA_GW[AF],5096402.0,19527808893.0,580623307.0
23751,2050-10-01,GW_storage_WA_ID_AVA_GW[AF],4973040.0,19641173895.0,585596347.0
23752,2050-11-01,GW_storage_WA_ID_AVA_GW[AF],4856024.0,19752769080.0,590452371.0
23753,2050-12-01,GW_storage_WA_ID_AVA_GW[AF],4737496.0,19862611454.0,595189867.0
23754,2051-01-01,GW_storage_WA_ID_AVA_GW[AF],4621550.0,19970764786.0,599811417.0
23755,2051-02-01,GW_storage_WA_ID_AVA_GW[AF],4519327.0,20077395432.0,604330744.0
23756,2051-03-01,GW_storage_WA_ID_AVA_GW[AF],4408419.0,20182370827.0,608739163.0
23757,2051-04-01,GW_storage_WA_ID_AVA_GW[AF],7042289.0,20291580463.0,615781452.0
23758,2051-05-01,GW_storage_WA_ID_AVA_GW[AF],6867801.0,20400038326.0,622649253.0
23759,2051-06-01,GW_storage_WA_ID_AVA_GW[AF],6763340.0,20508257786.0,629412593.0
23760,2051-07-01,GW_storage_WA_ID_AVA_GW[AF],6705730.0,20615875318.0,636118323.0
23761,2051-08-01,GW_storage_WA_ID_AVA_GW[AF],6599322.0,20722198437.0,642717645.0
23762,2051-09-01,GW_storage_WA_ID_AVA_GW[AF],6441109.0,20827038775.0,649158754.0
23763,2051-10-01,GW_storage_WA_ID_AVA_GW[AF],6281396.0,20930437548.0,655440150.0
23764,2051-11-01,GW_storage_WA_ID_AVA_GW[AF],6130658.0,21032468769.0,661570808.0
23765,2051-12-01,GW_storage_WA_ID_AVA_GW[AF],5978632.0,21133705710.0,667549440.0
23766,2052-01-01,GW_storage_WA_ID_AVA_GW[AF],5830374.0,21233433839.0,673379814.0
23767,2052-02-01,GW_storage_WA_ID_AVA_GW[AF],5695117.0,21331717041.0,679074931.0
23768,2052-03-01,GW_storage_WA_ID_AVA_GW[AF],5553888.0,21429607427.0,684628819.0
23769,2052-04-01,GW_storage_WA_ID_AVA_GW[AF],5420600.0,21527851494.0,690049419.0
23770,2052-05-01,GW_storage_WA_ID_AVA_GW[AF],5317715.0,21624977785.0,695367134.0
23771,2052-06-01,GW_storage_WA_ID_AVA_GW[AF],5197886.0,21720857498.0,700565020.0
23772,2052-07-01,GW_storage_WA_ID_AVA_GW[AF],5088785.0,21815421513.0,705653805.0
23773,2052-08-01,GW_storage_WA_ID_AVA_GW[AF],4989428.0,21908765850.0,710643233.0
23774,2052-09-01,GW_storage_WA_ID_AVA_GW[AF],4901897.0,22001026854.0,715545130.0
23775,2052-10-01,GW_storage_WA_ID_AVA_GW[AF],4812092.0,22092179195.0,720357222.0
23776,2052-11-01,GW_storage_WA_ID_AVA_GW[AF],4721508.0,22182158688.0,725078730.0
23777,2052-12-01,GW_storage_WA_ID_AVA_GW[AF],4624794.0,22270990851.0,729703524.0
23778,2053-01-01,GW_storage_WA_ID_AVA_GW[AF],4526765.0,22358572318.0,734230289.0
23779,2053-02-01,GW_storage_WA_ID_AVA_GW[AF],4439398.0,22445234888.0,738669687.0
23780,2053-03-01,GW_storage_WA_ID_AVA_GW[AF],4341607.0,22531338210.0,743011294.0
23781,2053-04-01,GW_storage_WA_ID_AVA_GW[AF],4244837.0,22618197854.0,747256131.0
23782,2053-05-01,GW_storage_WA_ID_AVA_GW[AF],4141200.0,22705000235.0,751397331.0
23783,2053-06-01,GW_storage_WA_ID_AVA_GW[AF],4048584.0,22792005107.0,755445915.0
23784,2053-07-01,GW_storage_WA_ID_AVA_GW[AF],3965190.0,22878611714.0,759411105.0
23785,2053-08-01,GW_storage_WA_ID_AVA_GW[AF],3889402.0,22964123789.0,763300507.0
23786,2053-09-01,GW_storage_WA_ID_AVA_GW[AF],3811523.0,23048536524.0,767112030.0
23787,2053-10-01,GW_storage_WA_ID_AVA_GW[AF],3718944.0,23131866519.0,770830974.0
23788,2053-11-01,GW_storage_WA_ID_AVA_GW[AF],3631119.0,23214276747.0,774462093.0
23789,2053-12-01,GW_storage_WA_ID_AVA_GW[AF],3542209.0,23295578937.0,778004302.0
23790,2054-01-01,GW_storage_WA_ID_AVA_GW[AF],3455293.0,23375761806.0,781459595.0
23791,2054-02-01,GW_storage_WA_ID_AVA_GW[AF],3378701.0,23454991045.0,784838296.0
23792,2054-03-01,GW_storage_WA_ID_AVA_GW[AF],3295685.0,23533194281.0,788133981.0
23793,2054-04-01,GW_storage_WA_ID_AVA_GW[AF],3217068.0,23610840643.0,791351049.0
23794,2054-05-01,GW_storage_WA_ID_AVA_GW[AF],3137434.0,23687968757.0,794488483.0
23795,2054-06-01,GW_storage_WA_ID_AVA_GW[AF],3068064.0,23764134532.0,797556547.0
23796,2054-07-01,GW_storage_WA_ID_AVA_GW[AF],3007026.0,23839346953.0,800563573.0
23797,2054-08-01,GW_storage_WA_ID_AVA_GW[AF],2952464.0,23913680649.0,803516037.0
23798,2054-09-01,GW_storage_WA_ID_AVA_GW[AF],2933448.0,23987275722.0,806449485.0
23799,2054-10-01,GW_storage_WA_ID_AVA_GW[AF],2862505.0,24060063673.0,809311990.0
23800,2054-11-01,GW_storage_WA_ID_AVA_GW[AF],2795208.0,24132040073.0,812107198.0
23801,2054-12-01,GW_storage_WA_ID_AVA_GW[AF],2727052.0,24203075252.0,814834250.0
23802,2055-01-01,GW_storage_WA_ID_AVA_GW[AF],2660384.0,24273232069.0,817494634.0
23803,2055-02-01,GW_storage_WA_ID_AVA_GW[AF],2601608.0,24346983422.0,820096242.0
23804,2055-03-01,GW_storage_WA_ID_AVA_GW[AF],2537796.0,24429418525.0,822634038.0
23805,2055-04-01,GW_storage_WA_ID_AVA_GW[AF],3263005.0,24519974284.0,825897043.0
23806,2055-05-01,GW_storage_WA_ID_AVA_GW[AF],3182206.0,24612887460.0,829079249.0
23807,2055-06-01,GW_storage_WA_ID_AVA_GW[AF],3105886.0,24705731755.0,832185135.0
23808,2055-07-01,GW_storage_WA_ID_AVA_GW[AF],3028867.0,24797561549.0,835214002.0
23809,2055-08-01,GW_storage_WA_ID_AVA_GW[AF],3041953.0,24888417864.0,838255955.0
23810,2055-09-01,GW_storage_WA_ID_AVA_GW[AF],2969477.0,24978247446.0,841225432.0
23811,2055-10-01,GW_storage_WA_ID_AVA_GW[AF],2895975.0,25067037402.0,844121407.0
23812,2055-11-01,GW_storage_WA_ID_AVA_GW[AF],2826583.0,25154620871.0,846947990.0
23813,2055-12-01,GW_storage_WA_ID_AVA_GW[AF],2756567.0,25240958786.0,849704557.0
23814,2056-01-01,GW_storage_WA_ID_AVA_GW[AF],2688275.0,25326085001.0,852392832.0
23815,2056-02-01,GW_storage_WA_ID_AVA_GW[AF],2625967.0,25410115783.0,855018799.0
23816,2056-03-01,GW_storage_WA_ID_AVA_GW[AF],2560899.0,25493046199.0,857579698.0
23817,2056-04-01,GW_storage_WA_ID_AVA_GW[AF],5509231.0,25579867650.0,863088929.0
23818,2056-05-01,GW_storage_WA_ID_AVA_GW[AF],5372631.0,25665994452.0,868461560.0
23819,2056-06-01,GW_storage_WA_ID_AVA_GW[AF],5243693.0,25751014051.0,873705253.0
23820,2056-07-01,GW_storage_WA_ID_AVA_GW[AF],5158272.0,25834999057.0,878863525.0
23821,2056-08-01,GW_storage_WA_ID_AVA_GW[AF],5044483.0,25918012980.0,883908008.0
23822,2056-09-01,GW_storage_WA_ID_AVA_GW[AF],4932855.0,26000006720.0,888840863.0
23823,2056-10-01,GW_storage_WA_ID_AVA_GW[AF],4812313.0,26080893812.0,893653176.0
23824,2056-11-01,GW_storage_WA_ID_AVA_GW[AF],4698141.0,26160908259.0,898351317.0
23825,2056-12-01,GW_storage_WA_ID_AVA_GW[AF],4582652.0,26240212456.0,902933969.0
23826,2057-01-01,GW_storage_WA_ID_AVA_GW[AF],4469895.0,26318587848.0,907403864.0
23827,2057-02-01,GW_storage_WA_ID_AVA_GW[AF],4370592.0,26395985372.0,911774456.0
23828,2057-03-01,GW_storage_WA_ID_AVA_GW[AF],4262952.0,26472734266.0,916037408.0
23829,2057-04-01,GW_storage_WA_ID_AVA_GW[AF],4170707.0,26556295278.0,920208115.0
23830,2057-05-01,GW_storage_WA_ID_AVA_GW[AF],4067410.0,26638790503.0,924275525.0
23831,2057-06-01,GW_storage_WA_ID_AVA_GW[AF],3974685.0,26720263696.0,928250210.0
23832,2057-07-01,GW_storage_WA_ID_AVA_GW[AF],3888961.0,26800720453.0,932139171.0
23833,2057-08-01,GW_storage_WA_ID_AVA_GW[AF],3810244.0,26880212595.0,935949415.0
23834,2057-09-01,GW_storage_WA_ID_AVA_GW[AF],3789180.0,26958875022.0,939738595.0
23835,2057-10-01,GW_storage_WA_ID_AVA_GW[AF],3696730.0,27036568588.0,943435325.0
23836,2057-11-01,GW_storage_WA_ID_AVA_GW[AF],3609148.0,27113396201.0,947044473.0
23837,2057-12-01,GW_storage_WA_ID_AVA_GW[AF],3520556.0,27189264327.0,950565029.0
23838,2058-01-01,GW_storage_WA_ID_AVA_GW[AF],3433993.0,27264124633.0,953999022.0
23839,2058-02-01,GW_storage_WA_ID_AVA_GW[AF],3357714.0,27348265847.0,957356736.0
23840,2058-03-01,GW_storage_WA_ID_AVA_GW[AF],3275001.0,27440889382.0,960631737.0
23841,2058-04-01,GW_storage_WA_ID_AVA_GW[AF],3196738.0,27539133274.0,963828475.0
23842,2058-05-01,GW_storage_WA_ID_AVA_GW[AF],3117570.0,27639449314.0,966946045.0
23843,2058-06-01,GW_storage_WA_ID_AVA_GW[AF],3042794.0,27738779306.0,969988839.0
23844,2058-07-01,GW_storage_WA_ID_AVA_GW[AF],3040303.0,27837531793.0,973029142.0
23845,2058-08-01,GW_storage_WA_ID_AVA_GW[AF],2982907.0,27935280444.0,976012049.0
23846,2058-09-01,GW_storage_WA_ID_AVA_GW[AF],2911516.0,28031862865.0,978923565.0
23847,2058-10-01,GW_storage_WA_ID_AVA_GW[AF],2839371.0,28127260463.0,981762936.0
23848,2058-11-01,GW_storage_WA_ID_AVA_GW[AF],2771274.0,28221366217.0,984534210.0
23849,2058-12-01,GW_storage_WA_ID_AVA_GW[AF],2702584.0,28314157055.0,987236794.0
23850,2059-01-01,GW_storage_WA_ID_AVA_GW[AF],2635593.0,28405540773.0,989872387.0
23851,2059-02-01,GW_storage_WA_ID_AVA_GW[AF],2576583.0,28502067677.0,992448970.0
23852,2059-03-01,GW_storage_WA_ID_AVA_GW[AF],2512703.0,28605457246.0,994961673.0
23853,2059-04-01,GW_storage_WA_ID_AVA_GW[AF],4668074.0,28717814838.0,999629747.0
23854,2059-05-01,GW_storage_WA_ID_AVA_GW[AF],4552313.0,28830913147.0,1004182060.0
23855,2059-06-01,GW_storage_WA_ID_AVA_GW[AF],4447714.0,28943770190.0,1008629774.0
23856,2059-07-01,GW_storage_WA_ID_AVA_GW[AF],4349673.0,29055182582.0,1012979447.0
23857,2059-08-01,GW_storage_WA_ID_AVA_GW[AF],4259498.0,29165160032.0,1017238945.0
23858,2059-09-01,GW_storage_WA_ID_AVA_GW[AF],4168054.0,29273920291.0,1021406999.0
23859,2059-10-01,GW_storage_WA_ID_AVA_GW[AF],4066608.0,29381402010.0,1025473607.0
23860,2059-11-01,GW_storage_WA_ID_AVA_GW[AF],3970465.0,29487451547.0,1029444072.0
23861,2059-12-01,GW_storage_WA_ID_AVA_GW[AF],3873193.0,29592083281.0,1033317265.0
23862,2060-01-01,GW_storage_WA_ID_AVA_GW[AF],3778174.0,29695071869.0,1037095439.0
23863,2060-02-01,GW_storage_WA_ID_AVA_GW[AF],3691438.0,29797999369.0,1040786877.0
23864,2060-03-01,GW_storage_WA_ID_AVA_GW[AF],3600666.0,29907235449.0,1044387543.0
23865,2060-04-01,GW_storage_WA_ID_AVA_GW[AF],3514722.0,30022282651.0,1047902265.0
23866,2060-05-01,GW_storage_WA_ID_AVA_GW[AF],3427758.0,30138204137.0,1051330023.0
23867,2060-06-01,GW_storage_WA_ID_AVA_GW[AF],3345555.0,30253989194.0,1054675578.0
23868,2060-07-01,GW_storage_WA_ID_AVA_GW[AF],3268901.0,30369445165.0,1057944479.0
23869,2060-08-01,GW_storage_WA_ID_AVA_GW[AF],3204026.0,30483354195.0,1061148505.0
23870,2060-09-01,GW_storage_WA_ID_AVA_GW[AF],3137380.0,30595912136.0,1064285885.0
23871,2060-10-01,GW_storage_WA_ID_AVA_GW[AF],3061121.0,30707058453.0,1067347006.0
23872,2060-11-01,GW_storage_WA_ID_AVA_GW[AF],2988838.0,30816686913.0,1070335844.0
23873,2060-12-01,GW_storage_WA_ID_AVA_GW[AF],2915711.0,30924630927.0,1073251555.0
23874,2061-01-01,GW_storage_WA_ID_AVA_GW[AF],2844277.0,31038058188.0,1076095832.0
23875,2061-02-01,GW_storage_WA_ID_AVA_GW[AF],2781322.0,31163247262.0,1078877154.0
23876,2061-03-01,GW_storage_WA_ID_AVA_GW[AF],2712966.0,31301926464.0,1081590120.0
23877,2061-04-01,GW_storage_WA_ID_AVA_GW[AF],4391493.0,31460043743.0,1085981613.0
23878,2061-05-01,GW_storage_WA_ID_AVA_GW[AF],5837149.0,31621719240.0,1091818762.0
23879,2061-06-01,GW_storage_WA_ID_AVA_GW[AF],5789565.0,31781944019.0,1097608327.0
23880,2061-07-01,GW_storage_WA_ID_AVA_GW[AF],5654916.0,31940594248.0,1103263243.0
23881,2061-08-01,GW_storage_WA_ID_AVA_GW[AF],5537939.0,32097666692.0,1108801182.0
23882,2061-09-01,GW_storage_WA_ID_AVA_GW[AF],5420437.0,32253244922.0,1114221619.0
23883,2061-10-01,GW_storage_WA_ID_AVA_GW[AF],5288952.0,32407132898.0,1119510571.0
23884,2061-11-01,GW_storage_WA_ID_AVA_GW[AF],5164276.0,32559108380.0,1124674847.0
23885,2061-12-01,GW_storage_WA_ID_AVA_GW[AF],5038013.0,32709321481.0,1129712860.0
23886,2062-01-01,GW_storage_WA_ID_AVA_GW[AF],4914533.0,32858735378.0,1134627393.0
23887,2062-02-01,GW_storage_WA_ID_AVA_GW[AF],4805724.0,33022044851.0,1139433117.0
23888,2062-03-01,GW_storage_WA_ID_AVA_GW[AF],4687707.0,33198837130.0,1144120824.0
23889,2062-04-01,GW_storage_WA_ID_AVA_GW[AF],4575970.0,33390837210.0,1148696794.0
23890,2062-05-01,GW_storage_WA_ID_AVA_GW[AF],4462716.0,33584259641.0,1153159510.0
23891,2062-06-01,GW_storage_WA_ID_AVA_GW[AF],4463564.0,33776858517.0,1157623074.0
23892,2062-07-01,GW_storage_WA_ID_AVA_GW[AF],4368493.0,33967635736.0,1161991567.0
23893,2062-08-01,GW_storage_WA_ID_AVA_GW[AF],4376514.0,34156855847.0,1166368081.0
23894,2062-09-01,GW_storage_WA_ID_AVA_GW[AF],4287536.0,34344548104.0,1170655617.0
23895,2062-10-01,GW_storage_WA_ID_AVA_GW[AF],4183622.0,34530332137.0,1174839239.0
23896,2062-11-01,GW_storage_WA_ID_AVA_GW[AF],4085039.0,34714073091.0,1178924278.0
23897,2062-12-01,GW_storage_WA_ID_AVA_GW[AF],3985181.0,34895778448.0,1182909459.0
23898,2063-01-01,GW_storage_WA_ID_AVA_GW[AF],3887527.0,35079072230.0,1186796986.0
23899,2063-02-01,GW_storage_WA_ID_AVA_GW[AF],3801434.0,35269350335.0,1190598420.0
23900,2063-03-01,GW_storage_WA_ID_AVA_GW[AF],3708032.0,35470064786.0,1194306452.0
23901,2063-04-01,GW_storage_WA_ID_AVA_GW[AF],3619583.0,35683040547.0,1197926035.0
23902,2063-05-01,GW_storage_WA_ID_AVA_GW[AF],3529994.0,35907121073.0,1201456029.0
23903,2063-06-01,GW_storage_WA_ID_AVA_GW[AF],3445340.0,36134854310.0,1204901369.0
23904,2063-07-01,GW_storage_WA_ID_AVA_GW[AF],3387803.0,36361472567.0,1208289172.0
23905,2063-08-01,GW_storage_WA_ID_AVA_GW[AF],3313788.0,36586142514.0,1211602960.0
23906,2063-09-01,GW_storage_WA_ID_AVA_GW[AF],3244075.0,36808934029.0,1214847035.0
23907,2063-10-01,GW_storage_WA_ID_AVA_GW[AF],3165093.0,37029507927.0,1218012128.0
23908,2063-11-01,GW_storage_WA_ID_AVA_GW[AF],3090223.0,37248012309.0,1221102351.0
23909,2063-12-01,GW_storage_WA_ID_AVA_GW[AF],3014458.0,37465671472.0,1224116809.0
23910,2064-01-01,GW_storage_WA_ID_AVA_GW[AF],2940439.0,37694815963.0,1227057248.0
23911,2064-02-01,GW_storage_WA_ID_AVA_GW[AF],2872863.0,37945097639.0,1229930111.0
23912,2064-03-01,GW_storage_WA_ID_AVA_GW[AF],2802167.0,38213638934.0,1232732278.0
23913,2064-04-01,GW_storage_WA_ID_AVA_GW[AF],2735239.0,38493367090.0,1235467517.0
23914,2064-05-01,GW_storage_WA_ID_AVA_GW[AF],2667483.0,38776738105.0,1238135000.0
23915,2064-06-01,GW_storage_WA_ID_AVA_GW[AF],2603482.0,39060661713.0,1240738482.0
23916,2064-07-01,GW_storage_WA_ID_AVA_GW[AF],2575272.0,39341932866.0,1243313754.0
23917,2064-08-01,GW_storage_WA_ID_AVA_GW[AF],2548909.0,39620711220.0,1245862663.0
23918,2064-09-01,GW_storage_WA_ID_AVA_GW[AF],2511910.0,39897002798.0,1248374573.0
23919,2064-10-01,GW_storage_WA_ID_AVA_GW[AF],2453252.0,40170736712.0,1250827825.0
23920,2064-11-01,GW_storage_WA_ID_AVA_GW[AF],2397093.0,40442044957.0,1253224918.0
23921,2064-12-01,GW_storage_WA_ID_AVA_GW[AF],2339810.0,40711834451.0,1255564728.0
23922,2065-01-01,GW_storage_WA_ID_AVA_GW[AF],2283543.0,40982757097.0,1257848271.0
23923,2065-02-01,GW_storage_WA_ID_AVA_GW[AF],2233917.0,41255716076.0,1260082188.0
23924,2065-03-01,GW_storage_WA_ID_AVA_GW[AF],2179867.0,41533378347.0,1262262055.0
23925,2065-04-01,GW_storage_WA_ID_AVA_GW[AF],2128360.0,41819419395.0,1264390415.0
23926,2065-05-01,GW_storage_WA_ID_AVA_GW[AF],2075851.0,42107659636.0,1266466266.0
23927,2065-06-01,GW_storage_WA_ID_AVA_GW[AF],2026137.0,42393392346.0,1268492403.0
23928,2065-07-01,GW_storage_WA_ID_AVA_GW[AF],2090694.0,42678359041.0,1270583097.0
23929,2065-08-01,GW_storage_WA_ID_AVA_GW[AF],2162941.0,42960938762.0,1272746038.0
23930,2065-09-01,GW_storage_WA_ID_AVA_GW[AF],2120694.0,43241061639.0,1274866732.0
23931,2065-10-01,GW_storage_WA_ID_AVA_GW[AF],2069605.0,43518553408.0,1276936337.0
23932,2065-11-01,GW_storage_WA_ID_AVA_GW[AF],2021102.0,43793351378.0,1278957439.0
23933,2065-12-01,GW_storage_WA_ID_AVA_GW[AF],1971915.0,44065325818.0,1280929354.0
23934,2066-01-01,GW_storage_WA_ID_AVA_GW[AF],1923757.0,44334625115.0,1282853111.0
23935,2066-02-01,GW_storage_WA_ID_AVA_GW[AF],1881294.0,44601575728.0,1284734405.0
23936,2066-03-01,GW_storage_WA_ID_AVA_GW[AF],1835186.0,44865977654.0,1286569591.0
23937,2066-04-01,GW_storage_WA_ID_AVA_GW[AF],1791456.0,45130939542.0,1288361047.0
23938,2066-05-01,GW_storage_WA_ID_AVA_GW[AF],1747103.0,45393925169.0,1290108150.0
23939,2066-06-01,GW_storage_WA_ID_AVA_GW[AF],1719131.0,45654573916.0,1291827281.0
23940,2066-07-01,GW_storage_WA_ID_AVA_GW[AF],1711460.0,45912927675.0,1293538741.0
23941,2066-08-01,GW_storage_WA_ID_AVA_GW[AF],1715944.0,46169111465.0,1295254685.0
23942,2066-09-01,GW_storage_WA_ID_AVA_GW[AF],1814775.0,46423600426.0,1297069460.0
23943,2066-10-01,GW_storage_WA_ID_AVA_GW[AF],1786333.0,46676263355.0,1298855793.0
23944,2066-11-01,GW_storage_WA_ID_AVA_GW[AF],1755452.0,46927228863.0,1300611245.0
23945,2066-12-01,GW_storage_WA_ID_AVA_GW[AF],1721564.0,47176198480.0,1302332809.0
23946,2067-01-01,GW_storage_WA_ID_AVA_GW[AF],1686772.0,47422896821.0,1304019581.0
23947,2067-02-01,GW_storage_WA_ID_AVA_GW[AF],1655732.0,47667661431.0,1305675313.0
23948,2067-03-01,GW_storage_WA_ID_AVA_GW[AF],1620448.0,47910308464.0,1307295761.0
23949,2067-04-01,GW_storage_WA_ID_AVA_GW[AF],1618076.0,48151085524.0,1308913837.0
23950,2067-05-01,GW_storage_WA_ID_AVA_GW[AF],1605346.0,48389950965.0,1310519183.0
23951,2067-06-01,GW_storage_WA_ID_AVA_GW[AF],1579746.0,48627002221.0,1312098929.0
23952,2067-07-01,GW_storage_WA_ID_AVA_GW[AF],1573039.0,48862124917.0,1313671968.0
23953,2067-08-01,GW_storage_WA_ID_AVA_GW[AF],1575845.0,49095321876.0,1315247813.0
23954,2067-09-01,GW_storage_WA_ID_AVA_GW[AF],1671828.0,49326841519.0,1316919641.0
23955,2067-10-01,GW_storage_WA_ID_AVA_GW[AF],1666378.0,49556552267.0,1318586019.0
23956,2067-11-01,GW_storage_WA_ID_AVA_GW[AF],1654276.0,49784868208.0,1320240295.0
23957,2067-12-01,GW_storage_WA_ID_AVA_GW[AF],1635517.0,50011545293.0,1321875812.0
23958,2068-01-01,GW_storage_WA_ID_AVA_GW[AF],1613243.0,50238331069.0,1323489055.0
23959,2068-02-01,GW_storage_WA_ID_AVA_GW[AF],1591083.0,50478937732.0,1325080138.0
23960,2068-03-01,GW_storage_WA_ID_AVA_GW[AF],1564758.0,50739381265.0,1326644896.0
23961,2068-04-01,GW_storage_WA_ID_AVA_GW[AF],1535143.0,51011294375.0,1328180039.0
23962,2068-05-01,GW_storage_WA_ID_AVA_GW[AF],1499669.0,51290774772.0,1329679708.0
23963,2068-06-01,GW_storage_WA_ID_AVA_GW[AF],1464701.0,51571539123.0,1331144409.0
23964,2068-07-01,GW_storage_WA_ID_AVA_GW[AF],1539762.0,51851333229.0,1332684171.0
23965,2068-08-01,GW_storage_WA_ID_AVA_GW[AF],1546834.0,52129191774.0,1334231005.0
23966,2068-09-01,GW_storage_WA_ID_AVA_GW[AF],1519815.0,52405096290.0,1335750820.0
23967,2068-10-01,GW_storage_WA_ID_AVA_GW[AF],1483706.0,52678907664.0,1337234526.0
23968,2068-11-01,GW_storage_WA_ID_AVA_GW[AF],1449266.0,52950483517.0,1338683792.0
23969,2068-12-01,GW_storage_WA_ID_AVA_GW[AF],1414281.0,53219819895.0,1340098073.0
23970,2069-01-01,GW_storage_WA_ID_AVA_GW[AF],1380072.0,53487155316.0,1341478145.0
23971,2069-02-01,GW_storage_WA_ID_AVA_GW[AF],1349914.0,53760870931.0,1342828059.0
23972,2069-03-01,GW_storage_WA_ID_AVA_GW[AF],1317077.0,54039428849.0,1344145136.0
23973,2069-04-01,GW_storage_WA_ID_AVA_GW[AF],1285839.0,54324092180.0,1345430975.0
23974,2069-05-01,GW_storage_WA_ID_AVA_GW[AF],1750438.0,54609436481.0,1347181413.0
23975,2069-06-01,GW_storage_WA_ID_AVA_GW[AF],1815228.0,54894337917.0,1348996641.0
23976,2069-07-01,GW_storage_WA_ID_AVA_GW[AF],1784485.0,55177218144.0,1350781126.0
23977,2069-08-01,GW_storage_WA_ID_AVA_GW[AF],1772075.0,55458179949.0,1352553201.0
23978,2069-09-01,GW_storage_WA_ID_AVA_GW[AF],1749553.0,55737226700.0,1354302754.0
23979,2069-10-01,GW_storage_WA_ID_AVA_GW[AF],1709138.0,56014313112.0,1356011892.0
23980,2069-11-01,GW_storage_WA_ID_AVA_GW[AF],1670439.0,56289244905.0,1357682331.0
23981,2069-12-01,GW_storage_WA_ID_AVA_GW[AF],1630942.0,56561948550.0,1359313273.0
23982,2070-01-01,GW_storage_WA_ID_AVA_GW[AF],1592020.0,56832455571.0,1360905293.0
23983,2070-02-01,GW_storage_WA_ID_AVA_GW[AF],1557619.0,57101031869.0,1362462912.0
23984,2070-03-01,GW_storage_WA_ID_AVA_GW[AF],1520084.0,57367456127.0,1363982996.0
23985,2070-04-01,GW_storage_WA_ID_AVA_GW[AF],1484247.0,57631884127.0,1365467243.0
23986,2070-05-01,GW_storage_WA_ID_AVA_GW[AF],1447588.0,57894580730.0,1366914831.0
23987,2070-06-01,GW_storage_WA_ID_AVA_GW[AF],1521805.0,58156625113.0,1368436636.0
23988,2070-07-01,GW_storage_WA_ID_AVA_GW[AF],1500838.0,58417720429.0,1369937474.0
23989,2070-08-01,GW_storage_WA_ID_AVA_GW[AF],1494771.0,58677125935.0,1371432245.0
23990,2070-09-01,GW_storage_WA_ID_AVA_GW[AF],1477807.0,58935122487.0,1372910052.0
23991,2070-10-01,GW_storage_WA_ID_AVA_GW[AF],1443953.0,59191573450.0,1374354005.0
23992,2070-11-01,GW_storage_WA_ID_AVA_GW[AF],1411433.0,59446278042.0,1375765438.0
23993,2070-12-01,GW_storage_WA_ID_AVA_GW[AF],1378206.0,59699129256.0,1377143644.0
23994,2021-06-01,GW_storage_WA_N_CEN_GW1[AF],40.0,422066.0,40.0
23995,2021-07-01,GW_storage_WA_N_CEN_GW1[AF],40.0,628985.0,80.0
23996,2021-08-01,GW_storage_WA_N_CEN_GW1[AF],39.0,833341.0,119.0
23997,2021-09-01,GW_storage_WA_N_CEN_GW1[AF],37.0,1034591.0,156.0
23998,2021-10-01,GW_storage_WA_N_CEN_GW1[AF],37.0,1228184.0,193.0
23999,2021-11-01,GW_storage_WA_N_CEN_GW1[AF],35.0,1408873.0,228.0
24000,2021-12-01,GW_storage_WA_N_CEN_GW1[AF],35.0,1583705.0,263.0
24001,2022-01-01,GW_storage_WA_N_CEN_GW1[AF],34.0,1753848.0,297.0
24002,2022-02-01,GW_storage_WA_N_CEN_GW1[AF],33.0,1920342.0,330.0
24003,2022-03-01,GW_storage_WA_N_CEN_GW1[AF],33.0,2083476.0,363.0
24004,2022-04-01,GW_storage_WA_N_CEN_GW1[AF],31.0,2243387.0,394.0
24005,2022-05-01,GW_storage_WA_N_CEN_GW1[AF],31.0,2522880.0,425.0
24006,2022-06-01,GW_storage_WA_N_CEN_GW1[AF],31.0,3551564.0,456.0
24007,2022-07-01,GW_storage_WA_N_CEN_GW1[AF],30.0,4562843.0,486.0
24008,2022-08-01,GW_storage_WA_N_CEN_GW1[AF],29.0,5557441.0,515.0
24009,2022-09-01,GW_storage_WA_N_CEN_GW1[AF],28.0,6536311.0,543.0
24010,2022-10-01,GW_storage_WA_N_CEN_GW1[AF],27.0,7499151.0,570.0
24011,2022-11-01,GW_storage_WA_N_CEN_GW1[AF],26.0,8445383.0,596.0
24012,2022-12-01,GW_storage_WA_N_CEN_GW1[AF],25.0,9374562.0,621.0
24013,2023-01-01,GW_storage_WA_N_CEN_GW1[AF],25.0,10287031.0,646.0
24014,2023-02-01,GW_storage_WA_N_CEN_GW1[AF],24.0,11192982.0,670.0
24015,2023-03-01,GW_storage_WA_N_CEN_GW1[AF],24.0,12082492.0,694.0
24016,2023-04-01,GW_storage_WA_N_CEN_GW1[AF],23.0,12955603.0,717.0
24017,2023-05-01,GW_storage_WA_N_CEN_GW1[AF],22.0,13813215.0,739.0
24018,2023-06-01,GW_storage_WA_N_CEN_GW1[AF],62.0,15164430.0,801.0
24019,2023-07-01,GW_storage_WA_N_CEN_GW1[AF],61.0,17236845.0,862.0
24020,2023-08-01,GW_storage_WA_N_CEN_GW1[AF],59.0,19274971.0,921.0
24021,2023-09-01,GW_storage_WA_N_CEN_GW1[AF],58.0,21282260.0,979.0
24022,2023-10-01,GW_storage_WA_N_CEN_GW1[AF],57.0,23279746.0,1036.0
24023,2023-11-01,GW_storage_WA_N_CEN_GW1[AF],55.0,25247116.0,1091.0
24024,2023-12-01,GW_storage_WA_N_CEN_GW1[AF],54.0,27178503.0,1145.0
24025,2024-01-01,GW_storage_WA_N_CEN_GW1[AF],53.0,29079026.0,1198.0
24026,2024-02-01,GW_storage_WA_N_CEN_GW1[AF],52.0,30951693.0,1250.0
24027,2024-03-01,GW_storage_WA_N_CEN_GW1[AF],50.0,32794640.0,1300.0
24028,2024-04-01,GW_storage_WA_N_CEN_GW1[AF],49.0,34598451.0,1349.0
24029,2024-05-01,GW_storage_WA_N_CEN_GW1[AF],47.0,36379549.0,1396.0
24030,2024-06-01,GW_storage_WA_N_CEN_GW1[AF],47.0,38134426.0,1443.0
24031,2024-07-01,GW_storage_WA_N_CEN_GW1[AF],48.0,39862715.0,1491.0
24032,2024-08-01,GW_storage_WA_N_CEN_GW1[AF],194.0,41565221.0,1685.0
24033,2024-09-01,GW_storage_WA_N_CEN_GW1[AF],190.0,43242727.0,1875.0
24034,2024-10-01,GW_storage_WA_N_CEN_GW1[AF],185.0,44894530.0,2060.0
24035,2024-11-01,GW_storage_WA_N_CEN_GW1[AF],180.0,46522142.0,2240.0
24036,2024-12-01,GW_storage_WA_N_CEN_GW1[AF],176.0,48125394.0,2416.0
24037,2025-01-01,GW_storage_WA_N_CEN_GW1[AF],171.0,49704625.0,2587.0
24038,2025-02-01,GW_storage_WA_N_CEN_GW1[AF],168.0,51264049.0,2755.0
24039,2025-03-01,GW_storage_WA_N_CEN_GW1[AF],164.0,52800150.0,2919.0
24040,2025-04-01,GW_storage_WA_N_CEN_GW1[AF],160.0,54422403.0,3079.0
24041,2025-05-01,GW_storage_WA_N_CEN_GW1[AF],155.0,56023530.0,3234.0
24042,2025-06-01,GW_storage_WA_N_CEN_GW1[AF],152.0,57673121.0,3386.0
24043,2025-07-01,GW_storage_WA_N_CEN_GW1[AF],-581.0,59233291.0,2805.0
24044,2025-08-01,GW_storage_WA_N_CEN_GW1[AF],91227.0,60752330.0,94032.0
24045,2025-09-01,GW_storage_WA_N_CEN_GW1[AF],183401.0,63291561.0,277433.0
24046,2025-10-01,GW_storage_WA_N_CEN_GW1[AF],187029.0,66117192.0,464462.0
24047,2025-11-01,GW_storage_WA_N_CEN_GW1[AF],188323.0,69169207.0,652785.0
24048,2025-12-01,GW_storage_WA_N_CEN_GW1[AF],188080.0,72377661.0,840865.0
24049,2026-01-01,GW_storage_WA_N_CEN_GW1[AF],186957.0,75644729.0,1027822.0
24050,2026-02-01,GW_storage_WA_N_CEN_GW1[AF],185755.0,83025589.0,1213577.0
24051,2026-03-01,GW_storage_WA_N_CEN_GW1[AF],183770.0,93674924.0,1397347.0
24052,2026-04-01,GW_storage_WA_N_CEN_GW1[AF],180759.0,112497734.0,1578106.0
24053,2026-05-01,GW_storage_WA_N_CEN_GW1[AF],176399.0,136460613.0,1754505.0
24054,2026-06-01,GW_storage_WA_N_CEN_GW1[AF],173666.0,160180041.0,1928171.0
24055,2026-07-01,GW_storage_WA_N_CEN_GW1[AF],169355.0,184580314.0,2097526.0
24056,2026-08-01,GW_storage_WA_N_CEN_GW1[AF],164788.0,208538131.0,2262314.0
24057,2026-09-01,GW_storage_WA_N_CEN_GW1[AF],160461.0,232132273.0,2422775.0
24058,2026-10-01,GW_storage_WA_N_CEN_GW1[AF],156424.0,255250646.0,2579199.0
24059,2026-11-01,GW_storage_WA_N_CEN_GW1[AF],152629.0,277908394.0,2731828.0
24060,2026-12-01,GW_storage_WA_N_CEN_GW1[AF],148811.0,300103214.0,2880639.0
24061,2027-01-01,GW_storage_WA_N_CEN_GW1[AF],145095.0,321847786.0,3025734.0
24062,2027-02-01,GW_storage_WA_N_CEN_GW1[AF],141824.0,343199646.0,3167558.0
24063,2027-03-01,GW_storage_WA_N_CEN_GW1[AF],138289.0,369620421.0,3305847.0
24064,2027-04-01,GW_storage_WA_N_CEN_GW1[AF],134961.0,409179141.0,3440808.0
24065,2027-05-01,GW_storage_WA_N_CEN_GW1[AF],131614.0,455970259.0,3572422.0
24066,2027-06-01,GW_storage_WA_N_CEN_GW1[AF],128998.0,506103237.0,3701420.0
24067,2027-07-01,GW_storage_WA_N_CEN_GW1[AF],125798.0,558027240.0,3827218.0
24068,2027-08-01,GW_storage_WA_N_CEN_GW1[AF],123449.0,610747556.0,3950667.0
24069,2027-09-01,GW_storage_WA_N_CEN_GW1[AF],120486.0,662576568.0,4071153.0
24070,2027-10-01,GW_storage_WA_N_CEN_GW1[AF],117498.0,713531026.0,4188651.0
24071,2027-11-01,GW_storage_WA_N_CEN_GW1[AF],114678.0,763602436.0,4303329.0
24072,2027-12-01,GW_storage_WA_N_CEN_GW1[AF],111834.0,812846873.0,4415163.0
24073,2028-01-01,GW_storage_WA_N_CEN_GW1[AF],109061.0,861121911.0,4524224.0
24074,2028-02-01,GW_storage_WA_N_CEN_GW1[AF],106531.0,908650771.0,4630755.0
24075,2028-03-01,GW_storage_WA_N_CEN_GW1[AF],103889.0,959000163.0,4734644.0
24076,2028-04-01,GW_storage_WA_N_CEN_GW1[AF],101395.0,1012039411.0,4836039.0
24077,2028-05-01,GW_storage_WA_N_CEN_GW1[AF],2547093.0,1068060916.0,7383132.0
24078,2028-06-01,GW_storage_WA_N_CEN_GW1[AF],2485962.0,1125203670.0,9869094.0
24079,2028-07-01,GW_storage_WA_N_CEN_GW1[AF],3934768.0,1183903968.0,13803862.0
24080,2028-08-01,GW_storage_WA_N_CEN_GW1[AF],3861094.0,1241633200.0,17664956.0
24081,2028-09-01,GW_storage_WA_N_CEN_GW1[AF],3768428.0,1298536546.0,21433384.0
24082,2028-10-01,GW_storage_WA_N_CEN_GW1[AF],3674970.0,1354465802.0,25108354.0
24083,2028-11-01,GW_storage_WA_N_CEN_GW1[AF],3586771.0,1409406877.0,28695125.0
24084,2028-12-01,GW_storage_WA_N_CEN_GW1[AF],3497818.0,1463330743.0,32192943.0
24085,2029-01-01,GW_storage_WA_N_CEN_GW1[AF],3420437.0,1516331973.0,35613380.0
24086,2029-02-01,GW_storage_WA_N_CEN_GW1[AF],3343819.0,1568436361.0,38957199.0
24087,2029-03-01,GW_storage_WA_N_CEN_GW1[AF],3260893.0,1622957905.0,42218092.0
24088,2029-04-01,GW_storage_WA_N_CEN_GW1[AF],3182632.0,1679352962.0,45400724.0
24089,2029-05-01,GW_storage_WA_N_CEN_GW1[AF],10944415.0,1742904338.0,56345139.0
24090,2029-06-01,GW_storage_WA_N_CEN_GW1[AF],12595268.0,1807169538.0,68940407.0
24091,2029-07-01,GW_storage_WA_N_CEN_GW1[AF],13543045.0,1872474684.0,82483452.0
24092,2029-08-01,GW_storage_WA_N_CEN_GW1[AF],13279057.0,1936569687.0,95762509.0
24093,2029-09-01,GW_storage_WA_N_CEN_GW1[AF],12970732.0,1999536921.0,108733241.0
24094,2029-10-01,GW_storage_WA_N_CEN_GW1[AF],12649059.0,2061251234.0,121382300.0
24095,2029-11-01,GW_storage_WA_N_CEN_GW1[AF],12345484.0,2121792309.0,133727784.0
24096,2029-12-01,GW_storage_WA_N_CEN_GW1[AF],12039319.0,2181276298.0,145767103.0
24097,2030-01-01,GW_storage_WA_N_CEN_GW1[AF],11740743.0,2239598911.0,157507846.0
24098,2030-02-01,GW_storage_WA_N_CEN_GW1[AF],11477751.0,2296908282.0,168985597.0
24099,2030-03-01,GW_storage_WA_N_CEN_GW1[AF],11193103.0,2353273149.0,180178700.0
24100,2030-04-01,GW_storage_WA_N_CEN_GW1[AF],10924468.0,2408813513.0,191103168.0
24101,2030-05-01,GW_storage_WA_N_CEN_GW1[AF],10653543.0,2463288321.0,201756711.0
24102,2030-06-01,GW_storage_WA_N_CEN_GW1[AF],10476319.0,2519189259.0,212233030.0
24103,2030-07-01,GW_storage_WA_N_CEN_GW1[AF],10216506.0,2574987711.0,222449536.0
24104,2030-08-01,GW_storage_WA_N_CEN_GW1[AF],10036708.0,2629845780.0,232486244.0
24105,2030-09-01,GW_storage_WA_N_CEN_GW1[AF],9795827.0,2683731630.0,242282071.0
24106,2030-10-01,GW_storage_WA_N_CEN_GW1[AF],9552890.0,2736573135.0,251834961.0
24107,2030-11-01,GW_storage_WA_N_CEN_GW1[AF],9323621.0,2788437015.0,261158582.0
24108,2030-12-01,GW_storage_WA_N_CEN_GW1[AF],9092395.0,2839371858.0,270250977.0
24109,2031-01-01,GW_storage_WA_N_CEN_GW1[AF],8866905.0,2889285425.0,279117882.0
24110,2031-02-01,GW_storage_WA_N_CEN_GW1[AF],8668285.0,2938331300.0,287786167.0
24111,2031-03-01,GW_storage_WA_N_CEN_GW1[AF],8453313.0,2986403207.0,296239480.0
24112,2031-04-01,GW_storage_WA_N_CEN_GW1[AF],8250433.0,3034117058.0,304489913.0
24113,2031-05-01,GW_storage_WA_N_CEN_GW1[AF],8045822.0,3081639947.0,312535735.0
24114,2031-06-01,GW_storage_WA_N_CEN_GW1[AF],7885735.0,3128466639.0,320421470.0
24115,2031-07-01,GW_storage_WA_N_CEN_GW1[AF],7690168.0,3175256040.0,328111638.0
24116,2031-08-01,GW_storage_WA_N_CEN_GW1[AF],7524747.0,3221201089.0,335636385.0
24117,2031-09-01,GW_storage_WA_N_CEN_GW1[AF],7344153.0,3266538806.0,342980538.0
24118,2031-10-01,GW_storage_WA_N_CEN_GW1[AF],7162018.0,3311005126.0,350142556.0
24119,2031-11-01,GW_storage_WA_N_CEN_GW1[AF],6990130.0,3354843436.0,357132686.0
24120,2031-12-01,GW_storage_WA_N_CEN_GW1[AF],6816774.0,3397917039.0,363949460.0
24121,2032-01-01,GW_storage_WA_N_CEN_GW1[AF],6647718.0,3440765830.0,370597178.0
24122,2032-02-01,GW_storage_WA_N_CEN_GW1[AF],6493491.0,3500332884.0,377090669.0
24123,2032-03-01,GW_storage_WA_N_CEN_GW1[AF],6332452.0,3570397039.0,383423121.0
24124,2032-04-01,GW_storage_WA_N_CEN_GW1[AF],6180474.0,3645988541.0,389603595.0
24125,2032-05-01,GW_storage_WA_N_CEN_GW1[AF],6027198.0,3723860841.0,395630793.0
24126,2032-06-01,GW_storage_WA_N_CEN_GW1[AF],5896992.0,3803847465.0,401527785.0
24127,2032-07-01,GW_storage_WA_N_CEN_GW1[AF],5750748.0,3884065220.0,407278533.0
24128,2032-08-01,GW_storage_WA_N_CEN_GW1[AF],5618966.0,3963910669.0,412897499.0
24129,2032-09-01,GW_storage_WA_N_CEN_GW1[AF],5485426.0,4042724779.0,418382925.0
24130,2032-10-01,GW_storage_WA_N_CEN_GW1[AF],5349589.0,4120308321.0,423732514.0
24131,2032-11-01,GW_storage_WA_N_CEN_GW1[AF],5221342.0,4196679403.0,428953856.0
24132,2032-12-01,GW_storage_WA_N_CEN_GW1[AF],5091960.0,4271822754.0,434045816.0
24133,2033-01-01,GW_storage_WA_N_CEN_GW1[AF],4965767.0,4345538492.0,439011583.0
24134,2033-02-01,GW_storage_WA_N_CEN_GW1[AF],4854608.0,4423218301.0,443866191.0
24135,2033-03-01,GW_storage_WA_N_CEN_GW1[AF],4734273.0,4505470297.0,448600464.0
24136,2033-04-01,GW_storage_WA_N_CEN_GW1[AF],4620684.0,4590681136.0,453221148.0
24137,2033-05-01,GW_storage_WA_N_CEN_GW1[AF],4506092.0,4675360581.0,457727240.0
24138,2033-06-01,GW_storage_WA_N_CEN_GW1[AF],4443608.0,4760708398.0,462170848.0
24139,2033-07-01,GW_storage_WA_N_CEN_GW1[AF],4333407.0,4846138178.0,466504255.0
24140,2033-08-01,GW_storage_WA_N_CEN_GW1[AF],4274054.0,4931118427.0,470778309.0
24141,2033-09-01,GW_storage_WA_N_CEN_GW1[AF],4171477.0,5014914731.0,474949786.0
24142,2033-10-01,GW_storage_WA_N_CEN_GW1[AF],4068024.0,5097508172.0,479017810.0
24143,2033-11-01,GW_storage_WA_N_CEN_GW1[AF],3970391.0,5178663669.0,482988201.0
24144,2033-12-01,GW_storage_WA_N_CEN_GW1[AF],3871926.0,5258443309.0,486860127.0
24145,2034-01-01,GW_storage_WA_N_CEN_GW1[AF],3775903.0,5339163828.0,490636030.0
24146,2034-02-01,GW_storage_WA_N_CEN_GW1[AF],3691322.0,5418722190.0,494327352.0
24147,2034-03-01,GW_storage_WA_N_CEN_GW1[AF],3599778.0,5500220744.0,497927130.0
24148,2034-04-01,GW_storage_WA_N_CEN_GW1[AF],3513383.0,5584032903.0,501440513.0
24149,2034-05-01,GW_storage_WA_N_CEN_GW1[AF],3426251.0,5676873319.0,504866764.0
24150,2034-06-01,GW_storage_WA_N_CEN_GW1[AF],3344022.0,5773341236.0,508210786.0
24151,2034-07-01,GW_storage_WA_N_CEN_GW1[AF],3250167.0,5871231225.0,511460953.0
24152,2034-08-01,GW_storage_WA_N_CEN_GW1[AF],3238075.0,5968392389.0,514699028.0
24153,2034-09-01,GW_storage_WA_N_CEN_GW1[AF],3160362.0,6064112138.0,517859390.0
24154,2034-10-01,GW_storage_WA_N_CEN_GW1[AF],3081985.0,6158273690.0,520941375.0
24155,2034-11-01,GW_storage_WA_N_CEN_GW1[AF],3008017.0,6251013792.0,523949392.0
24156,2034-12-01,GW_storage_WA_N_CEN_GW1[AF],2933418.0,6342469856.0,526882810.0
24157,2035-01-01,GW_storage_WA_N_CEN_GW1[AF],2860669.0,6432436397.0,529743479.0
24158,2035-02-01,GW_storage_WA_N_CEN_GW1[AF],2796590.0,6520973109.0,532540069.0
24159,2035-03-01,GW_storage_WA_N_CEN_GW1[AF],2727235.0,6608114132.0,535267304.0
24160,2035-04-01,GW_storage_WA_N_CEN_GW1[AF],2661781.0,6694040771.0,537929085.0
24161,2035-05-01,GW_storage_WA_N_CEN_GW1[AF],2595769.0,6778544504.0,540524854.0
24162,2035-06-01,GW_storage_WA_N_CEN_GW1[AF],3777840.0,6863239534.0,544302694.0
24163,2035-07-01,GW_storage_WA_N_CEN_GW1[AF],3684149.0,6947511289.0,547986843.0
24164,2035-08-01,GW_storage_WA_N_CEN_GW1[AF],3613429.0,7030376153.0,551600272.0
24165,2035-09-01,GW_storage_WA_N_CEN_GW1[AF],3537476.0,7112119087.0,555137748.0
24166,2035-10-01,GW_storage_WA_N_CEN_GW1[AF],3449776.0,7192574428.0,558587524.0
24167,2035-11-01,GW_storage_WA_N_CEN_GW1[AF],3367003.0,7271865334.0,561954527.0
24168,2035-12-01,GW_storage_WA_N_CEN_GW1[AF],3293070.0,7350179909.0,565247597.0
24169,2036-01-01,GW_storage_WA_N_CEN_GW1[AF],3211415.0,7427195979.0,568459012.0
24170,2036-02-01,GW_storage_WA_N_CEN_GW1[AF],3136921.0,7503024891.0,571595933.0
24171,2036-03-01,GW_storage_WA_N_CEN_GW1[AF],3059135.0,7577632108.0,574655068.0
24172,2036-04-01,GW_storage_WA_N_CEN_GW1[AF],2985719.0,7651185144.0,577640787.0
24173,2036-05-01,GW_storage_WA_N_CEN_GW1[AF],2911677.0,7724300240.0,580552464.0
24174,2036-06-01,GW_storage_WA_N_CEN_GW1[AF],2850813.0,7796353708.0,583403277.0
24175,2036-07-01,GW_storage_WA_N_CEN_GW1[AF],2780112.0,7867314948.0,586183389.0
24176,2036-08-01,GW_storage_WA_N_CEN_GW1[AF],2736030.0,7937241278.0,588919419.0
24177,2036-09-01,GW_storage_WA_N_CEN_GW1[AF],2670370.0,8006295323.0,591589789.0
24178,2036-10-01,GW_storage_WA_N_CEN_GW1[AF],2604145.0,8074305646.0,594193934.0
24179,2036-11-01,GW_storage_WA_N_CEN_GW1[AF],2551535.0,8141376577.0,596745469.0
24180,2036-12-01,GW_storage_WA_N_CEN_GW1[AF],2497955.0,8207644541.0,599243424.0
24181,2037-01-01,GW_storage_WA_N_CEN_GW1[AF],2436006.0,8273161410.0,601679430.0
24182,2037-02-01,GW_storage_WA_N_CEN_GW1[AF],2391348.0,8337733681.0,604070778.0
24183,2037-03-01,GW_storage_WA_N_CEN_GW1[AF],2332042.0,8401237350.0,606402820.0
24184,2037-04-01,GW_storage_WA_N_CEN_GW1[AF],2276073.0,8463716442.0,608678893.0
24185,2037-05-01,GW_storage_WA_N_CEN_GW1[AF],2219626.0,8525229166.0,610898519.0
24186,2037-06-01,GW_storage_WA_N_CEN_GW1[AF],2190150.0,8585780498.0,613088669.0
24187,2037-07-01,GW_storage_WA_N_CEN_GW1[AF],2135833.0,8645518277.0,615224502.0
24188,2037-08-01,GW_storage_WA_N_CEN_GW1[AF],2091410.0,8704580765.0,617315912.0
24189,2037-09-01,GW_storage_WA_N_CEN_GW1[AF],2042183.0,8763159684.0,619358095.0
24190,2037-10-01,GW_storage_WA_N_CEN_GW1[AF],1991685.0,8821181815.0,621349780.0
24191,2037-11-01,GW_storage_WA_N_CEN_GW1[AF],1943989.0,8878677095.0,623293769.0
24192,2037-12-01,GW_storage_WA_N_CEN_GW1[AF],1895858.0,8935618642.0,625189627.0
24193,2038-01-01,GW_storage_WA_N_CEN_GW1[AF],1848904.0,8991690289.0,627038531.0
24194,2038-02-01,GW_storage_WA_N_CEN_GW1[AF],1807542.0,9049081585.0,628846073.0
24195,2038-03-01,GW_storage_WA_N_CEN_GW1[AF],1762759.0,9108044798.0,630608832.0
24196,2038-04-01,GW_storage_WA_N_CEN_GW1[AF],1720474.0,9168794933.0,632329306.0
24197,2038-05-01,GW_storage_WA_N_CEN_GW1[AF],1677811.0,9229969082.0,634007117.0
24198,2038-06-01,GW_storage_WA_N_CEN_GW1[AF],1610913.0,9290494843.0,635618030.0
24199,2038-07-01,GW_storage_WA_N_CEN_GW1[AF],1570963.0,9350294408.0,637188993.0
24200,2038-08-01,GW_storage_WA_N_CEN_GW1[AF],1462117.0,9409318940.0,638651110.0
24201,2038-09-01,GW_storage_WA_N_CEN_GW1[AF],1425384.0,9467673979.0,640076494.0
24202,2038-10-01,GW_storage_WA_N_CEN_GW1[AF],1389781.0,9525253636.0,641466275.0
24203,2038-11-01,GW_storage_WA_N_CEN_GW1[AF],1356248.0,9582098472.0,642822523.0
24204,2038-12-01,GW_storage_WA_N_CEN_GW1[AF],1322475.0,9638248766.0,644144998.0
24205,2039-01-01,GW_storage_WA_N_CEN_GW1[AF],1289569.0,9693650977.0,645434567.0
24206,2039-02-01,GW_storage_WA_N_CEN_GW1[AF],1260595.0,9750458830.0,646695162.0
24207,2039-03-01,GW_storage_WA_N_CEN_GW1[AF],1229259.0,9809156458.0,647924421.0
24208,2039-04-01,GW_storage_WA_N_CEN_GW1[AF],1199716.0,9868559467.0,649124137.0
24209,2039-05-01,GW_storage_WA_N_CEN_GW1[AF],1169963.0,9927385773.0,650294100.0
24210,2039-06-01,GW_storage_WA_N_CEN_GW1[AF],1137244.0,9986965256.0,651431344.0
24211,2039-07-01,GW_storage_WA_N_CEN_GW1[AF],1109041.0,10046475029.0,652540385.0
24212,2039-08-01,GW_storage_WA_N_CEN_GW1[AF],1084732.0,10105238592.0,653625117.0
24213,2039-09-01,GW_storage_WA_N_CEN_GW1[AF],1061694.0,10163363477.0,654686811.0
24214,2039-10-01,GW_storage_WA_N_CEN_GW1[AF],1035826.0,10220781260.0,655722637.0
24215,2039-11-01,GW_storage_WA_N_CEN_GW1[AF],1011302.0,10277373162.0,656733939.0
24216,2039-12-01,GW_storage_WA_N_CEN_GW1[AF],986485.0,10333185165.0,657720424.0
24217,2040-01-01,GW_storage_WA_N_CEN_GW1[AF],962225.0,10388289039.0,658682649.0
24218,2040-02-01,GW_storage_WA_N_CEN_GW1[AF],940069.0,10442633493.0,659622718.0
24219,2040-03-01,GW_storage_WA_N_CEN_GW1[AF],916896.0,10496196844.0,660539614.0
24220,2040-04-01,GW_storage_WA_N_CEN_GW1[AF],894963.0,10549040409.0,661434577.0
24221,2040-05-01,GW_storage_WA_N_CEN_GW1[AF],872771.0,10601395194.0,662307348.0
24222,2040-06-01,GW_storage_WA_N_CEN_GW1[AF],858268.0,10653107949.0,663165616.0
24223,2040-07-01,GW_storage_WA_N_CEN_GW1[AF],836984.0,10704171007.0,664002600.0
24224,2040-08-01,GW_storage_WA_N_CEN_GW1[AF],813640.0,10754605305.0,664816240.0
24225,2040-09-01,GW_storage_WA_N_CEN_GW1[AF],794112.0,10804445973.0,665610352.0
24226,2040-10-01,GW_storage_WA_N_CEN_GW1[AF],774419.0,10853648570.0,666384771.0
24227,2040-11-01,GW_storage_WA_N_CEN_GW1[AF],755834.0,10902484914.0,667140605.0
24228,2040-12-01,GW_storage_WA_N_CEN_GW1[AF],737089.0,10950730644.0,667877694.0
24229,2041-01-01,GW_storage_WA_N_CEN_GW1[AF],718809.0,10998281298.0,668596503.0
24230,2041-02-01,GW_storage_WA_N_CEN_GW1[AF],702707.0,11047818234.0,669299210.0
24231,2041-03-01,GW_storage_WA_N_CEN_GW1[AF],685280.0,11099139984.0,669984490.0
24232,2041-04-01,GW_storage_WA_N_CEN_GW1[AF],668834.0,11151170281.0,670653324.0
24233,2041-05-01,GW_storage_WA_N_CEN_GW1[AF],652246.0,11202540882.0,671305570.0
24234,2041-06-01,GW_storage_WA_N_CEN_GW1[AF],641587.0,11253584926.0,671947157.0
24235,2041-07-01,GW_storage_WA_N_CEN_GW1[AF],625676.0,11304087287.0,672572833.0
24236,2041-08-01,GW_storage_WA_N_CEN_GW1[AF],603324.0,11354085428.0,673176157.0
24237,2041-09-01,GW_storage_WA_N_CEN_GW1[AF],588844.0,11403615397.0,673765001.0
24238,2041-10-01,GW_storage_WA_N_CEN_GW1[AF],574241.0,11452671944.0,674339242.0
24239,2041-11-01,GW_storage_WA_N_CEN_GW1[AF],560460.0,11501212889.0,674899702.0
24240,2041-12-01,GW_storage_WA_N_CEN_GW1[AF],546560.0,11549056939.0,675446262.0
24241,2042-01-01,GW_storage_WA_N_CEN_GW1[AF],533005.0,11596204581.0,675979267.0
24242,2042-02-01,GW_storage_WA_N_CEN_GW1[AF],521066.0,11642935334.0,676500333.0
24243,2042-03-01,GW_storage_WA_N_CEN_GW1[AF],508144.0,11689092595.0,677008477.0
24244,2042-04-01,GW_storage_WA_N_CEN_GW1[AF],504363.0,11735022869.0,677512840.0
24245,2042-05-01,GW_storage_WA_N_CEN_GW1[AF],491855.0,11780876718.0,678004695.0
24246,2042-06-01,GW_storage_WA_N_CEN_GW1[AF],487695.0,11826092725.0,678492390.0
24247,2042-07-01,GW_storage_WA_N_CEN_GW1[AF],475601.0,11871546727.0,678967991.0
24248,2042-08-01,GW_storage_WA_N_CEN_GW1[AF],468483.0,11916431990.0,679436474.0
24249,2042-09-01,GW_storage_WA_N_CEN_GW1[AF],457240.0,11960791410.0,679893714.0
24250,2042-10-01,GW_storage_WA_N_CEN_GW1[AF],445901.0,12004660184.0,680339615.0
24251,2042-11-01,GW_storage_WA_N_CEN_GW1[AF],435199.0,12048130811.0,680774814.0
24252,2042-12-01,GW_storage_WA_N_CEN_GW1[AF],424407.0,12091062837.0,681199221.0
24253,2043-01-01,GW_storage_WA_N_CEN_GW1[AF],413882.0,12133444088.0,681613103.0
24254,2043-02-01,GW_storage_WA_N_CEN_GW1[AF],404610.0,12175363925.0,682017713.0
24255,2043-03-01,GW_storage_WA_N_CEN_GW1[AF],394576.0,12216725340.0,682412289.0
24256,2043-04-01,GW_storage_WA_N_CEN_GW1[AF],385107.0,12257666079.0,682797396.0
24257,2043-05-01,GW_storage_WA_N_CEN_GW1[AF],375556.0,12298078753.0,683172952.0
24258,2043-06-01,GW_storage_WA_N_CEN_GW1[AF],377398.0,12338040338.0,683550350.0
24259,2043-07-01,GW_storage_WA_N_CEN_GW1[AF],368038.0,12377535688.0,683918388.0
24260,2043-08-01,GW_storage_WA_N_CEN_GW1[AF],359410.0,12416568319.0,684277798.0
24261,2043-09-01,GW_storage_WA_N_CEN_GW1[AF],351295.0,12455234071.0,684629093.0
24262,2043-10-01,GW_storage_WA_N_CEN_GW1[AF],342662.0,12493493716.0,684971755.0
24263,2043-11-01,GW_storage_WA_N_CEN_GW1[AF],334496.0,12531340494.0,685306251.0
24264,2043-12-01,GW_storage_WA_N_CEN_GW1[AF],326247.0,12568703212.0,685632498.0
24265,2044-01-01,GW_storage_WA_N_CEN_GW1[AF],318191.0,12605614127.0,685950689.0
24266,2044-02-01,GW_storage_WA_N_CEN_GW1[AF],310839.0,12642100391.0,686261528.0
24267,2044-03-01,GW_storage_WA_N_CEN_GW1[AF],303154.0,12678094207.0,686564682.0
24268,2044-04-01,GW_storage_WA_N_CEN_GW1[AF],295895.0,12715489683.0,686860577.0
24269,2044-05-01,GW_storage_WA_N_CEN_GW1[AF],3661254.0,12757376464.0,690521831.0
24270,2044-06-01,GW_storage_WA_N_CEN_GW1[AF],3597244.0,12798680033.0,694119075.0
24271,2044-07-01,GW_storage_WA_N_CEN_GW1[AF],3508032.0,12840178366.0,697627107.0
24272,2044-08-01,GW_storage_WA_N_CEN_GW1[AF],3446020.0,12881238666.0,701073127.0
24273,2044-09-01,GW_storage_WA_N_CEN_GW1[AF],3363316.0,12921922929.0,704436443.0
24274,2044-10-01,GW_storage_WA_N_CEN_GW1[AF],3291078.0,12962137170.0,707727521.0
24275,2044-11-01,GW_storage_WA_N_CEN_GW1[AF],3212093.0,13001917872.0,710939614.0
24276,2044-12-01,GW_storage_WA_N_CEN_GW1[AF],3132433.0,13041192913.0,714072047.0
24277,2045-01-01,GW_storage_WA_N_CEN_GW1[AF],3054749.0,13079996277.0,717126796.0
24278,2045-02-01,GW_storage_WA_N_CEN_GW1[AF],2986322.0,13119222084.0,720113118.0
24279,2045-03-01,GW_storage_WA_N_CEN_GW1[AF],2912261.0,13158364150.0,723025379.0
24280,2045-04-01,GW_storage_WA_N_CEN_GW1[AF],2842366.0,13198157185.0,725867745.0
24281,2045-05-01,GW_storage_WA_N_CEN_GW1[AF],2771876.0,13237869018.0,728639621.0
24282,2045-06-01,GW_storage_WA_N_CEN_GW1[AF],2705350.0,13278774379.0,731344971.0
24283,2045-07-01,GW_storage_WA_N_CEN_GW1[AF],6025877.0,13324244062.0,737370848.0
24284,2045-08-01,GW_storage_WA_N_CEN_GW1[AF],5949157.0,13372386542.0,743320005.0
24285,2045-09-01,GW_storage_WA_N_CEN_GW1[AF],5806378.0,13419876881.0,749126383.0
24286,2045-10-01,GW_storage_WA_N_CEN_GW1[AF],5662380.0,13466818785.0,754788763.0
24287,2045-11-01,GW_storage_WA_N_CEN_GW1[AF],5526483.0,13513160105.0,760315246.0
24288,2045-12-01,GW_storage_WA_N_CEN_GW1[AF],5389426.0,13560745919.0,765704672.0
24289,2046-01-01,GW_storage_WA_N_CEN_GW1[AF],5255768.0,13615290772.0,770960440.0
24290,2046-02-01,GW_storage_WA_N_CEN_GW1[AF],5138039.0,13677811710.0,776098479.0
24291,2046-03-01,GW_storage_WA_N_CEN_GW1[AF],5010615.0,13748607831.0,781109094.0
24292,2046-04-01,GW_storage_WA_N_CEN_GW1[AF],4890361.0,13826873589.0,785999455.0
24293,2046-05-01,GW_storage_WA_N_CEN_GW1[AF],4769080.0,13907944967.0,790768535.0
24294,2046-06-01,GW_storage_WA_N_CEN_GW1[AF],4682000.0,13989979852.0,795450535.0
24295,2046-07-01,GW_storage_WA_N_CEN_GW1[AF],4565886.0,14071604903.0,800016421.0
24296,2046-08-01,GW_storage_WA_N_CEN_GW1[AF],4485154.0,14152131683.0,804501575.0
24297,2046-09-01,GW_storage_WA_N_CEN_GW1[AF],4389863.0,14231617714.0,808891438.0
24298,2046-10-01,GW_storage_WA_N_CEN_GW1[AF],4280994.0,14310005025.0,813172432.0
24299,2046-11-01,GW_storage_WA_N_CEN_GW1[AF],4178251.0,14387273527.0,817350683.0
24300,2046-12-01,GW_storage_WA_N_CEN_GW1[AF],4074630.0,14463437376.0,821425313.0
24301,2047-01-01,GW_storage_WA_N_CEN_GW1[AF],3973579.0,14538457981.0,825398892.0
24302,2047-02-01,GW_storage_WA_N_CEN_GW1[AF],3884571.0,14612508014.0,829283463.0
24303,2047-03-01,GW_storage_WA_N_CEN_GW1[AF],3788233.0,14685452283.0,833071696.0
24304,2047-04-01,GW_storage_WA_N_CEN_GW1[AF],3697316.0,14764472816.0,836769012.0
24305,2047-05-01,GW_storage_WA_N_CEN_GW1[AF],3605622.0,14860897341.0,840374634.0
24306,2047-06-01,GW_storage_WA_N_CEN_GW1[AF],3519087.0,14972506362.0,843893721.0
24307,2047-07-01,GW_storage_WA_N_CEN_GW1[AF],3431814.0,15088231692.0,847325535.0
24308,2047-08-01,GW_storage_WA_N_CEN_GW1[AF],3407120.0,15203332934.0,850732655.0
24309,2047-09-01,GW_storage_WA_N_CEN_GW1[AF],3325349.0,15317492289.0,854058004.0
24310,2047-10-01,GW_storage_WA_N_CEN_GW1[AF],3242880.0,15430042333.0,857300884.0
24311,2047-11-01,GW_storage_WA_N_CEN_GW1[AF],3165050.0,15542831934.0,860465934.0
24312,2047-12-01,GW_storage_WA_N_CEN_GW1[AF],3086557.0,15653870877.0,863552491.0
24313,2048-01-01,GW_storage_WA_N_CEN_GW1[AF],3010010.0,15763169397.0,866562501.0
24314,2048-02-01,GW_storage_WA_N_CEN_GW1[AF],2940178.0,15872138297.0,869502679.0
24315,2048-03-01,GW_storage_WA_N_CEN_GW1[AF],2867262.0,15987897138.0,872369941.0
24316,2048-04-01,GW_storage_WA_N_CEN_GW1[AF],2798448.0,16106751114.0,875168389.0
24317,2048-05-01,GW_storage_WA_N_CEN_GW1[AF],2729046.0,16226738594.0,877897435.0
24318,2048-06-01,GW_storage_WA_N_CEN_GW1[AF],2692779.0,16346930466.0,880590214.0
24319,2048-07-01,GW_storage_WA_N_CEN_GW1[AF],2626032.0,16466203172.0,883216246.0
24320,2048-08-01,GW_storage_WA_N_CEN_GW1[AF],2576699.0,16583670765.0,885792945.0
24321,2048-09-01,GW_storage_WA_N_CEN_GW1[AF],2527510.0,16699553017.0,888320455.0
24322,2048-10-01,GW_storage_WA_N_CEN_GW1[AF],2464827.0,16813788962.0,890785282.0
24323,2048-11-01,GW_storage_WA_N_CEN_GW1[AF],2405671.0,16926416472.0,893190953.0
24324,2048-12-01,GW_storage_WA_N_CEN_GW1[AF],2346010.0,17038918116.0,895536963.0
24325,2049-01-01,GW_storage_WA_N_CEN_GW1[AF],2287829.0,17150214903.0,897824792.0
24326,2049-02-01,GW_storage_WA_N_CEN_GW1[AF],2236582.0,17259849423.0,900061374.0
24327,2049-03-01,GW_storage_WA_N_CEN_GW1[AF],2192462.0,17374140295.0,902253836.0
24328,2049-04-01,GW_storage_WA_N_CEN_GW1[AF],2139842.0,17496980626.0,904393678.0
24329,2049-05-01,GW_storage_WA_N_CEN_GW1[AF],2086774.0,17623520262.0,906480452.0
24330,2049-06-01,GW_storage_WA_N_CEN_GW1[AF],2051365.0,17749882278.0,908531817.0
24331,2049-07-01,GW_storage_WA_N_CEN_GW1[AF],2000491.0,17875311834.0,910532308.0
24332,2049-08-01,GW_storage_WA_N_CEN_GW1[AF],1965001.0,17998950915.0,912497309.0
24333,2049-09-01,GW_storage_WA_N_CEN_GW1[AF],1930613.0,18120987592.0,914427922.0
24334,2049-10-01,GW_storage_WA_N_CEN_GW1[AF],1894450.0,18241422265.0,916322372.0
24335,2049-11-01,GW_storage_WA_N_CEN_GW1[AF],1860239.0,18360102830.0,918182611.0
24336,2049-12-01,GW_storage_WA_N_CEN_GW1[AF],1825085.0,18476910369.0,920007696.0
24337,2050-01-01,GW_storage_WA_N_CEN_GW1[AF],1779824.0,18591916831.0,921787520.0
24338,2050-02-01,GW_storage_WA_N_CEN_GW1[AF],1751231.0,18705272956.0,923538751.0
24339,2050-03-01,GW_storage_WA_N_CEN_GW1[AF],1719260.0,18821028859.0,925258011.0
24340,2050-04-01,GW_storage_WA_N_CEN_GW1[AF],1677998.0,18940506995.0,926936009.0
24341,2050-05-01,GW_storage_WA_N_CEN_GW1[AF],1636389.0,19059600483.0,928572398.0
24342,2050-06-01,GW_storage_WA_N_CEN_GW1[AF],1613816.0,19178428021.0,930186214.0
24343,2050-07-01,GW_storage_WA_N_CEN_GW1[AF],1573794.0,19296435077.0,931760008.0
24344,2050-08-01,GW_storage_WA_N_CEN_GW1[AF],1562539.0,19412834260.0,933322547.0
24345,2050-09-01,GW_storage_WA_N_CEN_GW1[AF],1538525.0,19527808893.0,934861072.0
24346,2050-10-01,GW_storage_WA_N_CEN_GW1[AF],1512242.0,19641173895.0,936373314.0
24347,2050-11-01,GW_storage_WA_N_CEN_GW1[AF],1487389.0,19752769080.0,937860703.0
24348,2050-12-01,GW_storage_WA_N_CEN_GW1[AF],1450558.0,19862611454.0,939311261.0
24349,2051-01-01,GW_storage_WA_N_CEN_GW1[AF],1414628.0,19970764786.0,940725889.0
24350,2051-02-01,GW_storage_WA_N_CEN_GW1[AF],1394365.0,20077395432.0,942120254.0
24351,2051-03-01,GW_storage_WA_N_CEN_GW1[AF],1359814.0,20182370827.0,943480068.0
24352,2051-04-01,GW_storage_WA_N_CEN_GW1[AF],1327191.0,20291580463.0,944807259.0
24353,2051-05-01,GW_storage_WA_N_CEN_GW1[AF],1294278.0,20400038326.0,946101537.0
24354,2051-06-01,GW_storage_WA_N_CEN_GW1[AF],1285098.0,20508257786.0,947386635.0
24355,2051-07-01,GW_storage_WA_N_CEN_GW1[AF],1253228.0,20615875318.0,948639863.0
24356,2051-08-01,GW_storage_WA_N_CEN_GW1[AF],1242602.0,20722198437.0,949882465.0
24357,2051-09-01,GW_storage_WA_N_CEN_GW1[AF],1212780.0,20827038775.0,951095245.0
24358,2051-10-01,GW_storage_WA_N_CEN_GW1[AF],1182703.0,20930437548.0,952277948.0
24359,2051-11-01,GW_storage_WA_N_CEN_GW1[AF],1154318.0,21032468769.0,953432266.0
24360,2051-12-01,GW_storage_WA_N_CEN_GW1[AF],1125691.0,21133705710.0,954557957.0
24361,2052-01-01,GW_storage_WA_N_CEN_GW1[AF],1097774.0,21233433839.0,955655731.0
24362,2052-02-01,GW_storage_WA_N_CEN_GW1[AF],1083808.0,21331717041.0,956739539.0
24363,2052-03-01,GW_storage_WA_N_CEN_GW1[AF],1056929.0,21429607427.0,957796468.0
24364,2052-04-01,GW_storage_WA_N_CEN_GW1[AF],1031563.0,21527851494.0,958828031.0
24365,2052-05-01,GW_storage_WA_N_CEN_GW1[AF],1005980.0,21624977785.0,959834011.0
24366,2052-06-01,GW_storage_WA_N_CEN_GW1[AF],995262.0,21720857498.0,960829273.0
24367,2052-07-01,GW_storage_WA_N_CEN_GW1[AF],970580.0,21815421513.0,961799853.0
24368,2052-08-01,GW_storage_WA_N_CEN_GW1[AF],947279.0,21908765850.0,962747132.0
24369,2052-09-01,GW_storage_WA_N_CEN_GW1[AF],925333.0,22001026854.0,963672465.0
24370,2052-10-01,GW_storage_WA_N_CEN_GW1[AF],902507.0,22092179195.0,964574972.0
24371,2052-11-01,GW_storage_WA_N_CEN_GW1[AF],880935.0,22182158688.0,965455907.0
24372,2052-12-01,GW_storage_WA_N_CEN_GW1[AF],859157.0,22270990851.0,966315064.0
24373,2053-01-01,GW_storage_WA_N_CEN_GW1[AF],837903.0,22358572318.0,967152967.0
24374,2053-02-01,GW_storage_WA_N_CEN_GW1[AF],819177.0,22445234888.0,967972144.0
24375,2053-03-01,GW_storage_WA_N_CEN_GW1[AF],798896.0,22531338210.0,968771040.0
24376,2053-04-01,GW_storage_WA_N_CEN_GW1[AF],779740.0,22618197854.0,969550780.0
24377,2053-05-01,GW_storage_WA_N_CEN_GW1[AF],760409.0,22705000235.0,970311189.0
24378,2053-06-01,GW_storage_WA_N_CEN_GW1[AF],747710.0,22792005107.0,971058899.0
24379,2053-07-01,GW_storage_WA_N_CEN_GW1[AF],756600.0,22878611714.0,971815499.0
24380,2053-08-01,GW_storage_WA_N_CEN_GW1[AF],736220.0,22964123789.0,972551719.0
24381,2053-09-01,GW_storage_WA_N_CEN_GW1[AF],716774.0,23048536524.0,973268493.0
24382,2053-10-01,GW_storage_WA_N_CEN_GW1[AF],698720.0,23131866519.0,973967213.0
24383,2053-11-01,GW_storage_WA_N_CEN_GW1[AF],681758.0,23214276747.0,974648971.0
24384,2053-12-01,GW_storage_WA_N_CEN_GW1[AF],664703.0,23295578937.0,975313674.0
24385,2054-01-01,GW_storage_WA_N_CEN_GW1[AF],648102.0,23375761806.0,975961776.0
24386,2054-02-01,GW_storage_WA_N_CEN_GW1[AF],633490.0,23454991045.0,976595266.0
24387,2054-03-01,GW_storage_WA_N_CEN_GW1[AF],617698.0,23533194281.0,977212964.0
24388,2054-04-01,GW_storage_WA_N_CEN_GW1[AF],602829.0,23610840643.0,977815793.0
24389,2054-05-01,GW_storage_WA_N_CEN_GW1[AF],587875.0,23687968757.0,978403668.0
24390,2054-06-01,GW_storage_WA_N_CEN_GW1[AF],561002.0,23764134532.0,978964670.0
24391,2054-07-01,GW_storage_WA_N_CEN_GW1[AF],547089.0,23839346953.0,979511759.0
24392,2054-08-01,GW_storage_WA_N_CEN_GW1[AF],537580.0,23913680649.0,980049339.0
24393,2054-09-01,GW_storage_WA_N_CEN_GW1[AF],528685.0,23987275722.0,980578024.0
24394,2054-10-01,GW_storage_WA_N_CEN_GW1[AF],516202.0,24060063673.0,981094226.0
24395,2054-11-01,GW_storage_WA_N_CEN_GW1[AF],504267.0,24132040073.0,981598493.0
24396,2054-12-01,GW_storage_WA_N_CEN_GW1[AF],492117.0,24203075252.0,982090610.0
24397,2055-01-01,GW_storage_WA_N_CEN_GW1[AF],480196.0,24273232069.0,982570806.0
24398,2055-02-01,GW_storage_WA_N_CEN_GW1[AF],469668.0,24346983422.0,983040474.0
24399,2055-03-01,GW_storage_WA_N_CEN_GW1[AF],458210.0,24429418525.0,983498684.0
24400,2055-04-01,GW_storage_WA_N_CEN_GW1[AF],447311.0,24519974284.0,983945995.0
24401,2055-05-01,GW_storage_WA_N_CEN_GW1[AF],436226.0,24612887460.0,984382221.0
24402,2055-06-01,GW_storage_WA_N_CEN_GW1[AF],396167.0,24705731755.0,984778388.0
24403,2055-07-01,GW_storage_WA_N_CEN_GW1[AF],386343.0,24797561549.0,985164731.0
24404,2055-08-01,GW_storage_WA_N_CEN_GW1[AF],375432.0,24888417864.0,985540163.0
24405,2055-09-01,GW_storage_WA_N_CEN_GW1[AF],365071.0,24978247446.0,985905234.0
24406,2055-10-01,GW_storage_WA_N_CEN_GW1[AF],355808.0,25067037402.0,986261042.0
24407,2055-11-01,GW_storage_WA_N_CEN_GW1[AF],347121.0,25154620871.0,986608163.0
24408,2055-12-01,GW_storage_WA_N_CEN_GW1[AF],338398.0,25240958786.0,986946561.0
24409,2056-01-01,GW_storage_WA_N_CEN_GW1[AF],329914.0,25326085001.0,987276475.0
24410,2056-02-01,GW_storage_WA_N_CEN_GW1[AF],322186.0,25410115783.0,987598661.0
24411,2056-03-01,GW_storage_WA_N_CEN_GW1[AF],314132.0,25493046199.0,987912793.0
24412,2056-04-01,GW_storage_WA_N_CEN_GW1[AF],306557.0,25579867650.0,988219350.0
24413,2056-05-01,GW_storage_WA_N_CEN_GW1[AF],298952.0,25665994452.0,988518302.0
24414,2056-06-01,GW_storage_WA_N_CEN_GW1[AF],298115.0,25751014051.0,988816417.0
24415,2056-07-01,GW_storage_WA_N_CEN_GW1[AF],290720.0,25834999057.0,989107137.0
24416,2056-08-01,GW_storage_WA_N_CEN_GW1[AF],290046.0,25918012980.0,989397183.0
24417,2056-09-01,GW_storage_WA_N_CEN_GW1[AF],283084.0,26000006720.0,989680267.0
24418,2056-10-01,GW_storage_WA_N_CEN_GW1[AF],276063.0,26080893812.0,989956330.0
24419,2056-11-01,GW_storage_WA_N_CEN_GW1[AF],281873.0,26160908259.0,990238203.0
24420,2056-12-01,GW_storage_WA_N_CEN_GW1[AF],287035.0,26240212456.0,990525238.0
24421,2057-01-01,GW_storage_WA_N_CEN_GW1[AF],279916.0,26318587848.0,990805154.0
24422,2057-02-01,GW_storage_WA_N_CEN_GW1[AF],273646.0,26395985372.0,991078800.0
24423,2057-03-01,GW_storage_WA_N_CEN_GW1[AF],266860.0,26472734266.0,991345660.0
24424,2057-04-01,GW_storage_WA_N_CEN_GW1[AF],260455.0,26556295278.0,991606115.0
24425,2057-05-01,GW_storage_WA_N_CEN_GW1[AF],253996.0,26638790503.0,991860111.0
24426,2057-06-01,GW_storage_WA_N_CEN_GW1[AF],258585.0,26720263696.0,992118696.0
24427,2057-07-01,GW_storage_WA_N_CEN_GW1[AF],252172.0,26800720453.0,992370868.0
24428,2057-08-01,GW_storage_WA_N_CEN_GW1[AF],246607.0,26880212595.0,992617475.0
24429,2057-09-01,GW_storage_WA_N_CEN_GW1[AF],241385.0,26958875022.0,992858860.0
24430,2057-10-01,GW_storage_WA_N_CEN_GW1[AF],235507.0,27036568588.0,993094367.0
24431,2057-11-01,GW_storage_WA_N_CEN_GW1[AF],229932.0,27113396201.0,993324299.0
24432,2057-12-01,GW_storage_WA_N_CEN_GW1[AF],224288.0,27189264327.0,993548587.0
24433,2058-01-01,GW_storage_WA_N_CEN_GW1[AF],218773.0,27264124633.0,993767360.0
24434,2058-02-01,GW_storage_WA_N_CEN_GW1[AF],213911.0,27348265847.0,993981271.0
24435,2058-03-01,GW_storage_WA_N_CEN_GW1[AF],208636.0,27440889382.0,994189907.0
24436,2058-04-01,GW_storage_WA_N_CEN_GW1[AF],203644.0,27539133274.0,994393551.0
24437,2058-05-01,GW_storage_WA_N_CEN_GW1[AF],198595.0,27639449314.0,994592146.0
24438,2058-06-01,GW_storage_WA_N_CEN_GW1[AF],201160.0,27738779306.0,994793306.0
24439,2058-07-01,GW_storage_WA_N_CEN_GW1[AF],196171.0,27837531793.0,994989477.0
24440,2058-08-01,GW_storage_WA_N_CEN_GW1[AF],196205.0,27935280444.0,995185682.0
24441,2058-09-01,GW_storage_WA_N_CEN_GW1[AF],191574.0,28031862865.0,995377256.0
24442,2058-10-01,GW_storage_WA_N_CEN_GW1[AF],186835.0,28127260463.0,995564091.0
24443,2058-11-01,GW_storage_WA_N_CEN_GW1[AF],182360.0,28221366217.0,995746451.0
24444,2058-12-01,GW_storage_WA_N_CEN_GW1[AF],177844.0,28314157055.0,995924295.0
24445,2059-01-01,GW_storage_WA_N_CEN_GW1[AF],173440.0,28405540773.0,996097735.0
24446,2059-02-01,GW_storage_WA_N_CEN_GW1[AF],169559.0,28502067677.0,996267294.0
24447,2059-03-01,GW_storage_WA_N_CEN_GW1[AF],165357.0,28605457246.0,996432651.0
24448,2059-04-01,GW_storage_WA_N_CEN_GW1[AF],161387.0,28717814838.0,996594038.0
24449,2059-05-01,GW_storage_WA_N_CEN_GW1[AF],157379.0,28830913147.0,996751417.0
24450,2059-06-01,GW_storage_WA_N_CEN_GW1[AF],153878.0,28943770190.0,996905295.0
24451,2059-07-01,GW_storage_WA_N_CEN_GW1[AF],156487.0,29055182582.0,997061782.0
24452,2059-08-01,GW_storage_WA_N_CEN_GW1[AF],152817.0,29165160032.0,997214599.0
24453,2059-09-01,GW_storage_WA_N_CEN_GW1[AF],149326.0,29273920291.0,997363925.0
24454,2059-10-01,GW_storage_WA_N_CEN_GW1[AF],145651.0,29381402010.0,997509576.0
24455,2059-11-01,GW_storage_WA_N_CEN_GW1[AF],142175.0,29487451547.0,997651751.0
24456,2059-12-01,GW_storage_WA_N_CEN_GW1[AF],138666.0,29592083281.0,997790417.0
24457,2060-01-01,GW_storage_WA_N_CEN_GW1[AF],135240.0,29695071869.0,997925657.0
24458,2060-02-01,GW_storage_WA_N_CEN_GW1[AF],132114.0,29797999369.0,998057771.0
24459,2060-03-01,GW_storage_WA_N_CEN_GW1[AF],128845.0,29907235449.0,998186616.0
24460,2060-04-01,GW_storage_WA_N_CEN_GW1[AF],125760.0,30022282651.0,998312376.0
24461,2060-05-01,GW_storage_WA_N_CEN_GW1[AF],109469.0,30138204137.0,998421845.0
24462,2060-06-01,GW_storage_WA_N_CEN_GW1[AF],108309.0,30253989194.0,998530154.0
24463,2060-07-01,GW_storage_WA_N_CEN_GW1[AF],105624.0,30369445165.0,998635778.0
24464,2060-08-01,GW_storage_WA_N_CEN_GW1[AF],117679.0,30483354195.0,998753457.0
24465,2060-09-01,GW_storage_WA_N_CEN_GW1[AF],128403.0,30595912136.0,998881860.0
24466,2060-10-01,GW_storage_WA_N_CEN_GW1[AF],138340.0,30707058453.0,999020200.0
24467,2060-11-01,GW_storage_WA_N_CEN_GW1[AF],147589.0,30816686913.0,999167789.0
24468,2060-12-01,GW_storage_WA_N_CEN_GW1[AF],156189.0,30924630927.0,999323978.0
24469,2061-01-01,GW_storage_WA_N_CEN_GW1[AF],152323.0,31038058188.0,999476301.0
24470,2061-02-01,GW_storage_WA_N_CEN_GW1[AF],148917.0,31163247262.0,999625218.0
24471,2061-03-01,GW_storage_WA_N_CEN_GW1[AF],145229.0,31301926464.0,999770447.0
24472,2061-04-01,GW_storage_WA_N_CEN_GW1[AF],10687990.0,31460043743.0,1010458437.0
24473,2061-05-01,GW_storage_WA_N_CEN_GW1[AF],10409630.0,31621719240.0,1020868067.0
24474,2061-06-01,GW_storage_WA_N_CEN_GW1[AF],10190996.0,31781944019.0,1031059063.0
24475,2061-07-01,GW_storage_WA_N_CEN_GW1[AF],9953125.0,31940594248.0,1041012188.0
24476,2061-08-01,GW_storage_WA_N_CEN_GW1[AF],9769941.0,32097666692.0,1050782129.0
24477,2061-09-01,GW_storage_WA_N_CEN_GW1[AF],9535862.0,32253244922.0,1060317991.0
24478,2061-10-01,GW_storage_WA_N_CEN_GW1[AF],9299434.0,32407132898.0,1069617425.0
24479,2061-11-01,GW_storage_WA_N_CEN_GW1[AF],9076293.0,32559108380.0,1078693718.0
24480,2061-12-01,GW_storage_WA_N_CEN_GW1[AF],8851236.0,32709321481.0,1087544954.0
24481,2062-01-01,GW_storage_WA_N_CEN_GW1[AF],8631752.0,32858735378.0,1096176706.0
24482,2062-02-01,GW_storage_WA_N_CEN_GW1[AF],8438423.0,33022044851.0,1104615129.0
24483,2062-03-01,GW_storage_WA_N_CEN_GW1[AF],8229170.0,33198837130.0,1112844299.0
24484,2062-04-01,GW_storage_WA_N_CEN_GW1[AF],8031680.0,33390837210.0,1120875979.0
24485,2062-05-01,GW_storage_WA_N_CEN_GW1[AF],7832509.0,33584259641.0,1128708488.0
24486,2062-06-01,GW_storage_WA_N_CEN_GW1[AF],7694259.0,33776858517.0,1136402747.0
24487,2062-07-01,GW_storage_WA_N_CEN_GW1[AF],7503440.0,33967635736.0,1143906187.0
24488,2062-08-01,GW_storage_WA_N_CEN_GW1[AF],7363299.0,34156855847.0,1151269486.0
24489,2062-09-01,GW_storage_WA_N_CEN_GW1[AF],7200930.0,34344548104.0,1158470416.0
24490,2062-10-01,GW_storage_WA_N_CEN_GW1[AF],7022347.0,34530332137.0,1165492763.0
24491,2062-11-01,GW_storage_WA_N_CEN_GW1[AF],6853810.0,34714073091.0,1172346573.0
24492,2062-12-01,GW_storage_WA_N_CEN_GW1[AF],6683836.0,34895778448.0,1179030409.0
24493,2063-01-01,GW_storage_WA_N_CEN_GW1[AF],6518077.0,35079072230.0,1185548486.0
24494,2063-02-01,GW_storage_WA_N_CEN_GW1[AF],6384905.0,35269350335.0,1191933391.0
24495,2063-03-01,GW_storage_WA_N_CEN_GW1[AF],6226559.0,35470064786.0,1198159950.0
24496,2063-04-01,GW_storage_WA_N_CEN_GW1[AF],6077126.0,35683040547.0,1204237076.0
24497,2063-05-01,GW_storage_WA_N_CEN_GW1[AF],5926414.0,35907121073.0,1210163490.0
24498,2063-06-01,GW_storage_WA_N_CEN_GW1[AF],5784180.0,36134854310.0,1215947670.0
24499,2063-07-01,GW_storage_WA_N_CEN_GW1[AF],5640732.0,36361472567.0,1221588402.0
24500,2063-08-01,GW_storage_WA_N_CEN_GW1[AF],5597344.0,36586142514.0,1227185746.0
24501,2063-09-01,GW_storage_WA_N_CEN_GW1[AF],5477612.0,36808934029.0,1232663358.0
24502,2063-10-01,GW_storage_WA_N_CEN_GW1[AF],5355303.0,37029507927.0,1238018661.0
24503,2063-11-01,GW_storage_WA_N_CEN_GW1[AF],5239714.0,37248012309.0,1243258375.0
24504,2063-12-01,GW_storage_WA_N_CEN_GW1[AF],5122392.0,37465671472.0,1248380767.0
24505,2064-01-01,GW_storage_WA_N_CEN_GW1[AF],4995356.0,37694815963.0,1253376123.0
24506,2064-02-01,GW_storage_WA_N_CEN_GW1[AF],4879464.0,37945097639.0,1258255587.0
24507,2064-03-01,GW_storage_WA_N_CEN_GW1[AF],4771627.0,38213638934.0,1263027214.0
24508,2064-04-01,GW_storage_WA_N_CEN_GW1[AF],4657109.0,38493367090.0,1267684323.0
24509,2064-05-01,GW_storage_WA_N_CEN_GW1[AF],4527900.0,38776738105.0,1272212223.0
24510,2064-06-01,GW_storage_WA_N_CEN_GW1[AF],4448789.0,39060661713.0,1276661012.0
24511,2064-07-01,GW_storage_WA_N_CEN_GW1[AF],4338459.0,39341932866.0,1280999471.0
24512,2064-08-01,GW_storage_WA_N_CEN_GW1[AF],4233410.0,39620711220.0,1285232881.0
24513,2064-09-01,GW_storage_WA_N_CEN_GW1[AF],4133815.0,39897002798.0,1289366696.0
24514,2064-10-01,GW_storage_WA_N_CEN_GW1[AF],4031612.0,40170736712.0,1293398308.0
24515,2064-11-01,GW_storage_WA_N_CEN_GW1[AF],3948146.0,40442044957.0,1297346454.0
24516,2064-12-01,GW_storage_WA_N_CEN_GW1[AF],3850405.0,40711834451.0,1301196859.0
24517,2065-01-01,GW_storage_WA_N_CEN_GW1[AF],3767928.0,40982757097.0,1304964787.0
24518,2065-02-01,GW_storage_WA_N_CEN_GW1[AF],3683638.0,41255716076.0,1308648425.0
24519,2065-03-01,GW_storage_WA_N_CEN_GW1[AF],3592376.0,41533378347.0,1312240801.0
24520,2065-04-01,GW_storage_WA_N_CEN_GW1[AF],9486879.0,41819419395.0,1321727680.0
24521,2065-05-01,GW_storage_WA_N_CEN_GW1[AF],9251608.0,42107659636.0,1330979288.0
24522,2065-06-01,GW_storage_WA_N_CEN_GW1[AF],9029574.0,42393392346.0,1340008862.0
24523,2065-07-01,GW_storage_WA_N_CEN_GW1[AF],10479638.0,42678359041.0,1350488500.0
24524,2065-08-01,GW_storage_WA_N_CEN_GW1[AF],10294493.0,42960938762.0,1360782993.0
24525,2065-09-01,GW_storage_WA_N_CEN_GW1[AF],10047426.0,43241061639.0,1370830419.0
24526,2065-10-01,GW_storage_WA_N_CEN_GW1[AF],9798249.0,43518553408.0,1380628668.0
24527,2065-11-01,GW_storage_WA_N_CEN_GW1[AF],9563091.0,43793351378.0,1390191759.0
24528,2065-12-01,GW_storage_WA_N_CEN_GW1[AF],9325927.0,44065325818.0,1399517686.0
24529,2066-01-01,GW_storage_WA_N_CEN_GW1[AF],9094644.0,44334625115.0,1408612330.0
24530,2066-02-01,GW_storage_WA_N_CEN_GW1[AF],8890924.0,44601575728.0,1417503254.0
24531,2066-03-01,GW_storage_WA_N_CEN_GW1[AF],8670430.0,44865977654.0,1426173684.0
24532,2066-04-01,GW_storage_WA_N_CEN_GW1[AF],8462339.0,45130939542.0,1434636023.0
24533,2066-05-01,GW_storage_WA_N_CEN_GW1[AF],8252473.0,45393925169.0,1442888496.0
24534,2066-06-01,GW_storage_WA_N_CEN_GW1[AF],8068163.0,45654573916.0,1450956659.0
24535,2066-07-01,GW_storage_WA_N_CEN_GW1[AF],7868072.0,45912927675.0,1458824731.0
24536,2066-08-01,GW_storage_WA_N_CEN_GW1[AF],7688959.0,46169111465.0,1466513690.0
24537,2066-09-01,GW_storage_WA_N_CEN_GW1[AF],7507113.0,46423600426.0,1474020803.0
24538,2066-10-01,GW_storage_WA_N_CEN_GW1[AF],7335629.0,46676263355.0,1481356432.0
24539,2066-11-01,GW_storage_WA_N_CEN_GW1[AF],7173459.0,46927228863.0,1488529891.0
24540,2066-12-01,GW_storage_WA_N_CEN_GW1[AF],6995774.0,47176198480.0,1495525665.0
24541,2067-01-01,GW_storage_WA_N_CEN_GW1[AF],6822447.0,47422896821.0,1502348112.0
24542,2067-02-01,GW_storage_WA_N_CEN_GW1[AF],6669760.0,47667661431.0,1509017872.0
24543,2067-03-01,GW_storage_WA_N_CEN_GW1[AF],6504459.0,47910308464.0,1515522331.0
24544,2067-04-01,GW_storage_WA_N_CEN_GW1[AF],6348417.0,48151085524.0,1521870748.0
24545,2067-05-01,GW_storage_WA_N_CEN_GW1[AF],6190988.0,48389950965.0,1528061736.0
24546,2067-06-01,GW_storage_WA_N_CEN_GW1[AF],6095271.0,48627002221.0,1534157007.0
24547,2067-07-01,GW_storage_WA_N_CEN_GW1[AF],5944108.0,48862124917.0,1540101115.0
24548,2067-08-01,GW_storage_WA_N_CEN_GW1[AF],5799739.0,49095321876.0,1545900854.0
24549,2067-09-01,GW_storage_WA_N_CEN_GW1[AF],5663567.0,49326841519.0,1551564421.0
24550,2067-10-01,GW_storage_WA_N_CEN_GW1[AF],5523589.0,49556552267.0,1557088010.0
24551,2067-11-01,GW_storage_WA_N_CEN_GW1[AF],5391364.0,49784868208.0,1562479374.0
24552,2067-12-01,GW_storage_WA_N_CEN_GW1[AF],5257918.0,50011545293.0,1567737292.0
24553,2068-01-01,GW_storage_WA_N_CEN_GW1[AF],5127728.0,50238331069.0,1572865020.0
24554,2068-02-01,GW_storage_WA_N_CEN_GW1[AF],5008931.0,50478937732.0,1577873951.0
24555,2068-03-01,GW_storage_WA_N_CEN_GW1[AF],4884842.0,50739381265.0,1582758793.0
24556,2068-04-01,GW_storage_WA_N_CEN_GW1[AF],4767677.0,51011294375.0,1587526470.0
24557,2068-05-01,GW_storage_WA_N_CEN_GW1[AF],4649443.0,51290774772.0,1592175913.0
24558,2068-06-01,GW_storage_WA_N_CEN_GW1[AF],4578942.0,51571539123.0,1596754855.0
24559,2068-07-01,GW_storage_WA_N_CEN_GW1[AF],4465385.0,51851333229.0,1601220240.0
24560,2068-08-01,GW_storage_WA_N_CEN_GW1[AF],4345816.0,52129191774.0,1605566056.0
24561,2068-09-01,GW_storage_WA_N_CEN_GW1[AF],4241516.0,52405096290.0,1609807572.0
24562,2068-10-01,GW_storage_WA_N_CEN_GW1[AF],4136325.0,52678907664.0,1613943897.0
24563,2068-11-01,GW_storage_WA_N_CEN_GW1[AF],4037054.0,52950483517.0,1617980951.0
24564,2068-12-01,GW_storage_WA_N_CEN_GW1[AF],3936935.0,53219819895.0,1621917886.0
24565,2069-01-01,GW_storage_WA_N_CEN_GW1[AF],3839298.0,53487155316.0,1625757184.0
24566,2069-02-01,GW_storage_WA_N_CEN_GW1[AF],3753298.0,53760870931.0,1629510482.0
24567,2069-03-01,GW_storage_WA_N_CEN_GW1[AF],3660217.0,54039428849.0,1633170699.0
24568,2069-04-01,GW_storage_WA_N_CEN_GW1[AF],3572377.0,54324092180.0,1636743076.0
24569,2069-05-01,GW_storage_WA_N_CEN_GW1[AF],3483783.0,54609436481.0,1640226859.0
24570,2069-06-01,GW_storage_WA_N_CEN_GW1[AF],3435600.0,54894337917.0,1643662459.0
24571,2069-07-01,GW_storage_WA_N_CEN_GW1[AF],3350398.0,55177218144.0,1647012857.0
24572,2069-08-01,GW_storage_WA_N_CEN_GW1[AF],3297241.0,55458179949.0,1650310098.0
24573,2069-09-01,GW_storage_WA_N_CEN_GW1[AF],3218560.0,55737226700.0,1653528658.0
24574,2069-10-01,GW_storage_WA_N_CEN_GW1[AF],3138809.0,56014313112.0,1656667467.0
24575,2069-11-01,GW_storage_WA_N_CEN_GW1[AF],3063528.0,56289244905.0,1659730995.0
24576,2069-12-01,GW_storage_WA_N_CEN_GW1[AF],2987592.0,56561948550.0,1662718587.0
24577,2070-01-01,GW_storage_WA_N_CEN_GW1[AF],2913531.0,56832455571.0,1665632118.0
24578,2070-02-01,GW_storage_WA_N_CEN_GW1[AF],2862051.0,57101031869.0,1668494169.0
24579,2070-03-01,GW_storage_WA_N_CEN_GW1[AF],2802436.0,57367456127.0,1671296605.0
24580,2070-04-01,GW_storage_WA_N_CEN_GW1[AF],2735194.0,57631884127.0,1674031799.0
24581,2070-05-01,GW_storage_WA_N_CEN_GW1[AF],2667362.0,57894580730.0,1676699161.0
24582,2070-06-01,GW_storage_WA_N_CEN_GW1[AF],2624498.0,58156625113.0,1679323659.0
24583,2070-07-01,GW_storage_WA_N_CEN_GW1[AF],2559410.0,58417720429.0,1681883069.0
24584,2070-08-01,GW_storage_WA_N_CEN_GW1[AF],2512821.0,58677125935.0,1684395890.0
24585,2070-09-01,GW_storage_WA_N_CEN_GW1[AF],2452654.0,58935122487.0,1686848544.0
24586,2070-10-01,GW_storage_WA_N_CEN_GW1[AF],2406250.0,59191573450.0,1689254794.0
24587,2070-11-01,GW_storage_WA_N_CEN_GW1[AF],2362385.0,59446278042.0,1691617179.0
24588,2070-12-01,GW_storage_WA_N_CEN_GW1[AF],2317343.0,59699129256.0,1693934522.0
24589,2025-08-01,GW_storage_WA_N_CEN_GW2[AF],1293.0,60752330.0,1293.0
24590,2025-09-01,GW_storage_WA_N_CEN_GW2[AF],1602.0,63291561.0,2895.0
24591,2025-10-01,GW_storage_WA_N_CEN_GW2[AF],1632.0,66117192.0,4527.0
24592,2025-11-01,GW_storage_WA_N_CEN_GW2[AF],1647.0,69169207.0,6174.0
24593,2025-12-01,GW_storage_WA_N_CEN_GW2[AF],1651.0,72377661.0,7825.0
24594,2026-01-01,GW_storage_WA_N_CEN_GW2[AF],1649.0,75644729.0,9474.0
24595,2026-02-01,GW_storage_WA_N_CEN_GW2[AF],1645.0,83025589.0,11119.0
24596,2026-03-01,GW_storage_WA_N_CEN_GW2[AF],1637.0,93674924.0,12756.0
24597,2026-04-01,GW_storage_WA_N_CEN_GW2[AF],1622.0,112497734.0,14378.0
24598,2026-05-01,GW_storage_WA_N_CEN_GW2[AF],1597.0,136460613.0,15975.0
24599,2026-06-01,GW_storage_WA_N_CEN_GW2[AF],1571.0,160180041.0,17546.0
24600,2026-07-01,GW_storage_WA_N_CEN_GW2[AF],1544.0,184580314.0,19090.0
24601,2026-08-01,GW_storage_WA_N_CEN_GW2[AF],1517.0,208538131.0,20607.0
24602,2026-09-01,GW_storage_WA_N_CEN_GW2[AF],1492.0,232132273.0,22099.0
24603,2026-10-01,GW_storage_WA_N_CEN_GW2[AF],1466.0,255250646.0,23565.0
24604,2026-11-01,GW_storage_WA_N_CEN_GW2[AF],1441.0,277908394.0,25006.0
24605,2026-12-01,GW_storage_WA_N_CEN_GW2[AF],1416.0,300103214.0,26422.0
24606,2027-01-01,GW_storage_WA_N_CEN_GW2[AF],1391.0,321847786.0,27813.0
24607,2027-02-01,GW_storage_WA_N_CEN_GW2[AF],1370.0,343199646.0,29183.0
24608,2027-03-01,GW_storage_WA_N_CEN_GW2[AF],1347.0,369620421.0,30530.0
24609,2027-04-01,GW_storage_WA_N_CEN_GW2[AF],1324.0,409179141.0,31854.0
24610,2027-05-01,GW_storage_WA_N_CEN_GW2[AF],1301.0,455970259.0,33155.0
24611,2027-06-01,GW_storage_WA_N_CEN_GW2[AF],1279.0,506103237.0,34434.0
24612,2027-07-01,GW_storage_WA_N_CEN_GW2[AF],1256.0,558027240.0,35690.0
24613,2027-08-01,GW_storage_WA_N_CEN_GW2[AF],1234.0,610747556.0,36924.0
24614,2027-09-01,GW_storage_WA_N_CEN_GW2[AF],1214.0,662576568.0,38138.0
24615,2027-10-01,GW_storage_WA_N_CEN_GW2[AF],1193.0,713531026.0,39331.0
24616,2027-11-01,GW_storage_WA_N_CEN_GW2[AF],1173.0,763602436.0,40504.0
24617,2027-12-01,GW_storage_WA_N_CEN_GW2[AF],1153.0,812846873.0,41657.0
24618,2028-01-01,GW_storage_WA_N_CEN_GW2[AF],1133.0,861121911.0,42790.0
24619,2028-02-01,GW_storage_WA_N_CEN_GW2[AF],1114.0,908650771.0,43904.0
24620,2028-03-01,GW_storage_WA_N_CEN_GW2[AF],1094.0,959000163.0,44998.0
24621,2028-04-01,GW_storage_WA_N_CEN_GW2[AF],1077.0,1012039411.0,46075.0
24622,2028-05-01,GW_storage_WA_N_CEN_GW2[AF],1058.0,1068060916.0,47133.0
24623,2028-06-01,GW_storage_WA_N_CEN_GW2[AF],1040.0,1125203670.0,48173.0
24624,2028-07-01,GW_storage_WA_N_CEN_GW2[AF],1022.0,1183903968.0,49195.0
24625,2028-08-01,GW_storage_WA_N_CEN_GW2[AF],1004.0,1241633200.0,50199.0
24626,2028-09-01,GW_storage_WA_N_CEN_GW2[AF],987.0,1298536546.0,51186.0
24627,2028-10-01,GW_storage_WA_N_CEN_GW2[AF],970.0,1354465802.0,52156.0
24628,2028-11-01,GW_storage_WA_N_CEN_GW2[AF],954.0,1409406877.0,53110.0
24629,2028-12-01,GW_storage_WA_N_CEN_GW2[AF],937.0,1463330743.0,54047.0
24630,2029-01-01,GW_storage_WA_N_CEN_GW2[AF],921.0,1516331973.0,54968.0
24631,2029-02-01,GW_storage_WA_N_CEN_GW2[AF],906.0,1568436361.0,55874.0
24632,2029-03-01,GW_storage_WA_N_CEN_GW2[AF],890.0,1622957905.0,56764.0
24633,2029-04-01,GW_storage_WA_N_CEN_GW2[AF],875.0,1679352962.0,57639.0
24634,2029-05-01,GW_storage_WA_N_CEN_GW2[AF],860.0,1742904338.0,58499.0
24635,2029-06-01,GW_storage_WA_N_CEN_GW2[AF],845.0,1807169538.0,59344.0
24636,2029-07-01,GW_storage_WA_N_CEN_GW2[AF],3664.0,1872474684.0,63008.0
24637,2029-08-01,GW_storage_WA_N_CEN_GW2[AF],3600.0,1936569687.0,66608.0
24638,2029-09-01,GW_storage_WA_N_CEN_GW2[AF],3540.0,1999536921.0,70148.0
24639,2029-10-01,GW_storage_WA_N_CEN_GW2[AF],3478.0,2061251234.0,73626.0
24640,2029-11-01,GW_storage_WA_N_CEN_GW2[AF],3420.0,2121792309.0,77046.0
24641,2029-12-01,GW_storage_WA_N_CEN_GW2[AF],3361.0,2181276298.0,80407.0
24642,2030-01-01,GW_storage_WA_N_CEN_GW2[AF],3302.0,2239598911.0,83709.0
24643,2030-02-01,GW_storage_WA_N_CEN_GW2[AF],3251.0,2296908282.0,86960.0
24644,2030-03-01,GW_storage_WA_N_CEN_GW2[AF],3194.0,2353273149.0,90154.0
24645,2030-04-01,GW_storage_WA_N_CEN_GW2[AF],3141.0,2408813513.0,93295.0
24646,2030-05-01,GW_storage_WA_N_CEN_GW2[AF],3086.0,2463288321.0,96381.0
24647,2030-06-01,GW_storage_WA_N_CEN_GW2[AF],3034.0,2519189259.0,99415.0
24648,2030-07-01,GW_storage_WA_N_CEN_GW2[AF],2982.0,2574987711.0,102397.0
24649,2030-08-01,GW_storage_WA_N_CEN_GW2[AF],2929.0,2629845780.0,105326.0
24650,2030-09-01,GW_storage_WA_N_CEN_GW2[AF],2880.0,2683731630.0,108206.0
24651,2030-10-01,GW_storage_WA_N_CEN_GW2[AF],2831.0,2736573135.0,111037.0
24652,2030-11-01,GW_storage_WA_N_CEN_GW2[AF],2783.0,2788437015.0,113820.0
24653,2030-12-01,GW_storage_WA_N_CEN_GW2[AF],2734.0,2839371858.0,116554.0
24654,2031-01-01,GW_storage_WA_N_CEN_GW2[AF],2687.0,2889285425.0,119241.0
24655,2031-02-01,GW_storage_WA_N_CEN_GW2[AF],2645.0,2938331300.0,121886.0
24656,2031-03-01,GW_storage_WA_N_CEN_GW2[AF],2599.0,2986403207.0,124485.0
24657,2031-04-01,GW_storage_WA_N_CEN_GW2[AF],2556.0,3034117058.0,127041.0
24658,2031-05-01,GW_storage_WA_N_CEN_GW2[AF],2511.0,3081639947.0,129552.0
24659,2031-06-01,GW_storage_WA_N_CEN_GW2[AF],2469.0,3128466639.0,132021.0
24660,2031-07-01,GW_storage_WA_N_CEN_GW2[AF],2426.0,3175256040.0,134447.0
24661,2031-08-01,GW_storage_WA_N_CEN_GW2[AF],2384.0,3221201089.0,136831.0
24662,2031-09-01,GW_storage_WA_N_CEN_GW2[AF],2344.0,3266538806.0,139175.0
24663,2031-10-01,GW_storage_WA_N_CEN_GW2[AF],2303.0,3311005126.0,141478.0
24664,2031-11-01,GW_storage_WA_N_CEN_GW2[AF],2264.0,3354843436.0,143742.0
24665,2031-12-01,GW_storage_WA_N_CEN_GW2[AF],2225.0,3397917039.0,145967.0
24666,2032-01-01,GW_storage_WA_N_CEN_GW2[AF],2186.0,3440765830.0,148153.0
24667,2032-02-01,GW_storage_WA_N_CEN_GW2[AF],2151.0,3500332884.0,150304.0
24668,2032-03-01,GW_storage_WA_N_CEN_GW2[AF],2114.0,3570397039.0,152418.0
24669,2032-04-01,GW_storage_WA_N_CEN_GW2[AF],2078.0,3645988541.0,154496.0
24670,2032-05-01,GW_storage_WA_N_CEN_GW2[AF],2042.0,3723860841.0,156538.0
24671,2032-06-01,GW_storage_WA_N_CEN_GW2[AF],2008.0,3803847465.0,158546.0
24672,2032-07-01,GW_storage_WA_N_CEN_GW2[AF],1972.0,3884065220.0,160518.0
24673,2032-08-01,GW_storage_WA_N_CEN_GW2[AF],1938.0,3963910669.0,162456.0
24674,2032-09-01,GW_storage_WA_N_CEN_GW2[AF],1906.0,4042724779.0,164362.0
24675,2032-10-01,GW_storage_WA_N_CEN_GW2[AF],1873.0,4120308321.0,166235.0
24676,2032-11-01,GW_storage_WA_N_CEN_GW2[AF],1841.0,4196679403.0,168076.0
24677,2032-12-01,GW_storage_WA_N_CEN_GW2[AF],1810.0,4271822754.0,169886.0
24678,2033-01-01,GW_storage_WA_N_CEN_GW2[AF],1778.0,4345538492.0,171664.0
24679,2033-02-01,GW_storage_WA_N_CEN_GW2[AF],1750.0,4423218301.0,173414.0
24680,2033-03-01,GW_storage_WA_N_CEN_GW2[AF],1719.0,4505470297.0,175133.0
24681,2033-04-01,GW_storage_WA_N_CEN_GW2[AF],1691.0,4590681136.0,176824.0
24682,2033-05-01,GW_storage_WA_N_CEN_GW2[AF],1661.0,4675360581.0,178485.0
24683,2033-06-01,GW_storage_WA_N_CEN_GW2[AF],1633.0,4760708398.0,180118.0
24684,2033-07-01,GW_storage_WA_N_CEN_GW2[AF],1606.0,4846138178.0,181724.0
24685,2033-08-01,GW_storage_WA_N_CEN_GW2[AF],1578.0,4931118427.0,183302.0
24686,2033-09-01,GW_storage_WA_N_CEN_GW2[AF],1551.0,5014914731.0,184853.0
24687,2033-10-01,GW_storage_WA_N_CEN_GW2[AF],1524.0,5097508172.0,186377.0
24688,2033-11-01,GW_storage_WA_N_CEN_GW2[AF],1498.0,5178663669.0,187875.0
24689,2033-12-01,GW_storage_WA_N_CEN_GW2[AF],1473.0,5258443309.0,189348.0
24690,2034-01-01,GW_storage_WA_N_CEN_GW2[AF],2373185.0,5339163828.0,2562533.0
24691,2034-02-01,GW_storage_WA_N_CEN_GW2[AF],2335973.0,5418722190.0,4898506.0
24692,2034-03-01,GW_storage_WA_N_CEN_GW2[AF],2295421.0,5500220744.0,7193927.0
24693,2034-04-01,GW_storage_WA_N_CEN_GW2[AF],2256857.0,5584032903.0,9450784.0
24694,2034-05-01,GW_storage_WA_N_CEN_GW2[AF],10542566.0,5676873319.0,19993350.0
24695,2034-06-01,GW_storage_WA_N_CEN_GW2[AF],13895041.0,5773341236.0,33888391.0
24696,2034-07-01,GW_storage_WA_N_CEN_GW2[AF],15456185.0,5871231225.0,49344576.0
24697,2034-08-01,GW_storage_WA_N_CEN_GW2[AF],15187866.0,5968392389.0,64532442.0
24698,2034-09-01,GW_storage_WA_N_CEN_GW2[AF],14932711.0,6064112138.0,79465153.0
24699,2034-10-01,GW_storage_WA_N_CEN_GW2[AF],14673479.0,6158273690.0,94138632.0
24700,2034-11-01,GW_storage_WA_N_CEN_GW2[AF],14426964.0,6251013792.0,108565596.0
24701,2034-12-01,GW_storage_WA_N_CEN_GW2[AF],14176513.0,6342469856.0,122742109.0
24702,2035-01-01,GW_storage_WA_N_CEN_GW2[AF],13930410.0,6432436397.0,136672519.0
24703,2035-02-01,GW_storage_WA_N_CEN_GW2[AF],13711980.0,6520973109.0,150384499.0
24704,2035-03-01,GW_storage_WA_N_CEN_GW2[AF],13473941.0,6608114132.0,163858440.0
24705,2035-04-01,GW_storage_WA_N_CEN_GW2[AF],13247579.0,6694040771.0,177106019.0
24706,2035-05-01,GW_storage_WA_N_CEN_GW2[AF],13017602.0,6778544504.0,190123621.0
24707,2035-06-01,GW_storage_WA_N_CEN_GW2[AF],13015356.0,6863239534.0,203138977.0
24708,2035-07-01,GW_storage_WA_N_CEN_GW2[AF],12789409.0,6947511289.0,215928386.0
24709,2035-08-01,GW_storage_WA_N_CEN_GW2[AF],12567386.0,7030376153.0,228495772.0
24710,2035-09-01,GW_storage_WA_N_CEN_GW2[AF],12356253.0,7112119087.0,240852025.0
24711,2035-10-01,GW_storage_WA_N_CEN_GW2[AF],12141749.0,7192574428.0,252993774.0
24712,2035-11-01,GW_storage_WA_N_CEN_GW2[AF],11937768.0,7271865334.0,264931542.0
24713,2035-12-01,GW_storage_WA_N_CEN_GW2[AF],11730528.0,7350179909.0,276662070.0
24714,2036-01-01,GW_storage_WA_N_CEN_GW2[AF],11526887.0,7427195979.0,288188957.0
24715,2036-02-01,GW_storage_WA_N_CEN_GW2[AF],11339691.0,7503024891.0,299528648.0
24716,2036-03-01,GW_storage_WA_N_CEN_GW2[AF],11142834.0,7577632108.0,310671482.0
24717,2036-04-01,GW_storage_WA_N_CEN_GW2[AF],10955635.0,7651185144.0,321627117.0
24718,2036-05-01,GW_storage_WA_N_CEN_GW2[AF],10765446.0,7724300240.0,332392563.0
24719,2036-06-01,GW_storage_WA_N_CEN_GW2[AF],10584586.0,7796353708.0,342977149.0
24720,2036-07-01,GW_storage_WA_N_CEN_GW2[AF],10400838.0,7867314948.0,353377987.0
24721,2036-08-01,GW_storage_WA_N_CEN_GW2[AF],10220281.0,7937241278.0,363598268.0
24722,2036-09-01,GW_storage_WA_N_CEN_GW2[AF],10048579.0,8006295323.0,373646847.0
24723,2036-10-01,GW_storage_WA_N_CEN_GW2[AF],9874137.0,8074305646.0,383520984.0
24724,2036-11-01,GW_storage_WA_N_CEN_GW2[AF],9708250.0,8141376577.0,393229234.0
24725,2036-12-01,GW_storage_WA_N_CEN_GW2[AF],9539716.0,8207644541.0,402768950.0
24726,2037-01-01,GW_storage_WA_N_CEN_GW2[AF],9374107.0,8273161410.0,412143057.0
24727,2037-02-01,GW_storage_WA_N_CEN_GW2[AF],9227121.0,8337733681.0,421370178.0
24728,2037-03-01,GW_storage_WA_N_CEN_GW2[AF],9066938.0,8401237350.0,430437116.0
24729,2037-04-01,GW_storage_WA_N_CEN_GW2[AF],8914614.0,8463716442.0,439351730.0
24730,2037-05-01,GW_storage_WA_N_CEN_GW2[AF],8759858.0,8525229166.0,448111588.0
24731,2037-06-01,GW_storage_WA_N_CEN_GW2[AF],8612692.0,8585780498.0,456724280.0
24732,2037-07-01,GW_storage_WA_N_CEN_GW2[AF],8463177.0,8645518277.0,465187457.0
24733,2037-08-01,GW_storage_WA_N_CEN_GW2[AF],8316256.0,8704580765.0,473503713.0
24734,2037-09-01,GW_storage_WA_N_CEN_GW2[AF],8176544.0,8763159684.0,481680257.0
24735,2037-10-01,GW_storage_WA_N_CEN_GW2[AF],8034599.0,8821181815.0,489714856.0
24736,2037-11-01,GW_storage_WA_N_CEN_GW2[AF],7899618.0,8878677095.0,497614474.0
24737,2037-12-01,GW_storage_WA_N_CEN_GW2[AF],7762481.0,8935618642.0,505376955.0
24738,2038-01-01,GW_storage_WA_N_CEN_GW2[AF],7627725.0,8991690289.0,513004680.0
24739,2038-02-01,GW_storage_WA_N_CEN_GW2[AF],7508123.0,9049081585.0,520512803.0
24740,2038-03-01,GW_storage_WA_N_CEN_GW2[AF],7377783.0,9108044798.0,527890586.0
24741,2038-04-01,GW_storage_WA_N_CEN_GW2[AF],7253836.0,9168794933.0,535144422.0
24742,2038-05-01,GW_storage_WA_N_CEN_GW2[AF],7127910.0,9229969082.0,542272332.0
24743,2038-06-01,GW_storage_WA_N_CEN_GW2[AF],7008161.0,9290494843.0,549280493.0
24744,2038-07-01,GW_storage_WA_N_CEN_GW2[AF],6886500.0,9350294408.0,556166993.0
24745,2038-08-01,GW_storage_WA_N_CEN_GW2[AF],6766950.0,9409318940.0,562933943.0
24746,2038-09-01,GW_storage_WA_N_CEN_GW2[AF],6653266.0,9467673979.0,569587209.0
24747,2038-10-01,GW_storage_WA_N_CEN_GW2[AF],6537766.0,9525253636.0,576124975.0
24748,2038-11-01,GW_storage_WA_N_CEN_GW2[AF],6427932.0,9582098472.0,582552907.0
24749,2038-12-01,GW_storage_WA_N_CEN_GW2[AF],6316343.0,9638248766.0,588869250.0
24750,2039-01-01,GW_storage_WA_N_CEN_GW2[AF],6206692.0,9693650977.0,595075942.0
24751,2039-02-01,GW_storage_WA_N_CEN_GW2[AF],6109371.0,9750458830.0,601185313.0
24752,2039-03-01,GW_storage_WA_N_CEN_GW2[AF],6003313.0,9809156458.0,607188626.0
24753,2039-04-01,GW_storage_WA_N_CEN_GW2[AF],5902456.0,9868559467.0,613091082.0
24754,2039-05-01,GW_storage_WA_N_CEN_GW2[AF],5799990.0,9927385773.0,618891072.0
24755,2039-06-01,GW_storage_WA_N_CEN_GW2[AF],5702551.0,9986965256.0,624593623.0
24756,2039-07-01,GW_storage_WA_N_CEN_GW2[AF],5603555.0,10046475029.0,630197178.0
24757,2039-08-01,GW_storage_WA_N_CEN_GW2[AF],5506278.0,10105238592.0,635703456.0
24758,2039-09-01,GW_storage_WA_N_CEN_GW2[AF],5413772.0,10163363477.0,641117228.0
24759,2039-10-01,GW_storage_WA_N_CEN_GW2[AF],5319790.0,10220781260.0,646437018.0
24760,2039-11-01,GW_storage_WA_N_CEN_GW2[AF],5230418.0,10277373162.0,651667436.0
24761,2039-12-01,GW_storage_WA_N_CEN_GW2[AF],5139618.0,10333185165.0,656807054.0
24762,2040-01-01,GW_storage_WA_N_CEN_GW2[AF],5050394.0,10388289039.0,661857448.0
24763,2040-02-01,GW_storage_WA_N_CEN_GW2[AF],4968376.0,10442633493.0,666825824.0
24764,2040-03-01,GW_storage_WA_N_CEN_GW2[AF],4882126.0,10496196844.0,671707950.0
24765,2040-04-01,GW_storage_WA_N_CEN_GW2[AF],4800106.0,10549040409.0,676508056.0
24766,2040-05-01,GW_storage_WA_N_CEN_GW2[AF],4716777.0,10601395194.0,681224833.0
24767,2040-06-01,GW_storage_WA_N_CEN_GW2[AF],4637534.0,10653107949.0,685862367.0
24768,2040-07-01,GW_storage_WA_N_CEN_GW2[AF],4557027.0,10704171007.0,690419394.0
24769,2040-08-01,GW_storage_WA_N_CEN_GW2[AF],4477918.0,10754605305.0,694897312.0
24770,2040-09-01,GW_storage_WA_N_CEN_GW2[AF],4402688.0,10804445973.0,699300000.0
24771,2040-10-01,GW_storage_WA_N_CEN_GW2[AF],4326259.0,10853648570.0,703626259.0
24772,2040-11-01,GW_storage_WA_N_CEN_GW2[AF],4253577.0,10902484914.0,707879836.0
24773,2040-12-01,GW_storage_WA_N_CEN_GW2[AF],4179736.0,10950730644.0,712059572.0
24774,2041-01-01,GW_storage_WA_N_CEN_GW2[AF],4107177.0,10998281298.0,716166749.0
24775,2041-02-01,GW_storage_WA_N_CEN_GW2[AF],4042776.0,11047818234.0,720209525.0
24776,2041-03-01,GW_storage_WA_N_CEN_GW2[AF],3972594.0,11099139984.0,724182119.0
24777,2041-04-01,GW_storage_WA_N_CEN_GW2[AF],3905855.0,11151170281.0,728087974.0
24778,2041-05-01,GW_storage_WA_N_CEN_GW2[AF],3838049.0,11202540882.0,731926023.0
24779,2041-06-01,GW_storage_WA_N_CEN_GW2[AF],3773571.0,11253584926.0,735699594.0
24780,2041-07-01,GW_storage_WA_N_CEN_GW2[AF],3708061.0,11304087287.0,739407655.0
24781,2041-08-01,GW_storage_WA_N_CEN_GW2[AF],3643690.0,11354085428.0,743051345.0
24782,2041-09-01,GW_storage_WA_N_CEN_GW2[AF],3582477.0,11403615397.0,746633822.0
24783,2041-10-01,GW_storage_WA_N_CEN_GW2[AF],3520284.0,11452671944.0,750154106.0
24784,2041-11-01,GW_storage_WA_N_CEN_GW2[AF],3461145.0,11501212889.0,753615251.0
24785,2041-12-01,GW_storage_WA_N_CEN_GW2[AF],3401060.0,11549056939.0,757016311.0
24786,2042-01-01,GW_storage_WA_N_CEN_GW2[AF],3342018.0,11596204581.0,760358329.0
24787,2042-02-01,GW_storage_WA_N_CEN_GW2[AF],3289615.0,11642935334.0,763647944.0
24788,2042-03-01,GW_storage_WA_N_CEN_GW2[AF],3232508.0,11689092595.0,766880452.0
24789,2042-04-01,GW_storage_WA_N_CEN_GW2[AF],3178201.0,11735022869.0,770058653.0
24790,2042-05-01,GW_storage_WA_N_CEN_GW2[AF],3123028.0,11780876718.0,773181681.0
24791,2042-06-01,GW_storage_WA_N_CEN_GW2[AF],3070561.0,11826092725.0,776252242.0
24792,2042-07-01,GW_storage_WA_N_CEN_GW2[AF],3017257.0,11871546727.0,779269499.0
24793,2042-08-01,GW_storage_WA_N_CEN_GW2[AF],2964877.0,11916431990.0,782234376.0
24794,2042-09-01,GW_storage_WA_N_CEN_GW2[AF],2915067.0,11960791410.0,785149443.0
24795,2042-10-01,GW_storage_WA_N_CEN_GW2[AF],2864462.0,12004660184.0,788013905.0
24796,2042-11-01,GW_storage_WA_N_CEN_GW2[AF],2816338.0,12048130811.0,790830243.0
24797,2042-12-01,GW_storage_WA_N_CEN_GW2[AF],2767447.0,12091062837.0,793597690.0
24798,2043-01-01,GW_storage_WA_N_CEN_GW2[AF],2719404.0,12133444088.0,796317094.0
24799,2043-02-01,GW_storage_WA_N_CEN_GW2[AF],2676764.0,12175363925.0,798993858.0
24800,2043-03-01,GW_storage_WA_N_CEN_GW2[AF],2630295.0,12216725340.0,801624153.0
24801,2043-04-01,GW_storage_WA_N_CEN_GW2[AF],2586106.0,12257666079.0,804210259.0
24802,2043-05-01,GW_storage_WA_N_CEN_GW2[AF],2541211.0,12298078753.0,806751470.0
24803,2043-06-01,GW_storage_WA_N_CEN_GW2[AF],2498519.0,12338040338.0,809249989.0
24804,2043-07-01,GW_storage_WA_N_CEN_GW2[AF],2455144.0,12377535688.0,811705133.0
24805,2043-08-01,GW_storage_WA_N_CEN_GW2[AF],2412523.0,12416568319.0,814117656.0
24806,2043-09-01,GW_storage_WA_N_CEN_GW2[AF],2371993.0,12455234071.0,816489649.0
24807,2043-10-01,GW_storage_WA_N_CEN_GW2[AF],2330816.0,12493493716.0,818820465.0
24808,2043-11-01,GW_storage_WA_N_CEN_GW2[AF],2291657.0,12531340494.0,821112122.0
24809,2043-12-01,GW_storage_WA_N_CEN_GW2[AF],2251874.0,12568703212.0,823363996.0
24810,2044-01-01,GW_storage_WA_N_CEN_GW2[AF],2212782.0,12605614127.0,825576778.0
24811,2044-02-01,GW_storage_WA_N_CEN_GW2[AF],2176846.0,12642100391.0,827753624.0
24812,2044-03-01,GW_storage_WA_N_CEN_GW2[AF],2139056.0,12678094207.0,829892680.0
24813,2044-04-01,GW_storage_WA_N_CEN_GW2[AF],2103120.0,12715489683.0,831995800.0
24814,2044-05-01,GW_storage_WA_N_CEN_GW2[AF],2066610.0,12757376464.0,834062410.0
24815,2044-06-01,GW_storage_WA_N_CEN_GW2[AF],2031891.0,12798680033.0,836094301.0
24816,2044-07-01,GW_storage_WA_N_CEN_GW2[AF],1996618.0,12840178366.0,838090919.0
24817,2044-08-01,GW_storage_WA_N_CEN_GW2[AF],1961956.0,12881238666.0,840052875.0
24818,2044-09-01,GW_storage_WA_N_CEN_GW2[AF],1928995.0,12921922929.0,841981870.0
24819,2044-10-01,GW_storage_WA_N_CEN_GW2[AF],1895507.0,12962137170.0,843877377.0
24820,2044-11-01,GW_storage_WA_N_CEN_GW2[AF],1863664.0,13001917872.0,845741041.0
24821,2044-12-01,GW_storage_WA_N_CEN_GW2[AF],1831310.0,13041192913.0,847572351.0
24822,2045-01-01,GW_storage_WA_N_CEN_GW2[AF],1799518.0,13079996277.0,849371869.0
24823,2045-02-01,GW_storage_WA_N_CEN_GW2[AF],1771302.0,13119222084.0,851143171.0
24824,2045-03-01,GW_storage_WA_N_CEN_GW2[AF],1740552.0,13158364150.0,852883723.0
24825,2045-04-01,GW_storage_WA_N_CEN_GW2[AF],1711311.0,13198157185.0,854595034.0
24826,2045-05-01,GW_storage_WA_N_CEN_GW2[AF],1681603.0,13237869018.0,856276637.0
24827,2045-06-01,GW_storage_WA_N_CEN_GW2[AF],1653351.0,13278774379.0,857929988.0
24828,2045-07-01,GW_storage_WA_N_CEN_GW2[AF],1641458.0,13324244062.0,859571446.0
24829,2045-08-01,GW_storage_WA_N_CEN_GW2[AF],4003928.0,13372386542.0,863575374.0
24830,2045-09-01,GW_storage_WA_N_CEN_GW2[AF],3936663.0,13419876881.0,867512037.0
24831,2045-10-01,GW_storage_WA_N_CEN_GW2[AF],3868323.0,13466818785.0,871380360.0
24832,2045-11-01,GW_storage_WA_N_CEN_GW2[AF],3803336.0,13513160105.0,875183696.0
24833,2045-12-01,GW_storage_WA_N_CEN_GW2[AF],3737310.0,13560745919.0,878921006.0
24834,2046-01-01,GW_storage_WA_N_CEN_GW2[AF],3672431.0,13615290772.0,882593437.0
24835,2046-02-01,GW_storage_WA_N_CEN_GW2[AF],3614848.0,13677811710.0,886208285.0
24836,2046-03-01,GW_storage_WA_N_CEN_GW2[AF],3552095.0,13748607831.0,889760380.0
24837,2046-04-01,GW_storage_WA_N_CEN_GW2[AF],3492419.0,13826873589.0,893252799.0
24838,2046-05-01,GW_storage_WA_N_CEN_GW2[AF],3488702.0,13907944967.0,896741501.0
24839,2046-06-01,GW_storage_WA_N_CEN_GW2[AF],3430092.0,13989979852.0,900171593.0
24840,2046-07-01,GW_storage_WA_N_CEN_GW2[AF],3370547.0,14071604903.0,903542140.0
24841,2046-08-01,GW_storage_WA_N_CEN_GW2[AF],3312034.0,14152131683.0,906854174.0
24842,2046-09-01,GW_storage_WA_N_CEN_GW2[AF],3256391.0,14231617714.0,910110565.0
24843,2046-10-01,GW_storage_WA_N_CEN_GW2[AF],3199861.0,14310005025.0,913310426.0
24844,2046-11-01,GW_storage_WA_N_CEN_GW2[AF],3146104.0,14387273527.0,916456530.0
24845,2046-12-01,GW_storage_WA_N_CEN_GW2[AF],3091488.0,14463437376.0,919548018.0
24846,2047-01-01,GW_storage_WA_N_CEN_GW2[AF],3037820.0,14538457981.0,922585838.0
24847,2047-02-01,GW_storage_WA_N_CEN_GW2[AF],2990187.0,14612508014.0,925576025.0
24848,2047-03-01,GW_storage_WA_N_CEN_GW2[AF],2938277.0,14685452283.0,928514302.0
24849,2047-04-01,GW_storage_WA_N_CEN_GW2[AF],2888914.0,14764472816.0,931403216.0
24850,2047-05-01,GW_storage_WA_N_CEN_GW2[AF],8959453.0,14860897341.0,940362669.0
24851,2047-06-01,GW_storage_WA_N_CEN_GW2[AF],14421374.0,14972506362.0,954784043.0
24852,2047-07-01,GW_storage_WA_N_CEN_GW2[AF],14412896.0,15088231692.0,969196939.0
24853,2047-08-01,GW_storage_WA_N_CEN_GW2[AF],14162689.0,15203332934.0,983359628.0
24854,2047-09-01,GW_storage_WA_N_CEN_GW2[AF],13924756.0,15317492289.0,997284384.0
24855,2047-10-01,GW_storage_WA_N_CEN_GW2[AF],13683022.0,15430042333.0,1010967406.0
24856,2047-11-01,GW_storage_WA_N_CEN_GW2[AF],13453148.0,15542831934.0,1024420554.0
24857,2047-12-01,GW_storage_WA_N_CEN_GW2[AF],13219601.0,15653870877.0,1037640155.0
24858,2048-01-01,GW_storage_WA_N_CEN_GW2[AF],12990110.0,15763169397.0,1050630265.0
24859,2048-02-01,GW_storage_WA_N_CEN_GW2[AF],12779150.0,15872138297.0,1063409415.0
24860,2048-03-01,GW_storage_WA_N_CEN_GW2[AF],12557305.0,15987897138.0,1075966720.0
24861,2048-04-01,GW_storage_WA_N_CEN_GW2[AF],12346342.0,16106751114.0,1088313062.0
24862,2048-05-01,GW_storage_WA_N_CEN_GW2[AF],12132010.0,16226738594.0,1100445072.0
24863,2048-06-01,GW_storage_WA_N_CEN_GW2[AF],11928193.0,16346930466.0,1112373265.0
24864,2048-07-01,GW_storage_WA_N_CEN_GW2[AF],11789946.0,16466203172.0,1124163211.0
24865,2048-08-01,GW_storage_WA_N_CEN_GW2[AF],11585272.0,16583670765.0,1135748483.0
24866,2048-09-01,GW_storage_WA_N_CEN_GW2[AF],11390641.0,16699553017.0,1147139124.0
24867,2048-10-01,GW_storage_WA_N_CEN_GW2[AF],11192898.0,16813788962.0,1158332022.0
24868,2048-11-01,GW_storage_WA_N_CEN_GW2[AF],11004858.0,16926416472.0,1169336880.0
24869,2048-12-01,GW_storage_WA_N_CEN_GW2[AF],10813814.0,17038918116.0,1180150694.0
24870,2049-01-01,GW_storage_WA_N_CEN_GW2[AF],10626087.0,17150214903.0,1190776781.0
24871,2049-02-01,GW_storage_WA_N_CEN_GW2[AF],10459469.0,17259849423.0,1201236250.0
24872,2049-03-01,GW_storage_WA_N_CEN_GW2[AF],10277894.0,17374140295.0,1211514144.0
24873,2049-04-01,GW_storage_WA_N_CEN_GW2[AF],10105225.0,17496980626.0,1221619369.0
24874,2049-05-01,GW_storage_WA_N_CEN_GW2[AF],10215609.0,17623520262.0,1231834978.0
24875,2049-06-01,GW_storage_WA_N_CEN_GW2[AF],10043987.0,17749882278.0,1241878965.0
24876,2049-07-01,GW_storage_WA_N_CEN_GW2[AF],9869623.0,17875311834.0,1251748588.0
24877,2049-08-01,GW_storage_WA_N_CEN_GW2[AF],9698288.0,17998950915.0,1261446876.0
24878,2049-09-01,GW_storage_WA_N_CEN_GW2[AF],9535357.0,18120987592.0,1270982233.0
24879,2049-10-01,GW_storage_WA_N_CEN_GW2[AF],9369824.0,18241422265.0,1280352057.0
24880,2049-11-01,GW_storage_WA_N_CEN_GW2[AF],9212411.0,18360102830.0,1289564468.0
24881,2049-12-01,GW_storage_WA_N_CEN_GW2[AF],9052484.0,18476910369.0,1298616952.0
24882,2050-01-01,GW_storage_WA_N_CEN_GW2[AF],8895334.0,18591916831.0,1307512286.0
24883,2050-02-01,GW_storage_WA_N_CEN_GW2[AF],8755855.0,18705272956.0,1316268141.0
24884,2050-03-01,GW_storage_WA_N_CEN_GW2[AF],8603855.0,18821028859.0,1324871996.0
24885,2050-04-01,GW_storage_WA_N_CEN_GW2[AF],8459310.0,18940506995.0,1333331306.0
24886,2050-05-01,GW_storage_WA_N_CEN_GW2[AF],8312457.0,19059600483.0,1341643763.0
24887,2050-06-01,GW_storage_WA_N_CEN_GW2[AF],8172809.0,19178428021.0,1349816572.0
24888,2050-07-01,GW_storage_WA_N_CEN_GW2[AF],8030929.0,19296435077.0,1357847501.0
24889,2050-08-01,GW_storage_WA_N_CEN_GW2[AF],7891513.0,19412834260.0,1365739014.0
24890,2050-09-01,GW_storage_WA_N_CEN_GW2[AF],7758936.0,19527808893.0,1373497950.0
24891,2050-10-01,GW_storage_WA_N_CEN_GW2[AF],7624241.0,19641173895.0,1381122191.0
24892,2050-11-01,GW_storage_WA_N_CEN_GW2[AF],7496155.0,19752769080.0,1388618346.0
24893,2050-12-01,GW_storage_WA_N_CEN_GW2[AF],7366022.0,19862611454.0,1395984368.0
24894,2051-01-01,GW_storage_WA_N_CEN_GW2[AF],7238147.0,19970764786.0,1403222515.0
24895,2051-02-01,GW_storage_WA_N_CEN_GW2[AF],7124654.0,20077395432.0,1410347169.0
24896,2051-03-01,GW_storage_WA_N_CEN_GW2[AF],7000971.0,20182370827.0,1417348140.0
24897,2051-04-01,GW_storage_WA_N_CEN_GW2[AF],6883354.0,20291580463.0,1424231494.0
24898,2051-05-01,GW_storage_WA_N_CEN_GW2[AF],6763859.0,20400038326.0,1430995353.0
24899,2051-06-01,GW_storage_WA_N_CEN_GW2[AF],6650226.0,20508257786.0,1437645579.0
24900,2051-07-01,GW_storage_WA_N_CEN_GW2[AF],6534779.0,20615875318.0,1444180358.0
24901,2051-08-01,GW_storage_WA_N_CEN_GW2[AF],6421335.0,20722198437.0,1450601693.0
24902,2051-09-01,GW_storage_WA_N_CEN_GW2[AF],6313457.0,20827038775.0,1456915150.0
24903,2051-10-01,GW_storage_WA_N_CEN_GW2[AF],6203856.0,20930437548.0,1463119006.0
24904,2051-11-01,GW_storage_WA_N_CEN_GW2[AF],6099630.0,21032468769.0,1469218636.0
24905,2051-12-01,GW_storage_WA_N_CEN_GW2[AF],5993741.0,21133705710.0,1475212377.0
24906,2052-01-01,GW_storage_WA_N_CEN_GW2[AF],5889690.0,21233433839.0,1481102067.0
24907,2052-02-01,GW_storage_WA_N_CEN_GW2[AF],5794042.0,21331717041.0,1486896109.0
24908,2052-03-01,GW_storage_WA_N_CEN_GW2[AF],5693458.0,21429607427.0,1492589567.0
24909,2052-04-01,GW_storage_WA_N_CEN_GW2[AF],5597809.0,21527851494.0,1498187376.0
24910,2052-05-01,GW_storage_WA_N_CEN_GW2[AF],5500631.0,21624977785.0,1503688007.0
24911,2052-06-01,GW_storage_WA_N_CEN_GW2[AF],5408220.0,21720857498.0,1509096227.0
24912,2052-07-01,GW_storage_WA_N_CEN_GW2[AF],5314333.0,21815421513.0,1514410560.0
24913,2052-08-01,GW_storage_WA_N_CEN_GW2[AF],5222076.0,21908765850.0,1519632636.0
24914,2052-09-01,GW_storage_WA_N_CEN_GW2[AF],5134346.0,22001026854.0,1524766982.0
24915,2052-10-01,GW_storage_WA_N_CEN_GW2[AF],5045213.0,22092179195.0,1529812195.0
24916,2052-11-01,GW_storage_WA_N_CEN_GW2[AF],4960454.0,22182158688.0,1534772649.0
24917,2052-12-01,GW_storage_WA_N_CEN_GW2[AF],4874341.0,22270990851.0,1539646990.0
24918,2053-01-01,GW_storage_WA_N_CEN_GW2[AF],4789723.0,22358572318.0,1544436713.0
24919,2053-02-01,GW_storage_WA_N_CEN_GW2[AF],4714620.0,22445234888.0,1549151333.0
24920,2053-03-01,GW_storage_WA_N_CEN_GW2[AF],4632775.0,22531338210.0,1553784108.0
24921,2053-04-01,GW_storage_WA_N_CEN_GW2[AF],4554945.0,22618197854.0,1558339053.0
24922,2053-05-01,GW_storage_WA_N_CEN_GW2[AF],4475871.0,22705000235.0,1562814924.0
24923,2053-06-01,GW_storage_WA_N_CEN_GW2[AF],4400677.0,22792005107.0,1567215601.0
24924,2053-07-01,GW_storage_WA_N_CEN_GW2[AF],4324281.0,22878611714.0,1571539882.0
24925,2053-08-01,GW_storage_WA_N_CEN_GW2[AF],4249212.0,22964123789.0,1575789094.0
24926,2053-09-01,GW_storage_WA_N_CEN_GW2[AF],4177825.0,23048536524.0,1579966919.0
24927,2053-10-01,GW_storage_WA_N_CEN_GW2[AF],4105299.0,23131866519.0,1584072218.0
24928,2053-11-01,GW_storage_WA_N_CEN_GW2[AF],4036330.0,23214276747.0,1588108548.0
24929,2053-12-01,GW_storage_WA_N_CEN_GW2[AF],3966260.0,23295578937.0,1592074808.0
24930,2054-01-01,GW_storage_WA_N_CEN_GW2[AF],3897406.0,23375761806.0,1595972214.0
24931,2054-02-01,GW_storage_WA_N_CEN_GW2[AF],3836295.0,23454991045.0,1599808509.0
24932,2054-03-01,GW_storage_WA_N_CEN_GW2[AF],3769697.0,23533194281.0,1603578206.0
24933,2054-04-01,GW_storage_WA_N_CEN_GW2[AF],3706367.0,23610840643.0,1607284573.0
24934,2054-05-01,GW_storage_WA_N_CEN_GW2[AF],3642024.0,23687968757.0,1610926597.0
24935,2054-06-01,GW_storage_WA_N_CEN_GW2[AF],3580839.0,23764134532.0,1614507436.0
24936,2054-07-01,GW_storage_WA_N_CEN_GW2[AF],3518676.0,23839346953.0,1618026112.0
24937,2054-08-01,GW_storage_WA_N_CEN_GW2[AF],3457592.0,23913680649.0,1621483704.0
24938,2054-09-01,GW_storage_WA_N_CEN_GW2[AF],3399505.0,23987275722.0,1624883209.0
24939,2054-10-01,GW_storage_WA_N_CEN_GW2[AF],3340490.0,24060063673.0,1628223699.0
24940,2054-11-01,GW_storage_WA_N_CEN_GW2[AF],3284370.0,24132040073.0,1631508069.0
24941,2054-12-01,GW_storage_WA_N_CEN_GW2[AF],3227354.0,24203075252.0,1634735423.0
24942,2055-01-01,GW_storage_WA_N_CEN_GW2[AF],3171328.0,24273232069.0,1637906751.0
24943,2055-02-01,GW_storage_WA_N_CEN_GW2[AF],3121601.0,24346983422.0,1641028352.0
24944,2055-03-01,GW_storage_WA_N_CEN_GW2[AF],3067410.0,24429418525.0,1644095762.0
24945,2055-04-01,GW_storage_WA_N_CEN_GW2[AF],3015877.0,24519974284.0,1647111639.0
24946,2055-05-01,GW_storage_WA_N_CEN_GW2[AF],2963522.0,24612887460.0,1650075161.0
24947,2055-06-01,GW_storage_WA_N_CEN_GW2[AF],2913735.0,24705731755.0,1652988896.0
24948,2055-07-01,GW_storage_WA_N_CEN_GW2[AF],2863152.0,24797561549.0,1655852048.0
24949,2055-08-01,GW_storage_WA_N_CEN_GW2[AF],2813448.0,24888417864.0,1658665496.0
24950,2055-09-01,GW_storage_WA_N_CEN_GW2[AF],2766182.0,24978247446.0,1661431678.0
24951,2055-10-01,GW_storage_WA_N_CEN_GW2[AF],2718162.0,25067037402.0,1664149840.0
24952,2055-11-01,GW_storage_WA_N_CEN_GW2[AF],2672496.0,25154620871.0,1666822336.0
24953,2055-12-01,GW_storage_WA_N_CEN_GW2[AF],2626101.0,25240958786.0,1669448437.0
24954,2056-01-01,GW_storage_WA_N_CEN_GW2[AF],2580513.0,25326085001.0,1672028950.0
24955,2056-02-01,GW_storage_WA_N_CEN_GW2[AF],2538605.0,25410115783.0,1674567555.0
24956,2056-03-01,GW_storage_WA_N_CEN_GW2[AF],2494534.0,25493046199.0,1677062089.0
24957,2056-04-01,GW_storage_WA_N_CEN_GW2[AF],2452627.0,25579867650.0,1679514716.0
24958,2056-05-01,GW_storage_WA_N_CEN_GW2[AF],2410049.0,25665994452.0,1681924765.0
24959,2056-06-01,GW_storage_WA_N_CEN_GW2[AF],2369560.0,25751014051.0,1684294325.0
24960,2056-07-01,GW_storage_WA_N_CEN_GW2[AF],2328424.0,25834999057.0,1686622749.0
24961,2056-08-01,GW_storage_WA_N_CEN_GW2[AF],2288004.0,25918012980.0,1688910753.0
24962,2056-09-01,GW_storage_WA_N_CEN_GW2[AF],2249565.0,26000006720.0,1691160318.0
24963,2056-10-01,GW_storage_WA_N_CEN_GW2[AF],2210513.0,26080893812.0,1693370831.0
24964,2056-11-01,GW_storage_WA_N_CEN_GW2[AF],2173376.0,26160908259.0,1695544207.0
24965,2056-12-01,GW_storage_WA_N_CEN_GW2[AF],2135646.0,26240212456.0,1697679853.0
24966,2057-01-01,GW_storage_WA_N_CEN_GW2[AF],2098571.0,26318587848.0,1699778424.0
24967,2057-02-01,GW_storage_WA_N_CEN_GW2[AF],2065665.0,26395985372.0,1701844089.0
24968,2057-03-01,GW_storage_WA_N_CEN_GW2[AF],2029805.0,26472734266.0,1703873894.0
24969,2057-04-01,GW_storage_WA_N_CEN_GW2[AF],9062276.0,26556295278.0,1712936170.0
24970,2057-05-01,GW_storage_WA_N_CEN_GW2[AF],8904955.0,26638790503.0,1721841125.0
24971,2057-06-01,GW_storage_WA_N_CEN_GW2[AF],8755351.0,26720263696.0,1730596476.0
24972,2057-07-01,GW_storage_WA_N_CEN_GW2[AF],8603358.0,26800720453.0,1739199834.0
24973,2057-08-01,GW_storage_WA_N_CEN_GW2[AF],8454005.0,26880212595.0,1747653839.0
24974,2057-09-01,GW_storage_WA_N_CEN_GW2[AF],8311978.0,26958875022.0,1755965817.0
24975,2057-10-01,GW_storage_WA_N_CEN_GW2[AF],8167683.0,27036568588.0,1764133500.0
24976,2057-11-01,GW_storage_WA_N_CEN_GW2[AF],8030466.0,27113396201.0,1772163966.0
24977,2057-12-01,GW_storage_WA_N_CEN_GW2[AF],7891057.0,27189264327.0,1780055023.0
24978,2058-01-01,GW_storage_WA_N_CEN_GW2[AF],7754069.0,27264124633.0,1787809092.0
24979,2058-02-01,GW_storage_WA_N_CEN_GW2[AF],7632485.0,27348265847.0,1795441577.0
24980,2058-03-01,GW_storage_WA_N_CEN_GW2[AF],7499985.0,27440889382.0,1802941562.0
24981,2058-04-01,GW_storage_WA_N_CEN_GW2[AF],7373987.0,27539133274.0,1810315549.0
24982,2058-05-01,GW_storage_WA_N_CEN_GW2[AF],7245975.0,27639449314.0,1817561524.0
24983,2058-06-01,GW_storage_WA_N_CEN_GW2[AF],7124243.0,27738779306.0,1824685767.0
24984,2058-07-01,GW_storage_WA_N_CEN_GW2[AF],7000567.0,27837531793.0,1831686334.0
24985,2058-08-01,GW_storage_WA_N_CEN_GW2[AF],6879037.0,27935280444.0,1838565371.0
24986,2058-09-01,GW_storage_WA_N_CEN_GW2[AF],6763470.0,28031862865.0,1845328841.0
24987,2058-10-01,GW_storage_WA_N_CEN_GW2[AF],6646056.0,28127260463.0,1851974897.0
24988,2058-11-01,GW_storage_WA_N_CEN_GW2[AF],6534403.0,28221366217.0,1858509300.0
24989,2058-12-01,GW_storage_WA_N_CEN_GW2[AF],6420966.0,28314157055.0,1864930266.0
24990,2059-01-01,GW_storage_WA_N_CEN_GW2[AF],6309498.0,28405540773.0,1871239764.0
24991,2059-02-01,GW_storage_WA_N_CEN_GW2[AF],6210565.0,28502067677.0,1877450329.0
24992,2059-03-01,GW_storage_WA_N_CEN_GW2[AF],6102750.0,28605457246.0,1883553079.0
24993,2059-04-01,GW_storage_WA_N_CEN_GW2[AF],6000225.0,28717814838.0,1889553304.0
24994,2059-05-01,GW_storage_WA_N_CEN_GW2[AF],5896062.0,28830913147.0,1895449366.0
24995,2059-06-01,GW_storage_WA_N_CEN_GW2[AF],5797008.0,28943770190.0,1901246374.0
24996,2059-07-01,GW_storage_WA_N_CEN_GW2[AF],5696372.0,29055182582.0,1906942746.0
24997,2059-08-01,GW_storage_WA_N_CEN_GW2[AF],5597483.0,29165160032.0,1912540229.0
24998,2059-09-01,GW_storage_WA_N_CEN_GW2[AF],5503446.0,29273920291.0,1918043675.0
24999,2059-10-01,GW_storage_WA_N_CEN_GW2[AF],5407906.0,29381402010.0,1923451581.0
25000,2059-11-01,GW_storage_WA_N_CEN_GW2[AF],5317054.0,29487451547.0,1928768635.0
25001,2059-12-01,GW_storage_WA_N_CEN_GW2[AF],5224751.0,29592083281.0,1933993386.0
25002,2060-01-01,GW_storage_WA_N_CEN_GW2[AF],5134049.0,29695071869.0,1939127435.0
25003,2060-02-01,GW_storage_WA_N_CEN_GW2[AF],5050672.0,29797999369.0,1944178107.0
25004,2060-03-01,GW_storage_WA_N_CEN_GW2[AF],4962993.0,29907235449.0,1949141100.0
25005,2060-04-01,GW_storage_WA_N_CEN_GW2[AF],4879615.0,30022282651.0,1954020715.0
25006,2060-05-01,GW_storage_WA_N_CEN_GW2[AF],5269443.0,30138204137.0,1959290158.0
25007,2060-06-01,GW_storage_WA_N_CEN_GW2[AF],5180917.0,30253989194.0,1964471075.0
25008,2060-07-01,GW_storage_WA_N_CEN_GW2[AF],5090977.0,30369445165.0,1969562052.0
25009,2060-08-01,GW_storage_WA_N_CEN_GW2[AF],5002599.0,30483354195.0,1974564651.0
25010,2060-09-01,GW_storage_WA_N_CEN_GW2[AF],4918556.0,30595912136.0,1979483207.0
25011,2060-10-01,GW_storage_WA_N_CEN_GW2[AF],4833171.0,30707058453.0,1984316378.0
25012,2060-11-01,GW_storage_WA_N_CEN_GW2[AF],4751974.0,30816686913.0,1989068352.0
25013,2060-12-01,GW_storage_WA_N_CEN_GW2[AF],4669480.0,30924630927.0,1993737832.0
25014,2061-01-01,GW_storage_WA_N_CEN_GW2[AF],4588418.0,31038058188.0,1998326250.0
25015,2061-02-01,GW_storage_WA_N_CEN_GW2[AF],4516471.0,31163247262.0,2002842721.0
25016,2061-03-01,GW_storage_WA_N_CEN_GW2[AF],4438066.0,31301926464.0,2007280787.0
25017,2061-04-01,GW_storage_WA_N_CEN_GW2[AF],4363507.0,31460043743.0,2011644294.0
25018,2061-05-01,GW_storage_WA_N_CEN_GW2[AF],4287757.0,31621719240.0,2015932051.0
25019,2061-06-01,GW_storage_WA_N_CEN_GW2[AF],4215723.0,31781944019.0,2020147774.0
25020,2061-07-01,GW_storage_WA_N_CEN_GW2[AF],4142539.0,31940594248.0,2024290313.0
25021,2061-08-01,GW_storage_WA_N_CEN_GW2[AF],4070625.0,32097666692.0,2028360938.0
25022,2061-09-01,GW_storage_WA_N_CEN_GW2[AF],4002239.0,32253244922.0,2032363177.0
25023,2061-10-01,GW_storage_WA_N_CEN_GW2[AF],3932761.0,32407132898.0,2036295938.0
25024,2061-11-01,GW_storage_WA_N_CEN_GW2[AF],3866690.0,32559108380.0,2040162628.0
25025,2061-12-01,GW_storage_WA_N_CEN_GW2[AF],3799565.0,32709321481.0,2043962193.0
25026,2062-01-01,GW_storage_WA_N_CEN_GW2[AF],3733604.0,32858735378.0,2047695797.0
25027,2062-02-01,GW_storage_WA_N_CEN_GW2[AF],3675062.0,33022044851.0,2051370859.0
25028,2062-03-01,GW_storage_WA_N_CEN_GW2[AF],3611263.0,33198837130.0,2054982122.0
25029,2062-04-01,GW_storage_WA_N_CEN_GW2[AF],3550594.0,33390837210.0,2058532716.0
25030,2062-05-01,GW_storage_WA_N_CEN_GW2[AF],3656099.0,33584259641.0,2062188815.0
25031,2062-06-01,GW_storage_WA_N_CEN_GW2[AF],3594677.0,33776858517.0,2065783492.0
25032,2062-07-01,GW_storage_WA_N_CEN_GW2[AF],3532274.0,33967635736.0,2069315766.0
25033,2062-08-01,GW_storage_WA_N_CEN_GW2[AF],3470954.0,34156855847.0,2072786720.0
25034,2062-09-01,GW_storage_WA_N_CEN_GW2[AF],3412642.0,34344548104.0,2076199362.0
25035,2062-10-01,GW_storage_WA_N_CEN_GW2[AF],3353399.0,34530332137.0,2079552761.0
25036,2062-11-01,GW_storage_WA_N_CEN_GW2[AF],3297062.0,34714073091.0,2082849823.0
25037,2062-12-01,GW_storage_WA_N_CEN_GW2[AF],3239826.0,34895778448.0,2086089649.0
25038,2063-01-01,GW_storage_WA_N_CEN_GW2[AF],3183583.0,35079072230.0,2089273232.0
25039,2063-02-01,GW_storage_WA_N_CEN_GW2[AF],3133664.0,35269350335.0,2092406896.0
25040,2063-03-01,GW_storage_WA_N_CEN_GW2[AF],3079264.0,35470064786.0,2095486160.0
25041,2063-04-01,GW_storage_WA_N_CEN_GW2[AF],3027533.0,35683040547.0,2098513693.0
25042,2063-05-01,GW_storage_WA_N_CEN_GW2[AF],2974975.0,35907121073.0,2101488668.0
25043,2063-06-01,GW_storage_WA_N_CEN_GW2[AF],2924995.0,36134854310.0,2104413663.0
25044,2063-07-01,GW_storage_WA_N_CEN_GW2[AF],2874218.0,36361472567.0,2107287881.0
25045,2063-08-01,GW_storage_WA_N_CEN_GW2[AF],2824322.0,36586142514.0,2110112203.0
25046,2063-09-01,GW_storage_WA_N_CEN_GW2[AF],2776873.0,36808934029.0,2112889076.0
25047,2063-10-01,GW_storage_WA_N_CEN_GW2[AF],2728667.0,37029507927.0,2115617743.0
25048,2063-11-01,GW_storage_WA_N_CEN_GW2[AF],2682825.0,37248012309.0,2118300568.0
25049,2063-12-01,GW_storage_WA_N_CEN_GW2[AF],2636251.0,37465671472.0,2120936819.0
25050,2064-01-01,GW_storage_WA_N_CEN_GW2[AF],2590486.0,37694815963.0,2123527305.0
25051,2064-02-01,GW_storage_WA_N_CEN_GW2[AF],2548416.0,37945097639.0,2126075721.0
25052,2064-03-01,GW_storage_WA_N_CEN_GW2[AF],2504175.0,38213638934.0,2128579896.0
25053,2064-04-01,GW_storage_WA_N_CEN_GW2[AF],2462106.0,38493367090.0,2131042002.0
25054,2064-05-01,GW_storage_WA_N_CEN_GW2[AF],2419363.0,38776738105.0,2133461365.0
25055,2064-06-01,GW_storage_WA_N_CEN_GW2[AF],2378718.0,39060661713.0,2135840083.0
25056,2064-07-01,GW_storage_WA_N_CEN_GW2[AF],2337423.0,39341932866.0,2138177506.0
25057,2064-08-01,GW_storage_WA_N_CEN_GW2[AF],2296846.0,39620711220.0,2140474352.0
25058,2064-09-01,GW_storage_WA_N_CEN_GW2[AF],2258259.0,39897002798.0,2142732611.0
25059,2064-10-01,GW_storage_WA_N_CEN_GW2[AF],2219055.0,40170736712.0,2144951666.0
25060,2064-11-01,GW_storage_WA_N_CEN_GW2[AF],2181775.0,40442044957.0,2147133441.0
25061,2064-12-01,GW_storage_WA_N_CEN_GW2[AF],2143900.0,40711834451.0,2149277341.0
25062,2065-01-01,GW_storage_WA_N_CEN_GW2[AF],2106682.0,40982757097.0,2151384023.0
25063,2065-02-01,GW_storage_WA_N_CEN_GW2[AF],2073649.0,41255716076.0,2153457672.0
25064,2065-03-01,GW_storage_WA_N_CEN_GW2[AF],2037651.0,41533378347.0,2155495323.0
25065,2065-04-01,GW_storage_WA_N_CEN_GW2[AF],2003418.0,41819419395.0,2157498741.0
25066,2065-05-01,GW_storage_WA_N_CEN_GW2[AF],4424396.0,42107659636.0,2161923137.0
25067,2065-06-01,GW_storage_WA_N_CEN_GW2[AF],4350066.0,42393392346.0,2166273203.0
25068,2065-07-01,GW_storage_WA_N_CEN_GW2[AF],4274549.0,42678359041.0,2170547752.0
25069,2065-08-01,GW_storage_WA_N_CEN_GW2[AF],4200343.0,42960938762.0,2174748095.0
25070,2065-09-01,GW_storage_WA_N_CEN_GW2[AF],4129778.0,43241061639.0,2178877873.0
25071,2065-10-01,GW_storage_WA_N_CEN_GW2[AF],4058086.0,43518553408.0,2182935959.0
25072,2065-11-01,GW_storage_WA_N_CEN_GW2[AF],3989910.0,43793351378.0,2186925869.0
25073,2065-12-01,GW_storage_WA_N_CEN_GW2[AF],3920646.0,44065325818.0,2190846515.0
25074,2066-01-01,GW_storage_WA_N_CEN_GW2[AF],3852583.0,44334625115.0,2194699098.0
25075,2066-02-01,GW_storage_WA_N_CEN_GW2[AF],3792176.0,44601575728.0,2198491274.0
25076,2066-03-01,GW_storage_WA_N_CEN_GW2[AF],3726343.0,44865977654.0,2202217617.0
25077,2066-04-01,GW_storage_WA_N_CEN_GW2[AF],3663741.0,45130939542.0,2205881358.0
25078,2066-05-01,GW_storage_WA_N_CEN_GW2[AF],3600139.0,45393925169.0,2209481497.0
25079,2066-06-01,GW_storage_WA_N_CEN_GW2[AF],3539657.0,45654573916.0,2213021154.0
25080,2066-07-01,GW_storage_WA_N_CEN_GW2[AF],3478209.0,45912927675.0,2216499363.0
25081,2066-08-01,GW_storage_WA_N_CEN_GW2[AF],3417828.0,46169111465.0,2219917191.0
25082,2066-09-01,GW_storage_WA_N_CEN_GW2[AF],3360408.0,46423600426.0,2223277599.0
25083,2066-10-01,GW_storage_WA_N_CEN_GW2[AF],3302071.0,46676263355.0,2226579670.0
25084,2066-11-01,GW_storage_WA_N_CEN_GW2[AF],3246597.0,46927228863.0,2229826267.0
25085,2066-12-01,GW_storage_WA_N_CEN_GW2[AF],3190236.0,47176198480.0,2233016503.0
25086,2067-01-01,GW_storage_WA_N_CEN_GW2[AF],3134855.0,47422896821.0,2236151358.0
25087,2067-02-01,GW_storage_WA_N_CEN_GW2[AF],3085700.0,47667661431.0,2239237058.0
25088,2067-03-01,GW_storage_WA_N_CEN_GW2[AF],3032133.0,47910308464.0,2242269191.0
25089,2067-04-01,GW_storage_WA_N_CEN_GW2[AF],2981192.0,48151085524.0,2245250383.0
25090,2067-05-01,GW_storage_WA_N_CEN_GW2[AF],2929439.0,48389950965.0,2248179822.0
25091,2067-06-01,GW_storage_WA_N_CEN_GW2[AF],2880225.0,48627002221.0,2251060047.0
25092,2067-07-01,GW_storage_WA_N_CEN_GW2[AF],2830224.0,48862124917.0,2253890271.0
25093,2067-08-01,GW_storage_WA_N_CEN_GW2[AF],2781091.0,49095321876.0,2256671362.0
25094,2067-09-01,GW_storage_WA_N_CEN_GW2[AF],2734368.0,49326841519.0,2259405730.0
25095,2067-10-01,GW_storage_WA_N_CEN_GW2[AF],2686900.0,49556552267.0,2262092630.0
25096,2067-11-01,GW_storage_WA_N_CEN_GW2[AF],2641760.0,49784868208.0,2264734390.0
25097,2067-12-01,GW_storage_WA_N_CEN_GW2[AF],2595899.0,50011545293.0,2267330289.0
25098,2068-01-01,GW_storage_WA_N_CEN_GW2[AF],2550834.0,50238331069.0,2269881123.0
25099,2068-02-01,GW_storage_WA_N_CEN_GW2[AF],2509409.0,50478937732.0,2272390532.0
25100,2068-03-01,GW_storage_WA_N_CEN_GW2[AF],2465845.0,50739381265.0,2274856377.0
25101,2068-04-01,GW_storage_WA_N_CEN_GW2[AF],2424419.0,51011294375.0,2277280796.0
25102,2068-05-01,GW_storage_WA_N_CEN_GW2[AF],2382331.0,51290774772.0,2279663127.0
25103,2068-06-01,GW_storage_WA_N_CEN_GW2[AF],2342308.0,51571539123.0,2282005435.0
25104,2068-07-01,GW_storage_WA_N_CEN_GW2[AF],2301645.0,51851333229.0,2284307080.0
25105,2068-08-01,GW_storage_WA_N_CEN_GW2[AF],2261689.0,52129191774.0,2286568769.0
25106,2068-09-01,GW_storage_WA_N_CEN_GW2[AF],2223693.0,52405096290.0,2288792462.0
25107,2068-10-01,GW_storage_WA_N_CEN_GW2[AF],2185090.0,52678907664.0,2290977552.0
25108,2068-11-01,GW_storage_WA_N_CEN_GW2[AF],2148380.0,52950483517.0,2293125932.0
25109,2068-12-01,GW_storage_WA_N_CEN_GW2[AF],2111084.0,53219819895.0,2295237016.0
25110,2069-01-01,GW_storage_WA_N_CEN_GW2[AF],2074436.0,53487155316.0,2297311452.0
25111,2069-02-01,GW_storage_WA_N_CEN_GW2[AF],2041909.0,53760870931.0,2299353361.0
25112,2069-03-01,GW_storage_WA_N_CEN_GW2[AF],2006461.0,54039428849.0,2301359822.0
25113,2069-04-01,GW_storage_WA_N_CEN_GW2[AF],1972752.0,54324092180.0,2303332574.0
25114,2069-05-01,GW_storage_WA_N_CEN_GW2[AF],1938506.0,54609436481.0,2305271080.0
25115,2069-06-01,GW_storage_WA_N_CEN_GW2[AF],1905939.0,54894337917.0,2307177019.0
25116,2069-07-01,GW_storage_WA_N_CEN_GW2[AF],1872851.0,55177218144.0,2309049870.0
25117,2069-08-01,GW_storage_WA_N_CEN_GW2[AF],1840338.0,55458179949.0,2310890208.0
25118,2069-09-01,GW_storage_WA_N_CEN_GW2[AF],1809421.0,55737226700.0,2312699629.0
25119,2069-10-01,GW_storage_WA_N_CEN_GW2[AF],1778010.0,56014313112.0,2314477639.0
25120,2069-11-01,GW_storage_WA_N_CEN_GW2[AF],1748139.0,56289244905.0,2316225778.0
25121,2069-12-01,GW_storage_WA_N_CEN_GW2[AF],1717792.0,56561948550.0,2317943570.0
25122,2070-01-01,GW_storage_WA_N_CEN_GW2[AF],1687970.0,56832455571.0,2319631540.0
25123,2070-02-01,GW_storage_WA_N_CEN_GW2[AF],1661503.0,57101031869.0,2321293043.0
25124,2070-03-01,GW_storage_WA_N_CEN_GW2[AF],1632659.0,57367456127.0,2322925702.0
25125,2070-04-01,GW_storage_WA_N_CEN_GW2[AF],1605231.0,57631884127.0,2324530933.0
25126,2070-05-01,GW_storage_WA_N_CEN_GW2[AF],1577364.0,57894580730.0,2326108297.0
25127,2070-06-01,GW_storage_WA_N_CEN_GW2[AF],1550865.0,58156625113.0,2327659162.0
25128,2070-07-01,GW_storage_WA_N_CEN_GW2[AF],1523941.0,58417720429.0,2329183103.0
25129,2070-08-01,GW_storage_WA_N_CEN_GW2[AF],1497485.0,58677125935.0,2330680588.0
25130,2070-09-01,GW_storage_WA_N_CEN_GW2[AF],1472328.0,58935122487.0,2332152916.0
25131,2070-10-01,GW_storage_WA_N_CEN_GW2[AF],1446768.0,59191573450.0,2333599684.0
25132,2070-11-01,GW_storage_WA_N_CEN_GW2[AF],1422462.0,59446278042.0,2335022146.0
25133,2070-12-01,GW_storage_WA_N_CEN_GW2[AF],1397769.0,59699129256.0,2336419915.0
25134,2021-09-01,GW_storage_WY_NW_GW[AF],-17.0,1034591.0,-17.0
25135,2021-10-01,GW_storage_WY_NW_GW[AF],-17.0,1228184.0,-34.0
25136,2021-11-01,GW_storage_WY_NW_GW[AF],-17.0,1408873.0,-51.0
25137,2021-12-01,GW_storage_WY_NW_GW[AF],-16.0,1583705.0,-67.0
25138,2022-01-01,GW_storage_WY_NW_GW[AF],-17.0,1753848.0,-84.0
25139,2022-02-01,GW_storage_WY_NW_GW[AF],-17.0,1920342.0,-101.0
25140,2022-03-01,GW_storage_WY_NW_GW[AF],-17.0,2083476.0,-118.0
25141,2022-04-01,GW_storage_WY_NW_GW[AF],-21.0,2243387.0,-139.0
25142,2022-05-01,GW_storage_WY_NW_GW[AF],-20.0,2522880.0,-159.0
25143,2022-06-01,GW_storage_WY_NW_GW[AF],-21.0,3551564.0,-180.0
25144,2022-07-01,GW_storage_WY_NW_GW[AF],-22.0,4562843.0,-202.0
25145,2022-08-01,GW_storage_WY_NW_GW[AF],-22.0,5557441.0,-224.0
25146,2022-09-01,GW_storage_WY_NW_GW[AF],-35.0,6536311.0,-259.0
25147,2022-10-01,GW_storage_WY_NW_GW[AF],-36.0,7499151.0,-295.0
25148,2022-11-01,GW_storage_WY_NW_GW[AF],-35.0,8445383.0,-330.0
25149,2022-12-01,GW_storage_WY_NW_GW[AF],-35.0,9374562.0,-365.0
25150,2023-01-01,GW_storage_WY_NW_GW[AF],-35.0,10287031.0,-400.0
25151,2023-02-01,GW_storage_WY_NW_GW[AF],-34.0,11192982.0,-434.0
25152,2023-03-01,GW_storage_WY_NW_GW[AF],-34.0,12082492.0,-468.0
25153,2023-04-01,GW_storage_WY_NW_GW[AF],-35.0,12955603.0,-503.0
25154,2023-05-01,GW_storage_WY_NW_GW[AF],-34.0,13813215.0,-537.0
25155,2023-06-01,GW_storage_WY_NW_GW[AF],508561.0,15164430.0,508024.0
25156,2023-07-01,GW_storage_WY_NW_GW[AF],504620.0,17236845.0,1012644.0
25157,2023-08-01,GW_storage_WY_NW_GW[AF],500730.0,19274971.0,1513374.0
25158,2023-09-01,GW_storage_WY_NW_GW[AF],497012.0,21282260.0,2010386.0
25159,2023-10-01,GW_storage_WY_NW_GW[AF],493190.0,23279746.0,2503576.0
25160,2023-11-01,GW_storage_WY_NW_GW[AF],489517.0,25247116.0,2993093.0
25161,2023-12-01,GW_storage_WY_NW_GW[AF],485747.0,27178503.0,3478840.0
25162,2024-01-01,GW_storage_WY_NW_GW[AF],482003.0,29079026.0,3960843.0
25163,2024-02-01,GW_storage_WY_NW_GW[AF],478528.0,30951693.0,4439371.0
25164,2024-03-01,GW_storage_WY_NW_GW[AF],474837.0,32794640.0,4914208.0
25165,2024-04-01,GW_storage_WY_NW_GW[AF],471688.0,34598451.0,5385896.0
25166,2024-05-01,GW_storage_WY_NW_GW[AF],468035.0,36379549.0,5853931.0
25167,2024-06-01,GW_storage_WY_NW_GW[AF],464554.0,38134426.0,6318485.0
25168,2024-07-01,GW_storage_WY_NW_GW[AF],461076.0,39862715.0,6779561.0
25169,2024-08-01,GW_storage_WY_NW_GW[AF],457687.0,41565221.0,7237248.0
25170,2024-09-01,GW_storage_WY_NW_GW[AF],454490.0,43242727.0,7691738.0
25171,2024-10-01,GW_storage_WY_NW_GW[AF],451089.0,44894530.0,8142827.0
25172,2024-11-01,GW_storage_WY_NW_GW[AF],447808.0,46522142.0,8590635.0
25173,2024-12-01,GW_storage_WY_NW_GW[AF],444431.0,48125394.0,9035066.0
25174,2025-01-01,GW_storage_WY_NW_GW[AF],441074.0,49704625.0,9476140.0
25175,2025-02-01,GW_storage_WY_NW_GW[AF],438066.0,51264049.0,9914206.0
25176,2025-03-01,GW_storage_WY_NW_GW[AF],434747.0,52800150.0,10348953.0
25177,2025-04-01,GW_storage_WY_NW_GW[AF],433512.0,54422403.0,10782465.0
25178,2025-05-01,GW_storage_WY_NW_GW[AF],430293.0,56023530.0,11212758.0
25179,2025-06-01,GW_storage_WY_NW_GW[AF],427069.0,57673121.0,11639827.0
25180,2025-07-01,GW_storage_WY_NW_GW[AF],423771.0,59233291.0,12063598.0
25181,2025-08-01,GW_storage_WY_NW_GW[AF],389838.0,60752330.0,12453436.0
25182,2025-09-01,GW_storage_WY_NW_GW[AF],493610.0,63291561.0,12947046.0
25183,2025-10-01,GW_storage_WY_NW_GW[AF],490409.0,66117192.0,13437455.0
25184,2025-11-01,GW_storage_WY_NW_GW[AF],487271.0,69169207.0,13924726.0
25185,2025-12-01,GW_storage_WY_NW_GW[AF],483987.0,72377661.0,14408713.0
25186,2026-01-01,GW_storage_WY_NW_GW[AF],480687.0,75644729.0,14889400.0
25187,2026-02-01,GW_storage_WY_NW_GW[AF],477736.0,83025589.0,15367136.0
25188,2026-03-01,GW_storage_WY_NW_GW[AF],474428.0,93674924.0,15841564.0
25189,2026-04-01,GW_storage_WY_NW_GW[AF],476987.0,112497734.0,16318551.0
25190,2026-05-01,GW_storage_WY_NW_GW[AF],473671.0,136460613.0,16792222.0
25191,2026-06-01,GW_storage_WY_NW_GW[AF],470209.0,160180041.0,17262431.0
25192,2026-07-01,GW_storage_WY_NW_GW[AF],466562.0,184580314.0,17728993.0
25193,2026-08-01,GW_storage_WY_NW_GW[AF],462889.0,208538131.0,18191882.0
25194,2026-09-01,GW_storage_WY_NW_GW[AF],459386.0,232132273.0,18651268.0
25195,2026-10-01,GW_storage_WY_NW_GW[AF],455802.0,255250646.0,19107070.0
25196,2026-11-01,GW_storage_WY_NW_GW[AF],452363.0,277908394.0,19559433.0
25197,2026-12-01,GW_storage_WY_NW_GW[AF],448839.0,300103214.0,20008272.0
25198,2027-01-01,GW_storage_WY_NW_GW[AF],445342.0,321847786.0,20453614.0
25199,2027-02-01,GW_storage_WY_NW_GW[AF],442209.0,343199646.0,20895823.0
25200,2027-03-01,GW_storage_WY_NW_GW[AF],438767.0,369620421.0,21334590.0
25201,2027-04-01,GW_storage_WY_NW_GW[AF],435445.0,409179141.0,21770035.0
25202,2027-05-01,GW_storage_WY_NW_GW[AF],432061.0,455970259.0,22202096.0
25203,2027-06-01,GW_storage_WY_NW_GW[AF],428780.0,506103237.0,22630876.0
25204,2027-07-01,GW_storage_WY_NW_GW[AF],937129.0,558027240.0,23568005.0
25205,2027-08-01,GW_storage_WY_NW_GW[AF],929866.0,610747556.0,24497871.0
25206,2027-09-01,GW_storage_WY_NW_GW[AF],922892.0,662576568.0,25420763.0
25207,2027-10-01,GW_storage_WY_NW_GW[AF],915739.0,713531026.0,26336502.0
25208,2027-11-01,GW_storage_WY_NW_GW[AF],908871.0,763602436.0,27245373.0
25209,2027-12-01,GW_storage_WY_NW_GW[AF],901827.0,812846873.0,28147200.0
25210,2028-01-01,GW_storage_WY_NW_GW[AF],894838.0,861121911.0,29042038.0
25211,2028-02-01,GW_storage_WY_NW_GW[AF],888351.0,908650771.0,29930389.0
25212,2028-03-01,GW_storage_WY_NW_GW[AF],881466.0,959000163.0,30811855.0
25213,2028-04-01,GW_storage_WY_NW_GW[AF],874855.0,1012039411.0,31686710.0
25214,2028-05-01,GW_storage_WY_NW_GW[AF],868074.0,1068060916.0,32554784.0
25215,2028-06-01,GW_storage_WY_NW_GW[AF],885127.0,1125203670.0,33439911.0
25216,2028-07-01,GW_storage_WY_NW_GW[AF],878268.0,1183903968.0,34318179.0
25217,2028-08-01,GW_storage_WY_NW_GW[AF],871494.0,1241633200.0,35189673.0
25218,2028-09-01,GW_storage_WY_NW_GW[AF],865016.0,1298536546.0,36054689.0
25219,2028-10-01,GW_storage_WY_NW_GW[AF],858359.0,1354465802.0,36913048.0
25220,2028-11-01,GW_storage_WY_NW_GW[AF],851963.0,1409406877.0,37765011.0
25221,2028-12-01,GW_storage_WY_NW_GW[AF],845398.0,1463330743.0,38610409.0
25222,2029-01-01,GW_storage_WY_NW_GW[AF],838880.0,1516331973.0,39449289.0
25223,2029-02-01,GW_storage_WY_NW_GW[AF],833040.0,1568436361.0,40282329.0
25224,2029-03-01,GW_storage_WY_NW_GW[AF],826613.0,1622957905.0,41108942.0
25225,2029-04-01,GW_storage_WY_NW_GW[AF],821072.0,1679352962.0,41930014.0
25226,2029-05-01,GW_storage_WY_NW_GW[AF],814714.0,1742904338.0,42744728.0
25227,2029-06-01,GW_storage_WY_NW_GW[AF],808607.0,1807169538.0,43553335.0
25228,2029-07-01,GW_storage_WY_NW_GW[AF],802342.0,1872474684.0,44355677.0
25229,2029-08-01,GW_storage_WY_NW_GW[AF],796162.0,1936569687.0,45151839.0
25230,2029-09-01,GW_storage_WY_NW_GW[AF],790256.0,1999536921.0,45942095.0
25231,2029-10-01,GW_storage_WY_NW_GW[AF],784182.0,2061251234.0,46726277.0
25232,2029-11-01,GW_storage_WY_NW_GW[AF],778345.0,2121792309.0,47504622.0
25233,2029-12-01,GW_storage_WY_NW_GW[AF],772351.0,2181276298.0,48276973.0
25234,2030-01-01,GW_storage_WY_NW_GW[AF],766401.0,2239598911.0,49043374.0
25235,2030-02-01,GW_storage_WY_NW_GW[AF],761069.0,2296908282.0,49804443.0
25236,2030-03-01,GW_storage_WY_NW_GW[AF],755202.0,2353273149.0,50559645.0
25237,2030-04-01,GW_storage_WY_NW_GW[AF],750300.0,2408813513.0,51309945.0
25238,2030-05-01,GW_storage_WY_NW_GW[AF],744519.0,2463288321.0,52054464.0
25239,2030-06-01,GW_storage_WY_NW_GW[AF],738939.0,2519189259.0,52793403.0
25240,2030-07-01,GW_storage_WY_NW_GW[AF],733248.0,2574987711.0,53526651.0
25241,2030-08-01,GW_storage_WY_NW_GW[AF],727709.0,2629845780.0,54254360.0
25242,2030-09-01,GW_storage_WY_NW_GW[AF],724105.0,2683731630.0,54978465.0
25243,2030-10-01,GW_storage_WY_NW_GW[AF],718506.0,2736573135.0,55696971.0
25244,2030-11-01,GW_storage_WY_NW_GW[AF],713127.0,2788437015.0,56410098.0
25245,2030-12-01,GW_storage_WY_NW_GW[AF],707609.0,2839371858.0,57117707.0
25246,2031-01-01,GW_storage_WY_NW_GW[AF],702134.0,2889285425.0,57819841.0
25247,2031-02-01,GW_storage_WY_NW_GW[AF],697226.0,2938331300.0,58517067.0
25248,2031-03-01,GW_storage_WY_NW_GW[AF],691831.0,2986403207.0,59208898.0
25249,2031-04-01,GW_storage_WY_NW_GW[AF],686753.0,3034117058.0,59895651.0
25250,2031-05-01,GW_storage_WY_NW_GW[AF],681435.0,3081639947.0,60577086.0
25251,2031-06-01,GW_storage_WY_NW_GW[AF],676329.0,3128466639.0,61253415.0
25252,2031-07-01,GW_storage_WY_NW_GW[AF],671121.0,3175256040.0,61924536.0
25253,2031-08-01,GW_storage_WY_NW_GW[AF],666053.0,3221201089.0,62590589.0
25254,2031-09-01,GW_storage_WY_NW_GW[AF],661152.0,3266538806.0,63251741.0
25255,2031-10-01,GW_storage_WY_NW_GW[AF],656103.0,3311005126.0,63907844.0
25256,2031-11-01,GW_storage_WY_NW_GW[AF],651249.0,3354843436.0,64559093.0
25257,2031-12-01,GW_storage_WY_NW_GW[AF],646264.0,3397917039.0,65205357.0
25258,2032-01-01,GW_storage_WY_NW_GW[AF],641312.0,3440765830.0,65846669.0
25259,2032-02-01,GW_storage_WY_NW_GW[AF],636713.0,3500332884.0,66483382.0
25260,2032-03-01,GW_storage_WY_NW_GW[AF],631827.0,3570397039.0,67115209.0
25261,2032-04-01,GW_storage_WY_NW_GW[AF],627138.0,3645988541.0,67742347.0
25262,2032-05-01,GW_storage_WY_NW_GW[AF],622353.0,3723860841.0,68364700.0
25263,2032-06-01,GW_storage_WY_NW_GW[AF],834268.0,3803847465.0,69198968.0
25264,2032-07-01,GW_storage_WY_NW_GW[AF],827804.0,3884065220.0,70026772.0
25265,2032-08-01,GW_storage_WY_NW_GW[AF],821456.0,3963910669.0,70848228.0
25266,2032-09-01,GW_storage_WY_NW_GW[AF],815412.0,4042724779.0,71663640.0
25267,2032-10-01,GW_storage_WY_NW_GW[AF],809185.0,4120308321.0,72472825.0
25268,2032-11-01,GW_storage_WY_NW_GW[AF],803196.0,4196679403.0,73276021.0
25269,2032-12-01,GW_storage_WY_NW_GW[AF],797044.0,4271822754.0,74073065.0
25270,2033-01-01,GW_storage_WY_NW_GW[AF],790934.0,4345538492.0,74863999.0
25271,2033-02-01,GW_storage_WY_NW_GW[AF],785460.0,4423218301.0,75649459.0
25272,2033-03-01,GW_storage_WY_NW_GW[AF],779429.0,4505470297.0,76428888.0
25273,2033-04-01,GW_storage_WY_NW_GW[AF],774906.0,4590681136.0,77203794.0
25274,2033-05-01,GW_storage_WY_NW_GW[AF],768912.0,4675360581.0,77972706.0
25275,2033-06-01,GW_storage_WY_NW_GW[AF],763151.0,4760708398.0,78735857.0
25276,2033-07-01,GW_storage_WY_NW_GW[AF],757239.0,4846138178.0,79493096.0
25277,2033-08-01,GW_storage_WY_NW_GW[AF],751403.0,4931118427.0,80244499.0
25278,2033-09-01,GW_storage_WY_NW_GW[AF],745825.0,5014914731.0,80990324.0
25279,2033-10-01,GW_storage_WY_NW_GW[AF],740089.0,5097508172.0,81730413.0
25280,2033-11-01,GW_storage_WY_NW_GW[AF],734578.0,5178663669.0,82464991.0
25281,2033-12-01,GW_storage_WY_NW_GW[AF],728920.0,5258443309.0,83193911.0
25282,2034-01-01,GW_storage_WY_NW_GW[AF],723302.0,5339163828.0,83917213.0
25283,2034-02-01,GW_storage_WY_NW_GW[AF],718267.0,5418722190.0,84635480.0
25284,2034-03-01,GW_storage_WY_NW_GW[AF],712728.0,5500220744.0,85348208.0
25285,2034-04-01,GW_storage_WY_NW_GW[AF],708021.0,5584032903.0,86056229.0
25286,2034-05-01,GW_storage_WY_NW_GW[AF],702563.0,5676873319.0,86758792.0
25287,2034-06-01,GW_storage_WY_NW_GW[AF],697296.0,5773341236.0,87456088.0
25288,2034-07-01,GW_storage_WY_NW_GW[AF],691894.0,5871231225.0,88147982.0
25289,2034-08-01,GW_storage_WY_NW_GW[AF],686561.0,5968392389.0,88834543.0
25290,2034-09-01,GW_storage_WY_NW_GW[AF],682797.0,6064112138.0,89517340.0
25291,2034-10-01,GW_storage_WY_NW_GW[AF],677516.0,6158273690.0,90194856.0
25292,2034-11-01,GW_storage_WY_NW_GW[AF],672445.0,6251013792.0,90867301.0
25293,2034-12-01,GW_storage_WY_NW_GW[AF],667243.0,6342469856.0,91534544.0
25294,2035-01-01,GW_storage_WY_NW_GW[AF],662080.0,6432436397.0,92196624.0
25295,2035-02-01,GW_storage_WY_NW_GW[AF],657453.0,6520973109.0,92854077.0
25296,2035-03-01,GW_storage_WY_NW_GW[AF],652365.0,6608114132.0,93506442.0
25297,2035-04-01,GW_storage_WY_NW_GW[AF],647561.0,6694040771.0,94154003.0
25298,2035-05-01,GW_storage_WY_NW_GW[AF],642545.0,6778544504.0,94796548.0
25299,2035-06-01,GW_storage_WY_NW_GW[AF],637729.0,6863239534.0,95434277.0
25300,2035-07-01,GW_storage_WY_NW_GW[AF],632817.0,6947511289.0,96067094.0
25301,2035-08-01,GW_storage_WY_NW_GW[AF],628037.0,7030376153.0,96695131.0
25302,2035-09-01,GW_storage_WY_NW_GW[AF],623412.0,7112119087.0,97318543.0
25303,2035-10-01,GW_storage_WY_NW_GW[AF],618651.0,7192574428.0,97937194.0
25304,2035-11-01,GW_storage_WY_NW_GW[AF],614071.0,7271865334.0,98551265.0
25305,2035-12-01,GW_storage_WY_NW_GW[AF],609367.0,7350179909.0,99160632.0
25306,2036-01-01,GW_storage_WY_NW_GW[AF],604693.0,7427195979.0,99765325.0
25307,2036-02-01,GW_storage_WY_NW_GW[AF],600354.0,7503024891.0,100365679.0
25308,2036-03-01,GW_storage_WY_NW_GW[AF],595744.0,7577632108.0,100961423.0
25309,2036-04-01,GW_storage_WY_NW_GW[AF],591355.0,7651185144.0,101552778.0
25310,2036-05-01,GW_storage_WY_NW_GW[AF],586779.0,7724300240.0,102139557.0
25311,2036-06-01,GW_storage_WY_NW_GW[AF],582411.0,7796353708.0,102721968.0
25312,2036-07-01,GW_storage_WY_NW_GW[AF],578025.0,7867314948.0,103299993.0
25313,2036-08-01,GW_storage_WY_NW_GW[AF],573741.0,7937241278.0,103873734.0
25314,2036-09-01,GW_storage_WY_NW_GW[AF],569687.0,8006295323.0,104443421.0
25315,2036-10-01,GW_storage_WY_NW_GW[AF],565412.0,8074305646.0,105008833.0
25316,2036-11-01,GW_storage_WY_NW_GW[AF],561298.0,8141376577.0,105570131.0
25317,2036-12-01,GW_storage_WY_NW_GW[AF],557063.0,8207644541.0,106127194.0
25318,2037-01-01,GW_storage_WY_NW_GW[AF],552850.0,8273161410.0,106680044.0
25319,2037-02-01,GW_storage_WY_NW_GW[AF],549075.0,8337733681.0,107229119.0
25320,2037-03-01,GW_storage_WY_NW_GW[AF],544910.0,8401237350.0,107774029.0
25321,2037-04-01,GW_storage_WY_NW_GW[AF],543088.0,8463716442.0,108317117.0
25322,2037-05-01,GW_storage_WY_NW_GW[AF],538962.0,8525229166.0,108856079.0
25323,2037-06-01,GW_storage_WY_NW_GW[AF],534921.0,8585780498.0,109391000.0
25324,2037-07-01,GW_storage_WY_NW_GW[AF],530809.0,8645518277.0,109921809.0
25325,2037-08-01,GW_storage_WY_NW_GW[AF],526839.0,8704580765.0,110448648.0
25326,2037-09-01,GW_storage_WY_NW_GW[AF],524826.0,8763159684.0,110973474.0
25327,2037-10-01,GW_storage_WY_NW_GW[AF],520772.0,8821181815.0,111494246.0
25328,2037-11-01,GW_storage_WY_NW_GW[AF],516878.0,8878677095.0,112011124.0
25329,2037-12-01,GW_storage_WY_NW_GW[AF],512883.0,8935618642.0,112524007.0
25330,2038-01-01,GW_storage_WY_NW_GW[AF],508918.0,8991690289.0,113032925.0
25331,2038-02-01,GW_storage_WY_NW_GW[AF],505365.0,9049081585.0,113538290.0
25332,2038-03-01,GW_storage_WY_NW_GW[AF],501456.0,9108044798.0,114039746.0
25333,2038-04-01,GW_storage_WY_NW_GW[AF],497926.0,9168794933.0,114537672.0
25334,2038-05-01,GW_storage_WY_NW_GW[AF],494068.0,9229969082.0,115031740.0
25335,2038-06-01,GW_storage_WY_NW_GW[AF],490394.0,9290494843.0,115522134.0
25336,2038-07-01,GW_storage_WY_NW_GW[AF],486732.0,9350294408.0,116008866.0
25337,2038-08-01,GW_storage_WY_NW_GW[AF],483166.0,9409318940.0,116492032.0
25338,2038-09-01,GW_storage_WY_NW_GW[AF],482131.0,9467673979.0,116974163.0
25339,2038-10-01,GW_storage_WY_NW_GW[AF],478488.0,9525253636.0,117452651.0
25340,2038-11-01,GW_storage_WY_NW_GW[AF],474981.0,9582098472.0,117927632.0
25341,2038-12-01,GW_storage_WY_NW_GW[AF],471374.0,9638248766.0,118399006.0
25342,2039-01-01,GW_storage_WY_NW_GW[AF],467790.0,9693650977.0,118866796.0
25343,2039-02-01,GW_storage_WY_NW_GW[AF],464578.0,9750458830.0,119331374.0
25344,2039-03-01,GW_storage_WY_NW_GW[AF],461038.0,9809156458.0,119792412.0
25345,2039-04-01,GW_storage_WY_NW_GW[AF],459074.0,9868559467.0,120251486.0
25346,2039-05-01,GW_storage_WY_NW_GW[AF],455578.0,9927385773.0,120707064.0
25347,2039-06-01,GW_storage_WY_NW_GW[AF],794670.0,9986965256.0,121501734.0
25348,2039-07-01,GW_storage_WY_NW_GW[AF],788545.0,10046475029.0,122290279.0
25349,2039-08-01,GW_storage_WY_NW_GW[AF],782577.0,10105238592.0,123072856.0
25350,2039-09-01,GW_storage_WY_NW_GW[AF],778532.0,10163363477.0,123851388.0
25351,2039-10-01,GW_storage_WY_NW_GW[AF],772512.0,10220781260.0,124623900.0
25352,2039-11-01,GW_storage_WY_NW_GW[AF],766730.0,10277373162.0,125390630.0
25353,2039-12-01,GW_storage_WY_NW_GW[AF],760798.0,10333185165.0,126151428.0
25354,2040-01-01,GW_storage_WY_NW_GW[AF],754911.0,10388289039.0,126906339.0
25355,2040-02-01,GW_storage_WY_NW_GW[AF],749447.0,10442633493.0,127655786.0
25356,2040-03-01,GW_storage_WY_NW_GW[AF],743646.0,10496196844.0,128399432.0
25357,2040-04-01,GW_storage_WY_NW_GW[AF],738110.0,10549040409.0,129137542.0
25358,2040-05-01,GW_storage_WY_NW_GW[AF],732571.0,10601395194.0,129870113.0
25359,2040-06-01,GW_storage_WY_NW_GW[AF],727341.0,10653107949.0,130597454.0
25360,2040-07-01,GW_storage_WY_NW_GW[AF],722002.0,10704171007.0,131319456.0
25361,2040-08-01,GW_storage_WY_NW_GW[AF],716700.0,10754605305.0,132036156.0
25362,2040-09-01,GW_storage_WY_NW_GW[AF],711641.0,10804445973.0,132747797.0
25363,2040-10-01,GW_storage_WY_NW_GW[AF],706277.0,10853648570.0,133454074.0
25364,2040-11-01,GW_storage_WY_NW_GW[AF],701110.0,10902484914.0,134155184.0
25365,2040-12-01,GW_storage_WY_NW_GW[AF],695795.0,10950730644.0,134850979.0
25366,2041-01-01,GW_storage_WY_NW_GW[AF],690512.0,10998281298.0,135541491.0
25367,2041-02-01,GW_storage_WY_NW_GW[AF],685779.0,11047818234.0,136227270.0
25368,2041-03-01,GW_storage_WY_NW_GW[AF],680563.0,11099139984.0,136907833.0
25369,2041-04-01,GW_storage_WY_NW_GW[AF],675635.0,11151170281.0,137583468.0
25370,2041-05-01,GW_storage_WY_NW_GW[AF],670417.0,11202540882.0,138253885.0
25371,2041-06-01,GW_storage_WY_NW_GW[AF],665432.0,11253584926.0,138919317.0
25372,2041-07-01,GW_storage_WY_NW_GW[AF],660441.0,11304087287.0,139579758.0
25373,2041-08-01,GW_storage_WY_NW_GW[AF],655575.0,11354085428.0,140235333.0
25374,2041-09-01,GW_storage_WY_NW_GW[AF],653945.0,11403615397.0,140889278.0
25375,2041-10-01,GW_storage_WY_NW_GW[AF],649001.0,11452671944.0,141538279.0
25376,2041-11-01,GW_storage_WY_NW_GW[AF],644241.0,11501212889.0,142182520.0
25377,2041-12-01,GW_storage_WY_NW_GW[AF],639346.0,11549056939.0,142821866.0
25378,2042-01-01,GW_storage_WY_NW_GW[AF],634481.0,11596204581.0,143456347.0
25379,2042-02-01,GW_storage_WY_NW_GW[AF],630123.0,11642935334.0,144086470.0
25380,2042-03-01,GW_storage_WY_NW_GW[AF],625319.0,11689092595.0,144711789.0
25381,2042-04-01,GW_storage_WY_NW_GW[AF],622625.0,11735022869.0,145334414.0
25382,2042-05-01,GW_storage_WY_NW_GW[AF],617809.0,11780876718.0,145952223.0
25383,2042-06-01,GW_storage_WY_NW_GW[AF],613178.0,11826092725.0,146565401.0
25384,2042-07-01,GW_storage_WY_NW_GW[AF],608457.0,11871546727.0,147173858.0
25385,2042-08-01,GW_storage_WY_NW_GW[AF],603868.0,11916431990.0,147777726.0
25386,2042-09-01,GW_storage_WY_NW_GW[AF],600981.0,11960791410.0,148378707.0
25387,2042-10-01,GW_storage_WY_NW_GW[AF],596335.0,12004660184.0,148975042.0
25388,2042-11-01,GW_storage_WY_NW_GW[AF],591872.0,12048130811.0,149566914.0
25389,2042-12-01,GW_storage_WY_NW_GW[AF],587294.0,12091062837.0,150154208.0
25390,2043-01-01,GW_storage_WY_NW_GW[AF],582751.0,12133444088.0,150736959.0
25391,2043-02-01,GW_storage_WY_NW_GW[AF],578679.0,12175363925.0,151315638.0
25392,2043-03-01,GW_storage_WY_NW_GW[AF],574201.0,12216725340.0,151889839.0
25393,2043-04-01,GW_storage_WY_NW_GW[AF],569927.0,12257666079.0,152459766.0
25394,2043-05-01,GW_storage_WY_NW_GW[AF],565624.0,12298078753.0,153025390.0
25395,2043-06-01,GW_storage_WY_NW_GW[AF],561566.0,12338040338.0,153586956.0
25396,2043-07-01,GW_storage_WY_NW_GW[AF],557426.0,12377535688.0,154144382.0
25397,2043-08-01,GW_storage_WY_NW_GW[AF],553322.0,12416568319.0,154697704.0
25398,2043-09-01,GW_storage_WY_NW_GW[AF],549418.0,12455234071.0,155247122.0
25399,2043-10-01,GW_storage_WY_NW_GW[AF],545285.0,12493493716.0,155792407.0
25400,2043-11-01,GW_storage_WY_NW_GW[AF],541309.0,12531340494.0,156333716.0
25401,2043-12-01,GW_storage_WY_NW_GW[AF],537216.0,12568703212.0,156870932.0
25402,2044-01-01,GW_storage_WY_NW_GW[AF],533147.0,12605614127.0,157404079.0
25403,2044-02-01,GW_storage_WY_NW_GW[AF],529368.0,12642100391.0,157933447.0
25404,2044-03-01,GW_storage_WY_NW_GW[AF],525345.0,12678094207.0,158458792.0
25405,2044-04-01,GW_storage_WY_NW_GW[AF],521588.0,12715489683.0,158980380.0
25406,2044-05-01,GW_storage_WY_NW_GW[AF],520217.0,12757376464.0,159500597.0
25407,2044-06-01,GW_storage_WY_NW_GW[AF],516331.0,12798680033.0,160016928.0
25408,2044-07-01,GW_storage_WY_NW_GW[AF],512360.0,12840178366.0,160529288.0
25409,2044-08-01,GW_storage_WY_NW_GW[AF],508509.0,12881238666.0,161037797.0
25410,2044-09-01,GW_storage_WY_NW_GW[AF],506271.0,12921922929.0,161544068.0
25411,2044-10-01,GW_storage_WY_NW_GW[AF],502359.0,12962137170.0,162046427.0
25412,2044-11-01,GW_storage_WY_NW_GW[AF],498602.0,13001917872.0,162545029.0
25413,2044-12-01,GW_storage_WY_NW_GW[AF],494746.0,13041192913.0,163039775.0
25414,2045-01-01,GW_storage_WY_NW_GW[AF],490920.0,13079996277.0,163530695.0
25415,2045-02-01,GW_storage_WY_NW_GW[AF],487492.0,13119222084.0,164018187.0
25416,2045-03-01,GW_storage_WY_NW_GW[AF],483721.0,13158364150.0,164501908.0
25417,2045-04-01,GW_storage_WY_NW_GW[AF],480187.0,13198157185.0,164982095.0
25418,2045-05-01,GW_storage_WY_NW_GW[AF],476473.0,13237869018.0,165458568.0
25419,2045-06-01,GW_storage_WY_NW_GW[AF],472904.0,13278774379.0,165931472.0
25420,2045-07-01,GW_storage_WY_NW_GW[AF],534011.0,13324244062.0,166465483.0
25421,2045-08-01,GW_storage_WY_NW_GW[AF],529902.0,13372386542.0,166995385.0
25422,2045-09-01,GW_storage_WY_NW_GW[AF],525958.0,13419876881.0,167521343.0
25423,2045-10-01,GW_storage_WY_NW_GW[AF],521894.0,13466818785.0,168043237.0
25424,2045-11-01,GW_storage_WY_NW_GW[AF],517990.0,13513160105.0,168561227.0
25425,2045-12-01,GW_storage_WY_NW_GW[AF],513985.0,13560745919.0,169075212.0
25426,2046-01-01,GW_storage_WY_NW_GW[AF],510010.0,13615290772.0,169585222.0
25427,2046-02-01,GW_storage_WY_NW_GW[AF],506447.0,13677811710.0,170091669.0
25428,2046-03-01,GW_storage_WY_NW_GW[AF],502531.0,13748607831.0,170594200.0
25429,2046-04-01,GW_storage_WY_NW_GW[AF],498841.0,13826873589.0,171093041.0
25430,2046-05-01,GW_storage_WY_NW_GW[AF],494980.0,13907944967.0,171588021.0
25431,2046-06-01,GW_storage_WY_NW_GW[AF],632404.0,13989979852.0,172220425.0
25432,2046-07-01,GW_storage_WY_NW_GW[AF],627503.0,14071604903.0,172847928.0
25433,2046-08-01,GW_storage_WY_NW_GW[AF],622667.0,14152131683.0,173470595.0
25434,2046-09-01,GW_storage_WY_NW_GW[AF],618087.0,14231617714.0,174088682.0
25435,2046-10-01,GW_storage_WY_NW_GW[AF],613330.0,14310005025.0,174702012.0
25436,2046-11-01,GW_storage_WY_NW_GW[AF],608759.0,14387273527.0,175310771.0
25437,2046-12-01,GW_storage_WY_NW_GW[AF],604068.0,14463437376.0,175914839.0
25438,2047-01-01,GW_storage_WY_NW_GW[AF],599411.0,14538457981.0,176514250.0
25439,2047-02-01,GW_storage_WY_NW_GW[AF],595237.0,14612508014.0,177109487.0
25440,2047-03-01,GW_storage_WY_NW_GW[AF],590644.0,14685452283.0,177700131.0
25441,2047-04-01,GW_storage_WY_NW_GW[AF],586706.0,14764472816.0,178286837.0
25442,2047-05-01,GW_storage_WY_NW_GW[AF],582183.0,14860897341.0,178869020.0
25443,2047-06-01,GW_storage_WY_NW_GW[AF],1665157.0,14972506362.0,180534177.0
25444,2047-07-01,GW_storage_WY_NW_GW[AF],2072896.0,15088231692.0,182607073.0
25445,2047-08-01,GW_storage_WY_NW_GW[AF],2056831.0,15203332934.0,184663904.0
25446,2047-09-01,GW_storage_WY_NW_GW[AF],2041406.0,15317492289.0,186705310.0
25447,2047-10-01,GW_storage_WY_NW_GW[AF],2025585.0,15430042333.0,188730895.0
25448,2047-11-01,GW_storage_WY_NW_GW[AF],2010393.0,15542831934.0,190741288.0
25449,2047-12-01,GW_storage_WY_NW_GW[AF],1994813.0,15653870877.0,192736101.0
25450,2048-01-01,GW_storage_WY_NW_GW[AF],1979352.0,15763169397.0,194715453.0
25451,2048-02-01,GW_storage_WY_NW_GW[AF],1965002.0,15872138297.0,196680455.0
25452,2048-03-01,GW_storage_WY_NW_GW[AF],1949774.0,15987897138.0,198630229.0
25453,2048-04-01,GW_storage_WY_NW_GW[AF],1935151.0,16106751114.0,200565380.0
25454,2048-05-01,GW_storage_WY_NW_GW[AF],1920154.0,16226738594.0,202485534.0
25455,2048-06-01,GW_storage_WY_NW_GW[AF],2021666.0,16346930466.0,204507200.0
25456,2048-07-01,GW_storage_WY_NW_GW[AF],2006074.0,16466203172.0,206513274.0
25457,2048-08-01,GW_storage_WY_NW_GW[AF],1990847.0,16583670765.0,208504121.0
25458,2048-09-01,GW_storage_WY_NW_GW[AF],1980071.0,16699553017.0,210484192.0
25459,2048-10-01,GW_storage_WY_NW_GW[AF],1964757.0,16813788962.0,212448949.0
25460,2048-11-01,GW_storage_WY_NW_GW[AF],1950051.0,16926416472.0,214399000.0
25461,2048-12-01,GW_storage_WY_NW_GW[AF],1934964.0,17038918116.0,216333964.0
25462,2049-01-01,GW_storage_WY_NW_GW[AF],1919993.0,17150214903.0,218253957.0
25463,2049-02-01,GW_storage_WY_NW_GW[AF],1906574.0,17259849423.0,220160531.0
25464,2049-03-01,GW_storage_WY_NW_GW[AF],1891819.0,17374140295.0,222052350.0
25465,2049-04-01,GW_storage_WY_NW_GW[AF],1877646.0,17496980626.0,223929996.0
25466,2049-05-01,GW_storage_WY_NW_GW[AF],1863147.0,17623520262.0,225793143.0
25467,2049-06-01,GW_storage_WY_NW_GW[AF],1861461.0,17749882278.0,227654604.0
25468,2049-07-01,GW_storage_WY_NW_GW[AF],1847118.0,17875311834.0,229501722.0
25469,2049-08-01,GW_storage_WY_NW_GW[AF],1833137.0,17998950915.0,231334859.0
25470,2049-09-01,GW_storage_WY_NW_GW[AF],1823702.0,18120987592.0,233158561.0
25471,2049-10-01,GW_storage_WY_NW_GW[AF],1809599.0,18241422265.0,234968160.0
25472,2049-11-01,GW_storage_WY_NW_GW[AF],1796055.0,18360102830.0,236764215.0
25473,2049-12-01,GW_storage_WY_NW_GW[AF],1782160.0,18476910369.0,238546375.0
25474,2050-01-01,GW_storage_WY_NW_GW[AF],1768370.0,18591916831.0,240314745.0
25475,2050-02-01,GW_storage_WY_NW_GW[AF],1756012.0,18705272956.0,242070757.0
25476,2050-03-01,GW_storage_WY_NW_GW[AF],1742422.0,18821028859.0,243813179.0
25477,2050-04-01,GW_storage_WY_NW_GW[AF],1729607.0,18940506995.0,245542786.0
25478,2050-05-01,GW_storage_WY_NW_GW[AF],1716215.0,19059600483.0,247259001.0
25479,2050-06-01,GW_storage_WY_NW_GW[AF],1703350.0,19178428021.0,248962351.0
25480,2050-07-01,GW_storage_WY_NW_GW[AF],1690222.0,19296435077.0,250652573.0
25481,2050-08-01,GW_storage_WY_NW_GW[AF],1677425.0,19412834260.0,252329998.0
25482,2050-09-01,GW_storage_WY_NW_GW[AF],1669251.0,19527808893.0,253999249.0
25483,2050-10-01,GW_storage_WY_NW_GW[AF],1656330.0,19641173895.0,255655579.0
25484,2050-11-01,GW_storage_WY_NW_GW[AF],1643922.0,19752769080.0,257299501.0
25485,2050-12-01,GW_storage_WY_NW_GW[AF],1631196.0,19862611454.0,258930697.0
25486,2051-01-01,GW_storage_WY_NW_GW[AF],1618566.0,19970764786.0,260549263.0
25487,2051-02-01,GW_storage_WY_NW_GW[AF],1607247.0,20077395432.0,262156510.0
25488,2051-03-01,GW_storage_WY_NW_GW[AF],1594801.0,20182370827.0,263751311.0
25489,2051-04-01,GW_storage_WY_NW_GW[AF],1583055.0,20291580463.0,265334366.0
25490,2051-05-01,GW_storage_WY_NW_GW[AF],1570789.0,20400038326.0,266905155.0
25491,2051-06-01,GW_storage_WY_NW_GW[AF],1559009.0,20508257786.0,268464164.0
25492,2051-07-01,GW_storage_WY_NW_GW[AF],1546994.0,20615875318.0,270011158.0
25493,2051-08-01,GW_storage_WY_NW_GW[AF],1535182.0,20722198437.0,271546340.0
25494,2051-09-01,GW_storage_WY_NW_GW[AF],1523679.0,20827038775.0,273070019.0
25495,2051-10-01,GW_storage_WY_NW_GW[AF],1511880.0,20930437548.0,274581899.0
25496,2051-11-01,GW_storage_WY_NW_GW[AF],1500550.0,21032468769.0,276082449.0
25497,2051-12-01,GW_storage_WY_NW_GW[AF],1488927.0,21133705710.0,277571376.0
25498,2052-01-01,GW_storage_WY_NW_GW[AF],1477395.0,21233433839.0,279048771.0
25499,2052-02-01,GW_storage_WY_NW_GW[AF],1466691.0,21331717041.0,280515462.0
25500,2052-03-01,GW_storage_WY_NW_GW[AF],1455330.0,21429607427.0,281970792.0
25501,2052-04-01,GW_storage_WY_NW_GW[AF],1444537.0,21527851494.0,283415329.0
25502,2052-05-01,GW_storage_WY_NW_GW[AF],1433342.0,21624977785.0,284848671.0
25503,2052-06-01,GW_storage_WY_NW_GW[AF],1422645.0,21720857498.0,286271316.0
25504,2052-07-01,GW_storage_WY_NW_GW[AF],1411849.0,21815421513.0,287683165.0
25505,2052-08-01,GW_storage_WY_NW_GW[AF],1401253.0,21908765850.0,289084418.0
25506,2052-09-01,GW_storage_WY_NW_GW[AF],1395072.0,22001026854.0,290479490.0
25507,2052-10-01,GW_storage_WY_NW_GW[AF],1384276.0,22092179195.0,291863766.0
25508,2052-11-01,GW_storage_WY_NW_GW[AF],1373906.0,22182158688.0,293237672.0
25509,2052-12-01,GW_storage_WY_NW_GW[AF],1363271.0,22270990851.0,294600943.0
25510,2053-01-01,GW_storage_WY_NW_GW[AF],1352716.0,22358572318.0,295953659.0
25511,2053-02-01,GW_storage_WY_NW_GW[AF],1343257.0,22445234888.0,297296916.0
25512,2053-03-01,GW_storage_WY_NW_GW[AF],1332856.0,22531338210.0,298629772.0
25513,2053-04-01,GW_storage_WY_NW_GW[AF],1323068.0,22618197854.0,299952840.0
25514,2053-05-01,GW_storage_WY_NW_GW[AF],1312824.0,22705000235.0,301265664.0
25515,2053-06-01,GW_storage_WY_NW_GW[AF],1386810.0,22792005107.0,302652474.0
25516,2053-07-01,GW_storage_WY_NW_GW[AF],1376122.0,22878611714.0,304028596.0
25517,2053-08-01,GW_storage_WY_NW_GW[AF],1365698.0,22964123789.0,305394294.0
25518,2053-09-01,GW_storage_WY_NW_GW[AF],1358799.0,23048536524.0,306753093.0
25519,2053-10-01,GW_storage_WY_NW_GW[AF],1348291.0,23131866519.0,308101384.0
25520,2053-11-01,GW_storage_WY_NW_GW[AF],1338199.0,23214276747.0,309439583.0
25521,2053-12-01,GW_storage_WY_NW_GW[AF],1327845.0,23295578937.0,310767428.0
25522,2054-01-01,GW_storage_WY_NW_GW[AF],1317571.0,23375761806.0,312084999.0
25523,2054-02-01,GW_storage_WY_NW_GW[AF],1308363.0,23454991045.0,313393362.0
25524,2054-03-01,GW_storage_WY_NW_GW[AF],1298237.0,23533194281.0,314691599.0
25525,2054-04-01,GW_storage_WY_NW_GW[AF],1288520.0,23610840643.0,315980119.0
25526,2054-05-01,GW_storage_WY_NW_GW[AF],1278601.0,23687968757.0,317258720.0
25527,2054-06-01,GW_storage_WY_NW_GW[AF],1269307.0,23764134532.0,318528027.0
25528,2054-07-01,GW_storage_WY_NW_GW[AF],1259882.0,23839346953.0,319787909.0
25529,2054-08-01,GW_storage_WY_NW_GW[AF],1250584.0,23913680649.0,321038493.0
25530,2054-09-01,GW_storage_WY_NW_GW[AF],1241669.0,23987275722.0,322280162.0
25531,2054-10-01,GW_storage_WY_NW_GW[AF],1232259.0,24060063673.0,323512421.0
25532,2054-11-01,GW_storage_WY_NW_GW[AF],1223201.0,24132040073.0,324735622.0
25533,2054-12-01,GW_storage_WY_NW_GW[AF],1213889.0,24203075252.0,325949511.0
25534,2055-01-01,GW_storage_WY_NW_GW[AF],1204635.0,24273232069.0,327154146.0
25535,2055-02-01,GW_storage_WY_NW_GW[AF],1196345.0,24346983422.0,328350491.0
25536,2055-03-01,GW_storage_WY_NW_GW[AF],1187207.0,24429418525.0,329537698.0
25537,2055-04-01,GW_storage_WY_NW_GW[AF],1178664.0,24519974284.0,330716362.0
25538,2055-05-01,GW_storage_WY_NW_GW[AF],1169908.0,24612887460.0,331886270.0
25539,2055-06-01,GW_storage_WY_NW_GW[AF],1161170.0,24705731755.0,333047440.0
25540,2055-07-01,GW_storage_WY_NW_GW[AF],1152175.0,24797561549.0,334199615.0
25541,2055-08-01,GW_storage_WY_NW_GW[AF],1143337.0,24888417864.0,335342952.0
25542,2055-09-01,GW_storage_WY_NW_GW[AF],1134908.0,24978247446.0,336477860.0
25543,2055-10-01,GW_storage_WY_NW_GW[AF],1126225.0,25067037402.0,337604085.0
25544,2055-11-01,GW_storage_WY_NW_GW[AF],1117873.0,25154620871.0,338721958.0
25545,2055-12-01,GW_storage_WY_NW_GW[AF],1109296.0,25240958786.0,339831254.0
25546,2056-01-01,GW_storage_WY_NW_GW[AF],1100777.0,25326085001.0,340932031.0
25547,2056-02-01,GW_storage_WY_NW_GW[AF],1092867.0,25410115783.0,342024898.0
25548,2056-03-01,GW_storage_WY_NW_GW[AF],1084466.0,25493046199.0,343109364.0
25549,2056-04-01,GW_storage_WY_NW_GW[AF],1076448.0,25579867650.0,344185812.0
25550,2056-05-01,GW_storage_WY_NW_GW[AF],1068117.0,25665994452.0,345253929.0
25551,2056-06-01,GW_storage_WY_NW_GW[AF],1060164.0,25751014051.0,346314093.0
25552,2056-07-01,GW_storage_WY_NW_GW[AF],1052180.0,25834999057.0,347366273.0
25553,2056-08-01,GW_storage_WY_NW_GW[AF],1044387.0,25918012980.0,348410660.0
25554,2056-09-01,GW_storage_WY_NW_GW[AF],1037027.0,26000006720.0,349447687.0
25555,2056-10-01,GW_storage_WY_NW_GW[AF],1029228.0,26080893812.0,350476915.0
25556,2056-11-01,GW_storage_WY_NW_GW[AF],1021714.0,26160908259.0,351498629.0
25557,2056-12-01,GW_storage_WY_NW_GW[AF],1013984.0,26240212456.0,352512613.0
25558,2057-01-01,GW_storage_WY_NW_GW[AF],1006300.0,26318587848.0,353518913.0
25559,2057-02-01,GW_storage_WY_NW_GW[AF],999419.0,26395985372.0,354518332.0
25560,2057-03-01,GW_storage_WY_NW_GW[AF],991823.0,26472734266.0,355510155.0
25561,2057-04-01,GW_storage_WY_NW_GW[AF],984743.0,26556295278.0,356494898.0
25562,2057-05-01,GW_storage_WY_NW_GW[AF],977594.0,26638790503.0,357472492.0
25563,2057-06-01,GW_storage_WY_NW_GW[AF],970808.0,26720263696.0,358443300.0
25564,2057-07-01,GW_storage_WY_NW_GW[AF],963838.0,26800720453.0,359407138.0
25565,2057-08-01,GW_storage_WY_NW_GW[AF],956923.0,26880212595.0,360364061.0
25566,2057-09-01,GW_storage_WY_NW_GW[AF],955333.0,26958875022.0,361319394.0
25567,2057-10-01,GW_storage_WY_NW_GW[AF],947968.0,27036568588.0,362267362.0
25568,2057-11-01,GW_storage_WY_NW_GW[AF],940891.0,27113396201.0,363208253.0
25569,2057-12-01,GW_storage_WY_NW_GW[AF],933630.0,27189264327.0,364141883.0
25570,2058-01-01,GW_storage_WY_NW_GW[AF],926423.0,27264124633.0,365068306.0
25571,2058-02-01,GW_storage_WY_NW_GW[AF],919963.0,27348265847.0,365988269.0
25572,2058-03-01,GW_storage_WY_NW_GW[AF],912859.0,27440889382.0,366901128.0
25573,2058-04-01,GW_storage_WY_NW_GW[AF],906326.0,27539133274.0,367807454.0
25574,2058-05-01,GW_storage_WY_NW_GW[AF],899319.0,27639449314.0,368706773.0
25575,2058-06-01,GW_storage_WY_NW_GW[AF],892583.0,27738779306.0,369599356.0
25576,2058-07-01,GW_storage_WY_NW_GW[AF],885712.0,27837531793.0,370485068.0
25577,2058-08-01,GW_storage_WY_NW_GW[AF],879039.0,27935280444.0,371364107.0
25578,2058-09-01,GW_storage_WY_NW_GW[AF],874849.0,28031862865.0,372238956.0
25579,2058-10-01,GW_storage_WY_NW_GW[AF],868088.0,28127260463.0,373107044.0
25580,2058-11-01,GW_storage_WY_NW_GW[AF],861594.0,28221366217.0,373968638.0
25581,2058-12-01,GW_storage_WY_NW_GW[AF],854931.0,28314157055.0,374823569.0
25582,2059-01-01,GW_storage_WY_NW_GW[AF],848319.0,28405540773.0,375671888.0
25583,2059-02-01,GW_storage_WY_NW_GW[AF],842393.0,28502067677.0,376514281.0
25584,2059-03-01,GW_storage_WY_NW_GW[AF],835876.0,28605457246.0,377350157.0
25585,2059-04-01,GW_storage_WY_NW_GW[AF],829755.0,28717814838.0,378179912.0
25586,2059-05-01,GW_storage_WY_NW_GW[AF],823332.0,28830913147.0,379003244.0
25587,2059-06-01,GW_storage_WY_NW_GW[AF],817161.0,28943770190.0,379820405.0
25588,2059-07-01,GW_storage_WY_NW_GW[AF],810861.0,29055182582.0,380631266.0
25589,2059-08-01,GW_storage_WY_NW_GW[AF],804712.0,29165160032.0,381435978.0
25590,2059-09-01,GW_storage_WY_NW_GW[AF],798774.0,29273920291.0,382234752.0
25591,2059-10-01,GW_storage_WY_NW_GW[AF],792663.0,29381402010.0,383027415.0
25592,2059-11-01,GW_storage_WY_NW_GW[AF],786784.0,29487451547.0,383814199.0
25593,2059-12-01,GW_storage_WY_NW_GW[AF],780748.0,29592083281.0,384594947.0
25594,2060-01-01,GW_storage_WY_NW_GW[AF],774751.0,29695071869.0,385369698.0
25595,2060-02-01,GW_storage_WY_NW_GW[AF],769185.0,29797999369.0,386138883.0
25596,2060-03-01,GW_storage_WY_NW_GW[AF],763271.0,29907235449.0,386902154.0
25597,2060-04-01,GW_storage_WY_NW_GW[AF],758610.0,30022282651.0,387660764.0
25598,2060-05-01,GW_storage_WY_NW_GW[AF],752740.0,30138204137.0,388413504.0
25599,2060-06-01,GW_storage_WY_NW_GW[AF],747129.0,30253989194.0,389160633.0
25600,2060-07-01,GW_storage_WY_NW_GW[AF],741484.0,30369445165.0,389902117.0
25601,2060-08-01,GW_storage_WY_NW_GW[AF],735946.0,30483354195.0,390638063.0
25602,2060-09-01,GW_storage_WY_NW_GW[AF],732956.0,30595912136.0,391371019.0
25603,2060-10-01,GW_storage_WY_NW_GW[AF],727285.0,30707058453.0,392098304.0
25604,2060-11-01,GW_storage_WY_NW_GW[AF],721837.0,30816686913.0,392820141.0
25605,2060-12-01,GW_storage_WY_NW_GW[AF],716250.0,30924630927.0,393536391.0
25606,2061-01-01,GW_storage_WY_NW_GW[AF],710706.0,31038058188.0,394247097.0
25607,2061-02-01,GW_storage_WY_NW_GW[AF],705737.0,31163247262.0,394952834.0
25608,2061-03-01,GW_storage_WY_NW_GW[AF],700273.0,31301926464.0,395653107.0
25609,2061-04-01,GW_storage_WY_NW_GW[AF],695031.0,31460043743.0,396348138.0
25610,2061-05-01,GW_storage_WY_NW_GW[AF],689645.0,31621719240.0,397037783.0
25611,2061-06-01,GW_storage_WY_NW_GW[AF],684502.0,31781944019.0,397722285.0
25612,2061-07-01,GW_storage_WY_NW_GW[AF],679320.0,31940594248.0,398401605.0
25613,2061-08-01,GW_storage_WY_NW_GW[AF],674239.0,32097666692.0,399075844.0
25614,2061-09-01,GW_storage_WY_NW_GW[AF],671307.0,32253244922.0,399747151.0
25615,2061-10-01,GW_storage_WY_NW_GW[AF],666118.0,32407132898.0,400413269.0
25616,2061-11-01,GW_storage_WY_NW_GW[AF],661134.0,32559108380.0,401074403.0
25617,2061-12-01,GW_storage_WY_NW_GW[AF],656022.0,32709321481.0,401730425.0
25618,2062-01-01,GW_storage_WY_NW_GW[AF],650949.0,32858735378.0,402381374.0
25619,2062-02-01,GW_storage_WY_NW_GW[AF],646402.0,33022044851.0,403027776.0
25620,2062-03-01,GW_storage_WY_NW_GW[AF],641402.0,33198837130.0,403669178.0
25621,2062-04-01,GW_storage_WY_NW_GW[AF],636708.0,33390837210.0,404305886.0
25622,2062-05-01,GW_storage_WY_NW_GW[AF],631788.0,33584259641.0,404937674.0
25623,2062-06-01,GW_storage_WY_NW_GW[AF],627078.0,33776858517.0,405564752.0
25624,2062-07-01,GW_storage_WY_NW_GW[AF],622335.0,33967635736.0,406187087.0
25625,2062-08-01,GW_storage_WY_NW_GW[AF],617690.0,34156855847.0,406804777.0
25626,2062-09-01,GW_storage_WY_NW_GW[AF],614999.0,34344548104.0,407419776.0
25627,2062-10-01,GW_storage_WY_NW_GW[AF],610246.0,34530332137.0,408030022.0
25628,2062-11-01,GW_storage_WY_NW_GW[AF],605680.0,34714073091.0,408635702.0
25629,2062-12-01,GW_storage_WY_NW_GW[AF],600996.0,34895778448.0,409236698.0
25630,2063-01-01,GW_storage_WY_NW_GW[AF],596348.0,35079072230.0,409833046.0
25631,2063-02-01,GW_storage_WY_NW_GW[AF],592182.0,35269350335.0,410425228.0
25632,2063-03-01,GW_storage_WY_NW_GW[AF],587601.0,35470064786.0,411012829.0
25633,2063-04-01,GW_storage_WY_NW_GW[AF],583302.0,35683040547.0,411596131.0
25634,2063-05-01,GW_storage_WY_NW_GW[AF],578792.0,35907121073.0,412174923.0
25635,2063-06-01,GW_storage_WY_NW_GW[AF],583146.0,36134854310.0,412758069.0
25636,2063-07-01,GW_storage_WY_NW_GW[AF],578655.0,36361472567.0,413336724.0
25637,2063-08-01,GW_storage_WY_NW_GW[AF],574281.0,36586142514.0,413911005.0
25638,2063-09-01,GW_storage_WY_NW_GW[AF],571381.0,36808934029.0,414482386.0
25639,2063-10-01,GW_storage_WY_NW_GW[AF],566962.0,37029507927.0,415049348.0
25640,2063-11-01,GW_storage_WY_NW_GW[AF],562717.0,37248012309.0,415612065.0
25641,2063-12-01,GW_storage_WY_NW_GW[AF],558363.0,37465671472.0,416170428.0
25642,2064-01-01,GW_storage_WY_NW_GW[AF],554043.0,37694815963.0,416724471.0
25643,2064-02-01,GW_storage_WY_NW_GW[AF],550032.0,37945097639.0,417274503.0
25644,2064-03-01,GW_storage_WY_NW_GW[AF],545775.0,38213638934.0,417820278.0
25645,2064-04-01,GW_storage_WY_NW_GW[AF],541764.0,38493367090.0,418362042.0
25646,2064-05-01,GW_storage_WY_NW_GW[AF],537569.0,38776738105.0,418899611.0
25647,2064-06-01,GW_storage_WY_NW_GW[AF],533539.0,39060661713.0,419433150.0
25648,2064-07-01,GW_storage_WY_NW_GW[AF],529426.0,39341932866.0,419962576.0
25649,2064-08-01,GW_storage_WY_NW_GW[AF],525410.0,39620711220.0,420487986.0
25650,2064-09-01,GW_storage_WY_NW_GW[AF],522761.0,39897002798.0,421010747.0
25651,2064-10-01,GW_storage_WY_NW_GW[AF],518714.0,40170736712.0,421529461.0
25652,2064-11-01,GW_storage_WY_NW_GW[AF],514828.0,40442044957.0,422044289.0
25653,2064-12-01,GW_storage_WY_NW_GW[AF],510842.0,40711834451.0,422555131.0
25654,2065-01-01,GW_storage_WY_NW_GW[AF],506886.0,40982757097.0,423062017.0
25655,2065-02-01,GW_storage_WY_NW_GW[AF],503340.0,41255716076.0,423565357.0
25656,2065-03-01,GW_storage_WY_NW_GW[AF],499442.0,41533378347.0,424064799.0
25657,2065-04-01,GW_storage_WY_NW_GW[AF],495702.0,41819419395.0,424560501.0
25658,2065-05-01,GW_storage_WY_NW_GW[AF],491861.0,42107659636.0,425052362.0
25659,2065-06-01,GW_storage_WY_NW_GW[AF],488192.0,42393392346.0,425540554.0
25660,2065-07-01,GW_storage_WY_NW_GW[AF],484498.0,42678359041.0,426025052.0
25661,2065-08-01,GW_storage_WY_NW_GW[AF],480880.0,42960938762.0,426505932.0
25662,2065-09-01,GW_storage_WY_NW_GW[AF],478818.0,43241061639.0,426984750.0
25663,2065-10-01,GW_storage_WY_NW_GW[AF],475119.0,43518553408.0,427459869.0
25664,2065-11-01,GW_storage_WY_NW_GW[AF],471565.0,43793351378.0,427931434.0
25665,2065-12-01,GW_storage_WY_NW_GW[AF],467918.0,44065325818.0,428399352.0
25666,2066-01-01,GW_storage_WY_NW_GW[AF],464300.0,44334625115.0,428863652.0
25667,2066-02-01,GW_storage_WY_NW_GW[AF],461056.0,44601575728.0,429324708.0
25668,2066-03-01,GW_storage_WY_NW_GW[AF],457490.0,44865977654.0,429782198.0
25669,2066-04-01,GW_storage_WY_NW_GW[AF],454069.0,45130939542.0,430236267.0
25670,2066-05-01,GW_storage_WY_NW_GW[AF],450572.0,45393925169.0,430686839.0
25671,2066-06-01,GW_storage_WY_NW_GW[AF],447292.0,45654573916.0,431134131.0
25672,2066-07-01,GW_storage_WY_NW_GW[AF],443972.0,45912927675.0,431578103.0
25673,2066-08-01,GW_storage_WY_NW_GW[AF],440703.0,46169111465.0,432018806.0
25674,2066-09-01,GW_storage_WY_NW_GW[AF],438970.0,46423600426.0,432457776.0
25675,2066-10-01,GW_storage_WY_NW_GW[AF],435579.0,46676263355.0,432893355.0
25676,2066-11-01,GW_storage_WY_NW_GW[AF],432321.0,46927228863.0,433325676.0
25677,2066-12-01,GW_storage_WY_NW_GW[AF],428979.0,47176198480.0,433754655.0
25678,2067-01-01,GW_storage_WY_NW_GW[AF],425662.0,47422896821.0,434180317.0
25679,2067-02-01,GW_storage_WY_NW_GW[AF],422690.0,47667661431.0,434603007.0
25680,2067-03-01,GW_storage_WY_NW_GW[AF],419421.0,47910308464.0,435022428.0
25681,2067-04-01,GW_storage_WY_NW_GW[AF],416286.0,48151085524.0,435438714.0
25682,2067-05-01,GW_storage_WY_NW_GW[AF],413065.0,48389950965.0,435851779.0
25683,2067-06-01,GW_storage_WY_NW_GW[AF],409969.0,48627002221.0,436261748.0
25684,2067-07-01,GW_storage_WY_NW_GW[AF],406818.0,48862124917.0,436668566.0
25685,2067-08-01,GW_storage_WY_NW_GW[AF],403770.0,49095321876.0,437072336.0
25686,2067-09-01,GW_storage_WY_NW_GW[AF],402144.0,49326841519.0,437474480.0
25687,2067-10-01,GW_storage_WY_NW_GW[AF],399038.0,49556552267.0,437873518.0
25688,2067-11-01,GW_storage_WY_NW_GW[AF],396056.0,49784868208.0,438269574.0
25689,2067-12-01,GW_storage_WY_NW_GW[AF],392995.0,50011545293.0,438662569.0
25690,2068-01-01,GW_storage_WY_NW_GW[AF],389957.0,50238331069.0,439052526.0
25691,2068-02-01,GW_storage_WY_NW_GW[AF],387138.0,50478937732.0,439439664.0
25692,2068-03-01,GW_storage_WY_NW_GW[AF],384145.0,50739381265.0,439823809.0
25693,2068-04-01,GW_storage_WY_NW_GW[AF],381348.0,51011294375.0,440205157.0
25694,2068-05-01,GW_storage_WY_NW_GW[AF],378397.0,51290774772.0,440583554.0
25695,2068-06-01,GW_storage_WY_NW_GW[AF],456971.0,51571539123.0,441040525.0
25696,2068-07-01,GW_storage_WY_NW_GW[AF],453453.0,51851333229.0,441493978.0
25697,2068-08-01,GW_storage_WY_NW_GW[AF],450033.0,52129191774.0,441944011.0
25698,2068-09-01,GW_storage_WY_NW_GW[AF],446722.0,52405096290.0,442390733.0
25699,2068-10-01,GW_storage_WY_NW_GW[AF],443311.0,52678907664.0,442834044.0
25700,2068-11-01,GW_storage_WY_NW_GW[AF],440031.0,52950483517.0,443274075.0
25701,2068-12-01,GW_storage_WY_NW_GW[AF],436662.0,53219819895.0,443710737.0
25702,2069-01-01,GW_storage_WY_NW_GW[AF],433315.0,53487155316.0,444144052.0
25703,2069-02-01,GW_storage_WY_NW_GW[AF],430316.0,53760870931.0,444574368.0
25704,2069-03-01,GW_storage_WY_NW_GW[AF],427013.0,54039428849.0,445001381.0
25705,2069-04-01,GW_storage_WY_NW_GW[AF],424522.0,54324092180.0,445425903.0
25706,2069-05-01,GW_storage_WY_NW_GW[AF],421238.0,54609436481.0,445847141.0
25707,2069-06-01,GW_storage_WY_NW_GW[AF],418080.0,54894337917.0,446265221.0
25708,2069-07-01,GW_storage_WY_NW_GW[AF],414857.0,55177218144.0,446680078.0
25709,2069-08-01,GW_storage_WY_NW_GW[AF],411711.0,55458179949.0,447091789.0
25710,2069-09-01,GW_storage_WY_NW_GW[AF],408672.0,55737226700.0,447500461.0
25711,2069-10-01,GW_storage_WY_NW_GW[AF],405544.0,56014313112.0,447906005.0
25712,2069-11-01,GW_storage_WY_NW_GW[AF],402536.0,56289244905.0,448308541.0
25713,2069-12-01,GW_storage_WY_NW_GW[AF],399446.0,56561948550.0,448707987.0
25714,2070-01-01,GW_storage_WY_NW_GW[AF],396378.0,56832455571.0,449104365.0
25715,2070-02-01,GW_storage_WY_NW_GW[AF],393629.0,57101031869.0,449497994.0
25716,2070-03-01,GW_storage_WY_NW_GW[AF],390602.0,57367456127.0,449888596.0
25717,2070-04-01,GW_storage_WY_NW_GW[AF],388234.0,57631884127.0,450276830.0
25718,2070-05-01,GW_storage_WY_NW_GW[AF],385229.0,57894580730.0,450662059.0
25719,2070-06-01,GW_storage_WY_NW_GW[AF],382341.0,58156625113.0,451044400.0
25720,2070-07-01,GW_storage_WY_NW_GW[AF],379401.0,58417720429.0,451423801.0
25721,2070-08-01,GW_storage_WY_NW_GW[AF],376559.0,58677125935.0,451800360.0
25722,2070-09-01,GW_storage_WY_NW_GW[AF],375015.0,58935122487.0,452175375.0
25723,2070-10-01,GW_storage_WY_NW_GW[AF],372118.0,59191573450.0,452547493.0
25724,2070-11-01,GW_storage_WY_NW_GW[AF],369336.0,59446278042.0,452916829.0
25725,2070-12-01,GW_storage_WY_NW_GW[AF],366480.0,59699129256.0,453283309.0
25726,2023-06-01,GW_storage_WY_SE_GW[AF],-121.0,15164430.0,-121.0
25727,2023-07-01,GW_storage_WY_SE_GW[AF],-120.0,17236845.0,-241.0
25728,2023-08-01,GW_storage_WY_SE_GW[AF],-119.0,19274971.0,-360.0
25729,2023-09-01,GW_storage_WY_SE_GW[AF],-118.0,21282260.0,-478.0
25730,2023-10-01,GW_storage_WY_SE_GW[AF],-117.0,23279746.0,-595.0
25731,2023-11-01,GW_storage_WY_SE_GW[AF],-116.0,25247116.0,-711.0
25732,2023-12-01,GW_storage_WY_SE_GW[AF],-115.0,27178503.0,-826.0
25733,2024-01-01,GW_storage_WY_SE_GW[AF],-113.0,29079026.0,-939.0
25734,2024-02-01,GW_storage_WY_SE_GW[AF],-113.0,30951693.0,-1052.0
25735,2024-03-01,GW_storage_WY_SE_GW[AF],-111.0,32794640.0,-1163.0
25736,2024-04-01,GW_storage_WY_SE_GW[AF],-110.0,34598451.0,-1273.0
25737,2024-05-01,GW_storage_WY_SE_GW[AF],-109.0,36379549.0,-1382.0
25738,2024-06-01,GW_storage_WY_SE_GW[AF],-108.0,38134426.0,-1490.0
25739,2024-07-01,GW_storage_WY_SE_GW[AF],-107.0,39862715.0,-1597.0
25740,2024-08-01,GW_storage_WY_SE_GW[AF],-106.0,41565221.0,-1703.0
25741,2024-09-01,GW_storage_WY_SE_GW[AF],-105.0,43242727.0,-1808.0
25742,2024-10-01,GW_storage_WY_SE_GW[AF],-104.0,44894530.0,-1912.0
25743,2024-11-01,GW_storage_WY_SE_GW[AF],-103.0,46522142.0,-2015.0
25744,2024-12-01,GW_storage_WY_SE_GW[AF],-102.0,48125394.0,-2117.0
25745,2025-01-01,GW_storage_WY_SE_GW[AF],-101.0,49704625.0,-2218.0
25746,2025-02-01,GW_storage_WY_SE_GW[AF],-100.0,51264049.0,-2318.0
25747,2025-03-01,GW_storage_WY_SE_GW[AF],-99.0,52800150.0,-2417.0
25748,2025-04-01,GW_storage_WY_SE_GW[AF],-98.0,54422403.0,-2515.0
25749,2025-05-01,GW_storage_WY_SE_GW[AF],-97.0,56023530.0,-2612.0
25750,2025-06-01,GW_storage_WY_SE_GW[AF],-97.0,57673121.0,-2709.0
25751,2025-07-01,GW_storage_WY_SE_GW[AF],-47.0,59233291.0,-2756.0
25752,2025-08-01,GW_storage_WY_SE_GW[AF],2050.0,60752330.0,-706.0
25753,2025-09-01,GW_storage_WY_SE_GW[AF],3821.0,63291561.0,3115.0
25754,2025-10-01,GW_storage_WY_SE_GW[AF],3909.0,66117192.0,7024.0
25755,2025-11-01,GW_storage_WY_SE_GW[AF],3978.0,69169207.0,11002.0
25756,2025-12-01,GW_storage_WY_SE_GW[AF],4036.0,72377661.0,15038.0
25757,2026-01-01,GW_storage_WY_SE_GW[AF],4085.0,75644729.0,19123.0
25758,2026-02-01,GW_storage_WY_SE_GW[AF],4131.0,83025589.0,23254.0
25759,2026-03-01,GW_storage_WY_SE_GW[AF],4171.0,93674924.0,27425.0
25760,2026-04-01,GW_storage_WY_SE_GW[AF],4178.0,112497734.0,31603.0
25761,2026-05-01,GW_storage_WY_SE_GW[AF],4145.0,136460613.0,35748.0
25762,2026-06-01,GW_storage_WY_SE_GW[AF],4110.0,160180041.0,39858.0
25763,2026-07-01,GW_storage_WY_SE_GW[AF],4074.0,184580314.0,43932.0
25764,2026-08-01,GW_storage_WY_SE_GW[AF],4036.0,208538131.0,47968.0
25765,2026-09-01,GW_storage_WY_SE_GW[AF],4000.0,232132273.0,51968.0
25766,2026-10-01,GW_storage_WY_SE_GW[AF],3962.0,255250646.0,55930.0
25767,2026-11-01,GW_storage_WY_SE_GW[AF],3927.0,277908394.0,59857.0
25768,2026-12-01,GW_storage_WY_SE_GW[AF],3890.0,300103214.0,63747.0
25769,2027-01-01,GW_storage_WY_SE_GW[AF],3855.0,321847786.0,67602.0
25770,2027-02-01,GW_storage_WY_SE_GW[AF],3824.0,343199646.0,71426.0
25771,2027-03-01,GW_storage_WY_SE_GW[AF],3788.0,369620421.0,75214.0
25772,2027-04-01,GW_storage_WY_SE_GW[AF],3755.0,409179141.0,78969.0
25773,2027-05-01,GW_storage_WY_SE_GW[AF],3720.0,455970259.0,82689.0
25774,2027-06-01,GW_storage_WY_SE_GW[AF],3686.0,506103237.0,86375.0
25775,2027-07-01,GW_storage_WY_SE_GW[AF],3653.0,558027240.0,90028.0
25776,2027-08-01,GW_storage_WY_SE_GW[AF],3619.0,610747556.0,93647.0
25777,2027-09-01,GW_storage_WY_SE_GW[AF],3587.0,662576568.0,97234.0
25778,2027-10-01,GW_storage_WY_SE_GW[AF],3554.0,713531026.0,100788.0
25779,2027-11-01,GW_storage_WY_SE_GW[AF],3524.0,763602436.0,104312.0
25780,2027-12-01,GW_storage_WY_SE_GW[AF],3495.0,812846873.0,107807.0
25781,2028-01-01,GW_storage_WY_SE_GW[AF],3463.0,861121911.0,111270.0
25782,2028-02-01,GW_storage_WY_SE_GW[AF],3433.0,908650771.0,114703.0
25783,2028-03-01,GW_storage_WY_SE_GW[AF],3402.0,959000163.0,118105.0
25784,2028-04-01,GW_storage_WY_SE_GW[AF],3371.0,1012039411.0,121476.0
25785,2028-05-01,GW_storage_WY_SE_GW[AF],3340.0,1068060916.0,124816.0
25786,2028-06-01,GW_storage_WY_SE_GW[AF],3323.0,1125203670.0,128139.0
25787,2028-07-01,GW_storage_WY_SE_GW[AF],3463.0,1183903968.0,131602.0
25788,2028-08-01,GW_storage_WY_SE_GW[AF],3690.0,1241633200.0,135292.0
25789,2028-09-01,GW_storage_WY_SE_GW[AF],3836.0,1298536546.0,139128.0
25790,2028-10-01,GW_storage_WY_SE_GW[AF],3813.0,1354465802.0,142941.0
25791,2028-11-01,GW_storage_WY_SE_GW[AF],3790.0,1409406877.0,146731.0
25792,2028-12-01,GW_storage_WY_SE_GW[AF],3766.0,1463330743.0,150497.0
25793,2029-01-01,GW_storage_WY_SE_GW[AF],3741.0,1516331973.0,154238.0
25794,2029-02-01,GW_storage_WY_SE_GW[AF],3719.0,1568436361.0,157957.0
25795,2029-03-01,GW_storage_WY_SE_GW[AF],3694.0,1622957905.0,161651.0
25796,2029-04-01,GW_storage_WY_SE_GW[AF],3666.0,1679352962.0,165317.0
25797,2029-05-01,GW_storage_WY_SE_GW[AF],3632.0,1742904338.0,168949.0
25798,2029-06-01,GW_storage_WY_SE_GW[AF],3582.0,1807169538.0,172531.0
25799,2029-07-01,GW_storage_WY_SE_GW[AF],3315.0,1872474684.0,175846.0
25800,2029-08-01,GW_storage_WY_SE_GW[AF],3134.0,1936569687.0,178980.0
25801,2029-09-01,GW_storage_WY_SE_GW[AF],3001.0,1999536921.0,181981.0
25802,2029-10-01,GW_storage_WY_SE_GW[AF],2967.0,2061251234.0,184948.0
25803,2029-11-01,GW_storage_WY_SE_GW[AF],2935.0,2121792309.0,187883.0
25804,2029-12-01,GW_storage_WY_SE_GW[AF],2903.0,2181276298.0,190786.0
25805,2030-01-01,GW_storage_WY_SE_GW[AF],2872.0,2239598911.0,193658.0
25806,2030-02-01,GW_storage_WY_SE_GW[AF],2844.0,2296908282.0,196502.0
25807,2030-03-01,GW_storage_WY_SE_GW[AF],2813.0,2353273149.0,199315.0
25808,2030-04-01,GW_storage_WY_SE_GW[AF],2785.0,2408813513.0,202100.0
25809,2030-05-01,GW_storage_WY_SE_GW[AF],2760.0,2463288321.0,204860.0
25810,2030-06-01,GW_storage_WY_SE_GW[AF],2736.0,2519189259.0,207596.0
25811,2030-07-01,GW_storage_WY_SE_GW[AF],2706.0,2574987711.0,210302.0
25812,2030-08-01,GW_storage_WY_SE_GW[AF],2625.0,2629845780.0,212927.0
25813,2030-09-01,GW_storage_WY_SE_GW[AF],2564.0,2683731630.0,215491.0
25814,2030-10-01,GW_storage_WY_SE_GW[AF],2537.0,2736573135.0,218028.0
25815,2030-11-01,GW_storage_WY_SE_GW[AF],2512.0,2788437015.0,220540.0
25816,2030-12-01,GW_storage_WY_SE_GW[AF],2487.0,2839371858.0,223027.0
25817,2031-01-01,GW_storage_WY_SE_GW[AF],2462.0,2889285425.0,225489.0
25818,2031-02-01,GW_storage_WY_SE_GW[AF],2439.0,2938331300.0,227928.0
25819,2031-03-01,GW_storage_WY_SE_GW[AF],2415.0,2986403207.0,230343.0
25820,2031-04-01,GW_storage_WY_SE_GW[AF],2393.0,3034117058.0,232736.0
25821,2031-05-01,GW_storage_WY_SE_GW[AF],2371.0,3081639947.0,235107.0
25822,2031-06-01,GW_storage_WY_SE_GW[AF],2356.0,3128466639.0,237463.0
25823,2031-07-01,GW_storage_WY_SE_GW[AF],2335.0,3175256040.0,239798.0
25824,2031-08-01,GW_storage_WY_SE_GW[AF],2312.0,3221201089.0,242110.0
25825,2031-09-01,GW_storage_WY_SE_GW[AF],2292.0,3266538806.0,244402.0
25826,2031-10-01,GW_storage_WY_SE_GW[AF],2270.0,3311005126.0,246672.0
25827,2031-11-01,GW_storage_WY_SE_GW[AF],2250.0,3354843436.0,248922.0
25828,2031-12-01,GW_storage_WY_SE_GW[AF],2229.0,3397917039.0,251151.0
25829,2032-01-01,GW_storage_WY_SE_GW[AF],2209.0,3440765830.0,253360.0
25830,2032-02-01,GW_storage_WY_SE_GW[AF],2190.0,3500332884.0,255550.0
25831,2032-03-01,GW_storage_WY_SE_GW[AF],2170.0,3570397039.0,257720.0
25832,2032-04-01,GW_storage_WY_SE_GW[AF],2150.0,3645988541.0,259870.0
25833,2032-05-01,GW_storage_WY_SE_GW[AF],2130.0,3723860841.0,262000.0
25834,2032-06-01,GW_storage_WY_SE_GW[AF],2111.0,3803847465.0,264111.0
25835,2032-07-01,GW_storage_WY_SE_GW[AF],2090.0,3884065220.0,266201.0
25836,2032-08-01,GW_storage_WY_SE_GW[AF],2044.0,3963910669.0,268245.0
25837,2032-09-01,GW_storage_WY_SE_GW[AF],2007.0,4042724779.0,270252.0
25838,2032-10-01,GW_storage_WY_SE_GW[AF],1987.0,4120308321.0,272239.0
25839,2032-11-01,GW_storage_WY_SE_GW[AF],1969.0,4196679403.0,274208.0
25840,2032-12-01,GW_storage_WY_SE_GW[AF],1949.0,4271822754.0,276157.0
25841,2033-01-01,GW_storage_WY_SE_GW[AF],1931.0,4345538492.0,278088.0
25842,2033-02-01,GW_storage_WY_SE_GW[AF],1913.0,4423218301.0,280001.0
25843,2033-03-01,GW_storage_WY_SE_GW[AF],1895.0,4505470297.0,281896.0
25844,2033-04-01,GW_storage_WY_SE_GW[AF],1878.0,4590681136.0,283774.0
25845,2033-05-01,GW_storage_WY_SE_GW[AF],1860.0,4675360581.0,285634.0
25846,2033-06-01,GW_storage_WY_SE_GW[AF],1842.0,4760708398.0,287476.0
25847,2033-07-01,GW_storage_WY_SE_GW[AF],1803.0,4846138178.0,289279.0
25848,2033-08-01,GW_storage_WY_SE_GW[AF],1753.0,4931118427.0,291032.0
25849,2033-09-01,GW_storage_WY_SE_GW[AF],1713.0,5014914731.0,292745.0
25850,2033-10-01,GW_storage_WY_SE_GW[AF],1696.0,5097508172.0,294441.0
25851,2033-11-01,GW_storage_WY_SE_GW[AF],1680.0,5178663669.0,296121.0
25852,2033-12-01,GW_storage_WY_SE_GW[AF],1663.0,5258443309.0,297784.0
25853,2034-01-01,GW_storage_WY_SE_GW[AF],1647.0,5339163828.0,299431.0
25854,2034-02-01,GW_storage_WY_SE_GW[AF],1633.0,5418722190.0,301064.0
25855,2034-03-01,GW_storage_WY_SE_GW[AF],1616.0,5500220744.0,302680.0
25856,2034-04-01,GW_storage_WY_SE_GW[AF],1601.0,5584032903.0,304281.0
25857,2034-05-01,GW_storage_WY_SE_GW[AF],1587.0,5676873319.0,305868.0
25858,2034-06-01,GW_storage_WY_SE_GW[AF],1573.0,5773341236.0,307441.0
25859,2034-07-01,GW_storage_WY_SE_GW[AF],1559.0,5871231225.0,309000.0
25860,2034-08-01,GW_storage_WY_SE_GW[AF],1544.0,5968392389.0,310544.0
25861,2034-09-01,GW_storage_WY_SE_GW[AF],1530.0,6064112138.0,312074.0
25862,2034-10-01,GW_storage_WY_SE_GW[AF],1517.0,6158273690.0,313591.0
25863,2034-11-01,GW_storage_WY_SE_GW[AF],1503.0,6251013792.0,315094.0
25864,2034-12-01,GW_storage_WY_SE_GW[AF],1490.0,6342469856.0,316584.0
25865,2035-01-01,GW_storage_WY_SE_GW[AF],1476.0,6432436397.0,318060.0
25866,2035-02-01,GW_storage_WY_SE_GW[AF],1464.0,6520973109.0,319524.0
25867,2035-03-01,GW_storage_WY_SE_GW[AF],1451.0,6608114132.0,320975.0
25868,2035-04-01,GW_storage_WY_SE_GW[AF],1437.0,6694040771.0,322412.0
25869,2035-05-01,GW_storage_WY_SE_GW[AF],1424.0,6778544504.0,323836.0
25870,2035-06-01,GW_storage_WY_SE_GW[AF],1412.0,6863239534.0,325248.0
25871,2035-07-01,GW_storage_WY_SE_GW[AF],1398.0,6947511289.0,326646.0
25872,2035-08-01,GW_storage_WY_SE_GW[AF],1385.0,7030376153.0,328031.0
25873,2035-09-01,GW_storage_WY_SE_GW[AF],1373.0,7112119087.0,329404.0
25874,2035-10-01,GW_storage_WY_SE_GW[AF],1361.0,7192574428.0,330765.0
25875,2035-11-01,GW_storage_WY_SE_GW[AF],1349.0,7271865334.0,332114.0
25876,2035-12-01,GW_storage_WY_SE_GW[AF],1336.0,7350179909.0,333450.0
25877,2036-01-01,GW_storage_WY_SE_GW[AF],1324.0,7427195979.0,334774.0
25878,2036-02-01,GW_storage_WY_SE_GW[AF],1313.0,7503024891.0,336087.0
25879,2036-03-01,GW_storage_WY_SE_GW[AF],1300.0,7577632108.0,337387.0
25880,2036-04-01,GW_storage_WY_SE_GW[AF],1289.0,7651185144.0,338676.0
25881,2036-05-01,GW_storage_WY_SE_GW[AF],1283.0,7724300240.0,339959.0
25882,2036-06-01,GW_storage_WY_SE_GW[AF],1272.0,7796353708.0,341231.0
25883,2036-07-01,GW_storage_WY_SE_GW[AF],1259.0,7867314948.0,342490.0
25884,2036-08-01,GW_storage_WY_SE_GW[AF],1248.0,7937241278.0,343738.0
25885,2036-09-01,GW_storage_WY_SE_GW[AF],1237.0,8006295323.0,344975.0
25886,2036-10-01,GW_storage_WY_SE_GW[AF],1226.0,8074305646.0,346201.0
25887,2036-11-01,GW_storage_WY_SE_GW[AF],1215.0,8141376577.0,347416.0
25888,2036-12-01,GW_storage_WY_SE_GW[AF],1203.0,8207644541.0,348619.0
25889,2037-01-01,GW_storage_WY_SE_GW[AF],1193.0,8273161410.0,349812.0
25890,2037-02-01,GW_storage_WY_SE_GW[AF],1182.0,8337733681.0,350994.0
25891,2037-03-01,GW_storage_WY_SE_GW[AF],1172.0,8401237350.0,352166.0
25892,2037-04-01,GW_storage_WY_SE_GW[AF],1162.0,8463716442.0,353328.0
25893,2037-05-01,GW_storage_WY_SE_GW[AF],1152.0,8525229166.0,354480.0
25894,2037-06-01,GW_storage_WY_SE_GW[AF],1141.0,8585780498.0,355621.0
25895,2037-07-01,GW_storage_WY_SE_GW[AF],1131.0,8645518277.0,356752.0
25896,2037-08-01,GW_storage_WY_SE_GW[AF],1121.0,8704580765.0,357873.0
25897,2037-09-01,GW_storage_WY_SE_GW[AF],1111.0,8763159684.0,358984.0
25898,2037-10-01,GW_storage_WY_SE_GW[AF],1100.0,8821181815.0,360084.0
25899,2037-11-01,GW_storage_WY_SE_GW[AF],1091.0,8878677095.0,361175.0
25900,2037-12-01,GW_storage_WY_SE_GW[AF],1081.0,8935618642.0,362256.0
25901,2038-01-01,GW_storage_WY_SE_GW[AF],1071.0,8991690289.0,363327.0
25902,2038-02-01,GW_storage_WY_SE_GW[AF],1062.0,9049081585.0,364389.0
25903,2038-03-01,GW_storage_WY_SE_GW[AF],1052.0,9108044798.0,365441.0
25904,2038-04-01,GW_storage_WY_SE_GW[AF],1043.0,9168794933.0,366484.0
25905,2038-05-01,GW_storage_WY_SE_GW[AF],1034.0,9229969082.0,367518.0
25906,2038-06-01,GW_storage_WY_SE_GW[AF],1024.0,9290494843.0,368542.0
25907,2038-07-01,GW_storage_WY_SE_GW[AF],1015.0,9350294408.0,369557.0
25908,2038-08-01,GW_storage_WY_SE_GW[AF],1006.0,9409318940.0,370563.0
25909,2038-09-01,GW_storage_WY_SE_GW[AF],997.0,9467673979.0,371560.0
25910,2038-10-01,GW_storage_WY_SE_GW[AF],988.0,9525253636.0,372548.0
25911,2038-11-01,GW_storage_WY_SE_GW[AF],979.0,9582098472.0,373527.0
25912,2038-12-01,GW_storage_WY_SE_GW[AF],970.0,9638248766.0,374497.0
25913,2039-01-01,GW_storage_WY_SE_GW[AF],961.0,9693650977.0,375458.0
25914,2039-02-01,GW_storage_WY_SE_GW[AF],952.0,9750458830.0,376410.0
25915,2039-03-01,GW_storage_WY_SE_GW[AF],944.0,9809156458.0,377354.0
25916,2039-04-01,GW_storage_WY_SE_GW[AF],936.0,9868559467.0,378290.0
25917,2039-05-01,GW_storage_WY_SE_GW[AF],927.0,9927385773.0,379217.0
25918,2039-06-01,GW_storage_WY_SE_GW[AF],919.0,9986965256.0,380136.0
25919,2039-07-01,GW_storage_WY_SE_GW[AF],910.0,10046475029.0,381046.0
25920,2039-08-01,GW_storage_WY_SE_GW[AF],902.0,10105238592.0,381948.0
25921,2039-09-01,GW_storage_WY_SE_GW[AF],894.0,10163363477.0,382842.0
25922,2039-10-01,GW_storage_WY_SE_GW[AF],886.0,10220781260.0,383728.0
25923,2039-11-01,GW_storage_WY_SE_GW[AF],879.0,10277373162.0,384607.0
25924,2039-12-01,GW_storage_WY_SE_GW[AF],870.0,10333185165.0,385477.0
25925,2040-01-01,GW_storage_WY_SE_GW[AF],863.0,10388289039.0,386340.0
25926,2040-02-01,GW_storage_WY_SE_GW[AF],855.0,10442633493.0,387195.0
25927,2040-03-01,GW_storage_WY_SE_GW[AF],847.0,10496196844.0,388042.0
25928,2040-04-01,GW_storage_WY_SE_GW[AF],839.0,10549040409.0,388881.0
25929,2040-05-01,GW_storage_WY_SE_GW[AF],832.0,10601395194.0,389713.0
25930,2040-06-01,GW_storage_WY_SE_GW[AF],825.0,10653107949.0,390538.0
25931,2040-07-01,GW_storage_WY_SE_GW[AF],816.0,10704171007.0,391354.0
25932,2040-08-01,GW_storage_WY_SE_GW[AF],809.0,10754605305.0,392163.0
25933,2040-09-01,GW_storage_WY_SE_GW[AF],801.0,10804445973.0,392964.0
25934,2040-10-01,GW_storage_WY_SE_GW[AF],794.0,10853648570.0,393758.0
25935,2040-11-01,GW_storage_WY_SE_GW[AF],787.0,10902484914.0,394545.0
25936,2040-12-01,GW_storage_WY_SE_GW[AF],780.0,10950730644.0,395325.0
25937,2041-01-01,GW_storage_WY_SE_GW[AF],773.0,10998281298.0,396098.0
25938,2041-02-01,GW_storage_WY_SE_GW[AF],766.0,11047818234.0,396864.0
25939,2041-03-01,GW_storage_WY_SE_GW[AF],759.0,11099139984.0,397623.0
25940,2041-04-01,GW_storage_WY_SE_GW[AF],752.0,11151170281.0,398375.0
25941,2041-05-01,GW_storage_WY_SE_GW[AF],745.0,11202540882.0,399120.0
25942,2041-06-01,GW_storage_WY_SE_GW[AF],739.0,11253584926.0,399859.0
25943,2041-07-01,GW_storage_WY_SE_GW[AF],731.0,11304087287.0,400590.0
25944,2041-08-01,GW_storage_WY_SE_GW[AF],725.0,11354085428.0,401315.0
25945,2041-09-01,GW_storage_WY_SE_GW[AF],718.0,11403615397.0,402033.0
25946,2041-10-01,GW_storage_WY_SE_GW[AF],713.0,11452671944.0,402746.0
25947,2041-11-01,GW_storage_WY_SE_GW[AF],706.0,11501212889.0,403452.0
25948,2041-12-01,GW_storage_WY_SE_GW[AF],699.0,11549056939.0,404151.0
25949,2042-01-01,GW_storage_WY_SE_GW[AF],693.0,11596204581.0,404844.0
25950,2042-02-01,GW_storage_WY_SE_GW[AF],688.0,11642935334.0,405532.0
25951,2042-03-01,GW_storage_WY_SE_GW[AF],680.0,11689092595.0,406212.0
25952,2042-04-01,GW_storage_WY_SE_GW[AF],675.0,11735022869.0,406887.0
25953,2042-05-01,GW_storage_WY_SE_GW[AF],669.0,11780876718.0,407556.0
25954,2042-06-01,GW_storage_WY_SE_GW[AF],671.0,11826092725.0,408227.0
25955,2042-07-01,GW_storage_WY_SE_GW[AF],665.0,11871546727.0,408892.0
25956,2042-08-01,GW_storage_WY_SE_GW[AF],659.0,11916431990.0,409551.0
25957,2042-09-01,GW_storage_WY_SE_GW[AF],653.0,11960791410.0,410204.0
25958,2042-10-01,GW_storage_WY_SE_GW[AF],647.0,12004660184.0,410851.0
25959,2042-11-01,GW_storage_WY_SE_GW[AF],641.0,12048130811.0,411492.0
25960,2042-12-01,GW_storage_WY_SE_GW[AF],635.0,12091062837.0,412127.0
25961,2043-01-01,GW_storage_WY_SE_GW[AF],629.0,12133444088.0,412756.0
25962,2043-02-01,GW_storage_WY_SE_GW[AF],624.0,12175363925.0,413380.0
25963,2043-03-01,GW_storage_WY_SE_GW[AF],618.0,12216725340.0,413998.0
25964,2043-04-01,GW_storage_WY_SE_GW[AF],612.0,12257666079.0,414610.0
25965,2043-05-01,GW_storage_WY_SE_GW[AF],610.0,12298078753.0,415220.0
25966,2043-06-01,GW_storage_WY_SE_GW[AF],604.0,12338040338.0,415824.0
25967,2043-07-01,GW_storage_WY_SE_GW[AF],598.0,12377535688.0,416422.0
25968,2043-08-01,GW_storage_WY_SE_GW[AF],593.0,12416568319.0,417015.0
25969,2043-09-01,GW_storage_WY_SE_GW[AF],587.0,12455234071.0,417602.0
25970,2043-10-01,GW_storage_WY_SE_GW[AF],582.0,12493493716.0,418184.0
25971,2043-11-01,GW_storage_WY_SE_GW[AF],577.0,12531340494.0,418761.0
25972,2043-12-01,GW_storage_WY_SE_GW[AF],571.0,12568703212.0,419332.0
25973,2044-01-01,GW_storage_WY_SE_GW[AF],566.0,12605614127.0,419898.0
25974,2044-02-01,GW_storage_WY_SE_GW[AF],561.0,12642100391.0,420459.0
25975,2044-03-01,GW_storage_WY_SE_GW[AF],555.0,12678094207.0,421014.0
25976,2044-04-01,GW_storage_WY_SE_GW[AF],552.0,12715489683.0,421566.0
25977,2044-05-01,GW_storage_WY_SE_GW[AF],546.0,12757376464.0,422112.0
25978,2044-06-01,GW_storage_WY_SE_GW[AF],547.0,12798680033.0,422659.0
25979,2044-07-01,GW_storage_WY_SE_GW[AF],542.0,12840178366.0,423201.0
25980,2044-08-01,GW_storage_WY_SE_GW[AF],537.0,12881238666.0,423738.0
25981,2044-09-01,GW_storage_WY_SE_GW[AF],533.0,12921922929.0,424271.0
25982,2044-10-01,GW_storage_WY_SE_GW[AF],528.0,12962137170.0,424799.0
25983,2044-11-01,GW_storage_WY_SE_GW[AF],523.0,13001917872.0,425322.0
25984,2044-12-01,GW_storage_WY_SE_GW[AF],518.0,13041192913.0,425840.0
25985,2045-01-01,GW_storage_WY_SE_GW[AF],513.0,13079996277.0,426353.0
25986,2045-02-01,GW_storage_WY_SE_GW[AF],509.0,13119222084.0,426862.0
25987,2045-03-01,GW_storage_WY_SE_GW[AF],505.0,13158364150.0,427367.0
25988,2045-04-01,GW_storage_WY_SE_GW[AF],500.0,13198157185.0,427867.0
25989,2045-05-01,GW_storage_WY_SE_GW[AF],495.0,13237869018.0,428362.0
25990,2045-06-01,GW_storage_WY_SE_GW[AF],491.0,13278774379.0,428853.0
25991,2045-07-01,GW_storage_WY_SE_GW[AF],487.0,13324244062.0,429340.0
25992,2045-08-01,GW_storage_WY_SE_GW[AF],483.0,13372386542.0,429823.0
25993,2045-09-01,GW_storage_WY_SE_GW[AF],478.0,13419876881.0,430301.0
25994,2045-10-01,GW_storage_WY_SE_GW[AF],474.0,13466818785.0,430775.0
25995,2045-11-01,GW_storage_WY_SE_GW[AF],470.0,13513160105.0,431245.0
25996,2045-12-01,GW_storage_WY_SE_GW[AF],466.0,13560745919.0,431711.0
25997,2046-01-01,GW_storage_WY_SE_GW[AF],462.0,13615290772.0,432173.0
25998,2046-02-01,GW_storage_WY_SE_GW[AF],457.0,13677811710.0,432630.0
25999,2046-03-01,GW_storage_WY_SE_GW[AF],454.0,13748607831.0,433084.0
26000,2046-04-01,GW_storage_WY_SE_GW[AF],449.0,13826873589.0,433533.0
26001,2046-05-01,GW_storage_WY_SE_GW[AF],445.0,13907944967.0,433978.0
26002,2046-06-01,GW_storage_WY_SE_GW[AF],441.0,13989979852.0,434419.0
26003,2046-07-01,GW_storage_WY_SE_GW[AF],437.0,14071604903.0,434856.0
26004,2046-08-01,GW_storage_WY_SE_GW[AF],433.0,14152131683.0,435289.0
26005,2046-09-01,GW_storage_WY_SE_GW[AF],429.0,14231617714.0,435718.0
26006,2046-10-01,GW_storage_WY_SE_GW[AF],425.0,14310005025.0,436143.0
26007,2046-11-01,GW_storage_WY_SE_GW[AF],422.0,14387273527.0,436565.0
26008,2046-12-01,GW_storage_WY_SE_GW[AF],417.0,14463437376.0,436982.0
26009,2047-01-01,GW_storage_WY_SE_GW[AF],414.0,14538457981.0,437396.0
26010,2047-02-01,GW_storage_WY_SE_GW[AF],411.0,14612508014.0,437807.0
26011,2047-03-01,GW_storage_WY_SE_GW[AF],407.0,14685452283.0,438214.0
26012,2047-04-01,GW_storage_WY_SE_GW[AF],403.0,14764472816.0,438617.0
26013,2047-05-01,GW_storage_WY_SE_GW[AF],399.0,14860897341.0,439016.0
26014,2047-06-01,GW_storage_WY_SE_GW[AF],395.0,14972506362.0,439411.0
26015,2047-07-01,GW_storage_WY_SE_GW[AF],392.0,15088231692.0,439803.0
26016,2047-08-01,GW_storage_WY_SE_GW[AF],388.0,15203332934.0,440191.0
26017,2047-09-01,GW_storage_WY_SE_GW[AF],386.0,15317492289.0,440577.0
26018,2047-10-01,GW_storage_WY_SE_GW[AF],382.0,15430042333.0,440959.0
26019,2047-11-01,GW_storage_WY_SE_GW[AF],378.0,15542831934.0,441337.0
26020,2047-12-01,GW_storage_WY_SE_GW[AF],374.0,15653870877.0,441711.0
26021,2048-01-01,GW_storage_WY_SE_GW[AF],371.0,15763169397.0,442082.0
26022,2048-02-01,GW_storage_WY_SE_GW[AF],368.0,15872138297.0,442450.0
26023,2048-03-01,GW_storage_WY_SE_GW[AF],364.0,15987897138.0,442814.0
26024,2048-04-01,GW_storage_WY_SE_GW[AF],361.0,16106751114.0,443175.0
26025,2048-05-01,GW_storage_WY_SE_GW[AF],359.0,16226738594.0,443534.0
26026,2048-06-01,GW_storage_WY_SE_GW[AF],355.0,16346930466.0,443889.0
26027,2048-07-01,GW_storage_WY_SE_GW[AF],351.0,16466203172.0,444240.0
26028,2048-08-01,GW_storage_WY_SE_GW[AF],348.0,16583670765.0,444588.0
26029,2048-09-01,GW_storage_WY_SE_GW[AF],345.0,16699553017.0,444933.0
26030,2048-10-01,GW_storage_WY_SE_GW[AF],342.0,16813788962.0,445275.0
26031,2048-11-01,GW_storage_WY_SE_GW[AF],338.0,16926416472.0,445613.0
26032,2048-12-01,GW_storage_WY_SE_GW[AF],336.0,17038918116.0,445949.0
26033,2049-01-01,GW_storage_WY_SE_GW[AF],332.0,17150214903.0,446281.0
26034,2049-02-01,GW_storage_WY_SE_GW[AF],329.0,17259849423.0,446610.0
26035,2049-03-01,GW_storage_WY_SE_GW[AF],326.0,17374140295.0,446936.0
26036,2049-04-01,GW_storage_WY_SE_GW[AF],323.0,17496980626.0,447259.0
26037,2049-05-01,GW_storage_WY_SE_GW[AF],321.0,17623520262.0,447580.0
26038,2049-06-01,GW_storage_WY_SE_GW[AF],318.0,17749882278.0,447898.0
26039,2049-07-01,GW_storage_WY_SE_GW[AF],315.0,17875311834.0,448213.0
26040,2049-08-01,GW_storage_WY_SE_GW[AF],312.0,17998950915.0,448525.0
26041,2049-09-01,GW_storage_WY_SE_GW[AF],310.0,18120987592.0,448835.0
26042,2049-10-01,GW_storage_WY_SE_GW[AF],307.0,18241422265.0,449142.0
26043,2049-11-01,GW_storage_WY_SE_GW[AF],305.0,18360102830.0,449447.0
26044,2049-12-01,GW_storage_WY_SE_GW[AF],301.0,18476910369.0,449748.0
26045,2050-01-01,GW_storage_WY_SE_GW[AF],299.0,18591916831.0,450047.0
26046,2050-02-01,GW_storage_WY_SE_GW[AF],296.0,18705272956.0,450343.0
26047,2050-03-01,GW_storage_WY_SE_GW[AF],293.0,18821028859.0,450636.0
26048,2050-04-01,GW_storage_WY_SE_GW[AF],292.0,18940506995.0,450928.0
26049,2050-05-01,GW_storage_WY_SE_GW[AF],289.0,19059600483.0,451217.0
26050,2050-06-01,GW_storage_WY_SE_GW[AF],286.0,19178428021.0,451503.0
26051,2050-07-01,GW_storage_WY_SE_GW[AF],282.0,19296435077.0,451785.0
26052,2050-08-01,GW_storage_WY_SE_GW[AF],280.0,19412834260.0,452065.0
26053,2050-09-01,GW_storage_WY_SE_GW[AF],277.0,19527808893.0,452342.0
26054,2050-10-01,GW_storage_WY_SE_GW[AF],275.0,19641173895.0,452617.0
26055,2050-11-01,GW_storage_WY_SE_GW[AF],273.0,19752769080.0,452890.0
26056,2050-12-01,GW_storage_WY_SE_GW[AF],270.0,19862611454.0,453160.0
26057,2051-01-01,GW_storage_WY_SE_GW[AF],267.0,19970764786.0,453427.0
26058,2051-02-01,GW_storage_WY_SE_GW[AF],265.0,20077395432.0,453692.0
26059,2051-03-01,GW_storage_WY_SE_GW[AF],262.0,20182370827.0,453954.0
26060,2051-04-01,GW_storage_WY_SE_GW[AF],260.0,20291580463.0,454214.0
26061,2051-05-01,GW_storage_WY_SE_GW[AF],257.0,20400038326.0,454471.0
26062,2051-06-01,GW_storage_WY_SE_GW[AF],255.0,20508257786.0,454726.0
26063,2051-07-01,GW_storage_WY_SE_GW[AF],253.0,20615875318.0,454979.0
26064,2051-08-01,GW_storage_WY_SE_GW[AF],250.0,20722198437.0,455229.0
26065,2051-09-01,GW_storage_WY_SE_GW[AF],248.0,20827038775.0,455477.0
26066,2051-10-01,GW_storage_WY_SE_GW[AF],246.0,20930437548.0,455723.0
26067,2051-11-01,GW_storage_WY_SE_GW[AF],243.0,21032468769.0,455966.0
26068,2051-12-01,GW_storage_WY_SE_GW[AF],242.0,21133705710.0,456208.0
26069,2052-01-01,GW_storage_WY_SE_GW[AF],239.0,21233433839.0,456447.0
26070,2052-02-01,GW_storage_WY_SE_GW[AF],237.0,21331717041.0,456684.0
26071,2052-03-01,GW_storage_WY_SE_GW[AF],235.0,21429607427.0,456919.0
26072,2052-04-01,GW_storage_WY_SE_GW[AF],233.0,21527851494.0,457152.0
26073,2052-05-01,GW_storage_WY_SE_GW[AF],230.0,21624977785.0,457382.0
26074,2052-06-01,GW_storage_WY_SE_GW[AF],229.0,21720857498.0,457611.0
26075,2052-07-01,GW_storage_WY_SE_GW[AF],226.0,21815421513.0,457837.0
26076,2052-08-01,GW_storage_WY_SE_GW[AF],223.0,21908765850.0,458060.0
26077,2052-09-01,GW_storage_WY_SE_GW[AF],221.0,22001026854.0,458281.0
26078,2052-10-01,GW_storage_WY_SE_GW[AF],219.0,22092179195.0,458500.0
26079,2052-11-01,GW_storage_WY_SE_GW[AF],217.0,22182158688.0,458717.0
26080,2052-12-01,GW_storage_WY_SE_GW[AF],215.0,22270990851.0,458932.0
26081,2053-01-01,GW_storage_WY_SE_GW[AF],214.0,22358572318.0,459146.0
26082,2053-02-01,GW_storage_WY_SE_GW[AF],212.0,22445234888.0,459358.0
26083,2053-03-01,GW_storage_WY_SE_GW[AF],209.0,22531338210.0,459567.0
26084,2053-04-01,GW_storage_WY_SE_GW[AF],208.0,22618197854.0,459775.0
26085,2053-05-01,GW_storage_WY_SE_GW[AF],206.0,22705000235.0,459981.0
26086,2053-06-01,GW_storage_WY_SE_GW[AF],204.0,22792005107.0,460185.0
26087,2053-07-01,GW_storage_WY_SE_GW[AF],201.0,22878611714.0,460386.0
26088,2053-08-01,GW_storage_WY_SE_GW[AF],198.0,22964123789.0,460584.0
26089,2053-09-01,GW_storage_WY_SE_GW[AF],197.0,23048536524.0,460781.0
26090,2053-10-01,GW_storage_WY_SE_GW[AF],195.0,23131866519.0,460976.0
26091,2053-11-01,GW_storage_WY_SE_GW[AF],193.0,23214276747.0,461169.0
26092,2053-12-01,GW_storage_WY_SE_GW[AF],192.0,23295578937.0,461361.0
26093,2054-01-01,GW_storage_WY_SE_GW[AF],189.0,23375761806.0,461550.0
26094,2054-02-01,GW_storage_WY_SE_GW[AF],188.0,23454991045.0,461738.0
26095,2054-03-01,GW_storage_WY_SE_GW[AF],186.0,23533194281.0,461924.0
26096,2054-04-01,GW_storage_WY_SE_GW[AF],182.0,23610840643.0,462106.0
26097,2054-05-01,GW_storage_WY_SE_GW[AF],180.0,23687968757.0,462286.0
26098,2054-06-01,GW_storage_WY_SE_GW[AF],180.0,23764134532.0,462466.0
26099,2054-07-01,GW_storage_WY_SE_GW[AF],177.0,23839346953.0,462643.0
26100,2054-08-01,GW_storage_WY_SE_GW[AF],175.0,23913680649.0,462818.0
26101,2054-09-01,GW_storage_WY_SE_GW[AF],174.0,23987275722.0,462992.0
26102,2054-10-01,GW_storage_WY_SE_GW[AF],172.0,24060063673.0,463164.0
26103,2054-11-01,GW_storage_WY_SE_GW[AF],171.0,24132040073.0,463335.0
26104,2054-12-01,GW_storage_WY_SE_GW[AF],169.0,24203075252.0,463504.0
26105,2055-01-01,GW_storage_WY_SE_GW[AF],168.0,24273232069.0,463672.0
26106,2055-02-01,GW_storage_WY_SE_GW[AF],166.0,24346983422.0,463838.0
26107,2055-03-01,GW_storage_WY_SE_GW[AF],165.0,24429418525.0,464003.0
26108,2055-04-01,GW_storage_WY_SE_GW[AF],163.0,24519974284.0,464166.0
26109,2055-05-01,GW_storage_WY_SE_GW[AF],162.0,24612887460.0,464328.0
26110,2055-06-01,GW_storage_WY_SE_GW[AF],160.0,24705731755.0,464488.0
26111,2055-07-01,GW_storage_WY_SE_GW[AF],159.0,24797561549.0,464647.0
26112,2055-08-01,GW_storage_WY_SE_GW[AF],157.0,24888417864.0,464804.0
26113,2055-09-01,GW_storage_WY_SE_GW[AF],156.0,24978247446.0,464960.0
26114,2055-10-01,GW_storage_WY_SE_GW[AF],155.0,25067037402.0,465115.0
26115,2055-11-01,GW_storage_WY_SE_GW[AF],154.0,25154620871.0,465269.0
26116,2055-12-01,GW_storage_WY_SE_GW[AF],152.0,25240958786.0,465421.0
26117,2056-01-01,GW_storage_WY_SE_GW[AF],151.0,25326085001.0,465572.0
26118,2056-02-01,GW_storage_WY_SE_GW[AF],149.0,25410115783.0,465721.0
26119,2056-03-01,GW_storage_WY_SE_GW[AF],148.0,25493046199.0,465869.0
26120,2056-04-01,GW_storage_WY_SE_GW[AF],147.0,25579867650.0,466016.0
26121,2056-05-01,GW_storage_WY_SE_GW[AF],146.0,25665994452.0,466162.0
26122,2056-06-01,GW_storage_WY_SE_GW[AF],144.0,25751014051.0,466306.0
26123,2056-07-01,GW_storage_WY_SE_GW[AF],143.0,25834999057.0,466449.0
26124,2056-08-01,GW_storage_WY_SE_GW[AF],142.0,25918012980.0,466591.0
26125,2056-09-01,GW_storage_WY_SE_GW[AF],140.0,26000006720.0,466731.0
26126,2056-10-01,GW_storage_WY_SE_GW[AF],139.0,26080893812.0,466870.0
26127,2056-11-01,GW_storage_WY_SE_GW[AF],138.0,26160908259.0,467008.0
26128,2056-12-01,GW_storage_WY_SE_GW[AF],136.0,26240212456.0,467144.0
26129,2057-01-01,GW_storage_WY_SE_GW[AF],135.0,26318587848.0,467279.0
26130,2057-02-01,GW_storage_WY_SE_GW[AF],134.0,26395985372.0,467413.0
26131,2057-03-01,GW_storage_WY_SE_GW[AF],133.0,26472734266.0,467546.0
26132,2057-04-01,GW_storage_WY_SE_GW[AF],131.0,26556295278.0,467677.0
26133,2057-05-01,GW_storage_WY_SE_GW[AF],130.0,26638790503.0,467807.0
26134,2057-06-01,GW_storage_WY_SE_GW[AF],129.0,26720263696.0,467936.0
26135,2057-07-01,GW_storage_WY_SE_GW[AF],128.0,26800720453.0,468064.0
26136,2057-08-01,GW_storage_WY_SE_GW[AF],127.0,26880212595.0,468191.0
26137,2057-09-01,GW_storage_WY_SE_GW[AF],126.0,26958875022.0,468317.0
26138,2057-10-01,GW_storage_WY_SE_GW[AF],124.0,27036568588.0,468441.0
26139,2057-11-01,GW_storage_WY_SE_GW[AF],123.0,27113396201.0,468564.0
26140,2057-12-01,GW_storage_WY_SE_GW[AF],122.0,27189264327.0,468686.0
26141,2058-01-01,GW_storage_WY_SE_GW[AF],121.0,27264124633.0,468807.0
26142,2058-02-01,GW_storage_WY_SE_GW[AF],121.0,27348265847.0,468928.0
26143,2058-03-01,GW_storage_WY_SE_GW[AF],119.0,27440889382.0,469047.0
26144,2058-04-01,GW_storage_WY_SE_GW[AF],118.0,27539133274.0,469165.0
26145,2058-05-01,GW_storage_WY_SE_GW[AF],117.0,27639449314.0,469282.0
26146,2058-06-01,GW_storage_WY_SE_GW[AF],116.0,27738779306.0,469398.0
26147,2058-07-01,GW_storage_WY_SE_GW[AF],115.0,27837531793.0,469513.0
26148,2058-08-01,GW_storage_WY_SE_GW[AF],114.0,27935280444.0,469627.0
26149,2058-09-01,GW_storage_WY_SE_GW[AF],113.0,28031862865.0,469740.0
26150,2058-10-01,GW_storage_WY_SE_GW[AF],112.0,28127260463.0,469852.0
26151,2058-11-01,GW_storage_WY_SE_GW[AF],111.0,28221366217.0,469963.0
26152,2058-12-01,GW_storage_WY_SE_GW[AF],110.0,28314157055.0,470073.0
26153,2059-01-01,GW_storage_WY_SE_GW[AF],109.0,28405540773.0,470182.0
26154,2059-02-01,GW_storage_WY_SE_GW[AF],108.0,28502067677.0,470290.0
26155,2059-03-01,GW_storage_WY_SE_GW[AF],107.0,28605457246.0,470397.0
26156,2059-04-01,GW_storage_WY_SE_GW[AF],106.0,28717814838.0,470503.0
26157,2059-05-01,GW_storage_WY_SE_GW[AF],105.0,28830913147.0,470608.0
26158,2059-06-01,GW_storage_WY_SE_GW[AF],105.0,28943770190.0,470713.0
26159,2059-07-01,GW_storage_WY_SE_GW[AF],104.0,29055182582.0,470817.0
26160,2059-08-01,GW_storage_WY_SE_GW[AF],103.0,29165160032.0,470920.0
26161,2059-09-01,GW_storage_WY_SE_GW[AF],102.0,29273920291.0,471022.0
26162,2059-10-01,GW_storage_WY_SE_GW[AF],101.0,29381402010.0,471123.0
26163,2059-11-01,GW_storage_WY_SE_GW[AF],101.0,29487451547.0,471224.0
26164,2059-12-01,GW_storage_WY_SE_GW[AF],99.0,29592083281.0,471323.0
26165,2060-01-01,GW_storage_WY_SE_GW[AF],98.0,29695071869.0,471421.0
26166,2060-02-01,GW_storage_WY_SE_GW[AF],98.0,29797999369.0,471519.0
26167,2060-03-01,GW_storage_WY_SE_GW[AF],96.0,29907235449.0,471615.0
26168,2060-04-01,GW_storage_WY_SE_GW[AF],96.0,30022282651.0,471711.0
26169,2060-05-01,GW_storage_WY_SE_GW[AF],96.0,30138204137.0,471807.0
26170,2060-06-01,GW_storage_WY_SE_GW[AF],95.0,30253989194.0,471902.0
26171,2060-07-01,GW_storage_WY_SE_GW[AF],94.0,30369445165.0,471996.0
26172,2060-08-01,GW_storage_WY_SE_GW[AF],92.0,30483354195.0,472088.0
26173,2060-09-01,GW_storage_WY_SE_GW[AF],92.0,30595912136.0,472180.0
26174,2060-10-01,GW_storage_WY_SE_GW[AF],90.0,30707058453.0,472270.0
26175,2060-11-01,GW_storage_WY_SE_GW[AF],90.0,30816686913.0,472360.0
26176,2060-12-01,GW_storage_WY_SE_GW[AF],89.0,30924630927.0,472449.0
26177,2061-01-01,GW_storage_WY_SE_GW[AF],89.0,31038058188.0,472538.0
26178,2061-02-01,GW_storage_WY_SE_GW[AF],87.0,31163247262.0,472625.0
26179,2061-03-01,GW_storage_WY_SE_GW[AF],87.0,31301926464.0,472712.0
26180,2061-04-01,GW_storage_WY_SE_GW[AF],86.0,31460043743.0,472798.0
26181,2061-05-01,GW_storage_WY_SE_GW[AF],85.0,31621719240.0,472883.0
26182,2061-06-01,GW_storage_WY_SE_GW[AF],84.0,31781944019.0,472967.0
26183,2061-07-01,GW_storage_WY_SE_GW[AF],84.0,31940594248.0,473051.0
26184,2061-08-01,GW_storage_WY_SE_GW[AF],83.0,32097666692.0,473134.0
26185,2061-09-01,GW_storage_WY_SE_GW[AF],83.0,32253244922.0,473217.0
26186,2061-10-01,GW_storage_WY_SE_GW[AF],82.0,32407132898.0,473299.0
26187,2061-11-01,GW_storage_WY_SE_GW[AF],81.0,32559108380.0,473380.0
26188,2061-12-01,GW_storage_WY_SE_GW[AF],80.0,32709321481.0,473460.0
26189,2062-01-01,GW_storage_WY_SE_GW[AF],80.0,32858735378.0,473540.0
26190,2062-02-01,GW_storage_WY_SE_GW[AF],79.0,33022044851.0,473619.0
26191,2062-03-01,GW_storage_WY_SE_GW[AF],78.0,33198837130.0,473697.0
26192,2062-04-01,GW_storage_WY_SE_GW[AF],77.0,33390837210.0,473774.0
26193,2062-05-01,GW_storage_WY_SE_GW[AF],77.0,33584259641.0,473851.0
26194,2062-06-01,GW_storage_WY_SE_GW[AF],76.0,33776858517.0,473927.0
26195,2062-07-01,GW_storage_WY_SE_GW[AF],75.0,33967635736.0,474002.0
26196,2062-08-01,GW_storage_WY_SE_GW[AF],74.0,34156855847.0,474076.0
26197,2062-09-01,GW_storage_WY_SE_GW[AF],73.0,34344548104.0,474149.0
26198,2062-10-01,GW_storage_WY_SE_GW[AF],73.0,34530332137.0,474222.0
26199,2062-11-01,GW_storage_WY_SE_GW[AF],73.0,34714073091.0,474295.0
26200,2062-12-01,GW_storage_WY_SE_GW[AF],71.0,34895778448.0,474366.0
26201,2063-01-01,GW_storage_WY_SE_GW[AF],71.0,35079072230.0,474437.0
26202,2063-02-01,GW_storage_WY_SE_GW[AF],71.0,35269350335.0,474508.0
26203,2063-03-01,GW_storage_WY_SE_GW[AF],70.0,35470064786.0,474578.0
26204,2063-04-01,GW_storage_WY_SE_GW[AF],69.0,35683040547.0,474647.0
26205,2063-05-01,GW_storage_WY_SE_GW[AF],68.0,35907121073.0,474715.0
26206,2063-06-01,GW_storage_WY_SE_GW[AF],68.0,36134854310.0,474783.0
26207,2063-07-01,GW_storage_WY_SE_GW[AF],68.0,36361472567.0,474851.0
26208,2063-08-01,GW_storage_WY_SE_GW[AF],66.0,36586142514.0,474917.0
26209,2063-09-01,GW_storage_WY_SE_GW[AF],66.0,36808934029.0,474983.0
26210,2063-10-01,GW_storage_WY_SE_GW[AF],66.0,37029507927.0,475049.0
26211,2063-11-01,GW_storage_WY_SE_GW[AF],65.0,37248012309.0,475114.0
26212,2063-12-01,GW_storage_WY_SE_GW[AF],64.0,37465671472.0,475178.0
26213,2064-01-01,GW_storage_WY_SE_GW[AF],64.0,37694815963.0,475242.0
26214,2064-02-01,GW_storage_WY_SE_GW[AF],63.0,37945097639.0,475305.0
26215,2064-03-01,GW_storage_WY_SE_GW[AF],62.0,38213638934.0,475367.0
26216,2064-04-01,GW_storage_WY_SE_GW[AF],62.0,38493367090.0,475429.0
26217,2064-05-01,GW_storage_WY_SE_GW[AF],61.0,38776738105.0,475490.0
26218,2064-06-01,GW_storage_WY_SE_GW[AF],61.0,39060661713.0,475551.0
26219,2064-07-01,GW_storage_WY_SE_GW[AF],60.0,39341932866.0,475611.0
26220,2064-08-01,GW_storage_WY_SE_GW[AF],59.0,39620711220.0,475670.0
26221,2064-09-01,GW_storage_WY_SE_GW[AF],58.0,39897002798.0,475728.0
26222,2064-10-01,GW_storage_WY_SE_GW[AF],57.0,40170736712.0,475785.0
26223,2064-11-01,GW_storage_WY_SE_GW[AF],57.0,40442044957.0,475842.0
26224,2064-12-01,GW_storage_WY_SE_GW[AF],57.0,40711834451.0,475899.0
26225,2065-01-01,GW_storage_WY_SE_GW[AF],56.0,40982757097.0,475955.0
26226,2065-02-01,GW_storage_WY_SE_GW[AF],55.0,41255716076.0,476010.0
26227,2065-03-01,GW_storage_WY_SE_GW[AF],55.0,41533378347.0,476065.0
26228,2065-04-01,GW_storage_WY_SE_GW[AF],54.0,41819419395.0,476119.0
26229,2065-05-01,GW_storage_WY_SE_GW[AF],54.0,42107659636.0,476173.0
26230,2065-06-01,GW_storage_WY_SE_GW[AF],53.0,42393392346.0,476226.0
26231,2065-07-01,GW_storage_WY_SE_GW[AF],52.0,42678359041.0,476278.0
26232,2065-08-01,GW_storage_WY_SE_GW[AF],51.0,42960938762.0,476329.0
26233,2065-09-01,GW_storage_WY_SE_GW[AF],52.0,43241061639.0,476381.0
26234,2065-10-01,GW_storage_WY_SE_GW[AF],51.0,43518553408.0,476432.0
26235,2065-11-01,GW_storage_WY_SE_GW[AF],51.0,43793351378.0,476483.0
26236,2065-12-01,GW_storage_WY_SE_GW[AF],50.0,44065325818.0,476533.0
26237,2066-01-01,GW_storage_WY_SE_GW[AF],50.0,44334625115.0,476583.0
26238,2066-02-01,GW_storage_WY_SE_GW[AF],49.0,44601575728.0,476632.0
26239,2066-03-01,GW_storage_WY_SE_GW[AF],48.0,44865977654.0,476680.0
26240,2066-04-01,GW_storage_WY_SE_GW[AF],48.0,45130939542.0,476728.0
26241,2066-05-01,GW_storage_WY_SE_GW[AF],48.0,45393925169.0,476776.0
26242,2066-06-01,GW_storage_WY_SE_GW[AF],47.0,45654573916.0,476823.0
26243,2066-07-01,GW_storage_WY_SE_GW[AF],47.0,45912927675.0,476870.0
26244,2066-08-01,GW_storage_WY_SE_GW[AF],46.0,46169111465.0,476916.0
26245,2066-09-01,GW_storage_WY_SE_GW[AF],46.0,46423600426.0,476962.0
26246,2066-10-01,GW_storage_WY_SE_GW[AF],46.0,46676263355.0,477008.0
26247,2066-11-01,GW_storage_WY_SE_GW[AF],46.0,46927228863.0,477054.0
26248,2066-12-01,GW_storage_WY_SE_GW[AF],44.0,47176198480.0,477098.0
26249,2067-01-01,GW_storage_WY_SE_GW[AF],45.0,47422896821.0,477143.0
26250,2067-02-01,GW_storage_WY_SE_GW[AF],44.0,47667661431.0,477187.0
26251,2067-03-01,GW_storage_WY_SE_GW[AF],44.0,47910308464.0,477231.0
26252,2067-04-01,GW_storage_WY_SE_GW[AF],43.0,48151085524.0,477274.0
26253,2067-05-01,GW_storage_WY_SE_GW[AF],43.0,48389950965.0,477317.0
26254,2067-06-01,GW_storage_WY_SE_GW[AF],42.0,48627002221.0,477359.0
26255,2067-07-01,GW_storage_WY_SE_GW[AF],42.0,48862124917.0,477401.0
26256,2067-08-01,GW_storage_WY_SE_GW[AF],41.0,49095321876.0,477442.0
26257,2067-09-01,GW_storage_WY_SE_GW[AF],42.0,49326841519.0,477484.0
26258,2067-10-01,GW_storage_WY_SE_GW[AF],41.0,49556552267.0,477525.0
26259,2067-11-01,GW_storage_WY_SE_GW[AF],40.0,49784868208.0,477565.0
26260,2067-12-01,GW_storage_WY_SE_GW[AF],41.0,50011545293.0,477606.0
26261,2068-01-01,GW_storage_WY_SE_GW[AF],40.0,50238331069.0,477646.0
26262,2068-02-01,GW_storage_WY_SE_GW[AF],39.0,50478937732.0,477685.0
26263,2068-03-01,GW_storage_WY_SE_GW[AF],39.0,50739381265.0,477724.0
26264,2068-04-01,GW_storage_WY_SE_GW[AF],39.0,51011294375.0,477763.0
26265,2068-05-01,GW_storage_WY_SE_GW[AF],39.0,51290774772.0,477802.0
26266,2068-06-01,GW_storage_WY_SE_GW[AF],38.0,51571539123.0,477840.0
26267,2068-07-01,GW_storage_WY_SE_GW[AF],38.0,51851333229.0,477878.0
26268,2068-08-01,GW_storage_WY_SE_GW[AF],37.0,52129191774.0,477915.0
26269,2068-09-01,GW_storage_WY_SE_GW[AF],37.0,52405096290.0,477952.0
26270,2068-10-01,GW_storage_WY_SE_GW[AF],37.0,52678907664.0,477989.0
26271,2068-11-01,GW_storage_WY_SE_GW[AF],37.0,52950483517.0,478026.0
26272,2068-12-01,GW_storage_WY_SE_GW[AF],36.0,53219819895.0,478062.0
26273,2069-01-01,GW_storage_WY_SE_GW[AF],35.0,53487155316.0,478097.0
26274,2069-02-01,GW_storage_WY_SE_GW[AF],35.0,53760870931.0,478132.0
26275,2069-03-01,GW_storage_WY_SE_GW[AF],35.0,54039428849.0,478167.0
26276,2069-04-01,GW_storage_WY_SE_GW[AF],35.0,54324092180.0,478202.0
26277,2069-05-01,GW_storage_WY_SE_GW[AF],34.0,54609436481.0,478236.0
26278,2069-06-01,GW_storage_WY_SE_GW[AF],34.0,54894337917.0,478270.0
26279,2069-07-01,GW_storage_WY_SE_GW[AF],34.0,55177218144.0,478304.0
26280,2069-08-01,GW_storage_WY_SE_GW[AF],34.0,55458179949.0,478338.0
26281,2069-09-01,GW_storage_WY_SE_GW[AF],33.0,55737226700.0,478371.0
26282,2069-10-01,GW_storage_WY_SE_GW[AF],33.0,56014313112.0,478404.0
26283,2069-11-01,GW_storage_WY_SE_GW[AF],33.0,56289244905.0,478437.0
26284,2069-12-01,GW_storage_WY_SE_GW[AF],32.0,56561948550.0,478469.0
26285,2070-01-01,GW_storage_WY_SE_GW[AF],32.0,56832455571.0,478501.0
26286,2070-02-01,GW_storage_WY_SE_GW[AF],32.0,57101031869.0,478533.0
26287,2070-03-01,GW_storage_WY_SE_GW[AF],31.0,57367456127.0,478564.0
26288,2070-04-01,GW_storage_WY_SE_GW[AF],31.0,57631884127.0,478595.0
26289,2070-05-01,GW_storage_WY_SE_GW[AF],31.0,57894580730.0,478626.0
26290,2070-06-01,GW_storage_WY_SE_GW[AF],30.0,58156625113.0,478656.0
26291,2070-07-01,GW_storage_WY_SE_GW[AF],30.0,58417720429.0,478686.0
26292,2070-08-01,GW_storage_WY_SE_GW[AF],30.0,58677125935.0,478716.0
26293,2070-09-01,GW_storage_WY_SE_GW[AF],30.0,58935122487.0,478746.0
26294,2070-10-01,GW_storage_WY_SE_GW[AF],29.0,59191573450.0,478775.0
26295,2070-11-01,GW_storage_WY_SE_GW[AF],29.0,59446278042.0,478804.0
26296,2070-12-01,GW_storage_WY_SE_GW[AF],29.0,59699129256.0,478833.0
26297,2025-07-01,GW_storage_WY_SW_GW[AF],-27.0,59233291.0,-27.0
26298,2025-08-01,GW_storage_WY_SW_GW[AF],57864.0,60752330.0,57837.0
26299,2025-09-01,GW_storage_WY_SW_GW[AF],57455.0,63291561.0,115292.0
26300,2025-10-01,GW_storage_WY_SW_GW[AF],56968.0,66117192.0,172260.0
26301,2025-11-01,GW_storage_WY_SW_GW[AF],56499.0,69169207.0,228759.0
26302,2025-12-01,GW_storage_WY_SW_GW[AF],56016.0,72377661.0,284775.0
26303,2026-01-01,GW_storage_WY_SW_GW[AF],55537.0,75644729.0,340312.0
26304,2026-02-01,GW_storage_WY_SW_GW[AF],55108.0,83025589.0,395420.0
26305,2026-03-01,GW_storage_WY_SW_GW[AF],54637.0,93674924.0,450057.0
26306,2026-04-01,GW_storage_WY_SW_GW[AF],54184.0,112497734.0,504241.0
26307,2026-05-01,GW_storage_WY_SW_GW[AF],53720.0,136460613.0,557961.0
26308,2026-06-01,GW_storage_WY_SW_GW[AF],53273.0,160180041.0,611234.0
26309,2026-07-01,GW_storage_WY_SW_GW[AF],52810.0,184580314.0,664044.0
26310,2026-08-01,GW_storage_WY_SW_GW[AF],52352.0,208538131.0,716396.0
26311,2026-09-01,GW_storage_WY_SW_GW[AF],51913.0,232132273.0,768309.0
26312,2026-10-01,GW_storage_WY_SW_GW[AF],51462.0,255250646.0,819771.0
26313,2026-11-01,GW_storage_WY_SW_GW[AF],51030.0,277908394.0,870801.0
26314,2026-12-01,GW_storage_WY_SW_GW[AF],50587.0,300103214.0,921388.0
26315,2027-01-01,GW_storage_WY_SW_GW[AF],50148.0,321847786.0,971536.0
26316,2027-02-01,GW_storage_WY_SW_GW[AF],49755.0,343199646.0,1021291.0
26317,2027-03-01,GW_storage_WY_SW_GW[AF],49323.0,369620421.0,1070614.0
26318,2027-04-01,GW_storage_WY_SW_GW[AF],48909.0,409179141.0,1119523.0
26319,2027-05-01,GW_storage_WY_SW_GW[AF],48484.0,455970259.0,1168007.0
26320,2027-06-01,GW_storage_WY_SW_GW[AF],48077.0,506103237.0,1216084.0
26321,2027-07-01,GW_storage_WY_SW_GW[AF],47659.0,558027240.0,1263743.0
26322,2027-08-01,GW_storage_WY_SW_GW[AF],47246.0,610747556.0,1310989.0
26323,2027-09-01,GW_storage_WY_SW_GW[AF],46850.0,662576568.0,1357839.0
26324,2027-10-01,GW_storage_WY_SW_GW[AF],46443.0,713531026.0,1404282.0
26325,2027-11-01,GW_storage_WY_SW_GW[AF],46052.0,763602436.0,1450334.0
26326,2027-12-01,GW_storage_WY_SW_GW[AF],45652.0,812846873.0,1495986.0
26327,2028-01-01,GW_storage_WY_SW_GW[AF],45257.0,861121911.0,1541243.0
26328,2028-02-01,GW_storage_WY_SW_GW[AF],44889.0,908650771.0,1586132.0
26329,2028-03-01,GW_storage_WY_SW_GW[AF],44499.0,959000163.0,1630631.0
26330,2028-04-01,GW_storage_WY_SW_GW[AF],44125.0,1012039411.0,1674756.0
26331,2028-05-01,GW_storage_WY_SW_GW[AF],43743.0,1068060916.0,1718499.0
26332,2028-06-01,GW_storage_WY_SW_GW[AF],43375.0,1125203670.0,1761874.0
26333,2028-07-01,GW_storage_WY_SW_GW[AF],42998.0,1183903968.0,1804872.0
26334,2028-08-01,GW_storage_WY_SW_GW[AF],42733.0,1241633200.0,1847605.0
26335,2028-09-01,GW_storage_WY_SW_GW[AF],42374.0,1298536546.0,1889979.0
26336,2028-10-01,GW_storage_WY_SW_GW[AF],42006.0,1354465802.0,1931985.0
26337,2028-11-01,GW_storage_WY_SW_GW[AF],41653.0,1409406877.0,1973638.0
26338,2028-12-01,GW_storage_WY_SW_GW[AF],41291.0,1463330743.0,2014929.0
26339,2029-01-01,GW_storage_WY_SW_GW[AF],40933.0,1516331973.0,2055862.0
26340,2029-02-01,GW_storage_WY_SW_GW[AF],40613.0,1568436361.0,2096475.0
26341,2029-03-01,GW_storage_WY_SW_GW[AF],40260.0,1622957905.0,2136735.0
26342,2029-04-01,GW_storage_WY_SW_GW[AF],39921.0,1679352962.0,2176656.0
26343,2029-05-01,GW_storage_WY_SW_GW[AF],39575.0,1742904338.0,2216231.0
26344,2029-06-01,GW_storage_WY_SW_GW[AF],39242.0,1807169538.0,2255473.0
26345,2029-07-01,GW_storage_WY_SW_GW[AF],38901.0,1872474684.0,2294374.0
26346,2029-08-01,GW_storage_WY_SW_GW[AF],38660.0,1936569687.0,2333034.0
26347,2029-09-01,GW_storage_WY_SW_GW[AF],38335.0,1999536921.0,2371369.0
26348,2029-10-01,GW_storage_WY_SW_GW[AF],38003.0,2061251234.0,2409372.0
26349,2029-11-01,GW_storage_WY_SW_GW[AF],37684.0,2121792309.0,2447056.0
26350,2029-12-01,GW_storage_WY_SW_GW[AF],37357.0,2181276298.0,2484413.0
26351,2030-01-01,GW_storage_WY_SW_GW[AF],37033.0,2239598911.0,2521446.0
26352,2030-02-01,GW_storage_WY_SW_GW[AF],36741.0,2296908282.0,2558187.0
26353,2030-03-01,GW_storage_WY_SW_GW[AF],36423.0,2353273149.0,2594610.0
26354,2030-04-01,GW_storage_WY_SW_GW[AF],36117.0,2408813513.0,2630727.0
26355,2030-05-01,GW_storage_WY_SW_GW[AF],35804.0,2463288321.0,2666531.0
26356,2030-06-01,GW_storage_WY_SW_GW[AF],35503.0,2519189259.0,2702034.0
26357,2030-07-01,GW_storage_WY_SW_GW[AF],35195.0,2574987711.0,2737229.0
26358,2030-08-01,GW_storage_WY_SW_GW[AF],34976.0,2629845780.0,2772205.0
26359,2030-09-01,GW_storage_WY_SW_GW[AF],34683.0,2683731630.0,2806888.0
26360,2030-10-01,GW_storage_WY_SW_GW[AF],34381.0,2736573135.0,2841269.0
26361,2030-11-01,GW_storage_WY_SW_GW[AF],34093.0,2788437015.0,2875362.0
26362,2030-12-01,GW_storage_WY_SW_GW[AF],33797.0,2839371858.0,2909159.0
26363,2031-01-01,GW_storage_WY_SW_GW[AF],33503.0,2889285425.0,2942662.0
26364,2031-02-01,GW_storage_WY_SW_GW[AF],33241.0,2938331300.0,2975903.0
26365,2031-03-01,GW_storage_WY_SW_GW[AF],32952.0,2986403207.0,3008855.0
26366,2031-04-01,GW_storage_WY_SW_GW[AF],32675.0,3034117058.0,3041530.0
26367,2031-05-01,GW_storage_WY_SW_GW[AF],32391.0,3081639947.0,3073921.0
26368,2031-06-01,GW_storage_WY_SW_GW[AF],32124.0,3128466639.0,3106045.0
26369,2031-07-01,GW_storage_WY_SW_GW[AF],31844.0,3175256040.0,3137889.0
26370,2031-08-01,GW_storage_WY_SW_GW[AF],31568.0,3221201089.0,3169457.0
26371,2031-09-01,GW_storage_WY_SW_GW[AF],31303.0,3266538806.0,3200760.0
26372,2031-10-01,GW_storage_WY_SW_GW[AF],31031.0,3311005126.0,3231791.0
26373,2031-11-01,GW_storage_WY_SW_GW[AF],30770.0,3354843436.0,3262561.0
26374,2031-12-01,GW_storage_WY_SW_GW[AF],30503.0,3397917039.0,3293064.0
26375,2032-01-01,GW_storage_WY_SW_GW[AF],30239.0,3440765830.0,3323303.0
26376,2032-02-01,GW_storage_WY_SW_GW[AF],29993.0,3500332884.0,3353296.0
26377,2032-03-01,GW_storage_WY_SW_GW[AF],29733.0,3570397039.0,3383029.0
26378,2032-04-01,GW_storage_WY_SW_GW[AF],29483.0,3645988541.0,3412512.0
26379,2032-05-01,GW_storage_WY_SW_GW[AF],29227.0,3723860841.0,3441739.0
26380,2032-06-01,GW_storage_WY_SW_GW[AF],28982.0,3803847465.0,3470721.0
26381,2032-07-01,GW_storage_WY_SW_GW[AF],28731.0,3884065220.0,3499452.0
26382,2032-08-01,GW_storage_WY_SW_GW[AF],28481.0,3963910669.0,3527933.0
26383,2032-09-01,GW_storage_WY_SW_GW[AF],28241.0,4042724779.0,3556174.0
26384,2032-10-01,GW_storage_WY_SW_GW[AF],27997.0,4120308321.0,3584171.0
26385,2032-11-01,GW_storage_WY_SW_GW[AF],27762.0,4196679403.0,3611933.0
26386,2032-12-01,GW_storage_WY_SW_GW[AF],27520.0,4271822754.0,3639453.0
26387,2033-01-01,GW_storage_WY_SW_GW[AF],27281.0,4345538492.0,3666734.0
26388,2033-02-01,GW_storage_WY_SW_GW[AF],27068.0,4423218301.0,3693802.0
26389,2033-03-01,GW_storage_WY_SW_GW[AF],26833.0,4505470297.0,3720635.0
26390,2033-04-01,GW_storage_WY_SW_GW[AF],26607.0,4590681136.0,3747242.0
26391,2033-05-01,GW_storage_WY_SW_GW[AF],26376.0,4675360581.0,3773618.0
26392,2033-06-01,GW_storage_WY_SW_GW[AF],26155.0,4760708398.0,3799773.0
26393,2033-07-01,GW_storage_WY_SW_GW[AF],25928.0,4846138178.0,3825701.0
26394,2033-08-01,GW_storage_WY_SW_GW[AF],25768.0,4931118427.0,3851469.0
26395,2033-09-01,GW_storage_WY_SW_GW[AF],25551.0,5014914731.0,3877020.0
26396,2033-10-01,GW_storage_WY_SW_GW[AF],25329.0,5097508172.0,3902349.0
26397,2033-11-01,GW_storage_WY_SW_GW[AF],25116.0,5178663669.0,3927465.0
26398,2033-12-01,GW_storage_WY_SW_GW[AF],24898.0,5258443309.0,3952363.0
26399,2034-01-01,GW_storage_WY_SW_GW[AF],24682.0,5339163828.0,3977045.0
26400,2034-02-01,GW_storage_WY_SW_GW[AF],24489.0,5418722190.0,4001534.0
26401,2034-03-01,GW_storage_WY_SW_GW[AF],24277.0,5500220744.0,4025811.0
26402,2034-04-01,GW_storage_WY_SW_GW[AF],24071.0,5584032903.0,4049882.0
26403,2034-05-01,GW_storage_WY_SW_GW[AF],23862.0,5676873319.0,4073744.0
26404,2034-06-01,GW_storage_WY_SW_GW[AF],23662.0,5773341236.0,4097406.0
26405,2034-07-01,GW_storage_WY_SW_GW[AF],23456.0,5871231225.0,4120862.0
26406,2034-08-01,GW_storage_WY_SW_GW[AF],23252.0,5968392389.0,4144114.0
26407,2034-09-01,GW_storage_WY_SW_GW[AF],23057.0,6064112138.0,4167171.0
26408,2034-10-01,GW_storage_WY_SW_GW[AF],22857.0,6158273690.0,4190028.0
26409,2034-11-01,GW_storage_WY_SW_GW[AF],22665.0,6251013792.0,4212693.0
26410,2034-12-01,GW_storage_WY_SW_GW[AF],22468.0,6342469856.0,4235161.0
26411,2035-01-01,GW_storage_WY_SW_GW[AF],22273.0,6432436397.0,4257434.0
26412,2035-02-01,GW_storage_WY_SW_GW[AF],22099.0,6520973109.0,4279533.0
26413,2035-03-01,GW_storage_WY_SW_GW[AF],21906.0,6608114132.0,4301439.0
26414,2035-04-01,GW_storage_WY_SW_GW[AF],21723.0,6694040771.0,4323162.0
26415,2035-05-01,GW_storage_WY_SW_GW[AF],21534.0,6778544504.0,4344696.0
26416,2035-06-01,GW_storage_WY_SW_GW[AF],21354.0,6863239534.0,4366050.0
26417,2035-07-01,GW_storage_WY_SW_GW[AF],21168.0,6947511289.0,4387218.0
26418,2035-08-01,GW_storage_WY_SW_GW[AF],20984.0,7030376153.0,4408202.0
26419,2035-09-01,GW_storage_WY_SW_GW[AF],20807.0,7112119087.0,4429009.0
26420,2035-10-01,GW_storage_WY_SW_GW[AF],20627.0,7192574428.0,4449636.0
26421,2035-11-01,GW_storage_WY_SW_GW[AF],20454.0,7271865334.0,4470090.0
26422,2035-12-01,GW_storage_WY_SW_GW[AF],20276.0,7350179909.0,4490366.0
26423,2036-01-01,GW_storage_WY_SW_GW[AF],20100.0,7427195979.0,4510466.0
26424,2036-02-01,GW_storage_WY_SW_GW[AF],19937.0,7503024891.0,4530403.0
26425,2036-03-01,GW_storage_WY_SW_GW[AF],19764.0,7577632108.0,4550167.0
26426,2036-04-01,GW_storage_WY_SW_GW[AF],19598.0,7651185144.0,4569765.0
26427,2036-05-01,GW_storage_WY_SW_GW[AF],19428.0,7724300240.0,4589193.0
26428,2036-06-01,GW_storage_WY_SW_GW[AF],19312.0,7796353708.0,4608505.0
26429,2036-07-01,GW_storage_WY_SW_GW[AF],19192.0,7867314948.0,4627697.0
26430,2036-08-01,GW_storage_WY_SW_GW[AF],19075.0,7937241278.0,4646772.0
26431,2036-09-01,GW_storage_WY_SW_GW[AF],18915.0,8006295323.0,4665687.0
26432,2036-10-01,GW_storage_WY_SW_GW[AF],18750.0,8074305646.0,4684437.0
26433,2036-11-01,GW_storage_WY_SW_GW[AF],18593.0,8141376577.0,4703030.0
26434,2036-12-01,GW_storage_WY_SW_GW[AF],18431.0,8207644541.0,4721461.0
26435,2037-01-01,GW_storage_WY_SW_GW[AF],18272.0,8273161410.0,4739733.0
26436,2037-02-01,GW_storage_WY_SW_GW[AF],18128.0,8337733681.0,4757861.0
26437,2037-03-01,GW_storage_WY_SW_GW[AF],17971.0,8401237350.0,4775832.0
26438,2037-04-01,GW_storage_WY_SW_GW[AF],17819.0,8463716442.0,4793651.0
26439,2037-05-01,GW_storage_WY_SW_GW[AF],17665.0,8525229166.0,4811316.0
26440,2037-06-01,GW_storage_WY_SW_GW[AF],17517.0,8585780498.0,4828833.0
26441,2037-07-01,GW_storage_WY_SW_GW[AF],17365.0,8645518277.0,4846198.0
26442,2037-08-01,GW_storage_WY_SW_GW[AF],17257.0,8704580765.0,4863455.0
26443,2037-09-01,GW_storage_WY_SW_GW[AF],17112.0,8763159684.0,4880567.0
26444,2037-10-01,GW_storage_WY_SW_GW[AF],16964.0,8821181815.0,4897531.0
26445,2037-11-01,GW_storage_WY_SW_GW[AF],16821.0,8878677095.0,4914352.0
26446,2037-12-01,GW_storage_WY_SW_GW[AF],16675.0,8935618642.0,4931027.0
26447,2038-01-01,GW_storage_WY_SW_GW[AF],16530.0,8991690289.0,4947557.0
26448,2038-02-01,GW_storage_WY_SW_GW[AF],16400.0,9049081585.0,4963957.0
26449,2038-03-01,GW_storage_WY_SW_GW[AF],16259.0,9108044798.0,4980216.0
26450,2038-04-01,GW_storage_WY_SW_GW[AF],16122.0,9168794933.0,4996338.0
26451,2038-05-01,GW_storage_WY_SW_GW[AF],15982.0,9229969082.0,5012320.0
26452,2038-06-01,GW_storage_WY_SW_GW[AF],15848.0,9290494843.0,5028168.0
26453,2038-07-01,GW_storage_WY_SW_GW[AF],15710.0,9350294408.0,5043878.0
26454,2038-08-01,GW_storage_WY_SW_GW[AF],15574.0,9409318940.0,5059452.0
26455,2038-09-01,GW_storage_WY_SW_GW[AF],15443.0,9467673979.0,5074895.0
26456,2038-10-01,GW_storage_WY_SW_GW[AF],15309.0,9525253636.0,5090204.0
26457,2038-11-01,GW_storage_WY_SW_GW[AF],15180.0,9582098472.0,5105384.0
26458,2038-12-01,GW_storage_WY_SW_GW[AF],15048.0,9638248766.0,5120432.0
26459,2039-01-01,GW_storage_WY_SW_GW[AF],14918.0,9693650977.0,5135350.0
26460,2039-02-01,GW_storage_WY_SW_GW[AF],14801.0,9750458830.0,5150151.0
26461,2039-03-01,GW_storage_WY_SW_GW[AF],14673.0,9809156458.0,5164824.0
26462,2039-04-01,GW_storage_WY_SW_GW[AF],14549.0,9868559467.0,5179373.0
26463,2039-05-01,GW_storage_WY_SW_GW[AF],14423.0,9927385773.0,5193796.0
26464,2039-06-01,GW_storage_WY_SW_GW[AF],14302.0,9986965256.0,5208098.0
26465,2039-07-01,GW_storage_WY_SW_GW[AF],14178.0,10046475029.0,5222276.0
26466,2039-08-01,GW_storage_WY_SW_GW[AF],14089.0,10105238592.0,5236365.0
26467,2039-09-01,GW_storage_WY_SW_GW[AF],13971.0,10163363477.0,5250336.0
26468,2039-10-01,GW_storage_WY_SW_GW[AF],13850.0,10220781260.0,5264186.0
26469,2039-11-01,GW_storage_WY_SW_GW[AF],13734.0,10277373162.0,5277920.0
26470,2039-12-01,GW_storage_WY_SW_GW[AF],13614.0,10333185165.0,5291534.0
26471,2040-01-01,GW_storage_WY_SW_GW[AF],13497.0,10388289039.0,5305031.0
26472,2040-02-01,GW_storage_WY_SW_GW[AF],13386.0,10442633493.0,5318417.0
26473,2040-03-01,GW_storage_WY_SW_GW[AF],13271.0,10496196844.0,5331688.0
26474,2040-04-01,GW_storage_WY_SW_GW[AF],13159.0,10549040409.0,5344847.0
26475,2040-05-01,GW_storage_WY_SW_GW[AF],13045.0,10601395194.0,5357892.0
26476,2040-06-01,GW_storage_WY_SW_GW[AF],12942.0,10653107949.0,5370834.0
26477,2040-07-01,GW_storage_WY_SW_GW[AF],12830.0,10704171007.0,5383664.0
26478,2040-08-01,GW_storage_WY_SW_GW[AF],12751.0,10754605305.0,5396415.0
26479,2040-09-01,GW_storage_WY_SW_GW[AF],12644.0,10804445973.0,5409059.0
26480,2040-10-01,GW_storage_WY_SW_GW[AF],12534.0,10853648570.0,5421593.0
26481,2040-11-01,GW_storage_WY_SW_GW[AF],12428.0,10902484914.0,5434021.0
26482,2040-12-01,GW_storage_WY_SW_GW[AF],12320.0,10950730644.0,5446341.0
26483,2041-01-01,GW_storage_WY_SW_GW[AF],12213.0,10998281298.0,5458554.0
26484,2041-02-01,GW_storage_WY_SW_GW[AF],12118.0,11047818234.0,5470672.0
26485,2041-03-01,GW_storage_WY_SW_GW[AF],12013.0,11099139984.0,5482685.0
26486,2041-04-01,GW_storage_WY_SW_GW[AF],11912.0,11151170281.0,5494597.0
26487,2041-05-01,GW_storage_WY_SW_GW[AF],11809.0,11202540882.0,5506406.0
26488,2041-06-01,GW_storage_WY_SW_GW[AF],11709.0,11253584926.0,5518115.0
26489,2041-07-01,GW_storage_WY_SW_GW[AF],11637.0,11304087287.0,5529752.0
26490,2041-08-01,GW_storage_WY_SW_GW[AF],11535.0,11354085428.0,5541287.0
26491,2041-09-01,GW_storage_WY_SW_GW[AF],11439.0,11403615397.0,5552726.0
26492,2041-10-01,GW_storage_WY_SW_GW[AF],11340.0,11452671944.0,5564066.0
26493,2041-11-01,GW_storage_WY_SW_GW[AF],11245.0,11501212889.0,5575311.0
26494,2041-12-01,GW_storage_WY_SW_GW[AF],11146.0,11549056939.0,5586457.0
26495,2042-01-01,GW_storage_WY_SW_GW[AF],11050.0,11596204581.0,5597507.0
26496,2042-02-01,GW_storage_WY_SW_GW[AF],10963.0,11642935334.0,5608470.0
26497,2042-03-01,GW_storage_WY_SW_GW[AF],10868.0,11689092595.0,5619338.0
26498,2042-04-01,GW_storage_WY_SW_GW[AF],10777.0,11735022869.0,5630115.0
26499,2042-05-01,GW_storage_WY_SW_GW[AF],10683.0,11780876718.0,5640798.0
26500,2042-06-01,GW_storage_WY_SW_GW[AF],10592.0,11826092725.0,5651390.0
26501,2042-07-01,GW_storage_WY_SW_GW[AF],10500.0,11871546727.0,5661890.0
26502,2042-08-01,GW_storage_WY_SW_GW[AF],10436.0,11916431990.0,5672326.0
26503,2042-09-01,GW_storage_WY_SW_GW[AF],10348.0,11960791410.0,5682674.0
26504,2042-10-01,GW_storage_WY_SW_GW[AF],10257.0,12004660184.0,5692931.0
26505,2042-11-01,GW_storage_WY_SW_GW[AF],10172.0,12048130811.0,5703103.0
26506,2042-12-01,GW_storage_WY_SW_GW[AF],10083.0,12091062837.0,5713186.0
26507,2043-01-01,GW_storage_WY_SW_GW[AF],9996.0,12133444088.0,5723182.0
26508,2043-02-01,GW_storage_WY_SW_GW[AF],9918.0,12175363925.0,5733100.0
26509,2043-03-01,GW_storage_WY_SW_GW[AF],9831.0,12216725340.0,5742931.0
26510,2043-04-01,GW_storage_WY_SW_GW[AF],9749.0,12257666079.0,5752680.0
26511,2043-05-01,GW_storage_WY_SW_GW[AF],9664.0,12298078753.0,5762344.0
26512,2043-06-01,GW_storage_WY_SW_GW[AF],9583.0,12338040338.0,5771927.0
26513,2043-07-01,GW_storage_WY_SW_GW[AF],9524.0,12377535688.0,5781451.0
26514,2043-08-01,GW_storage_WY_SW_GW[AF],9465.0,12416568319.0,5790916.0
26515,2043-09-01,GW_storage_WY_SW_GW[AF],9386.0,12455234071.0,5800302.0
26516,2043-10-01,GW_storage_WY_SW_GW[AF],9304.0,12493493716.0,5809606.0
26517,2043-11-01,GW_storage_WY_SW_GW[AF],9226.0,12531340494.0,5818832.0
26518,2043-12-01,GW_storage_WY_SW_GW[AF],9146.0,12568703212.0,5827978.0
26519,2044-01-01,GW_storage_WY_SW_GW[AF],9066.0,12605614127.0,5837044.0
26520,2044-02-01,GW_storage_WY_SW_GW[AF],8992.0,12642100391.0,5846036.0
26521,2044-03-01,GW_storage_WY_SW_GW[AF],8914.0,12678094207.0,5854950.0
26522,2044-04-01,GW_storage_WY_SW_GW[AF],8840.0,12715489683.0,5863790.0
26523,2044-05-01,GW_storage_WY_SW_GW[AF],8763.0,12757376464.0,5872553.0
26524,2044-06-01,GW_storage_WY_SW_GW[AF],8690.0,12798680033.0,5881243.0
26525,2044-07-01,GW_storage_WY_SW_GW[AF],8614.0,12840178366.0,5889857.0
26526,2044-08-01,GW_storage_WY_SW_GW[AF],8540.0,12881238666.0,5898397.0
26527,2044-09-01,GW_storage_WY_SW_GW[AF],8468.0,12921922929.0,5906865.0
26528,2044-10-01,GW_storage_WY_SW_GW[AF],8395.0,12962137170.0,5915260.0
26529,2044-11-01,GW_storage_WY_SW_GW[AF],8324.0,13001917872.0,5923584.0
26530,2044-12-01,GW_storage_WY_SW_GW[AF],8252.0,13041192913.0,5931836.0
26531,2045-01-01,GW_storage_WY_SW_GW[AF],8180.0,13079996277.0,5940016.0
26532,2045-02-01,GW_storage_WY_SW_GW[AF],8117.0,13119222084.0,5948133.0
26533,2045-03-01,GW_storage_WY_SW_GW[AF],8046.0,13158364150.0,5956179.0
26534,2045-04-01,GW_storage_WY_SW_GW[AF],7979.0,13198157185.0,5964158.0
26535,2045-05-01,GW_storage_WY_SW_GW[AF],7909.0,13237869018.0,5972067.0
26536,2045-06-01,GW_storage_WY_SW_GW[AF],7842.0,13278774379.0,5979909.0
26537,2045-07-01,GW_storage_WY_SW_GW[AF],7774.0,13324244062.0,5987683.0
26538,2045-08-01,GW_storage_WY_SW_GW[AF],7727.0,13372386542.0,5995410.0
26539,2045-09-01,GW_storage_WY_SW_GW[AF],7662.0,13419876881.0,6003072.0
26540,2045-10-01,GW_storage_WY_SW_GW[AF],7595.0,13466818785.0,6010667.0
26541,2045-11-01,GW_storage_WY_SW_GW[AF],7531.0,13513160105.0,6018198.0
26542,2045-12-01,GW_storage_WY_SW_GW[AF],7467.0,13560745919.0,6025665.0
26543,2046-01-01,GW_storage_WY_SW_GW[AF],7401.0,13615290772.0,6033066.0
26544,2046-02-01,GW_storage_WY_SW_GW[AF],7343.0,13677811710.0,6040409.0
26545,2046-03-01,GW_storage_WY_SW_GW[AF],7279.0,13748607831.0,6047688.0
26546,2046-04-01,GW_storage_WY_SW_GW[AF],7219.0,13826873589.0,6054907.0
26547,2046-05-01,GW_storage_WY_SW_GW[AF],7156.0,13907944967.0,6062063.0
26548,2046-06-01,GW_storage_WY_SW_GW[AF],7095.0,13989979852.0,6069158.0
26549,2046-07-01,GW_storage_WY_SW_GW[AF],7033.0,14071604903.0,6076191.0
26550,2046-08-01,GW_storage_WY_SW_GW[AF],6990.0,14152131683.0,6083181.0
26551,2046-09-01,GW_storage_WY_SW_GW[AF],6932.0,14231617714.0,6090113.0
26552,2046-10-01,GW_storage_WY_SW_GW[AF],6872.0,14310005025.0,6096985.0
26553,2046-11-01,GW_storage_WY_SW_GW[AF],6814.0,14387273527.0,6103799.0
26554,2046-12-01,GW_storage_WY_SW_GW[AF],6754.0,14463437376.0,6110553.0
26555,2047-01-01,GW_storage_WY_SW_GW[AF],6696.0,14538457981.0,6117249.0
26556,2047-02-01,GW_storage_WY_SW_GW[AF],6643.0,14612508014.0,6123892.0
26557,2047-03-01,GW_storage_WY_SW_GW[AF],6586.0,14685452283.0,6130478.0
26558,2047-04-01,GW_storage_WY_SW_GW[AF],6531.0,14764472816.0,6137009.0
26559,2047-05-01,GW_storage_WY_SW_GW[AF],6474.0,14860897341.0,6143483.0
26560,2047-06-01,GW_storage_WY_SW_GW[AF],6419.0,14972506362.0,6149902.0
26561,2047-07-01,GW_storage_WY_SW_GW[AF],6364.0,15088231692.0,6156266.0
26562,2047-08-01,GW_storage_WY_SW_GW[AF],6308.0,15203332934.0,6162574.0
26563,2047-09-01,GW_storage_WY_SW_GW[AF],6255.0,15317492289.0,6168829.0
26564,2047-10-01,GW_storage_WY_SW_GW[AF],6201.0,15430042333.0,6175030.0
26565,2047-11-01,GW_storage_WY_SW_GW[AF],6149.0,15542831934.0,6181179.0
26566,2047-12-01,GW_storage_WY_SW_GW[AF],6096.0,15653870877.0,6187275.0
26567,2048-01-01,GW_storage_WY_SW_GW[AF],6043.0,15763169397.0,6193318.0
26568,2048-02-01,GW_storage_WY_SW_GW[AF],5994.0,15872138297.0,6199312.0
26569,2048-03-01,GW_storage_WY_SW_GW[AF],5942.0,15987897138.0,6205254.0
26570,2048-04-01,GW_storage_WY_SW_GW[AF],5893.0,16106751114.0,6211147.0
26571,2048-05-01,GW_storage_WY_SW_GW[AF],5841.0,16226738594.0,6216988.0
26572,2048-06-01,GW_storage_WY_SW_GW[AF],5791.0,16346930466.0,6222779.0
26573,2048-07-01,GW_storage_WY_SW_GW[AF],5742.0,16466203172.0,6228521.0
26574,2048-08-01,GW_storage_WY_SW_GW[AF],5706.0,16583670765.0,6234227.0
26575,2048-09-01,GW_storage_WY_SW_GW[AF],5657.0,16699553017.0,6239884.0
26576,2048-10-01,GW_storage_WY_SW_GW[AF],5609.0,16813788962.0,6245493.0
26577,2048-11-01,GW_storage_WY_SW_GW[AF],5561.0,16926416472.0,6251054.0
26578,2048-12-01,GW_storage_WY_SW_GW[AF],5513.0,17038918116.0,6256567.0
26579,2049-01-01,GW_storage_WY_SW_GW[AF],5465.0,17150214903.0,6262032.0
26580,2049-02-01,GW_storage_WY_SW_GW[AF],5422.0,17259849423.0,6267454.0
26581,2049-03-01,GW_storage_WY_SW_GW[AF],5376.0,17374140295.0,6272830.0
26582,2049-04-01,GW_storage_WY_SW_GW[AF],5330.0,17496980626.0,6278160.0
26583,2049-05-01,GW_storage_WY_SW_GW[AF],5283.0,17623520262.0,6283443.0
26584,2049-06-01,GW_storage_WY_SW_GW[AF],5240.0,17749882278.0,6288683.0
26585,2049-07-01,GW_storage_WY_SW_GW[AF],5194.0,17875311834.0,6293877.0
26586,2049-08-01,GW_storage_WY_SW_GW[AF],5162.0,17998950915.0,6299039.0
26587,2049-09-01,GW_storage_WY_SW_GW[AF],5119.0,18120987592.0,6304158.0
26588,2049-10-01,GW_storage_WY_SW_GW[AF],5074.0,18241422265.0,6309232.0
26589,2049-11-01,GW_storage_WY_SW_GW[AF],5032.0,18360102830.0,6314264.0
26590,2049-12-01,GW_storage_WY_SW_GW[AF],4987.0,18476910369.0,6319251.0
26591,2050-01-01,GW_storage_WY_SW_GW[AF],4944.0,18591916831.0,6324195.0
26592,2050-02-01,GW_storage_WY_SW_GW[AF],4905.0,18705272956.0,6329100.0
26593,2050-03-01,GW_storage_WY_SW_GW[AF],4863.0,18821028859.0,6333963.0
26594,2050-04-01,GW_storage_WY_SW_GW[AF],4823.0,18940506995.0,6338786.0
26595,2050-05-01,GW_storage_WY_SW_GW[AF],4781.0,19059600483.0,6343567.0
26596,2050-06-01,GW_storage_WY_SW_GW[AF],4740.0,19178428021.0,6348307.0
26597,2050-07-01,GW_storage_WY_SW_GW[AF],4710.0,19296435077.0,6353017.0
26598,2050-08-01,GW_storage_WY_SW_GW[AF],4681.0,19412834260.0,6357698.0
26599,2050-09-01,GW_storage_WY_SW_GW[AF],4642.0,19527808893.0,6362340.0
26600,2050-10-01,GW_storage_WY_SW_GW[AF],4601.0,19641173895.0,6366941.0
26601,2050-11-01,GW_storage_WY_SW_GW[AF],4562.0,19752769080.0,6371503.0
26602,2050-12-01,GW_storage_WY_SW_GW[AF],4523.0,19862611454.0,6376026.0
26603,2051-01-01,GW_storage_WY_SW_GW[AF],4484.0,19970764786.0,6380510.0
26604,2051-02-01,GW_storage_WY_SW_GW[AF],4449.0,20077395432.0,6384959.0
26605,2051-03-01,GW_storage_WY_SW_GW[AF],4410.0,20182370827.0,6389369.0
26606,2051-04-01,GW_storage_WY_SW_GW[AF],4373.0,20291580463.0,6393742.0
26607,2051-05-01,GW_storage_WY_SW_GW[AF],4335.0,20400038326.0,6398077.0
26608,2051-06-01,GW_storage_WY_SW_GW[AF],4299.0,20508257786.0,6402376.0
26609,2051-07-01,GW_storage_WY_SW_GW[AF],4261.0,20615875318.0,6406637.0
26610,2051-08-01,GW_storage_WY_SW_GW[AF],4224.0,20722198437.0,6410861.0
26611,2051-09-01,GW_storage_WY_SW_GW[AF],4189.0,20827038775.0,6415050.0
26612,2051-10-01,GW_storage_WY_SW_GW[AF],4152.0,20930437548.0,6419202.0
26613,2051-11-01,GW_storage_WY_SW_GW[AF],4117.0,21032468769.0,6423319.0
26614,2051-12-01,GW_storage_WY_SW_GW[AF],4081.0,21133705710.0,6427400.0
26615,2052-01-01,GW_storage_WY_SW_GW[AF],4046.0,21233433839.0,6431446.0
26616,2052-02-01,GW_storage_WY_SW_GW[AF],4013.0,21331717041.0,6435459.0
26617,2052-03-01,GW_storage_WY_SW_GW[AF],3978.0,21429607427.0,6439437.0
26618,2052-04-01,GW_storage_WY_SW_GW[AF],3945.0,21527851494.0,6443382.0
26619,2052-05-01,GW_storage_WY_SW_GW[AF],3910.0,21624977785.0,6447292.0
26620,2052-06-01,GW_storage_WY_SW_GW[AF],3877.0,21720857498.0,6451169.0
26621,2052-07-01,GW_storage_WY_SW_GW[AF],3843.0,21815421513.0,6455012.0
26622,2052-08-01,GW_storage_WY_SW_GW[AF],3819.0,21908765850.0,6458831.0
26623,2052-09-01,GW_storage_WY_SW_GW[AF],3787.0,22001026854.0,6462618.0
26624,2052-10-01,GW_storage_WY_SW_GW[AF],3754.0,22092179195.0,6466372.0
26625,2052-11-01,GW_storage_WY_SW_GW[AF],3722.0,22182158688.0,6470094.0
26626,2052-12-01,GW_storage_WY_SW_GW[AF],3690.0,22270990851.0,6473784.0
26627,2053-01-01,GW_storage_WY_SW_GW[AF],3658.0,22358572318.0,6477442.0
26628,2053-02-01,GW_storage_WY_SW_GW[AF],3629.0,22445234888.0,6481071.0
26629,2053-03-01,GW_storage_WY_SW_GW[AF],3598.0,22531338210.0,6484669.0
26630,2053-04-01,GW_storage_WY_SW_GW[AF],3568.0,22618197854.0,6488237.0
26631,2053-05-01,GW_storage_WY_SW_GW[AF],3537.0,22705000235.0,6491774.0
26632,2053-06-01,GW_storage_WY_SW_GW[AF],3506.0,22792005107.0,6495280.0
26633,2053-07-01,GW_storage_WY_SW_GW[AF],3477.0,22878611714.0,6498757.0
26634,2053-08-01,GW_storage_WY_SW_GW[AF],3446.0,22964123789.0,6502203.0
26635,2053-09-01,GW_storage_WY_SW_GW[AF],3417.0,23048536524.0,6505620.0
26636,2053-10-01,GW_storage_WY_SW_GW[AF],3387.0,23131866519.0,6509007.0
26637,2053-11-01,GW_storage_WY_SW_GW[AF],3359.0,23214276747.0,6512366.0
26638,2053-12-01,GW_storage_WY_SW_GW[AF],3330.0,23295578937.0,6515696.0
26639,2054-01-01,GW_storage_WY_SW_GW[AF],3301.0,23375761806.0,6518997.0
26640,2054-02-01,GW_storage_WY_SW_GW[AF],3275.0,23454991045.0,6522272.0
26641,2054-03-01,GW_storage_WY_SW_GW[AF],3246.0,23533194281.0,6525518.0
26642,2054-04-01,GW_storage_WY_SW_GW[AF],3220.0,23610840643.0,6528738.0
26643,2054-05-01,GW_storage_WY_SW_GW[AF],3191.0,23687968757.0,6531929.0
26644,2054-06-01,GW_storage_WY_SW_GW[AF],3173.0,23764134532.0,6535102.0
26645,2054-07-01,GW_storage_WY_SW_GW[AF],3153.0,23839346953.0,6538255.0
26646,2054-08-01,GW_storage_WY_SW_GW[AF],3126.0,23913680649.0,6541381.0
26647,2054-09-01,GW_storage_WY_SW_GW[AF],3100.0,23987275722.0,6544481.0
26648,2054-10-01,GW_storage_WY_SW_GW[AF],3073.0,24060063673.0,6547554.0
26649,2054-11-01,GW_storage_WY_SW_GW[AF],3047.0,24132040073.0,6550601.0
26650,2054-12-01,GW_storage_WY_SW_GW[AF],3021.0,24203075252.0,6553622.0
26651,2055-01-01,GW_storage_WY_SW_GW[AF],2994.0,24273232069.0,6556616.0
26652,2055-02-01,GW_storage_WY_SW_GW[AF],2971.0,24346983422.0,6559587.0
26653,2055-03-01,GW_storage_WY_SW_GW[AF],2946.0,24429418525.0,6562533.0
26654,2055-04-01,GW_storage_WY_SW_GW[AF],2921.0,24519974284.0,6565454.0
26655,2055-05-01,GW_storage_WY_SW_GW[AF],2895.0,24612887460.0,6568349.0
26656,2055-06-01,GW_storage_WY_SW_GW[AF],2871.0,24705731755.0,6571220.0
26657,2055-07-01,GW_storage_WY_SW_GW[AF],2846.0,24797561549.0,6574066.0
26658,2055-08-01,GW_storage_WY_SW_GW[AF],2820.0,24888417864.0,6576886.0
26659,2055-09-01,GW_storage_WY_SW_GW[AF],2797.0,24978247446.0,6579683.0
26660,2055-10-01,GW_storage_WY_SW_GW[AF],2772.0,25067037402.0,6582455.0
26661,2055-11-01,GW_storage_WY_SW_GW[AF],2749.0,25154620871.0,6585204.0
26662,2055-12-01,GW_storage_WY_SW_GW[AF],2726.0,25240958786.0,6587930.0
26663,2056-01-01,GW_storage_WY_SW_GW[AF],2702.0,25326085001.0,6590632.0
26664,2056-02-01,GW_storage_WY_SW_GW[AF],2679.0,25410115783.0,6593311.0
26665,2056-03-01,GW_storage_WY_SW_GW[AF],2656.0,25493046199.0,6595967.0
26666,2056-04-01,GW_storage_WY_SW_GW[AF],2634.0,25579867650.0,6598601.0
26667,2056-05-01,GW_storage_WY_SW_GW[AF],2612.0,25665994452.0,6601213.0
26668,2056-06-01,GW_storage_WY_SW_GW[AF],2596.0,25751014051.0,6603809.0
26669,2056-07-01,GW_storage_WY_SW_GW[AF],2579.0,25834999057.0,6606388.0
26670,2056-08-01,GW_storage_WY_SW_GW[AF],2562.0,25918012980.0,6608950.0
26671,2056-09-01,GW_storage_WY_SW_GW[AF],2541.0,26000006720.0,6611491.0
26672,2056-10-01,GW_storage_WY_SW_GW[AF],2519.0,26080893812.0,6614010.0
26673,2056-11-01,GW_storage_WY_SW_GW[AF],2497.0,26160908259.0,6616507.0
26674,2056-12-01,GW_storage_WY_SW_GW[AF],2476.0,26240212456.0,6618983.0
26675,2057-01-01,GW_storage_WY_SW_GW[AF],2455.0,26318587848.0,6621438.0
26676,2057-02-01,GW_storage_WY_SW_GW[AF],2435.0,26395985372.0,6623873.0
26677,2057-03-01,GW_storage_WY_SW_GW[AF],2415.0,26472734266.0,6626288.0
26678,2057-04-01,GW_storage_WY_SW_GW[AF],2394.0,26556295278.0,6628682.0
26679,2057-05-01,GW_storage_WY_SW_GW[AF],2373.0,26638790503.0,6631055.0
26680,2057-06-01,GW_storage_WY_SW_GW[AF],2360.0,26720263696.0,6633415.0
26681,2057-07-01,GW_storage_WY_SW_GW[AF],2345.0,26800720453.0,6635760.0
26682,2057-08-01,GW_storage_WY_SW_GW[AF],2330.0,26880212595.0,6638090.0
26683,2057-09-01,GW_storage_WY_SW_GW[AF],2311.0,26958875022.0,6640401.0
26684,2057-10-01,GW_storage_WY_SW_GW[AF],2291.0,27036568588.0,6642692.0
26685,2057-11-01,GW_storage_WY_SW_GW[AF],2272.0,27113396201.0,6644964.0
26686,2057-12-01,GW_storage_WY_SW_GW[AF],2252.0,27189264327.0,6647216.0
26687,2058-01-01,GW_storage_WY_SW_GW[AF],2233.0,27264124633.0,6649449.0
26688,2058-02-01,GW_storage_WY_SW_GW[AF],2215.0,27348265847.0,6651664.0
26689,2058-03-01,GW_storage_WY_SW_GW[AF],2195.0,27440889382.0,6653859.0
26690,2058-04-01,GW_storage_WY_SW_GW[AF],2177.0,27539133274.0,6656036.0
26691,2058-05-01,GW_storage_WY_SW_GW[AF],2159.0,27639449314.0,6658195.0
26692,2058-06-01,GW_storage_WY_SW_GW[AF],2140.0,27738779306.0,6660335.0
26693,2058-07-01,GW_storage_WY_SW_GW[AF],2121.0,27837531793.0,6662456.0
26694,2058-08-01,GW_storage_WY_SW_GW[AF],2109.0,27935280444.0,6664565.0
26695,2058-09-01,GW_storage_WY_SW_GW[AF],2091.0,28031862865.0,6666656.0
26696,2058-10-01,GW_storage_WY_SW_GW[AF],2073.0,28127260463.0,6668729.0
26697,2058-11-01,GW_storage_WY_SW_GW[AF],2056.0,28221366217.0,6670785.0
26698,2058-12-01,GW_storage_WY_SW_GW[AF],2038.0,28314157055.0,6672823.0
26699,2059-01-01,GW_storage_WY_SW_GW[AF],2020.0,28405540773.0,6674843.0
26700,2059-02-01,GW_storage_WY_SW_GW[AF],2004.0,28502067677.0,6676847.0
26701,2059-03-01,GW_storage_WY_SW_GW[AF],1987.0,28605457246.0,6678834.0
26702,2059-04-01,GW_storage_WY_SW_GW[AF],1970.0,28717814838.0,6680804.0
26703,2059-05-01,GW_storage_WY_SW_GW[AF],1953.0,28830913147.0,6682757.0
26704,2059-06-01,GW_storage_WY_SW_GW[AF],1937.0,28943770190.0,6684694.0
26705,2059-07-01,GW_storage_WY_SW_GW[AF],1920.0,29055182582.0,6686614.0
26706,2059-08-01,GW_storage_WY_SW_GW[AF],1904.0,29165160032.0,6688518.0
26707,2059-09-01,GW_storage_WY_SW_GW[AF],1888.0,29273920291.0,6690406.0
26708,2059-10-01,GW_storage_WY_SW_GW[AF],1871.0,29381402010.0,6692277.0
26709,2059-11-01,GW_storage_WY_SW_GW[AF],1855.0,29487451547.0,6694132.0
26710,2059-12-01,GW_storage_WY_SW_GW[AF],1838.0,29592083281.0,6695970.0
26711,2060-01-01,GW_storage_WY_SW_GW[AF],1823.0,29695071869.0,6697793.0
26712,2060-02-01,GW_storage_WY_SW_GW[AF],1808.0,29797999369.0,6699601.0
26713,2060-03-01,GW_storage_WY_SW_GW[AF],1792.0,29907235449.0,6701393.0
26714,2060-04-01,GW_storage_WY_SW_GW[AF],1778.0,30022282651.0,6703171.0
26715,2060-05-01,GW_storage_WY_SW_GW[AF],1762.0,30138204137.0,6704933.0
26716,2060-06-01,GW_storage_WY_SW_GW[AF],1747.0,30253989194.0,6706680.0
26717,2060-07-01,GW_storage_WY_SW_GW[AF],1732.0,30369445165.0,6708412.0
26718,2060-08-01,GW_storage_WY_SW_GW[AF],1722.0,30483354195.0,6710134.0
26719,2060-09-01,GW_storage_WY_SW_GW[AF],1708.0,30595912136.0,6711842.0
26720,2060-10-01,GW_storage_WY_SW_GW[AF],1693.0,30707058453.0,6713535.0
26721,2060-11-01,GW_storage_WY_SW_GW[AF],1678.0,30816686913.0,6715213.0
26722,2060-12-01,GW_storage_WY_SW_GW[AF],1663.0,30924630927.0,6716876.0
26723,2061-01-01,GW_storage_WY_SW_GW[AF],1649.0,31038058188.0,6718525.0
26724,2061-02-01,GW_storage_WY_SW_GW[AF],1637.0,31163247262.0,6720162.0
26725,2061-03-01,GW_storage_WY_SW_GW[AF],1622.0,31301926464.0,6721784.0
26726,2061-04-01,GW_storage_WY_SW_GW[AF],1608.0,31460043743.0,6723392.0
26727,2061-05-01,GW_storage_WY_SW_GW[AF],1594.0,31621719240.0,6724986.0
26728,2061-06-01,GW_storage_WY_SW_GW[AF],1580.0,31781944019.0,6726566.0
26729,2061-07-01,GW_storage_WY_SW_GW[AF],1567.0,31940594248.0,6728133.0
26730,2061-08-01,GW_storage_WY_SW_GW[AF],1554.0,32097666692.0,6729687.0
26731,2061-09-01,GW_storage_WY_SW_GW[AF],1540.0,32253244922.0,6731227.0
26732,2061-10-01,GW_storage_WY_SW_GW[AF],1527.0,32407132898.0,6732754.0
26733,2061-11-01,GW_storage_WY_SW_GW[AF],1514.0,32559108380.0,6734268.0
26734,2061-12-01,GW_storage_WY_SW_GW[AF],1501.0,32709321481.0,6735769.0
26735,2062-01-01,GW_storage_WY_SW_GW[AF],1488.0,32858735378.0,6737257.0
26736,2062-02-01,GW_storage_WY_SW_GW[AF],1477.0,33022044851.0,6738734.0
26737,2062-03-01,GW_storage_WY_SW_GW[AF],1464.0,33198837130.0,6740198.0
26738,2062-04-01,GW_storage_WY_SW_GW[AF],1452.0,33390837210.0,6741650.0
26739,2062-05-01,GW_storage_WY_SW_GW[AF],1439.0,33584259641.0,6743089.0
26740,2062-06-01,GW_storage_WY_SW_GW[AF],1427.0,33776858517.0,6744516.0
26741,2062-07-01,GW_storage_WY_SW_GW[AF],1415.0,33967635736.0,6745931.0
26742,2062-08-01,GW_storage_WY_SW_GW[AF],1402.0,34156855847.0,6747333.0
26743,2062-09-01,GW_storage_WY_SW_GW[AF],1391.0,34344548104.0,6748724.0
26744,2062-10-01,GW_storage_WY_SW_GW[AF],1379.0,34530332137.0,6750103.0
26745,2062-11-01,GW_storage_WY_SW_GW[AF],1368.0,34714073091.0,6751471.0
26746,2062-12-01,GW_storage_WY_SW_GW[AF],1356.0,34895778448.0,6752827.0
26747,2063-01-01,GW_storage_WY_SW_GW[AF],1343.0,35079072230.0,6754170.0
26748,2063-02-01,GW_storage_WY_SW_GW[AF],1333.0,35269350335.0,6755503.0
26749,2063-03-01,GW_storage_WY_SW_GW[AF],1322.0,35470064786.0,6756825.0
26750,2063-04-01,GW_storage_WY_SW_GW[AF],1311.0,35683040547.0,6758136.0
26751,2063-05-01,GW_storage_WY_SW_GW[AF],1299.0,35907121073.0,6759435.0
26752,2063-06-01,GW_storage_WY_SW_GW[AF],1289.0,36134854310.0,6760724.0
26753,2063-07-01,GW_storage_WY_SW_GW[AF],1277.0,36361472567.0,6762001.0
26754,2063-08-01,GW_storage_WY_SW_GW[AF],1266.0,36586142514.0,6763267.0
26755,2063-09-01,GW_storage_WY_SW_GW[AF],1256.0,36808934029.0,6764523.0
26756,2063-10-01,GW_storage_WY_SW_GW[AF],1244.0,37029507927.0,6765767.0
26757,2063-11-01,GW_storage_WY_SW_GW[AF],1234.0,37248012309.0,6767001.0
26758,2063-12-01,GW_storage_WY_SW_GW[AF],1223.0,37465671472.0,6768224.0
26759,2064-01-01,GW_storage_WY_SW_GW[AF],1212.0,37694815963.0,6769436.0
26760,2064-02-01,GW_storage_WY_SW_GW[AF],1202.0,37945097639.0,6770638.0
26761,2064-03-01,GW_storage_WY_SW_GW[AF],1192.0,38213638934.0,6771830.0
26762,2064-04-01,GW_storage_WY_SW_GW[AF],1182.0,38493367090.0,6773012.0
26763,2064-05-01,GW_storage_WY_SW_GW[AF],1172.0,38776738105.0,6774184.0
26764,2064-06-01,GW_storage_WY_SW_GW[AF],1162.0,39060661713.0,6775346.0
26765,2064-07-01,GW_storage_WY_SW_GW[AF],1152.0,39341932866.0,6776498.0
26766,2064-08-01,GW_storage_WY_SW_GW[AF],1142.0,39620711220.0,6777640.0
26767,2064-09-01,GW_storage_WY_SW_GW[AF],1132.0,39897002798.0,6778772.0
26768,2064-10-01,GW_storage_WY_SW_GW[AF],1122.0,40170736712.0,6779894.0
26769,2064-11-01,GW_storage_WY_SW_GW[AF],1113.0,40442044957.0,6781007.0
26770,2064-12-01,GW_storage_WY_SW_GW[AF],1103.0,40711834451.0,6782110.0
26771,2065-01-01,GW_storage_WY_SW_GW[AF],1093.0,40982757097.0,6783203.0
26772,2065-02-01,GW_storage_WY_SW_GW[AF],1085.0,41255716076.0,6784288.0
26773,2065-03-01,GW_storage_WY_SW_GW[AF],1075.0,41533378347.0,6785363.0
26774,2065-04-01,GW_storage_WY_SW_GW[AF],1066.0,41819419395.0,6786429.0
26775,2065-05-01,GW_storage_WY_SW_GW[AF],1057.0,42107659636.0,6787486.0
26776,2065-06-01,GW_storage_WY_SW_GW[AF],1043.0,42393392346.0,6788529.0
26777,2065-07-01,GW_storage_WY_SW_GW[AF],1034.0,42678359041.0,6789563.0
26778,2065-08-01,GW_storage_WY_SW_GW[AF],1025.0,42960938762.0,6790588.0
26779,2065-09-01,GW_storage_WY_SW_GW[AF],1016.0,43241061639.0,6791604.0
26780,2065-10-01,GW_storage_WY_SW_GW[AF],1008.0,43518553408.0,6792612.0
26781,2065-11-01,GW_storage_WY_SW_GW[AF],999.0,43793351378.0,6793611.0
26782,2065-12-01,GW_storage_WY_SW_GW[AF],991.0,44065325818.0,6794602.0
26783,2066-01-01,GW_storage_WY_SW_GW[AF],982.0,44334625115.0,6795584.0
26784,2066-02-01,GW_storage_WY_SW_GW[AF],975.0,44601575728.0,6796559.0
26785,2066-03-01,GW_storage_WY_SW_GW[AF],967.0,44865977654.0,6797526.0
26786,2066-04-01,GW_storage_WY_SW_GW[AF],959.0,45130939542.0,6798485.0
26787,2066-05-01,GW_storage_WY_SW_GW[AF],950.0,45393925169.0,6799435.0
26788,2066-06-01,GW_storage_WY_SW_GW[AF],942.0,45654573916.0,6800377.0
26789,2066-07-01,GW_storage_WY_SW_GW[AF],935.0,45912927675.0,6801312.0
26790,2066-08-01,GW_storage_WY_SW_GW[AF],930.0,46169111465.0,6802242.0
26791,2066-09-01,GW_storage_WY_SW_GW[AF],922.0,46423600426.0,6803164.0
26792,2066-10-01,GW_storage_WY_SW_GW[AF],914.0,46676263355.0,6804078.0
26793,2066-11-01,GW_storage_WY_SW_GW[AF],907.0,46927228863.0,6804985.0
26794,2066-12-01,GW_storage_WY_SW_GW[AF],898.0,47176198480.0,6805883.0
26795,2067-01-01,GW_storage_WY_SW_GW[AF],891.0,47422896821.0,6806774.0
26796,2067-02-01,GW_storage_WY_SW_GW[AF],884.0,47667661431.0,6807658.0
26797,2067-03-01,GW_storage_WY_SW_GW[AF],876.0,47910308464.0,6808534.0
26798,2067-04-01,GW_storage_WY_SW_GW[AF],869.0,48151085524.0,6809403.0
26799,2067-05-01,GW_storage_WY_SW_GW[AF],862.0,48389950965.0,6810265.0
26800,2067-06-01,GW_storage_WY_SW_GW[AF],854.0,48627002221.0,6811119.0
26801,2067-07-01,GW_storage_WY_SW_GW[AF],847.0,48862124917.0,6811966.0
26802,2067-08-01,GW_storage_WY_SW_GW[AF],842.0,49095321876.0,6812808.0
26803,2067-09-01,GW_storage_WY_SW_GW[AF],835.0,49326841519.0,6813643.0
26804,2067-10-01,GW_storage_WY_SW_GW[AF],828.0,49556552267.0,6814471.0
26805,2067-11-01,GW_storage_WY_SW_GW[AF],820.0,49784868208.0,6815291.0
26806,2067-12-01,GW_storage_WY_SW_GW[AF],814.0,50011545293.0,6816105.0
26807,2068-01-01,GW_storage_WY_SW_GW[AF],806.0,50238331069.0,6816911.0
26808,2068-02-01,GW_storage_WY_SW_GW[AF],800.0,50478937732.0,6817711.0
26809,2068-03-01,GW_storage_WY_SW_GW[AF],793.0,50739381265.0,6818504.0
26810,2068-04-01,GW_storage_WY_SW_GW[AF],787.0,51011294375.0,6819291.0
26811,2068-05-01,GW_storage_WY_SW_GW[AF],780.0,51290774772.0,6820071.0
26812,2068-06-01,GW_storage_WY_SW_GW[AF],773.0,51571539123.0,6820844.0
26813,2068-07-01,GW_storage_WY_SW_GW[AF],766.0,51851333229.0,6821610.0
26814,2068-08-01,GW_storage_WY_SW_GW[AF],760.0,52129191774.0,6822370.0
26815,2068-09-01,GW_storage_WY_SW_GW[AF],753.0,52405096290.0,6823123.0
26816,2068-10-01,GW_storage_WY_SW_GW[AF],747.0,52678907664.0,6823870.0
26817,2068-11-01,GW_storage_WY_SW_GW[AF],740.0,52950483517.0,6824610.0
26818,2068-12-01,GW_storage_WY_SW_GW[AF],734.0,53219819895.0,6825344.0
26819,2069-01-01,GW_storage_WY_SW_GW[AF],727.0,53487155316.0,6826071.0
26820,2069-02-01,GW_storage_WY_SW_GW[AF],721.0,53760870931.0,6826792.0
26821,2069-03-01,GW_storage_WY_SW_GW[AF],715.0,54039428849.0,6827507.0
26822,2069-04-01,GW_storage_WY_SW_GW[AF],709.0,54324092180.0,6828216.0
26823,2069-05-01,GW_storage_WY_SW_GW[AF],703.0,54609436481.0,6828919.0
26824,2069-06-01,GW_storage_WY_SW_GW[AF],697.0,54894337917.0,6829616.0
26825,2069-07-01,GW_storage_WY_SW_GW[AF],691.0,55177218144.0,6830307.0
26826,2069-08-01,GW_storage_WY_SW_GW[AF],687.0,55458179949.0,6830994.0
26827,2069-09-01,GW_storage_WY_SW_GW[AF],682.0,55737226700.0,6831676.0
26828,2069-10-01,GW_storage_WY_SW_GW[AF],676.0,56014313112.0,6832352.0
26829,2069-11-01,GW_storage_WY_SW_GW[AF],670.0,56289244905.0,6833022.0
26830,2069-12-01,GW_storage_WY_SW_GW[AF],664.0,56561948550.0,6833686.0
26831,2070-01-01,GW_storage_WY_SW_GW[AF],658.0,56832455571.0,6834344.0
26832,2070-02-01,GW_storage_WY_SW_GW[AF],654.0,57101031869.0,6834998.0
26833,2070-03-01,GW_storage_WY_SW_GW[AF],647.0,57367456127.0,6835645.0
26834,2070-04-01,GW_storage_WY_SW_GW[AF],642.0,57631884127.0,6836287.0
26835,2070-05-01,GW_storage_WY_SW_GW[AF],636.0,57894580730.0,6836923.0
26836,2070-06-01,GW_storage_WY_SW_GW[AF],631.0,58156625113.0,6837554.0
26837,2070-07-01,GW_storage_WY_SW_GW[AF],628.0,58417720429.0,6838182.0
26838,2070-08-01,GW_storage_WY_SW_GW[AF],623.0,58677125935.0,6838805.0
26839,2070-09-01,GW_storage_WY_SW_GW[AF],618.0,58935122487.0,6839423.0
26840,2070-10-01,GW_storage_WY_SW_GW[AF],613.0,59191573450.0,6840036.0
26841,2070-11-01,GW_storage_WY_SW_GW[AF],608.0,59446278042.0,6840644.0
26842,2070-12-01,GW_storage_WY_SW_GW[AF],602.0,59699129256.0,6841246.0
